adsh,symbol,cik,period,numeric_complete,quality_status,quality_reason
0001275187-15-000005,ANGO,1275187,20140531,False,unknown,missing_or_conflicting_required_fact
0001144204-15-001643,HURC,315374,20141031,False,unknown,missing_or_conflicting_required_fact
0001275187-15-000011,ANGO,1275187,20140531,False,unknown,missing_or_conflicting_required_fact
0001144204-15-001805,LMNR,1342423,20141031,False,unknown,missing_or_conflicting_required_fact
0001477932-15-000305,ABAT,1576873,20140930,False,unknown,missing_or_conflicting_required_fact
0001437749-15-000786,BRID,14177,20141031,False,unknown,missing_or_conflicting_required_fact
0000796343-15-000022,ADBE,796343,20141130,False,unknown,missing_or_conflicting_required_fact
0001193125-15-015537,GEF,43920,20141031,False,unknown,missing_or_conflicting_required_fact
0001067701-15-000006,URI,1067701,20141231,False,unknown,missing_or_conflicting_required_fact
0000795266-15-000006,KBH,795266,20141130,False,unknown,missing_or_conflicting_required_fact
0001437749-15-000964,BSET,10329,20141130,False,unknown,missing_or_conflicting_required_fact
0001628280-15-000218,LEN,920760,20141130,False,unknown,missing_or_conflicting_required_fact
0001193125-15-023683,UTL,755001,20141231,False,unknown,missing_or_conflicting_required_fact
0001193125-15-023748,FUL,39368,20141130,False,unknown,missing_or_conflicting_required_fact
0001437749-15-001399,DJCO,783412,20140930,False,unknown,missing_or_conflicting_required_fact
0001564590-15-000337,SLB,87347,20141231,False,unknown,missing_or_conflicting_required_fact
0001144204-15-004460,RFIL,740664,20141031,False,unknown,missing_or_conflicting_required_fact
0000815097-15-000007,CCL,815097,20141130,False,unknown,missing_or_conflicting_required_fact
0001065280-15-000006,NFLX,1065280,20141231,False,unknown,missing_or_conflicting_required_fact
0000063754-15-000013,MKC,63754,20141130,False,unknown,missing_or_conflicting_required_fact
0001326801-15-000006,META,1326801,20141231,False,unknown,missing_or_conflicting_required_fact
0001018724-15-000006,AMZN,1018724,20141231,False,unknown,missing_or_conflicting_required_fact
0001133421-15-000008,NOC,1133421,20141231,False,unknown,missing_or_conflicting_required_fact
0001477294-15-000019,ST,1477294,20141231,False,unknown,missing_or_conflicting_required_fact
0000822416-15-000007,PHM,822416,20141231,False,unknown,missing_or_conflicting_required_fact
0001467858-15-000036,GM,1467858,20141231,False,unknown,missing_or_conflicting_required_fact
0000875045-15-000005,BIIB,875045,20141231,False,unknown,missing_or_conflicting_required_fact
0001193125-15-033771,CMG,1058090,20141231,False,unknown,missing_or_conflicting_required_fact
0001619580-15-000003,ARW,7536,20141231,False,unknown,missing_or_conflicting_required_fact
0001104659-15-006843,CMS,811156,20141231,False,unknown,missing_or_conflicting_required_fact
0000908937-15-000003,SIRI,908937,20141231,False,unknown,missing_or_conflicting_required_fact
0000815556-15-000014,FAST,815556,20141231,False,unknown,missing_or_conflicting_required_fact
0001408075-15-000007,GPK,1408075,20141231,False,unknown,missing_or_conflicting_required_fact
0001564590-15-000511,HXL,717605,20141231,False,unknown,missing_or_conflicting_required_fact
0001564590-15-000520,MANH,1056696,20141231,False,unknown,missing_or_conflicting_required_fact
0001193125-15-035706,EXPE,1324424,20141231,False,unknown,missing_or_conflicting_required_fact
0001035267-15-000014,ISRG,1035267,20141231,False,unknown,missing_or_conflicting_required_fact
0001065088-15-000054,EBAY,1065088,20141231,False,unknown,missing_or_conflicting_required_fact
0001037646-15-000008,MTD,1037646,20141231,False,unknown,missing_or_conflicting_required_fact
0001047469-15-000641,SLAB,1038074,20141231,False,unknown,missing_or_conflicting_required_fact
0000092380-15-000027,LUV,92380,20141231,False,unknown,missing_or_conflicting_required_fact
0001193125-15-037518,UNP,100885,20141231,False,unknown,missing_or_conflicting_required_fact
0001306830-15-000022,CE,1306830,20141231,False,unknown,missing_or_conflicting_required_fact
0000040533-15-000009,GD,40533,20141231,False,unknown,missing_or_conflicting_required_fact
0001193125-15-038681,LMT,936468,20141231,False,unknown,missing_or_conflicting_required_fact
0001125376-15-000019,ENSG,1125376,20141231,False,unknown,missing_or_conflicting_required_fact
0001193125-15-039176,NBIX,914475,20141231,False,unknown,missing_or_conflicting_required_fact
0001193125-15-039201,MD,893949,20141231,False,unknown,missing_or_conflicting_required_fact
0001393883-15-000008,DHX,1393883,20141231,False,unknown,missing_or_conflicting_required_fact
0001047469-15-000691,CSL,790051,20141231,False,unknown,missing_or_conflicting_required_fact
0000842162-15-000004,LEA,842162,20141231,False,unknown,missing_or_conflicting_required_fact
0000029989-15-000003,OMC,29989,20141231,False,unknown,missing_or_conflicting_required_fact
0000833640-15-000060,POWI,833640,20141231,False,unknown,missing_or_conflicting_required_fact
0001000753-15-000008,NSP,1000753,20141231,False,unknown,missing_or_conflicting_required_fact
0000064803-15-000008,CVS,64803,20141231,False,unknown,missing_or_conflicting_required_fact
0001309402-15-000007,GPRE,1309402,20141231,False,unknown,missing_or_conflicting_required_fact
0000027904-15-000003,DAL,27904,20141231,False,unknown,missing_or_conflicting_required_fact
0001370946-15-000061,OC,1370946,20141231,False,unknown,missing_or_conflicting_required_fact
0000277948-15-000010,CSX,277948,20141231,False,unknown,missing_or_conflicting_required_fact
0000702165-15-000023,NSC,702165,20141231,False,unknown,missing_or_conflicting_required_fact
0001000228-15-000007,HSIC,1000228,20141231,False,unknown,missing_or_conflicting_required_fact
0000766421-15-000009,ALK,766421,20141231,False,unknown,missing_or_conflicting_required_fact
0000350698-15-000045,AN,350698,20141231,False,unknown,missing_or_conflicting_required_fact
0001564590-15-000634,PTEN,889900,20141231,False,unknown,missing_or_conflicting_required_fact
0000802481-15-000015,PPC,802481,20141231,False,unknown,missing_or_conflicting_required_fact
0001193125-15-045845,IQV,1478242,20141231,False,unknown,missing_or_conflicting_required_fact
0000908255-15-000012,BWA,908255,20141231,False,unknown,missing_or_conflicting_required_fact
0000024545-15-000004,TAP,24545,20141231,False,unknown,missing_or_conflicting_required_fact
0001193125-15-046309,SNA,91440,20141231,False,unknown,missing_or_conflicting_required_fact
0000012927-15-000011,BA,12927,20141231,False,unknown,missing_or_conflicting_required_fact
0000055135-15-000009,KELYA,55135,20141231,False,unknown,missing_or_conflicting_required_fact
0000094845-15-000008,LEVI,94845,20141130,False,unknown,missing_or_conflicting_required_fact
0000851205-15-000003,CGNX,851205,20141231,False,unknown,missing_or_conflicting_required_fact
0001193125-15-046730,MX,1325702,20131231,False,unknown,missing_or_conflicting_required_fact
0001532176-15-000008,REGN,872589,20141231,False,unknown,missing_or_conflicting_required_fact
0001558370-15-000073,WKC,789460,20141231,False,unknown,missing_or_conflicting_required_fact
0000840489-15-000012,FCFS,840489,20141231,False,unknown,missing_or_conflicting_required_fact
0000077476-15-000012,PEP,77476,20141231,False,unknown,missing_or_conflicting_required_fact
0001104659-15-009560,MMM,66740,20141231,False,unknown,missing_or_conflicting_required_fact
0000310764-15-000022,SYK,310764,20141231,False,unknown,missing_or_conflicting_required_fact
0001490281-15-000014,GRPN,1490281,20141231,False,unknown,missing_or_conflicting_required_fact
0000784977-15-000005,POR,784977,20141231,False,unknown,missing_or_conflicting_required_fact
0000037996-15-000013,F,37996,20141231,False,unknown,missing_or_conflicting_required_fact
0000029905-15-000007,DOV,29905,20141231,False,unknown,missing_or_conflicting_required_fact
0000050863-15-000015,INTC,50863,20141231,False,unknown,missing_or_conflicting_required_fact
0000014272-15-000055,BMY,14272,20141231,False,unknown,missing_or_conflicting_required_fact
0000024741-15-000015,GLW,24741,20141231,False,unknown,missing_or_conflicting_required_fact
0001141391-15-000011,MA,1141391,20141231,False,unknown,missing_or_conflicting_required_fact
0001628280-15-000652,AVNT,1122976,20141231,False,unknown,missing_or_conflicting_required_fact
0001466258-15-000045,TT,1466258,20141231,False,unknown,missing_or_conflicting_required_fact
0000049826-15-000016,ITW,49826,20141231,False,unknown,missing_or_conflicting_required_fact
0001047469-15-000803,MAS,62996,20141231,False,unknown,missing_or_conflicting_required_fact
0000068505-15-000003,MSI,68505,20141231,False,unknown,missing_or_conflicting_required_fact
0000064040-15-000004,SPGI,64040,20141231,False,unknown,missing_or_conflicting_required_fact
0000936340-15-000014,DTB,936340,20141231,False,unknown,missing_or_conflicting_required_fact
0000089089-15-000001,SCI,89089,20141231,False,unknown,missing_or_conflicting_required_fact
0001206264-15-000009,SGI,1206264,20141231,False,unknown,missing_or_conflicting_required_fact
0001628280-15-000736,RHI,315213,20141231,False,unknown,missing_or_conflicting_required_fact
0001193125-15-049964,EXC,1109357,20141231,False,unknown,missing_or_conflicting_required_fact
0000875320-15-000012,VRTX,875320,20141231,False,unknown,missing_or_conflicting_required_fact
0000085961-15-000012,R,85961,20141231,False,unknown,missing_or_conflicting_required_fact
0001014473-15-000011,VRSN,1014473,20141231,False,unknown,missing_or_conflicting_required_fact
0001420800-15-000004,ENOV,1420800,20141231,False,unknown,missing_or_conflicting_required_fact
0001282637-15-000004,NEU,1282637,20141231,False,unknown,missing_or_conflicting_required_fact
0001069202-15-000003,LII,1069202,20141231,False,unknown,missing_or_conflicting_required_fact
0000950123-15-002550,WM,823768,20141231,False,unknown,missing_or_conflicting_required_fact
0000026172-15-000007,CMI,26172,20141231,False,unknown,missing_or_conflicting_required_fact
0000950123-15-002691,GGG,42888,20141231,False,unknown,missing_or_conflicting_required_fact
0000874716-15-000003,IDXX,874716,20141231,False,unknown,missing_or_conflicting_required_fact
0001628280-15-000785,CRL,1100682,20141231,False,unknown,missing_or_conflicting_required_fact
0000030625-15-000021,FLS,30625,20141231,False,unknown,missing_or_conflicting_required_fact
0001047469-15-000858,INCY,879169,20141231,False,unknown,missing_or_conflicting_required_fact
0001133311-15-000006,TZOO,1133311,20141231,False,unknown,missing_or_conflicting_required_fact
0000833079-15-000036,MTH,833079,20141231,False,unknown,missing_or_conflicting_required_fact
0001031296-15-000011,FE,1031296,20141231,False,unknown,missing_or_conflicting_required_fact
0001041061-15-000007,YUM,1041061,20141231,False,unknown,missing_or_conflicting_required_fact
0001618034-15-000005,MOS,1285785,20141231,False,unknown,missing_or_conflicting_required_fact
0001564590-15-000721,TRIP,1526520,20141231,False,unknown,missing_or_conflicting_required_fact
0000950123-15-003039,LYB,1489393,20141231,False,unknown,missing_or_conflicting_required_fact
0000018230-15-000061,CAT,18230,20141231,False,unknown,missing_or_conflicting_required_fact
0000950123-15-003051,NOV,1021860,20141231,False,unknown,missing_or_conflicting_required_fact
0001110803-15-000064,ILMN,1110803,20141231,False,unknown,missing_or_conflicting_required_fact
0001603923-15-000025,WFRD,1603923,20141231,False,unknown,missing_or_conflicting_required_fact
0001387131-15-000597,WFCF,1360565,20141231,False,unknown,missing_or_conflicting_required_fact
0001193125-15-050825,AOS,91142,20141231,False,unknown,missing_or_conflicting_required_fact
0001564590-15-000732,IOSP,1054905,20141231,False,unknown,missing_or_conflicting_required_fact
0001047469-15-000891,FLR,1124198,20141231,False,unknown,missing_or_conflicting_required_fact
0000055785-15-000014,KMB,55785,20141231,False,unknown,missing_or_conflicting_required_fact
0001111711-15-000008,NI,1111711,20141231,False,unknown,missing_or_conflicting_required_fact
0001564590-15-000744,TYL,860731,20141231,False,unknown,missing_or_conflicting_required_fact
0001047469-15-000907,SKYW,793733,20141231,False,unknown,missing_or_conflicting_required_fact
0001437749-15-002930,HL,719413,20141231,False,unknown,missing_or_conflicting_required_fact
0001144204-15-010586,GRMN,1121788,20141231,False,unknown,missing_or_conflicting_required_fact
0001468174-15-000025,H,1468174,20141231,False,unknown,missing_or_conflicting_required_fact
0001047469-15-000916,IRWD,1446847,20141231,False,unknown,missing_or_conflicting_required_fact
0000916365-15-000042,TSCO,916365,20141231,False,unknown,missing_or_conflicting_required_fact
0000084748-15-000003,ROG,84748,20141231,False,unknown,missing_or_conflicting_required_fact
0001193125-15-052885,LOPE,1434588,20141231,False,unknown,missing_or_conflicting_required_fact
0000866829-15-000010,HOS,866829,20141231,False,unknown,missing_or_conflicting_required_fact
0001585689-15-000032,HLT,1585689,20141231,False,unknown,missing_or_conflicting_required_fact
0000821189-15-000010,EOG,821189,20141231,False,unknown,missing_or_conflicting_required_fact
0001140361-15-007848,MTX,891014,20141231,False,unknown,missing_or_conflicting_required_fact
0001283699-15-000010,TMUS,1283699,20141231,False,unknown,missing_or_conflicting_required_fact
0001400891-15-000003,IHRT,1400891,20141231,False,unknown,missing_or_conflicting_required_fact
0001193125-15-053479,ALV,1034670,20141231,False,unknown,missing_or_conflicting_required_fact
0001057877-15-000043,IDA,1057877,20141231,False,unknown,missing_or_conflicting_required_fact
0001075531-15-000007,BKNG,1075531,20141231,False,unknown,missing_or_conflicting_required_fact
0001501585-15-000005,HII,1501585,20141231,False,unknown,missing_or_conflicting_required_fact
0000079879-15-000009,PPG,79879,20141231,False,unknown,missing_or_conflicting_required_fact
0000793952-15-000009,HOG,793952,20141231,False,unknown,missing_or_conflicting_required_fact
0001628280-15-000842,MAR,1048286,20141231,False,unknown,missing_or_conflicting_required_fact
0001437107-15-000004,WBD,1437107,20141231,False,unknown,missing_or_conflicting_required_fact
0000093556-15-000005,SWK,93556,20141231,False,unknown,missing_or_conflicting_required_fact
0001628280-15-000846,CL,21665,20141231,False,unknown,missing_or_conflicting_required_fact
0001558370-15-000098,SHO,1295810,20141231,False,unknown,missing_or_conflicting_required_fact
0001564590-15-000764,NVR,906163,20141231,False,unknown,missing_or_conflicting_required_fact
0000059478-15-000100,LLY,59478,20141231,False,unknown,missing_or_conflicting_required_fact
0000103730-15-000008,VSH,103730,20141231,False,unknown,missing_or_conflicting_required_fact
0001558370-15-000104,USAC,1522727,20141231,False,unknown,missing_or_conflicting_required_fact
0001628280-15-000853,HUBB,48898,20141231,False,unknown,missing_or_conflicting_required_fact
0001587732-15-000013,OGS,1587732,20141231,False,unknown,missing_or_conflicting_required_fact
0001047127-15-000010,AMKR,1047127,20141231,False,unknown,missing_or_conflicting_required_fact
0001193125-15-054350,ED,1047862,20141231,False,unknown,missing_or_conflicting_required_fact
0000026324-15-000004,CW,26324,20141231,False,unknown,missing_or_conflicting_required_fact
0000318154-15-000005,AMGN,318154,20141231,False,unknown,missing_or_conflicting_required_fact
0001193125-15-054362,AMD,2488,20141231,False,unknown,missing_or_conflicting_required_fact
0001173514-15-000022,HY,1173514,20141231,False,unknown,missing_or_conflicting_required_fact
0001193125-15-054376,HWM,4281,20141231,False,unknown,missing_or_conflicting_required_fact
0001193125-15-054386,IMAX,921582,20141231,False,unknown,missing_or_conflicting_required_fact
0001301787-15-000039,BXC,1301787,20141231,False,unknown,missing_or_conflicting_required_fact
0000026780-15-000004,DAN,26780,20141231,False,unknown,missing_or_conflicting_required_fact
0001383650-15-000009,CQP,1383650,20141231,False,unknown,missing_or_conflicting_required_fact
0001425292-15-000014,UAN,1425292,20141231,False,unknown,missing_or_conflicting_required_fact
0000003570-15-000025,LNG,3570,20141231,False,unknown,missing_or_conflicting_required_fact
0001539838-15-000005,FANG,1539838,20141231,False,unknown,missing_or_conflicting_required_fact
0000811596-15-000011,KALU,811596,20141231,False,unknown,missing_or_conflicting_required_fact
0000813672-15-000008,CDNS,813672,20141231,False,unknown,missing_or_conflicting_required_fact
0001564590-15-000777,NEM,1164727,20141231,False,unknown,missing_or_conflicting_required_fact
0001047469-15-000972,ECHO,1415404,20141231,False,unknown,missing_or_conflicting_required_fact
0000871763-15-000008,MAN,871763,20141231,False,unknown,missing_or_conflicting_required_fact
0001193125-15-055034,ALSN,1411207,20141231,False,unknown,missing_or_conflicting_required_fact
0000764622-15-000013,PNW,764622,20141231,False,unknown,missing_or_conflicting_required_fact
0001413329-15-000016,PM,1413329,20141231,False,unknown,missing_or_conflicting_required_fact
0001500435-15-000007,GPRO,1500435,20141231,False,unknown,missing_or_conflicting_required_fact
0001193125-15-055355,MDLZ,1103982,20141231,False,unknown,missing_or_conflicting_required_fact
0001628280-15-000875,PII,931015,20141231,False,unknown,missing_or_conflicting_required_fact
0000047111-15-000010,HSY,47111,20141231,False,unknown,missing_or_conflicting_required_fact
0000078814-15-000006,PBI,78814,20141231,False,unknown,missing_or_conflicting_required_fact
0001564590-15-000786,CHD,313927,20141231,False,unknown,missing_or_conflicting_required_fact
0000093410-15-000010,CVX,93410,20141231,False,unknown,missing_or_conflicting_required_fact
0001104659-15-012475,CLMB,945983,20141231,False,unknown,missing_or_conflicting_required_fact
0001534701-15-000038,PSX,1534701,20141231,False,unknown,missing_or_conflicting_required_fact
0000882835-15-000009,ROP,882835,20141231,False,unknown,missing_or_conflicting_required_fact
0000027996-15-000005,DLX,27996,20141231,False,unknown,missing_or_conflicting_required_fact
0001492691-15-000005,KNX,1492691,20141231,False,unknown,missing_or_conflicting_required_fact
0001628280-15-000884,RRGB,1171759,20141231,False,unknown,missing_or_conflicting_required_fact
0001564590-15-000794,WAB,943452,20141231,False,unknown,missing_or_conflicting_required_fact
0001104659-15-012575,APH,820313,20141231,False,unknown,missing_or_conflicting_required_fact
0000216228-15-000007,ITT,216228,20141231,False,unknown,missing_or_conflicting_required_fact
0001104659-15-012578,BALL,9389,20141231,False,unknown,missing_or_conflicting_required_fact
0001185185-15-000355,STEX,1530766,20141231,False,unknown,missing_or_conflicting_required_fact
0001047469-15-000995,ABBV,1551152,20141231,False,unknown,missing_or_conflicting_required_fact
0000096943-15-000023,TFX,96943,20141231,False,unknown,missing_or_conflicting_required_fact
0001193125-15-056216,NSIT,932696,20141231,False,unknown,missing_or_conflicting_required_fact
0001376139-15-000012,CVI,1376139,20141231,False,unknown,missing_or_conflicting_required_fact
0000215466-15-000031,CDE,215466,20141231,False,unknown,missing_or_conflicting_required_fact
0000072903-15-000011,XEL,72903,20141231,False,unknown,missing_or_conflicting_required_fact
0001301787-15-000042,BXC,1301787,20141231,False,unknown,missing_or_conflicting_required_fact
0001047469-15-000998,EW,1099800,20141231,False,unknown,missing_or_conflicting_required_fact
0001365135-15-000008,WU,1365135,20141231,False,unknown,missing_or_conflicting_required_fact
0000917273-15-000005,RMBS,917273,20141231,False,unknown,missing_or_conflicting_required_fact
0001193125-15-056319,FISV,798354,20141231,False,unknown,missing_or_conflicting_required_fact
0000753308-15-000079,NEE,753308,20141231,False,unknown,missing_or_conflicting_required_fact
0000007084-15-000005,ADM,7084,20141231,False,unknown,missing_or_conflicting_required_fact
0000732717-15-000016,T,732717,20141231,False,unknown,missing_or_conflicting_required_fact
0001122904-15-000013,NTGR,1122904,20141231,False,unknown,missing_or_conflicting_required_fact
0000059527-15-000006,LECO,59527,20141231,False,unknown,missing_or_conflicting_required_fact
0000014930-15-000050,BC,14930,20141231,False,unknown,missing_or_conflicting_required_fact
0001336917-15-000006,UAA,1336917,20141231,False,unknown,missing_or_conflicting_required_fact
0000818479-15-000005,XRAY,818479,20141231,False,unknown,missing_or_conflicting_required_fact
0001193125-15-056493,UAL,100517,20141231,False,unknown,missing_or_conflicting_required_fact
0001193125-15-056497,DVN,1090012,20141231,False,unknown,missing_or_conflicting_required_fact
0001193125-15-056499,SPSC,1092699,20141231,False,unknown,missing_or_conflicting_required_fact
0000883984-15-000005,ICUI,883984,20141231,False,unknown,missing_or_conflicting_required_fact
0001104659-15-012662,INGR,1046257,20141231,False,unknown,missing_or_conflicting_required_fact
0000912728-15-000058,FWRD,912728,20141231,False,unknown,missing_or_conflicting_required_fact
0001558370-15-000112,XNCR,1326732,20141231,False,unknown,missing_or_conflicting_required_fact
0000004904-15-000008,AEP,4904,20141231,False,unknown,missing_or_conflicting_required_fact
0001158172-15-000020,SCOR,1158172,20141231,False,unknown,missing_or_conflicting_required_fact
0001603145-15-000019,XIFR,1603145,20141231,False,unknown,missing_or_conflicting_required_fact
0000780571-15-000010,ITRI,780571,20141231,False,unknown,missing_or_conflicting_required_fact
0001047469-15-001007,SPXC,88205,20141231,False,unknown,missing_or_conflicting_required_fact
0001193125-15-056671,LSTR,853816,20141231,False,unknown,missing_or_conflicting_required_fact
0001506307-15-000014,KMI,1506307,20141231,False,unknown,missing_or_conflicting_required_fact
0001558370-15-000120,XNCR,1326732,20141231,False,unknown,missing_or_conflicting_required_fact
0001193125-15-057344,BDC,913142,20141231,False,unknown,missing_or_conflicting_required_fact
0000097216-15-000030,TEX,97216,20141231,False,unknown,missing_or_conflicting_required_fact
0001193125-15-057710,VZ,732712,20141231,False,unknown,missing_or_conflicting_required_fact
0000832101-15-000009,IEX,832101,20141231,False,unknown,missing_or_conflicting_required_fact
0000922224-15-000016,PPL,922224,20141231,False,unknown,missing_or_conflicting_required_fact
0001140361-15-008395,KEX,56047,20141231,False,unknown,missing_or_conflicting_required_fact
0000355811-15-000015,GNTX,355811,20141231,False,unknown,missing_or_conflicting_required_fact
0001628280-15-000923,XPO,1166003,20141231,False,unknown,missing_or_conflicting_required_fact
0000886163-15-000028,LGND,886163,20141231,False,unknown,missing_or_conflicting_required_fact
0000884887-15-000025,RCL,884887,20141231,False,unknown,missing_or_conflicting_required_fact
0001558370-15-000132,THC,70318,20141231,False,unknown,missing_or_conflicting_required_fact
0001288469-15-000002,MXL,1288469,20141231,False,unknown,missing_or_conflicting_required_fact
0001193125-15-058361,ZBH,1136869,20141231,False,unknown,missing_or_conflicting_required_fact
0001140361-15-008475,CMP,1227654,20141231,False,unknown,missing_or_conflicting_required_fact
0001060391-15-000010,RSG,1060391,20141231,False,unknown,missing_or_conflicting_required_fact
0000768899-15-000010,TBI,768899,20141231,False,unknown,missing_or_conflicting_required_fact
0000200406-15-000004,JNJ,200406,20141231,False,unknown,missing_or_conflicting_required_fact
0001091667-15-000049,CHTR,1091667,20141231,False,unknown,missing_or_conflicting_required_fact
0001193125-15-058655,FCN,887936,20141231,False,unknown,missing_or_conflicting_required_fact
0001275158-15-000005,NDLS,1275158,20141231,False,unknown,missing_or_conflicting_required_fact
0001047469-15-001069,UTHR,1082554,20141231,False,unknown,missing_or_conflicting_required_fact
0001193125-15-059100,DPZ,1286681,20141231,False,unknown,missing_or_conflicting_required_fact
0001047469-15-001083,ALKS,1520262,20141231,False,unknown,missing_or_conflicting_required_fact
0001320461-15-000038,CPS,1320461,20141231,False,unknown,missing_or_conflicting_required_fact
0001193125-15-059281,COP,1163165,20141231,False,unknown,missing_or_conflicting_required_fact
0000929008-15-000006,WCC,929008,20141231,False,unknown,missing_or_conflicting_required_fact
0000045012-15-000040,HAL,45012,20141231,False,unknown,missing_or_conflicting_required_fact
0001193125-15-059388,TREX,1069878,20141231,False,unknown,missing_or_conflicting_required_fact
0001193125-15-059529,COHU,21535,20141231,False,unknown,missing_or_conflicting_required_fact
0001104659-15-013387,VECO,103145,20141231,False,unknown,missing_or_conflicting_required_fact
0000031791-15-000003,RVTY,31791,20141231,False,unknown,missing_or_conflicting_required_fact
0001047469-15-001106,IBM,51143,20141231,False,unknown,missing_or_conflicting_required_fact
0001628280-15-000974,SXC,1514705,20141231,False,unknown,missing_or_conflicting_required_fact
0001193125-15-059743,ADTN,926282,20141231,False,unknown,missing_or_conflicting_required_fact
0000063908-15-000016,MCD,63908,20141231,False,unknown,missing_or_conflicting_required_fact
0001193125-15-059832,AME,1037868,20141231,False,unknown,missing_or_conflicting_required_fact
0001437749-15-003300,LFUS,889331,20141231,False,unknown,missing_or_conflicting_required_fact
0001437749-15-003305,JBHT,728535,20141231,False,unknown,missing_or_conflicting_required_fact
0001024795-15-000007,HLIO,1024795,20141231,False,unknown,missing_or_conflicting_required_fact
0000827052-15-000035,EIX,827052,20141231,False,unknown,missing_or_conflicting_required_fact
0001193125-15-060008,MLM,916076,20141231,False,unknown,missing_or_conflicting_required_fact
0001564590-15-000886,TNDM,1438133,20141231,False,unknown,missing_or_conflicting_required_fact
0000077360-15-000007,PNR,77360,20141231,False,unknown,missing_or_conflicting_required_fact
0001442145-15-000011,VRSK,1442145,20141231,False,unknown,missing_or_conflicting_required_fact
0001193125-15-060049,HURN,1289848,20141231,False,unknown,missing_or_conflicting_required_fact
0000097476-15-000003,TXN,97476,20141231,False,unknown,missing_or_conflicting_required_fact
0001022079-15-000034,DGX,1022079,20141231,False,unknown,missing_or_conflicting_required_fact
0001546417-15-000027,BLMN,1546417,20141231,False,unknown,missing_or_conflicting_required_fact
0001062993-15-001016,BYRN,1354866,20141130,False,unknown,missing_or_conflicting_required_fact
0000089439-15-000006,MLI,89439,20141231,False,unknown,missing_or_conflicting_required_fact
0001564590-15-000899,RRC,315852,20141231,False,unknown,missing_or_conflicting_required_fact
0001104659-15-013526,PZZA,901491,20141231,False,unknown,missing_or_conflicting_required_fact
0000071691-15-000004,NYT,71691,20141231,False,unknown,missing_or_conflicting_required_fact
0001232524-15-000030,JAZZ,1232524,20141231,False,unknown,missing_or_conflicting_required_fact
0001031203-15-000009,GPI,1031203,20141231,False,unknown,missing_or_conflicting_required_fact
0001193125-15-060230,WSO,105016,20141231,False,unknown,missing_or_conflicting_required_fact
0001130464-15-000083,BKH,1130464,20141231,False,unknown,missing_or_conflicting_required_fact
0000704532-15-000006,ONTO,704532,20141231,False,unknown,missing_or_conflicting_required_fact
0001564590-15-000905,AWK,1410636,20141231,False,unknown,missing_or_conflicting_required_fact
0001564590-15-000911,CRK,23194,20141231,False,unknown,missing_or_conflicting_required_fact
0001332349-15-000015,BKD,1332349,20141231,False,unknown,missing_or_conflicting_required_fact
0000864749-15-000002,TRMB,864749,20141231,False,unknown,missing_or_conflicting_required_fact
0001274494-15-000006,FSLR,1274494,20141231,False,unknown,missing_or_conflicting_required_fact
0000352541-15-000005,LNT,352541,20141231,False,unknown,missing_or_conflicting_required_fact
0001104659-15-013616,PAA,1070423,20141231,False,unknown,missing_or_conflicting_required_fact
0001193125-15-061145,AAL,6201,20141231,False,unknown,missing_or_conflicting_required_fact
0001039684-15-000017,OKE,1039684,20141231,False,unknown,missing_or_conflicting_required_fact
0000821130-15-000010,UZD,821130,20141231,False,unknown,missing_or_conflicting_required_fact
0001552781-15-000273,ROL,84839,20141231,False,unknown,missing_or_conflicting_required_fact
0000107263-15-000003,WMB,107263,20141231,False,unknown,missing_or_conflicting_required_fact
0000074303-15-000015,OLN,74303,20141231,False,unknown,missing_or_conflicting_required_fact
0001047469-15-001179,VMI,102729,20141231,False,unknown,missing_or_conflicting_required_fact
0001193125-15-061893,DORM,868780,20141231,False,unknown,missing_or_conflicting_required_fact
0001104659-15-013784,TXT,217346,20141231,False,unknown,missing_or_conflicting_required_fact
0000764180-15-000022,MO,764180,20141231,False,unknown,missing_or_conflicting_required_fact
0000089800-15-000004,SHW,89800,20141231,False,unknown,missing_or_conflicting_required_fact
0001144204-15-011858,ESCA,33488,20141231,False,unknown,missing_or_conflicting_required_fact
0001193125-15-062193,MAT,63276,20141231,False,unknown,missing_or_conflicting_required_fact
0001628280-15-000998,CXT,25445,20141231,False,unknown,missing_or_conflicting_required_fact
0000021344-15-000005,KO,21344,20141231,False,unknown,missing_or_conflicting_required_fact
0000066570-15-000011,MSA,66570,20141231,False,unknown,missing_or_conflicting_required_fact
0001047469-15-001200,AVY,8818,20141231,False,unknown,missing_or_conflicting_required_fact
0000882095-15-000008,GILD,882095,20141231,False,unknown,missing_or_conflicting_required_fact
0001193125-15-062500,FBIN,1519751,20141231,False,unknown,missing_or_conflicting_required_fact
0000885725-15-000006,BSX,885725,20141231,False,unknown,missing_or_conflicting_required_fact
0001193125-15-062525,IMO,49938,20141231,False,unknown,missing_or_conflicting_required_fact
0001558370-15-000166,AR,1433270,20141231,False,unknown,missing_or_conflicting_required_fact
0001328581-15-000032,BCC,1328581,20141231,False,unknown,missing_or_conflicting_required_fact
0001193125-15-062618,MKSI,1049502,20141231,False,unknown,missing_or_conflicting_required_fact
0001437749-15-003389,TILE,715787,20141231,False,unknown,missing_or_conflicting_required_fact
0000020212-15-000011,CHDN,20212,20141231,False,unknown,missing_or_conflicting_required_fact
0000766829-15-000009,HTO,766829,20141231,False,unknown,missing_or_conflicting_required_fact
0001628280-15-001024,EFX,33185,20141231,False,unknown,missing_or_conflicting_required_fact
0001193125-15-062723,DNOW,1599617,20141231,False,unknown,missing_or_conflicting_required_fact
0000793074-15-000008,WERN,793074,20141231,False,unknown,missing_or_conflicting_required_fact
0001140361-15-008949,UFPI,912767,20141231,False,unknown,missing_or_conflicting_required_fact
0001174947-15-000283,RGR,95029,20141231,False,unknown,missing_or_conflicting_required_fact
0000104918-15-000044,AVA,104918,20141231,False,unknown,missing_or_conflicting_required_fact
0001104659-15-013899,PAGP,1581990,20141231,False,unknown,missing_or_conflicting_required_fact
0000764065-15-000044,CLF,764065,20141231,False,unknown,missing_or_conflicting_required_fact
0000712034-15-000008,ACCO,712034,20141231,False,unknown,missing_or_conflicting_required_fact
0001016281-15-000008,CSV,1016281,20141231,False,unknown,missing_or_conflicting_required_fact
0001164863-15-000008,NPO,1164863,20141231,False,unknown,missing_or_conflicting_required_fact
0001193125-15-062809,BWXT,1486957,20141231,False,unknown,missing_or_conflicting_required_fact
0001093557-15-000040,DXCM,1093557,20141231,False,unknown,missing_or_conflicting_required_fact
0000040211-15-000009,GATX,40211,20141231,False,unknown,missing_or_conflicting_required_fact
0000049754-15-000004,DIN,49754,20141231,False,unknown,missing_or_conflicting_required_fact
0001280058-15-000007,BLKB,1280058,20141231,False,unknown,missing_or_conflicting_required_fact
0000072741-15-000013,ES,72741,20141231,False,unknown,missing_or_conflicting_required_fact
0001262823-15-000007,WLK,1262823,20141231,False,unknown,missing_or_conflicting_required_fact
0000105770-15-000007,WST,105770,20141231,False,unknown,missing_or_conflicting_required_fact
0000788784-15-000002,PEG,788784,20141231,False,unknown,missing_or_conflicting_required_fact
0000874761-15-000009,AES,874761,20141231,False,unknown,missing_or_conflicting_required_fact
0001193125-15-063352,MCO,1059556,20141231,False,unknown,missing_or_conflicting_required_fact
0001567619-15-000183,TROX,1530804,20141231,False,unknown,missing_or_conflicting_required_fact
0001451505-15-000029,RIG,1451505,20141231,False,unknown,missing_or_conflicting_required_fact
0001402057-15-000003,CDW,1402057,20141231,False,unknown,missing_or_conflicting_required_fact
0000106640-15-000014,WHR,106640,20141231,False,unknown,missing_or_conflicting_required_fact
0001144204-15-012061,IRDM,1418819,20141231,False,unknown,missing_or_conflicting_required_fact
0000105634-15-000041,EME,105634,20141231,False,unknown,missing_or_conflicting_required_fact
0001111335-15-000003,VC,1111335,20141231,False,unknown,missing_or_conflicting_required_fact
0000899751-15-000007,TWI,899751,20141231,False,unknown,missing_or_conflicting_required_fact
0001193125-15-064165,GPC,40987,20141231,False,unknown,missing_or_conflicting_required_fact
0001021635-15-000020,OGE,1021635,20141231,False,unknown,missing_or_conflicting_required_fact
0001130310-15-000008,CNP,1130310,20141231,False,unknown,missing_or_conflicting_required_fact
0001437749-15-003455,SGC,95574,20141231,False,unknown,missing_or_conflicting_required_fact
0001524472-15-000006,XYL,1524472,20141231,False,unknown,missing_or_conflicting_required_fact
0001551182-15-000007,ETN,1551182,20141231,False,unknown,missing_or_conflicting_required_fact
0000746515-15-000004,EXPD,746515,20141231,False,unknown,missing_or_conflicting_required_fact
0000878927-15-000006,ODFL,878927,20141231,False,unknown,missing_or_conflicting_required_fact
0001309108-15-000016,WEX,1309108,20141231,False,unknown,missing_or_conflicting_required_fact
0001161728-15-000003,MGEE,1161728,20141231,False,unknown,missing_or_conflicting_required_fact
0001193125-15-064946,HAS,46080,20141231,False,unknown,missing_or_conflicting_required_fact
0001362468-15-000009,ALGT,1362468,20141231,False,unknown,missing_or_conflicting_required_fact
0001035002-15-000009,VLO,1035002,20141231,False,unknown,missing_or_conflicting_required_fact
0001486159-15-000009,CHRD,1486159,20141231,False,unknown,missing_or_conflicting_required_fact
0000945841-15-000034,POOL,945841,20141231,False,unknown,missing_or_conflicting_required_fact
0001628280-15-001077,CF,1324404,20141231,False,unknown,missing_or_conflicting_required_fact
0000051434-15-000009,IP,51434,20141231,False,unknown,missing_or_conflicting_required_fact
0001094285-15-000037,TDY,1094285,20141231,False,unknown,missing_or_conflicting_required_fact
0001193125-15-065399,ACIW,935036,20141231,False,unknown,missing_or_conflicting_required_fact
0001104659-15-014353,AROC,1389050,20141231,False,unknown,missing_or_conflicting_required_fact
0000065984-15-000102,ETR,65984,20141231,False,unknown,missing_or_conflicting_required_fact
0001193125-15-065598,MGRC,752714,20141231,False,unknown,missing_or_conflicting_required_fact
0001140361-15-009106,SXT,310142,20141231,False,unknown,missing_or_conflicting_required_fact
0001018963-15-000005,ATI,1018963,20141231,False,unknown,missing_or_conflicting_required_fact
0001193125-15-065621,SSNC,1402436,20141231,False,unknown,missing_or_conflicting_required_fact
0001210708-15-000006,STRRP,1210708,20141231,False,unknown,missing_or_conflicting_required_fact
0001237831-15-000009,GMED,1237831,20141231,False,unknown,missing_or_conflicting_required_fact
0001193125-15-065664,PEGA,1013857,20141231,False,unknown,missing_or_conflicting_required_fact
0001057352-15-000012,CSGP,1057352,20141231,False,unknown,missing_or_conflicting_required_fact
0000086521-15-000011,SRE,1032208,20141231,False,unknown,missing_or_conflicting_required_fact
0001047469-15-001290,CLNE,1368265,20141231,False,unknown,missing_or_conflicting_required_fact
0001193125-15-065702,PCAR,75362,20141231,False,unknown,missing_or_conflicting_required_fact
0001193125-15-065707,PAYC,1590955,20141231,False,unknown,missing_or_conflicting_required_fact
0001050797-15-000002,COLM,1050797,20141231,False,unknown,missing_or_conflicting_required_fact
0000097745-15-000007,TMO,97745,20141231,False,unknown,missing_or_conflicting_required_fact
0001047469-15-001294,FIX,1035983,20141231,False,unknown,missing_or_conflicting_required_fact
0001193125-15-065807,MSTR,1050446,20141231,False,unknown,missing_or_conflicting_required_fact
0001335258-15-000026,LYV,1335258,20141231,False,unknown,missing_or_conflicting_required_fact
0000927003-15-000012,AEIS,927003,20141231,False,unknown,missing_or_conflicting_required_fact
0001145197-15-000020,PODD,1145197,20141231,False,unknown,missing_or_conflicting_required_fact
0001047469-15-001296,WTS,795403,20141231,False,unknown,missing_or_conflicting_required_fact
0001193125-15-065871,BAX,10456,20141231,False,unknown,missing_or_conflicting_required_fact
0001514991-15-000007,AMCX,1514991,20141231,False,unknown,missing_or_conflicting_required_fact
0000081362-15-000004,KWR,81362,20141231,False,unknown,missing_or_conflicting_required_fact
0001060822-15-000006,CRI,1060822,20141231,False,unknown,missing_or_conflicting_required_fact
0001193125-15-065952,BWXT,1486957,20141231,False,unknown,missing_or_conflicting_required_fact
0001193125-15-065954,UHS,352915,20141231,False,unknown,missing_or_conflicting_required_fact
0001193125-15-065975,HCA,860730,20141231,False,unknown,missing_or_conflicting_required_fact
0001193125-15-065978,SFM,1575515,20141231,False,unknown,missing_or_conflicting_required_fact
0001047469-15-001302,RS,861884,20141231,False,unknown,missing_or_conflicting_required_fact
0001097149-15-000005,ALGN,1097149,20141231,False,unknown,missing_or_conflicting_required_fact
0001101302-15-000002,ENTG,1101302,20141231,False,unknown,missing_or_conflicting_required_fact
0001564590-15-001031,TSLA,1318605,20141231,False,unknown,missing_or_conflicting_required_fact
0001534504-15-000015,PBF,1534504,20141231,False,unknown,missing_or_conflicting_required_fact
0001047469-15-001307,CWT,1035201,20141231,False,unknown,missing_or_conflicting_required_fact
0001558370-15-000201,FWONA,1560385,20141231,False,unknown,missing_or_conflicting_required_fact
0000920148-15-000020,LH,920148,20141231,False,unknown,missing_or_conflicting_required_fact
0001047469-15-001311,PAG,1019849,20141231,False,unknown,missing_or_conflicting_required_fact
0001564590-15-001035,DVA,927066,20141231,False,unknown,missing_or_conflicting_required_fact
0001628280-15-001105,CLW,1441236,20141231,False,unknown,missing_or_conflicting_required_fact
0001437749-15-003544,ORA,1296445,20141231,False,unknown,missing_or_conflicting_required_fact
0001396009-15-000005,VMC,1396009,20141231,False,unknown,missing_or_conflicting_required_fact
0000824142-15-000014,AAON,824142,20141231,False,unknown,missing_or_conflicting_required_fact
0001558370-15-000212,TR,98677,20141231,False,unknown,missing_or_conflicting_required_fact
0001193125-15-066987,INVX,1042893,20141231,False,unknown,missing_or_conflicting_required_fact
0001206774-15-000650,YELP,1345016,20141231,False,unknown,missing_or_conflicting_required_fact
0001157523-15-000756,CHE,19584,20141231,False,unknown,missing_or_conflicting_required_fact
0001144204-15-012408,WNC,879526,20141231,False,unknown,missing_or_conflicting_required_fact
0001373715-15-000067,NOW,1373715,20141231,False,unknown,missing_or_conflicting_required_fact
0001300514-15-000005,LVS,1300514,20141231,False,unknown,missing_or_conflicting_required_fact
0001101215-15-000063,BFH,1101215,20141231,False,unknown,missing_or_conflicting_required_fact
0001104659-15-014788,ECL,31462,20141231,False,unknown,missing_or_conflicting_required_fact
0001047469-15-001355,CCOI,1158324,20141231,False,unknown,missing_or_conflicting_required_fact
0000107815-15-000040,WEC,783325,20141231,False,unknown,missing_or_conflicting_required_fact
0001573516-15-000008,MUSA,1573516,20141231,False,unknown,missing_or_conflicting_required_fact
0001357615-15-000027,KBR,1357615,20141231,False,unknown,missing_or_conflicting_required_fact
0001193125-15-067671,TER,97210,20141231,False,unknown,missing_or_conflicting_required_fact
0001193125-15-067777,D,715957,20141231,False,unknown,missing_or_conflicting_required_fact
0000816761-15-000008,TDC,816761,20141231,False,unknown,missing_or_conflicting_required_fact
0001193125-15-067900,WAT,1000697,20141231,False,unknown,missing_or_conflicting_required_fact
0001140361-15-009241,SMP,93389,20141231,False,unknown,missing_or_conflicting_required_fact
0001047469-15-001367,ATR,896622,20141231,False,unknown,missing_or_conflicting_required_fact
0001437749-15-003620,PRLB,1443669,20141231,False,unknown,missing_or_conflicting_required_fact
0000915389-15-000021,EMN,915389,20141231,False,unknown,missing_or_conflicting_required_fact
0000717423-15-000016,MUR,717423,20141231,False,unknown,missing_or_conflicting_required_fact
0001564590-15-001071,HUBG,940942,20141231,False,unknown,missing_or_conflicting_required_fact
0001104485-15-000007,NOG,1104485,20141231,False,unknown,missing_or_conflicting_required_fact
0001047469-15-001377,ABT,1800,20141231,False,unknown,missing_or_conflicting_required_fact
0001144204-15-012563,RCKY,895456,20141231,False,unknown,missing_or_conflicting_required_fact
0001104659-15-014988,MATX,3453,20141231,False,unknown,missing_or_conflicting_required_fact
0001193125-15-068526,CCZ,1166691,20141231,False,unknown,missing_or_conflicting_required_fact
0001510295-15-000007,MPC,1510295,20141231,False,unknown,missing_or_conflicting_required_fact
0000880266-15-000009,AGCO,880266,20141231,False,unknown,missing_or_conflicting_required_fact
0001552000-15-000006,MPLX,1552000,20141231,False,unknown,missing_or_conflicting_required_fact
0000310158-15-000005,MRK,310158,20141231,False,unknown,missing_or_conflicting_required_fact
0000831259-15-000016,FCX,831259,20141231,False,unknown,missing_or_conflicting_required_fact
0001193125-15-068826,G,1398659,20141231,False,unknown,missing_or_conflicting_required_fact
0001193125-15-068895,NUE,73309,20141231,False,unknown,missing_or_conflicting_required_fact
0001047469-15-001392,TXRH,1289460,20141231,False,unknown,missing_or_conflicting_required_fact
0000277135-15-000005,GWW,277135,20141231,False,unknown,missing_or_conflicting_required_fact
0001047469-15-001394,BRKR,1109354,20141231,False,unknown,missing_or_conflicting_required_fact
0001104657-15-000021,MTRN,1104657,20141231,False,unknown,missing_or_conflicting_required_fact
0001437749-15-003649,NPKI,71829,20141231,False,unknown,missing_or_conflicting_required_fact
0001136893-15-000006,FIS,1136893,20141231,False,unknown,missing_or_conflicting_required_fact
0001437749-15-003654,GNRC,1474735,20141231,False,unknown,missing_or_conflicting_required_fact
0000861459-15-000007,GVA,861459,20141231,False,unknown,missing_or_conflicting_required_fact
0001193125-15-069176,AVD,5981,20141231,False,unknown,missing_or_conflicting_required_fact
0000070866-15-000009,VYX,70866,20141231,False,unknown,missing_or_conflicting_required_fact
0001402829-15-000007,ORN,1402829,20141231,False,unknown,missing_or_conflicting_required_fact
0000851968-15-000022,MHK,851968,20141231,False,unknown,missing_or_conflicting_required_fact
0001193125-15-069358,ON,1097864,20141231,False,unknown,missing_or_conflicting_required_fact
0001552275-15-000007,SUN,1552275,20141231,False,unknown,missing_or_conflicting_required_fact
0000898173-15-000076,ORLY,898173,20141231,False,unknown,missing_or_conflicting_required_fact
0001193125-15-069425,CNK,1385280,20141231,False,unknown,missing_or_conflicting_required_fact
0001567683-15-000003,CWEN,1567683,20141231,False,unknown,missing_or_conflicting_required_fact
0001047469-15-001405,PENN,921738,20141231,False,unknown,missing_or_conflicting_required_fact
0001108426-15-000008,TXNM,1108426,20141231,False,unknown,missing_or_conflicting_required_fact
0000078128-15-000003,WTRG,78128,20141231,False,unknown,missing_or_conflicting_required_fact
0001587732-15-000016,OGS,1587732,20141231,False,unknown,missing_or_conflicting_required_fact
0000075677-15-000007,PKG,75677,20141231,False,unknown,missing_or_conflicting_required_fact
0001193125-15-069659,HSTM,1095565,20141231,False,unknown,missing_or_conflicting_required_fact
0001579241-15-000005,ALLE,1579241,20141231,False,unknown,missing_or_conflicting_required_fact
0001193125-15-069666,EXLS,1297989,20141231,False,unknown,missing_or_conflicting_required_fact
0000749251-15-000009,IT,749251,20141231,False,unknown,missing_or_conflicting_required_fact
0000930420-15-000028,KFRC,930420,20141231,False,unknown,missing_or_conflicting_required_fact
0001193125-15-069683,TTMI,1116942,20141231,False,unknown,missing_or_conflicting_required_fact
0001193125-15-069693,IMMR,1058811,20141231,False,unknown,missing_or_conflicting_required_fact
0001193125-15-069699,MSCI,1408198,20141231,False,unknown,missing_or_conflicting_required_fact
0001000623-15-000028,MATV,1000623,20141231,False,unknown,missing_or_conflicting_required_fact
0001140361-15-009362,BCPC,9326,20141231,False,unknown,missing_or_conflicting_required_fact
0001193125-15-069727,MELI,1099590,20141231,False,unknown,missing_or_conflicting_required_fact
0001193125-15-069793,ACHC,1520697,20141231,False,unknown,missing_or_conflicting_required_fact
0001564590-15-001097,RNG,1384905,20141231,False,unknown,missing_or_conflicting_required_fact
0000906553-15-000011,BYD,906553,20141231,False,unknown,missing_or_conflicting_required_fact
0001193125-15-069887,ATRO,8063,20141231,False,unknown,missing_or_conflicting_required_fact
0000040545-15-000030,GE,40545,20141231,False,unknown,missing_or_conflicting_required_fact
0000813762-15-000011,IEP,813762,20141231,False,unknown,missing_or_conflicting_required_fact
0000891103-15-000004,MTCH,891103,20141231,False,unknown,missing_or_conflicting_required_fact
0001058290-15-000006,CTSH,1058290,20141231,False,unknown,missing_or_conflicting_required_fact
0000078003-15-000014,PFE,78003,20141231,False,unknown,missing_or_conflicting_required_fact
0001193125-15-069995,GOGO,1537054,20141231,False,unknown,missing_or_conflicting_required_fact
0001047469-15-001413,IRM,1020569,20141231,False,unknown,missing_or_conflicting_required_fact
0000096223-15-000006,JEF,96223,20141231,False,unknown,missing_or_conflicting_required_fact
0001090727-15-000008,UPS,1090727,20141231,False,unknown,missing_or_conflicting_required_fact
0001555280-15-000057,ZTS,1555280,20141231,False,unknown,missing_or_conflicting_required_fact
0000863436-15-000005,BHE,863436,20141231,False,unknown,missing_or_conflicting_required_fact
0001013871-15-000004,NRG,1013871,20141231,False,unknown,missing_or_conflicting_required_fact
0001193125-15-070173,NRP,1171486,20141231,False,unknown,missing_or_conflicting_required_fact
0001564590-15-001112,SAH,1043509,20141231,False,unknown,missing_or_conflicting_required_fact
0001193125-15-070302,CAPL,1538849,20141231,False,unknown,missing_or_conflicting_required_fact
0001047469-15-001422,SSTK,1549346,20141231,False,unknown,missing_or_conflicting_required_fact
0001597672-15-000009,RYAM,1597672,20141231,False,unknown,missing_or_conflicting_required_fact
0001571049-15-001498,NCLH,1513761,20141231,False,unknown,missing_or_conflicting_required_fact
0000097134-15-000005,TNC,97134,20141231,False,unknown,missing_or_conflicting_required_fact
0000104889-15-000017,GHC,104889,20141231,False,unknown,missing_or_conflicting_required_fact
0001140361-15-009431,SHEN,354963,20141231,False,unknown,missing_or_conflicting_required_fact
0001193125-15-070371,SAIA,1177702,20141231,False,unknown,missing_or_conflicting_required_fact
0001174922-15-000021,WYNN,1174922,20141231,False,unknown,missing_or_conflicting_required_fact
0001104659-15-015350,CAKE,887596,20141231,False,unknown,missing_or_conflicting_required_fact
0001193125-15-070433,LXU,60714,20141231,False,unknown,missing_or_conflicting_required_fact
0001021561-15-000013,NUS,1021561,20141231,False,unknown,missing_or_conflicting_required_fact
0000915913-15-000009,ALB,915913,20141231,False,unknown,missing_or_conflicting_required_fact
0001326160-15-000008,DUK,1326160,20141231,False,unknown,missing_or_conflicting_required_fact
0001273441-15-000011,GTE,1273441,20141231,False,unknown,missing_or_conflicting_required_fact
0001262039-15-000009,FTNT,1262039,20141231,False,unknown,missing_or_conflicting_required_fact
0001104659-15-015406,SCCO,1001838,20141231,False,unknown,missing_or_conflicting_required_fact
0000785161-15-000020,EHC,785161,20141231,False,unknown,missing_or_conflicting_required_fact
0001140361-15-009498,IONS,874015,20141231,False,unknown,missing_or_conflicting_required_fact
0001564590-15-001137,NXST,1142417,20141231,False,unknown,missing_or_conflicting_required_fact
0001564590-15-001140,BMRN,1048477,20141231,False,unknown,missing_or_conflicting_required_fact
0001474903-15-000016,BGSF,1474903,20141231,False,unknown,missing_or_conflicting_required_fact
0001061219-15-000007,EPD,1061219,20141231,False,unknown,missing_or_conflicting_required_fact
0001219601-15-000009,CCK,1219601,20141231,False,unknown,missing_or_conflicting_required_fact
0000792987-15-000010,ASTE,792987,20141231,False,unknown,missing_or_conflicting_required_fact
0001193125-15-072217,QSR,1618756,20141231,False,unknown,missing_or_conflicting_required_fact
0000092122-15-000015,SO,92122,20141231,False,unknown,missing_or_conflicting_required_fact
0001571049-15-001534,OTTR,1466593,20141231,False,unknown,missing_or_conflicting_required_fact
0001276187-15-000014,ET,1276187,20141231,False,unknown,missing_or_conflicting_required_fact
0001628280-15-001350,CHRW,1043277,20141231,False,unknown,missing_or_conflicting_required_fact
0001193125-15-072708,MSCI,1408198,20141231,False,unknown,missing_or_conflicting_required_fact
0001046311-15-000003,CHH,1046311,20141231,False,unknown,missing_or_conflicting_required_fact
0000799233-15-000005,HTLD,799233,20141231,False,unknown,missing_or_conflicting_required_fact
0001564590-15-001170,THRM,903129,20141231,False,unknown,missing_or_conflicting_required_fact
0000763744-15-000037,LCII,763744,20141231,False,unknown,missing_or_conflicting_required_fact
0001558370-15-000251,URG,1375205,20141231,False,unknown,missing_or_conflicting_required_fact
0001034054-15-000004,SBAC,1034054,20141231,False,unknown,missing_or_conflicting_required_fact
0001047469-15-001486,STLD,1022671,20141231,False,unknown,missing_or_conflicting_required_fact
0001104659-15-015731,MNST,865752,20141231,False,unknown,missing_or_conflicting_required_fact
0001193125-15-072931,SON,91767,20141231,False,unknown,missing_or_conflicting_required_fact
0001002910-15-000075,AEE,1002910,20141231,False,unknown,missing_or_conflicting_required_fact
0001564590-15-001180,MGM,789570,20141231,False,unknown,missing_or_conflicting_required_fact
0001065696-15-000007,LKQ,1065696,20141231,False,unknown,missing_or_conflicting_required_fact
0001193125-15-073003,PWR,1050915,20141231,False,unknown,missing_or_conflicting_required_fact
0000012208-15-000012,BIO,12208,20141231,False,unknown,missing_or_conflicting_required_fact
0001193125-15-073042,EQIX,1101239,20141231,False,unknown,missing_or_conflicting_required_fact
0000277509-15-000008,FSS,277509,20141231,False,unknown,missing_or_conflicting_required_fact
0001504337-15-000010,LPX,60519,20141231,False,unknown,missing_or_conflicting_required_fact
0000949157-15-000023,CENX,949157,20141231,False,unknown,missing_or_conflicting_required_fact
0001628280-15-001367,ASPS,1462418,20141231,False,unknown,missing_or_conflicting_required_fact
0001176334-15-000045,MMLP,1176334,20141231,False,unknown,missing_or_conflicting_required_fact
0000814453-15-000041,NWL,814453,20141231,False,unknown,missing_or_conflicting_required_fact
0001437749-15-003820,MPWR,1280452,20141231,False,unknown,missing_or_conflicting_required_fact
0001084048-15-000003,ZD,1084048,20141231,False,unknown,missing_or_conflicting_required_fact
0001159036-15-000041,HALO,1159036,20141231,False,unknown,missing_or_conflicting_required_fact
0001437749-15-003826,LAD,1023128,20141231,False,unknown,missing_or_conflicting_required_fact
0000098362-15-000025,TKR,98362,20141231,False,unknown,missing_or_conflicting_required_fact
0001193125-15-073376,KOP,1315257,20141231,False,unknown,missing_or_conflicting_required_fact
0000933036-15-000006,UPBD,933036,20141231,False,unknown,missing_or_conflicting_required_fact
0001424929-15-000006,FOXF,1424929,20141231,False,unknown,missing_or_conflicting_required_fact
0000920371-15-000054,SSD,920371,20141231,False,unknown,missing_or_conflicting_required_fact
0000822818-15-000003,CLH,822818,20141231,False,unknown,missing_or_conflicting_required_fact
0000850429-15-000015,TG,850429,20141231,False,unknown,missing_or_conflicting_required_fact
0001185348-15-000008,PRAA,1185348,20141231,False,unknown,missing_or_conflicting_required_fact
0000939767-15-000013,EXEL,939767,20141231,False,unknown,missing_or_conflicting_required_fact
0000821026-15-000013,ANDE,821026,20141231,False,unknown,missing_or_conflicting_required_fact
0001104659-15-015842,ARCB,894405,20141231,False,unknown,missing_or_conflicting_required_fact
0001437749-15-003838,JBTM,1433660,20141231,False,unknown,missing_or_conflicting_required_fact
0001564590-15-001204,DIOD,29002,20141231,False,unknown,missing_or_conflicting_required_fact
0001193125-15-073581,CPAY,1175454,20141231,False,unknown,missing_or_conflicting_required_fact
0001086222-15-000066,AKAM,1086222,20141231,False,unknown,missing_or_conflicting_required_fact
0001047469-15-001519,CROX,1334036,20141231,False,unknown,missing_or_conflicting_required_fact
0001437749-15-003848,RUSHA,1012019,20141231,False,unknown,missing_or_conflicting_required_fact
0000051253-15-000004,IFF,51253,20141231,False,unknown,missing_or_conflicting_required_fact
0001598428-15-000012,MTUS,1598428,20141231,False,unknown,missing_or_conflicting_required_fact
0001437749-15-003857,PDFS,1120914,20141231,False,unknown,missing_or_conflicting_required_fact
0001564590-15-001223,SABR,1597033,20141231,False,unknown,missing_or_conflicting_required_fact
0001193125-15-074375,FSTR,352825,20141231,False,unknown,missing_or_conflicting_required_fact
0000783324-15-000013,VGZ,783324,20141231,False,unknown,missing_or_conflicting_required_fact
0000837465-15-000003,CALY,837465,20141231,False,unknown,missing_or_conflicting_required_fact
0001564590-15-001235,BLDR,1316835,20141231,False,unknown,missing_or_conflicting_required_fact
0001193125-15-075170,PRDO,1046568,20141231,False,unknown,missing_or_conflicting_required_fact
0001193125-15-075174,VFC,103379,20141231,False,unknown,missing_or_conflicting_required_fact
0001437749-15-003987,SNWV,1417663,20141231,False,unknown,missing_or_conflicting_required_fact
0001008886-15-000037,CVLG,928658,20141231,False,unknown,missing_or_conflicting_required_fact
0001193125-15-075318,NEO,1077183,20141231,False,unknown,missing_or_conflicting_required_fact
0001158449-15-000063,AAP,1158449,20141231,False,unknown,missing_or_conflicting_required_fact
0001463101-15-000017,ENPH,1463101,20141231,False,unknown,missing_or_conflicting_required_fact
0001354488-15-000933,HQI,1140102,20141231,False,unknown,missing_or_conflicting_required_fact
0001354488-15-000935,CXDO,1075736,20141231,False,unknown,missing_or_conflicting_required_fact
0001437749-15-004044,NRC,70487,20141231,False,unknown,missing_or_conflicting_required_fact
0000038725-15-000043,FELE,38725,20141231,False,unknown,missing_or_conflicting_required_fact
0000769520-15-000003,MIDD,769520,20141231,False,unknown,missing_or_conflicting_required_fact
0001047469-15-001636,BGS,1278027,20141231,False,unknown,missing_or_conflicting_required_fact
0000855658-15-000035,LSCC,855658,20141231,False,unknown,missing_or_conflicting_required_fact
0001354488-15-000960,BKTI,2186,20141231,False,unknown,missing_or_conflicting_required_fact
0000009092-15-000002,BMI,9092,20141231,False,unknown,missing_or_conflicting_required_fact
0001571049-15-001634,MLR,924822,20141231,False,unknown,missing_or_conflicting_required_fact
0000916540-15-000006,DAR,916540,20141231,False,unknown,missing_or_conflicting_required_fact
0000082811-15-000014,RRX,82811,20141231,False,unknown,missing_or_conflicting_required_fact
0001406666-15-000004,CALX,1406666,20141231,False,unknown,missing_or_conflicting_required_fact
0000856982-15-000005,MMSI,856982,20141231,False,unknown,missing_or_conflicting_required_fact
0001104659-15-016854,WULF,1083301,20141231,False,unknown,missing_or_conflicting_required_fact
0000078890-15-000009,BCO,78890,20141231,False,unknown,missing_or_conflicting_required_fact
0001437749-15-004131,GTN,43196,20141231,False,unknown,missing_or_conflicting_required_fact
0000700841-15-000004,RCMT,700841,20141231,False,unknown,missing_or_conflicting_required_fact
0001019687-15-000833,AAOI,1158114,20141231,False,unknown,missing_or_conflicting_required_fact
0001104659-15-017126,AXGN,805928,20141231,False,unknown,missing_or_conflicting_required_fact
0001289945-15-000007,SPOK,1289945,20141231,False,unknown,missing_or_conflicting_required_fact
0000882508-15-000004,QUIK,882508,20141231,False,unknown,missing_or_conflicting_required_fact
0001174947-15-000337,MSEX,66004,20141231,False,unknown,missing_or_conflicting_required_fact
0001193125-15-079000,HUBS,1404655,20141231,False,unknown,missing_or_conflicting_required_fact
0001564590-15-001351,CIX,1049606,20141231,False,unknown,missing_or_conflicting_required_fact
0001108524-15-000008,CRM,1108524,20150131,True,unknown,missing_period_unit_scope_or_source
0001437749-15-004231,ERII,1421517,20141231,False,unknown,missing_or_conflicting_required_fact
0001200375-15-000008,CDXS,1200375,20141231,False,unknown,missing_or_conflicting_required_fact
0000101984-15-000011,UEIC,101984,20141231,False,unknown,missing_or_conflicting_required_fact
0001437749-15-004253,NHTC,912061,20141231,False,unknown,missing_or_conflicting_required_fact
0001193125-15-080277,VICR,751978,20141231,False,unknown,missing_or_conflicting_required_fact
0001437749-15-004304,APT,884269,20141231,False,unknown,missing_or_conflicting_required_fact
0001564590-15-001376,WTI,1288403,20141231,False,unknown,missing_or_conflicting_required_fact
0001193125-15-080522,CNXN,1050377,20141231,False,unknown,missing_or_conflicting_required_fact
0000102752-15-000017,VSEC,102752,20141231,False,unknown,missing_or_conflicting_required_fact
0001039399-15-000005,FORM,1039399,20141231,False,unknown,missing_or_conflicting_required_fact
0001026608-15-000007,ACU,2098,20141231,False,unknown,missing_or_conflicting_required_fact
0001437749-15-004350,CVU,889348,20141231,False,unknown,missing_or_conflicting_required_fact
0001107843-15-000003,QLYS,1107843,20141231,False,unknown,missing_or_conflicting_required_fact
0001144204-15-014611,HNRG,788965,20141231,False,unknown,missing_or_conflicting_required_fact
0001010086-15-000004,SIGA,1010086,20141231,False,unknown,missing_or_conflicting_required_fact
0000897077-15-000011,ALG,897077,20141231,False,unknown,missing_or_conflicting_required_fact
0001564590-15-001413,NOVT,1076930,20141231,False,unknown,missing_or_conflicting_required_fact
0001206774-15-000808,CASS,708781,20141231,False,unknown,missing_or_conflicting_required_fact
0000727273-15-000005,CDZI,727273,20141231,False,unknown,missing_or_conflicting_required_fact
0001193125-15-083057,GRC,42682,20141231,False,unknown,missing_or_conflicting_required_fact
0001193125-15-083157,INFU,1337013,20141231,False,unknown,missing_or_conflicting_required_fact
0001047469-15-001848,MUX,314203,20141231,False,unknown,missing_or_conflicting_required_fact
0001604665-15-000007,WLKP,1604665,20141231,False,unknown,missing_or_conflicting_required_fact
0001104659-15-018213,TTEC,1013880,20141231,False,unknown,missing_or_conflicting_required_fact
0001628280-15-001638,INSG,1022652,20141231,False,unknown,missing_or_conflicting_required_fact
0000108985-15-000022,YORW,108985,20141231,False,unknown,missing_or_conflicting_required_fact
0001193125-15-085312,MCHX,1224133,20141231,False,unknown,missing_or_conflicting_required_fact
0001288847-15-000011,FIVN,1288847,20141231,False,unknown,missing_or_conflicting_required_fact
0001580808-15-000010,ATEN,1580808,20141231,False,unknown,missing_or_conflicting_required_fact
0000875657-15-000010,ULBI,875657,20141231,False,unknown,missing_or_conflicting_required_fact
0001571049-15-001817,TVTX,1438533,20141231,False,unknown,missing_or_conflicting_required_fact
0001437749-15-004707,TCX,909494,20141231,False,unknown,missing_or_conflicting_required_fact
0001144204-15-015293,WEYS,106532,20141231,False,unknown,missing_or_conflicting_required_fact
0001104659-15-018761,WINA,908315,20141231,False,unknown,missing_or_conflicting_required_fact
0001144204-15-015357,MYRG,700923,20141231,False,unknown,missing_or_conflicting_required_fact
0001104659-15-018859,THM,1134115,20141231,False,unknown,missing_or_conflicting_required_fact
0001487952-15-000011,VPG,1487952,20141231,False,unknown,missing_or_conflicting_required_fact
0001144204-15-015369,IPAR,822663,20141231,False,unknown,missing_or_conflicting_required_fact
0001445305-15-000028,WK,1445305,20141231,False,unknown,missing_or_conflicting_required_fact
0001193125-15-087397,FORR,1023313,20141231,False,unknown,missing_or_conflicting_required_fact
0001193125-15-087519,AEO,919012,20150131,False,unknown,missing_or_conflicting_required_fact
0000101594-15-000002,BSIN,101594,20141231,False,unknown,missing_or_conflicting_required_fact
0001130713-15-000009,NXH,1130713,20141231,False,unknown,missing_or_conflicting_required_fact
0001045810-15-000036,NVDA,1045810,20150131,True,unknown,missing_period_unit_scope_or_source
0001069183-15-000028,AXON,1069183,20141231,False,unknown,missing_or_conflicting_required_fact
0001596532-15-000004,ANET,1596532,20141231,False,unknown,missing_or_conflicting_required_fact
0001437749-15-004791,MRTN,799167,20141231,False,unknown,missing_or_conflicting_required_fact
0001628280-15-001707,MGPI,835011,20141231,False,unknown,missing_or_conflicting_required_fact
0001628280-15-001714,PARR,821483,20141231,False,unknown,missing_or_conflicting_required_fact
0001047469-15-002052,ALNT,46129,20141231,False,unknown,missing_or_conflicting_required_fact
0001193125-15-088960,PLPC,80035,20141231,False,unknown,missing_or_conflicting_required_fact
0001047469-15-002063,ACLS,1113232,20141231,False,unknown,missing_or_conflicting_required_fact
0001096906-15-000240,UTMD,706698,20141231,False,unknown,missing_or_conflicting_required_fact
0001193125-15-089151,CBZ,944148,20141231,False,unknown,missing_or_conflicting_required_fact
0001354488-15-001113,BLFS,834365,20141231,False,unknown,missing_or_conflicting_required_fact
0001047469-15-002068,SUPN,1356576,20141231,False,unknown,missing_or_conflicting_required_fact
0001020859-15-000044,UNFI,1020859,20140731,False,unknown,missing_or_conflicting_required_fact
0001193125-15-089338,OSUR,1116463,20141231,False,unknown,missing_or_conflicting_required_fact
0001144204-15-015672,PLX,1006281,20141231,False,unknown,missing_or_conflicting_required_fact
0001558370-15-000337,PLOW,1287213,20141231,False,unknown,missing_or_conflicting_required_fact
0000771266-15-000006,KOPN,771266,20141231,False,unknown,missing_or_conflicting_required_fact
0001564590-15-001607,KRO,1257640,20141231,False,unknown,missing_or_conflicting_required_fact
0001564590-15-001611,NL,72162,20141231,False,unknown,missing_or_conflicting_required_fact
0001104659-15-019269,NATR,275053,20141231,False,unknown,missing_or_conflicting_required_fact
0001437749-15-004958,FF,1337298,20141231,False,unknown,missing_or_conflicting_required_fact
0000105418-15-000009,WMK,105418,20141231,False,unknown,missing_or_conflicting_required_fact
0001616862-15-000003,AXTA,1616862,20141231,False,unknown,missing_or_conflicting_required_fact
0000935703-15-000034,DLTR,935703,20150131,True,unknown,missing_period_unit_scope_or_source
0001104659-15-019457,UFPT,914156,20141231,False,unknown,missing_or_conflicting_required_fact
0001084991-15-000008,NGS,1084991,20141231,False,unknown,missing_or_conflicting_required_fact
0001193125-15-090635,OSPN,1044777,20141231,False,unknown,missing_or_conflicting_required_fact
0001193125-15-090717,IBP,1580905,20141231,False,unknown,missing_or_conflicting_required_fact
0001104659-15-019514,MCRI,907242,20141231,False,unknown,missing_or_conflicting_required_fact
0001437749-15-005012,CVEO,1590584,20141231,False,unknown,missing_or_conflicting_required_fact
0001376474-15-000040,OFLX,1317945,20141231,False,unknown,missing_or_conflicting_required_fact
0001047469-15-002152,III,1371489,20141231,False,unknown,missing_or_conflicting_required_fact
0001144204-15-015932,SGA,886136,20141231,False,unknown,missing_or_conflicting_required_fact
0001171843-15-001395,ANIK,898437,20141231,False,unknown,missing_or_conflicting_required_fact
0000027419-15-000012,TGT,27419,20150131,False,unknown,missing_or_conflicting_required_fact
0000832428-15-000043,SSP,832428,20141231,False,unknown,missing_or_conflicting_required_fact
0001193125-15-091165,COKE,317540,20141231,False,unknown,missing_or_conflicting_required_fact
0001193125-15-091170,ASPN,1145986,20141231,False,unknown,missing_or_conflicting_required_fact
0001144204-15-015961,SRI,1043337,20141231,False,unknown,missing_or_conflicting_required_fact
0001193125-15-091210,CEVA,1173489,20141231,False,unknown,missing_or_conflicting_required_fact
0001026655-15-000005,CMT,1026655,20141231,False,unknown,missing_or_conflicting_required_fact
0001193125-15-091243,RAIL,1320854,20141231,False,unknown,missing_or_conflicting_required_fact
0001193805-15-000367,GURE,885462,20141231,False,unknown,missing_or_conflicting_required_fact
0001069258-15-000009,KTOS,1069258,20141231,False,unknown,missing_or_conflicting_required_fact
0001193125-15-091300,VNDA,1347178,20141231,False,unknown,missing_or_conflicting_required_fact
0001567619-15-000258,AXTI,1051627,20141231,False,unknown,missing_or_conflicting_required_fact
0000031107-15-000010,EML,31107,20141231,False,unknown,missing_or_conflicting_required_fact
0001144204-15-016000,STAA,718937,20141231,False,unknown,missing_or_conflicting_required_fact
0000729580-15-000009,BELFA,729580,20141231,False,unknown,missing_or_conflicting_required_fact
0001437749-15-005055,PATK,76605,20141231,False,unknown,missing_or_conflicting_required_fact
0000863110-15-000002,ARTNA,863110,20141231,False,unknown,missing_or_conflicting_required_fact
0001193125-15-091420,PSIX,1137091,20141231,False,unknown,missing_or_conflicting_required_fact
0001564590-15-001677,VHI,59255,20141231,False,unknown,missing_or_conflicting_required_fact
0001144204-15-016020,CWCO,928340,20141231,False,unknown,missing_or_conflicting_required_fact
0001055726-15-000003,INO,1055726,20141231,False,unknown,missing_or_conflicting_required_fact
0001171843-15-001420,STRL,874238,20141231,False,unknown,missing_or_conflicting_required_fact
0001499832-15-000019,TSQ,1499832,20141231,False,unknown,missing_or_conflicting_required_fact
0001193125-15-092495,AP,6176,20141231,False,unknown,missing_or_conflicting_required_fact
0000216085-15-000009,HVT,216085,20141231,False,unknown,missing_or_conflicting_required_fact
0001171843-15-001437,CAPS,887151,20141231,False,unknown,missing_or_conflicting_required_fact
0001558370-15-000363,WLFC,1018164,20141231,False,unknown,missing_or_conflicting_required_fact
0001047469-15-002257,AMPY,1533924,20141231,False,unknown,missing_or_conflicting_required_fact
0001193125-15-093444,BBSI,902791,20141231,False,unknown,missing_or_conflicting_required_fact
0000076282-15-000016,PKOH,76282,20141231,False,unknown,missing_or_conflicting_required_fact
0001047469-15-002270,ATNI,879585,20141231,False,unknown,missing_or_conflicting_required_fact
0001601548-15-000012,VVX,1601548,20141231,False,unknown,missing_or_conflicting_required_fact
0000897101-15-000339,NPK,80172,20141231,False,unknown,missing_or_conflicting_required_fact
0001140361-15-011951,LINC,1286613,20141231,False,unknown,missing_or_conflicting_required_fact
0001144204-15-016333,MED,910329,20141231,False,unknown,missing_or_conflicting_required_fact
0001144204-15-016334,IVDA,1397183,20141231,False,unknown,missing_or_conflicting_required_fact
0001193125-15-093678,ADUS,1468328,20141231,False,unknown,missing_or_conflicting_required_fact
0001437749-15-005163,PAMT,798287,20141231,False,unknown,missing_or_conflicting_required_fact
0000034067-15-000018,BOOM,34067,20141231,False,unknown,missing_or_conflicting_required_fact
0001144204-15-016346,REI,1384195,20141231,False,unknown,missing_or_conflicting_required_fact
0001047469-15-002278,CZR,1590895,20141231,False,unknown,missing_or_conflicting_required_fact
0001564590-15-001734,EGY,894627,20141231,False,unknown,missing_or_conflicting_required_fact
0001193125-15-093795,CVGI,1290900,20141231,False,unknown,missing_or_conflicting_required_fact
0001213900-15-001804,GNE,1528356,20141231,False,unknown,missing_or_conflicting_required_fact
0001019687-15-000986,RDNT,790526,20141231,False,unknown,missing_or_conflicting_required_fact
0001157523-15-000949,JAKK,1009829,20141231,False,unknown,missing_or_conflicting_required_fact
0001193125-15-093946,NWPX,1001385,20141231,False,unknown,missing_or_conflicting_required_fact
0001144204-15-016396,WYY,1034760,20141231,False,unknown,missing_or_conflicting_required_fact
0001144204-15-016397,FBIO,1429260,20141231,False,unknown,missing_or_conflicting_required_fact
0001144204-15-016399,CLAR,913277,20141231,False,unknown,missing_or_conflicting_required_fact
0001193125-15-093987,ULH,1308208,20141231,False,unknown,missing_or_conflicting_required_fact
0001020710-15-000006,DXPE,1020710,20141231,False,unknown,missing_or_conflicting_required_fact
0001193125-15-094037,LCUT,874396,20141231,False,unknown,missing_or_conflicting_required_fact
0001193125-15-094038,CERS,1020214,20141231,False,unknown,missing_or_conflicting_required_fact
0001562762-15-000083,RDI,716634,20141231,False,unknown,missing_or_conflicting_required_fact
0001193125-15-094245,LOCO,1606366,20141231,False,unknown,missing_or_conflicting_required_fact
0001007587-15-000002,KVHI,1007587,20141231,False,unknown,missing_or_conflicting_required_fact
0001493152-15-000847,PROP,1162896,20141231,False,unknown,missing_or_conflicting_required_fact
0001047469-15-002326,CRAI,1053706,20141231,False,unknown,missing_or_conflicting_required_fact
0001193125-15-095010,ZUMZ,1318008,20150131,False,unknown,missing_or_conflicting_required_fact
0001047469-15-002340,PLUG,1093691,20141231,False,unknown,missing_or_conflicting_required_fact
0000095953-15-000041,ACNT,95953,20141231,False,unknown,missing_or_conflicting_required_fact
0001047469-15-002349,USNA,896264,20141231,False,unknown,missing_or_conflicting_required_fact
0001437749-15-005283,CLPT,1285550,20141231,False,unknown,missing_or_conflicting_required_fact
0001193125-15-095560,ZBRA,877212,20141231,False,unknown,missing_or_conflicting_required_fact
0001193125-15-095569,RGEN,730272,20141231,False,unknown,missing_or_conflicting_required_fact
0001193125-15-095828,CECO,3197,20141231,False,unknown,missing_or_conflicting_required_fact
0001078782-15-000395,VNRX,93314,20141231,False,unknown,missing_or_conflicting_required_fact
0001193125-15-096794,LMAT,1158895,20141231,False,unknown,missing_or_conflicting_required_fact
0000769397-15-000012,ADSK,769397,20150131,True,unknown,missing_period_unit_scope_or_source
0001193125-15-097009,PNRG,56868,20141231,False,unknown,missing_or_conflicting_required_fact
0001562762-15-000087,HCKT,1057379,20141231,False,unknown,missing_or_conflicting_required_fact
0001193125-15-098445,ZUMZ,1318008,20150131,False,unknown,missing_or_conflicting_required_fact
0001437749-15-005513,BBW,1113809,20141231,False,unknown,missing_or_conflicting_required_fact
0001047469-15-002471,W,1616707,20141231,False,unknown,missing_or_conflicting_required_fact
0001378950-15-000019,PRTS,1378950,20141231,False,unknown,missing_or_conflicting_required_fact
0001193125-15-099288,OCUL,1393434,20141231,False,unknown,missing_or_conflicting_required_fact
0001193125-15-099707,MHH,1437226,20141231,False,unknown,missing_or_conflicting_required_fact
0001193125-15-100150,CVR,19871,20141231,False,unknown,missing_or_conflicting_required_fact
0000885639-15-000007,KSS,885639,20150131,True,unknown,missing_period_unit_scope_or_source
0001047469-15-002540,DG,29534,20150131,False,unknown,missing_or_conflicting_required_fact
0001477932-15-001853,BCHT,728385,20141231,False,unknown,missing_or_conflicting_required_fact
0000039911-15-000101,GAP,39911,20150131,True,unknown,missing_period_unit_scope_or_source
0001104659-15-021769,IRMD,1325618,20141231,False,unknown,missing_or_conflicting_required_fact
0001564590-15-001896,CHRS,1512762,20141231,False,unknown,missing_or_conflicting_required_fact
0001564590-15-001898,INVE,1036044,20141231,False,unknown,missing_or_conflicting_required_fact
0001144204-15-018075,DRIO,1533998,20141231,False,unknown,missing_or_conflicting_required_fact
0001553350-15-000254,LWLG,1325964,20141231,False,unknown,missing_or_conflicting_required_fact
0001047469-15-002671,VCYT,1384101,20141231,False,unknown,missing_or_conflicting_required_fact
0001537435-15-000014,TGEN,1537435,20141231,False,unknown,missing_or_conflicting_required_fact
0000091388-15-000015,SFD,91388,20141231,False,unknown,missing_or_conflicting_required_fact
0001019687-15-001085,PAYS,1496443,20141231,False,unknown,missing_or_conflicting_required_fact
0000028917-15-000046,DDS,28917,20150131,False,unknown,missing_or_conflicting_required_fact
0001336920-15-000010,LDOS,1336920,20150131,False,unknown,missing_or_conflicting_required_fact
0001062993-15-001480,LTBR,1084554,20141231,False,unknown,missing_or_conflicting_required_fact
0001193125-15-105212,BURL,1579298,20150131,False,unknown,missing_or_conflicting_required_fact
0001327811-15-000006,WDAY,1327811,20150131,True,unknown,missing_period_unit_scope_or_source
0001171843-15-001654,AMPH,1297184,20141231,False,unknown,missing_or_conflicting_required_fact
0001397187-15-000016,LULU,1397187,20150131,True,unknown,missing_period_unit_scope_or_source
0001213900-15-002097,ICCC,811641,20141231,False,unknown,missing_or_conflicting_required_fact
0001628280-15-001969,SIG,832988,20150131,True,unknown,missing_period_unit_scope_or_source
0001199835-15-000073,WVVI,838875,20141231,False,unknown,missing_or_conflicting_required_fact
0000354950-15-000008,HD,354950,20150131,True,unknown,missing_period_unit_scope_or_source
0001493152-15-001040,REED,1140215,20141231,False,unknown,missing_or_conflicting_required_fact
0001571049-15-002337,FLL,891482,20141231,False,unknown,missing_or_conflicting_required_fact
0001036262-15-000004,INTT,1036262,20141231,False,unknown,missing_or_conflicting_required_fact
0001144204-15-018738,ELA,701719,20141231,False,unknown,missing_or_conflicting_required_fact
0001628280-15-002001,FIVE,1177609,20150131,False,unknown,missing_or_conflicting_required_fact
0001193125-15-108088,SLSN,883107,20141231,False,unknown,missing_or_conflicting_required_fact
0001089063-15-000020,DKS,1089063,20150131,False,unknown,missing_or_conflicting_required_fact
0001072613-15-000242,EP,887396,20141231,False,unknown,missing_or_conflicting_required_fact
0001185185-15-000633,ASUR,884144,20141231,False,unknown,missing_or_conflicting_required_fact
0001193125-15-109678,RH,1528849,20150131,False,unknown,missing_or_conflicting_required_fact
0000018255-15-000009,CATO,18255,20150131,True,unknown,missing_period_unit_scope_or_source
0001144204-15-019080,IDN,1040896,20141231,False,unknown,missing_or_conflicting_required_fact
0001178253-15-000034,SCYX,1178253,20141231,False,unknown,missing_or_conflicting_required_fact
0001493761-15-000003,TBCH,1493761,20141231,False,unknown,missing_or_conflicting_required_fact
0000917225-15-000003,XPL,917225,20141231,False,unknown,missing_or_conflicting_required_fact
0001018840-15-000020,ANF,1018840,20150131,False,unknown,missing_or_conflicting_required_fact
0001171843-15-001732,ESI,1590714,20141231,False,unknown,missing_or_conflicting_required_fact
0001017303-15-000021,TACT,1017303,20141231,False,unknown,missing_or_conflicting_required_fact
0001564590-15-002136,TNET,937098,20141231,False,unknown,missing_or_conflicting_required_fact
0001213900-15-002217,LFMD,948320,20141231,False,unknown,missing_or_conflicting_required_fact
0001079973-15-000222,RIOT,1167419,20141231,False,unknown,missing_or_conflicting_required_fact
0001615774-15-000592,RILYG,1464790,20141231,False,unknown,missing_or_conflicting_required_fact
0001552033-15-000013,TRU,1552033,20141231,False,unknown,missing_or_conflicting_required_fact
0001628280-15-002037,SMTC,88941,20150131,False,unknown,missing_or_conflicting_required_fact
0000075288-15-000014,OXM,75288,20150131,False,unknown,missing_or_conflicting_required_fact
0001373670-15-000015,GRBK,1373670,20141231,False,unknown,missing_or_conflicting_required_fact
0000745732-15-000009,ROST,745732,20150131,True,unknown,missing_period_unit_scope_or_source
0001193125-15-112284,OFIX,884624,20131231,False,unknown,missing_or_conflicting_required_fact
0001445866-15-000333,RCAT,748268,20141231,False,unknown,missing_or_conflicting_required_fact
0001213900-15-002228,OPRX,1448431,20141231,False,unknown,missing_or_conflicting_required_fact
0001628280-15-002054,STKS,1399520,20141231,False,unknown,missing_or_conflicting_required_fact
0001104659-15-024557,KR,56873,20150131,False,unknown,missing_or_conflicting_required_fact
0001564590-15-002252,MOV,72573,20150131,False,unknown,missing_or_conflicting_required_fact
0001019687-15-001213,RDNT,790526,20141231,False,unknown,missing_or_conflicting_required_fact
0001019687-15-001215,AGNT,1495932,20141231,False,unknown,missing_or_conflicting_required_fact
0000060667-15-000057,LOW,60667,20150131,False,unknown,missing_or_conflicting_required_fact
0001140361-15-013699,PAR,708821,20141231,False,unknown,missing_or_conflicting_required_fact
0001354488-15-001493,FSI,1069394,20141231,False,unknown,missing_or_conflicting_required_fact
0001144204-15-020102,VUZI,1463972,20141231,False,unknown,missing_or_conflicting_required_fact
0001415889-15-001158,FTLF,1374328,20141231,False,unknown,missing_or_conflicting_required_fact
0000764478-15-000014,BBY,764478,20150131,True,unknown,missing_period_unit_scope_or_source
0001062993-15-001675,HGBL,849145,20141231,False,unknown,missing_or_conflicting_required_fact
0001437749-15-006469,PESI,891532,20141231,False,unknown,missing_or_conflicting_required_fact
0001615774-15-000611,AUID,1534154,20141231,False,unknown,missing_or_conflicting_required_fact
0001052918-15-000115,IDR,1030192,20141231,False,unknown,missing_or_conflicting_required_fact
0001144204-15-020193,PANL,1606909,20141231,False,unknown,missing_or_conflicting_required_fact
0000924719-15-000005,SMID,924719,20141231,False,unknown,missing_or_conflicting_required_fact
0001493152-15-001145,ACFN,880984,20141231,False,unknown,missing_or_conflicting_required_fact
0001615774-15-000615,DTST,1419951,20141231,False,unknown,missing_or_conflicting_required_fact
0001193125-15-114276,TJX,109198,20150131,False,unknown,missing_or_conflicting_required_fact
0001564590-15-002280,SAIC,1571123,20150131,False,unknown,missing_or_conflicting_required_fact
0001495320-15-000008,VRA,1495320,20150131,True,unknown,missing_period_unit_scope_or_source
0001564590-15-002285,FRPT,1611647,20141231,False,unknown,missing_or_conflicting_required_fact
0001428336-15-000007,HQY,1428336,20150131,True,unknown,missing_period_unit_scope_or_source
0000721748-15-000190,SKYX,1598981,20141231,False,unknown,missing_or_conflicting_required_fact
0001564590-15-002296,MLSS,855683,20141231,False,unknown,missing_or_conflicting_required_fact
0001564590-15-002300,VEEV,1393052,20150131,False,unknown,missing_or_conflicting_required_fact
0000014707-15-000020,CAL,14707,20150131,True,unknown,missing_period_unit_scope_or_source
0000794367-15-000073,M,794367,20150131,True,unknown,missing_period_unit_scope_or_source
0001628280-15-002110,STKS,1399520,20141231,False,unknown,missing_or_conflicting_required_fact
0001193125-15-115602,ULTA,1403568,20150131,False,unknown,missing_or_conflicting_required_fact
0001144204-15-020527,AMS,744825,20141231,False,unknown,missing_or_conflicting_required_fact
0000885245-15-000007,BKE,885245,20150131,False,unknown,missing_or_conflicting_required_fact
0001193125-15-116065,URBN,912615,20150131,False,unknown,missing_or_conflicting_required_fact
0000104169-15-000011,WMT,104169,20150131,True,unknown,missing_period_unit_scope_or_source
0000018498-15-000014,GCO,18498,20150131,True,unknown,missing_period_unit_scope_or_source
0001193125-15-116304,TLYS,1524025,20150131,False,unknown,missing_or_conflicting_required_fact
0001104659-15-025139,KR,56873,20150131,False,unknown,missing_or_conflicting_required_fact
0001193125-15-118009,WSM,719955,20150131,False,unknown,missing_or_conflicting_required_fact
0001078782-15-000536,ZIVO,1101026,20141231,False,unknown,missing_or_conflicting_required_fact
0001193125-15-122895,MIND,926423,20150131,False,unknown,missing_or_conflicting_required_fact
0001354488-15-001647,SMTI,714256,20141231,False,unknown,missing_or_conflicting_required_fact
0001628280-15-002233,DCO,30305,20141231,False,unknown,missing_or_conflicting_required_fact
0001477932-15-002385,WKSP,1096275,20141231,False,unknown,missing_or_conflicting_required_fact
0001409171-15-000012,TITN,1409171,20150131,False,unknown,missing_or_conflicting_required_fact
0001104659-15-027586,CTRN,1318484,20150131,False,unknown,missing_or_conflicting_required_fact
0001144204-15-022858,NEPH,1196298,20141231,False,unknown,missing_or_conflicting_required_fact
0001193125-15-131319,FLNT,1460329,20141231,False,unknown,missing_or_conflicting_required_fact
0001264931-15-000168,DUOT,1396536,20141231,False,unknown,missing_or_conflicting_required_fact
0001079974-15-000284,ATLX,1540684,20141231,False,unknown,missing_or_conflicting_required_fact
0001193125-15-131832,AGX,100591,20150131,False,unknown,missing_or_conflicting_required_fact
0000914122-15-000008,PPIH,914122,20150131,True,unknown,missing_period_unit_scope_or_source
0001174947-15-000634,SHOE,895447,20150131,True,unknown,missing_period_unit_scope_or_source
0001264931-15-000174,DUOT,1396536,20141231,False,unknown,missing_or_conflicting_required_fact
0000799288-15-000017,LE,799288,20150131,True,unknown,missing_period_unit_scope_or_source
0001185185-15-000947,HOFT,1077688,20150131,True,unknown,missing_period_unit_scope_or_source
0000008947-15-000035,AZZ,8947,20150228,True,unknown,missing_period_unit_scope_or_source
0001144204-15-024300,TSSI,1320760,20141231,False,unknown,missing_or_conflicting_required_fact
0001628280-15-002923,VIRC,751365,20150131,True,unknown,missing_period_unit_scope_or_source
0001170010-15-000008,KMX,1170010,20150228,False,unknown,missing_or_conflicting_required_fact
0001564590-15-002861,INGN,1294133,20141231,False,unknown,missing_or_conflicting_required_fact
0000016918-15-000016,STZ,16918,20150228,True,unknown,missing_period_unit_scope_or_source
0001558370-15-000587,HELE,916789,20150228,False,unknown,missing_or_conflicting_required_fact
0000006845-15-000011,APOG,6845,20150228,False,unknown,missing_or_conflicting_required_fact
0001564590-15-003012,OFIX,884624,20141231,False,unknown,missing_or_conflicting_required_fact
0001493152-15-001673,MAMA,1520358,20150131,True,unknown,missing_period_unit_scope_or_source
0001354488-15-002048,SMTI,714256,20141231,False,unknown,missing_or_conflicting_required_fact
0000724910-15-000010,NVEC,724910,20150331,True,unknown,missing_period_unit_scope_or_source
0001193125-15-178878,EBF,33002,20150228,False,unknown,missing_or_conflicting_required_fact
0001628280-15-003946,CVLT,1169561,20150331,True,unknown,missing_period_unit_scope_or_source
0001161697-15-000213,KRMD,704440,20150228,True,unknown,missing_period_unit_scope_or_source
0001628280-15-004098,MCK,927653,20150331,True,unknown,missing_period_unit_scope_or_source
0001295947-15-000015,PBH,1295947,20150331,True,unknown,missing_period_unit_scope_or_source
0001596532-15-000011,ANET,1596532,20141231,False,unknown,missing_or_conflicting_required_fact
0001437749-15-010336,PKE,76267,20150228,True,unknown,missing_period_unit_scope_or_source
0001037038-15-000006,RL,1037038,20150331,True,unknown,missing_period_unit_scope_or_source
0001144204-15-032060,LAKE,798081,20150131,True,unknown,missing_period_unit_scope_or_source
0001628280-15-004363,NTCT,1078075,20150331,False,unknown,missing_or_conflicting_required_fact
0001047469-15-004931,FLEX,866374,20150331,True,unknown,missing_period_unit_scope_or_source
0001443646-15-000018,BAH,1443646,20150331,True,unknown,missing_period_unit_scope_or_source
0000929351-15-000030,STRZ,929351,20150331,True,unknown,missing_period_unit_scope_or_source
0001047469-15-004959,TTWO,946581,20150331,True,unknown,missing_period_unit_scope_or_source
0000313143-15-000033,HAE,313143,20150331,True,unknown,missing_period_unit_scope_or_source
0000102037-15-000017,UVV,102037,20150331,True,unknown,missing_period_unit_scope_or_source
0000849399-15-000007,GEN,849399,20150331,False,unknown,missing_or_conflicting_required_fact
0001564590-15-004591,EXP,918646,20150331,False,unknown,missing_or_conflicting_required_fact
0001193125-15-199042,VSAT,797721,20150331,False,unknown,missing_or_conflicting_required_fact
0001171520-15-000345,SOTK,806172,20150228,False,unknown,missing_or_conflicting_required_fact
0000827054-15-000103,MCHP,827054,20150331,False,unknown,missing_or_conflicting_required_fact
0001144204-15-033694,RBC,1324948,20150331,False,unknown,missing_or_conflicting_required_fact
0001193125-15-201883,CRUS,772406,20150331,False,unknown,missing_or_conflicting_required_fact
0001289308-15-000029,ENS,1289308,20150331,True,unknown,missing_period_unit_scope_or_source
0001604778-15-000051,QRVO,1604778,20150331,True,unknown,missing_period_unit_scope_or_source
0001562762-15-000179,MNRO,876427,20150331,False,unknown,missing_or_conflicting_required_fact
0000733269-15-000018,RAMP,733269,20150331,False,unknown,missing_or_conflicting_required_fact
0001193125-15-204040,MX,1325702,20141231,False,unknown,missing_or_conflicting_required_fact
0001193125-15-204166,TDW,98222,20150331,False,unknown,missing_or_conflicting_required_fact
0001005229-15-000046,CMCO,1005229,20150331,False,unknown,missing_or_conflicting_required_fact
0000046250-15-000011,HWKN,46250,20150331,True,unknown,missing_period_unit_scope_or_source
0001022408-15-000017,PLUS,1022408,20150331,False,unknown,missing_or_conflicting_required_fact
0001140361-15-022274,MOD,67347,20150331,True,unknown,missing_period_unit_scope_or_source
0001047469-15-005099,BOOT,1610250,20150331,False,unknown,missing_or_conflicting_required_fact
0001136261-15-000166,EGHT,1023731,20150331,False,unknown,missing_or_conflicting_required_fact
0000910521-15-000018,DECK,910521,20150331,False,unknown,missing_or_conflicting_required_fact
0001193125-15-209819,GHM,716314,20150331,False,unknown,missing_or_conflicting_required_fact
0001437749-15-011723,MLAB,724004,20150331,False,unknown,missing_or_conflicting_required_fact
0000919574-15-004764,LPG,1596993,20150331,False,unknown,missing_or_conflicting_required_fact
0000078749-15-000020,AGYS,78749,20150331,True,unknown,missing_period_unit_scope_or_source
0001032975-15-000023,LOGI,1032975,20150331,False,unknown,missing_or_conflicting_required_fact
0001437749-15-011923,AIRTP,353184,20150331,True,unknown,missing_period_unit_scope_or_source
0000088948-15-000020,SENEB,88948,20150331,True,unknown,missing_period_unit_scope_or_source
0001477932-15-003781,ODYS,1577445,20150331,True,unknown,missing_period_unit_scope_or_source
0000278166-15-000026,CVCO,278166,20150331,True,unknown,missing_period_unit_scope_or_source
0001193125-15-220552,FRD,39092,20150331,False,unknown,missing_or_conflicting_required_fact
0001437749-15-012185,NATH,69733,20150331,True,unknown,missing_period_unit_scope_or_source
0001564590-15-005051,NTAP,1002047,20150430,False,unknown,missing_or_conflicting_required_fact
0001409375-15-000013,OESX,1409375,20150331,True,unknown,missing_period_unit_scope_or_source
0001140361-15-024320,MPAA,918251,20150331,True,unknown,missing_period_unit_scope_or_source
0001574842-15-000011,HRB,12659,20150430,True,unknown,missing_period_unit_scope_or_source
0001564590-15-005183,SWBI,1092796,20150430,True,unknown,missing_period_unit_scope_or_source
0000915779-15-000039,DAKT,915779,20150430,True,unknown,missing_period_unit_scope_or_source
0001613103-15-000028,MDT,1613103,20150430,False,unknown,missing_or_conflicting_required_fact
0000065270-15-000016,MEI,65270,20150430,True,unknown,missing_period_unit_scope_or_source
0000779152-15-000039,JKHY,779152,20140630,False,unknown,missing_or_conflicting_required_fact
0001193125-15-235197,SJM,91419,20150430,False,unknown,missing_or_conflicting_required_fact
0001206774-15-002052,TRNS,99302,20150331,True,unknown,missing_period_unit_scope_or_source
0001193125-15-235239,ORCL,1341439,20150531,False,unknown,missing_or_conflicting_required_fact
0000107140-15-000020,WLY,107140,20150430,False,unknown,missing_or_conflicting_required_fact
0001193125-15-237143,KFY,56679,20150430,False,unknown,missing_or_conflicting_required_fact
0000726958-15-000075,CASY,726958,20150430,True,unknown,missing_period_unit_scope_or_source
0001038838-15-000084,FRHC,924805,20150331,True,unknown,missing_period_unit_scope_or_source
0000950159-15-000177,TPCS,1328792,20150331,False,unknown,missing_or_conflicting_required_fact
0001047469-15-005880,AVAV,1368622,20150430,False,unknown,missing_or_conflicting_required_fact
0001193125-15-245476,GIS,40704,20150531,True,unknown,missing_period_unit_scope_or_source
0001571049-15-005546,TVTX,1438533,20131231,False,unknown,missing_or_conflicting_required_fact
0001104659-15-050689,AEYE,1362190,20141231,False,unknown,missing_or_conflicting_required_fact
0001193125-15-252434,MSN,32621,20150331,True,unknown,missing_period_unit_scope_or_source
0001193125-15-252494,FDX,1048911,20150531,True,unknown,missing_period_unit_scope_or_source
0001047469-15-006136,AIR,1750,20150531,True,unknown,missing_period_unit_scope_or_source
0001437749-15-013692,FIZZ,69891,20150430,True,unknown,missing_period_unit_scope_or_source
0001157523-15-002386,CULP,723603,20150430,False,unknown,missing_or_conflicting_required_fact
0001628280-15-005333,CAG,23217,20150531,True,unknown,missing_period_unit_scope_or_source
0001193125-15-256731,KEQU,55529,20150430,False,unknown,missing_or_conflicting_required_fact
0000723531-15-000011,PAYX,723531,20150531,False,unknown,missing_or_conflicting_required_fact
0000320187-15-000113,NKE,320187,20150531,True,unknown,missing_period_unit_scope_or_source
0000940944-15-000039,DRI,940944,20150531,False,unknown,missing_or_conflicting_required_fact
0001193125-15-263948,RGP,1084765,20150531,False,unknown,missing_or_conflicting_required_fact
0001193125-15-264092,RPM,110621,20150531,False,unknown,missing_or_conflicting_required_fact
0001628280-15-005470,RELL,355948,20150531,True,unknown,missing_period_unit_scope_or_source
0001144204-15-044834,CSBR,771856,20150430,False,unknown,missing_or_conflicting_required_fact
0001185185-15-001955,FEIM,39020,20150430,True,unknown,missing_period_unit_scope_or_source
0001002638-15-000026,OTEX,1002638,20150630,True,unknown,missing_period_unit_scope_or_source
0000866729-15-000013,SCHL,866729,20150531,True,unknown,missing_period_unit_scope_or_source
0001144204-15-044862,AXR,6207,20150430,True,unknown,missing_period_unit_scope_or_source
0001123360-15-000026,GPN,1123360,20150531,True,unknown,missing_period_unit_scope_or_source
0000723254-15-000017,CTAS,723254,20150531,False,unknown,missing_or_conflicting_required_fact
0001193125-15-271129,NEOG,711377,20150531,False,unknown,missing_or_conflicting_required_fact
0001193125-15-271107,WOR,108516,20150531,False,unknown,missing_or_conflicting_required_fact
0001002638-15-000028,OTEX,1002638,20150630,True,unknown,missing_period_unit_scope_or_source
0001193125-15-272806,MSFT,789019,20150630,False,unknown,missing_or_conflicting_required_fact
0000015615-15-000053,MTZ,15615,20141231,False,unknown,missing_or_conflicting_required_fact
0001130464-15-000140,BKH,1130464,20141231,False,unknown,missing_or_conflicting_required_fact
0001193125-15-281887,RMD,943819,20150630,False,unknown,missing_or_conflicting_required_fact
0001383312-15-000051,BR,1383312,20150630,False,unknown,missing_or_conflicting_required_fact
0000008670-15-000021,ADP,8670,20150630,True,unknown,missing_period_unit_scope_or_source
0000080424-15-000070,PG,80424,20150630,True,unknown,missing_period_unit_scope_or_source
0001558370-15-001540,AVT,8858,20150630,False,unknown,missing_or_conflicting_required_fact
0000319201-15-000053,KLAC,319201,20150630,True,unknown,missing_period_unit_scope_or_source
0000063296-15-000058,MATW,63296,20140930,False,unknown,missing_or_conflicting_required_fact
0001275187-15-000018,ANGO,1275187,20150531,True,unknown,missing_period_unit_scope_or_source
0001144204-15-048115,MCS,62234,20150531,True,unknown,missing_period_unit_scope_or_source
0001437749-15-015540,ETD,896156,20150630,True,unknown,missing_period_unit_scope_or_source
0001047469-15-006787,STX,1137789,20150630,True,unknown,missing_period_unit_scope_or_source
0001436126-15-000018,MG,1436126,20150531,False,unknown,missing_or_conflicting_required_fact
0001193125-15-288946,NWS,1564708,20150630,False,unknown,missing_or_conflicting_required_fact
0000721371-15-000107,CAH,721371,20150630,True,unknown,missing_period_unit_scope_or_source
0001049521-15-000038,MRCY,1049521,20150630,True,unknown,missing_period_unit_scope_or_source
0000055242-15-000024,KMT,55242,20150630,True,unknown,missing_period_unit_scope_or_source
0001193125-15-290023,LRCX,707549,20150630,False,unknown,missing_or_conflicting_required_fact
0001585364-15-000100,PRGO,1585364,20150630,True,unknown,missing_period_unit_scope_or_source
0001072613-15-000376,LWAY,814586,20141231,False,unknown,missing_or_conflicting_required_fact
0001262976-15-000008,CMPR,1262976,20150630,True,unknown,missing_period_unit_scope_or_source
0001104659-15-060024,PCTY,1591698,20150630,False,unknown,missing_or_conflicting_required_fact
0001116132-15-000010,TPR,1116132,20150630,True,unknown,missing_period_unit_scope_or_source
0001024305-15-000058,COTY,1024305,20150630,True,unknown,missing_period_unit_scope_or_source
0001193125-15-295982,QNST,1117297,20150630,False,unknown,missing_or_conflicting_required_fact
0001193125-15-296113,FN,1408710,20150630,False,unknown,missing_or_conflicting_required_fact
0001104659-15-061122,EL,1001250,20150630,False,unknown,missing_or_conflicting_required_fact
0001178913-15-002692,SEDG,1419612,20150630,False,unknown,missing_or_conflicting_required_fact
0001193125-15-298303,JBSS,880117,20150630,False,unknown,missing_or_conflicting_required_fact
0001564590-15-007527,CACI,16058,20150630,False,unknown,missing_or_conflicting_required_fact
0001511737-15-000022,UI,1511737,20150630,True,unknown,missing_period_unit_scope_or_source
0001019687-15-003231,LTRX,1114925,20150630,False,unknown,missing_or_conflicting_required_fact
0001206774-15-002800,CLX,21076,20150630,True,unknown,missing_period_unit_scope_or_source
0000106040-15-000010,WDC,106040,20150630,True,unknown,missing_period_unit_scope_or_source
0000703351-15-000046,EAT,703351,20150630,True,unknown,missing_period_unit_scope_or_source
0000096021-15-000057,SYY,96021,20150630,False,unknown,missing_or_conflicting_required_fact
0000017843-15-000026,CRS,17843,20150630,False,unknown,missing_or_conflicting_required_fact
0001104659-15-061694,VIAV,912093,20150630,False,unknown,missing_or_conflicting_required_fact
0001564590-15-007555,SYNA,817720,20150630,False,unknown,missing_or_conflicting_required_fact
0001144204-15-051819,UUU,102109,20150331,True,unknown,missing_period_unit_scope_or_source
0000091767-15-000055,SON,91767,20141231,False,unknown,missing_or_conflicting_required_fact
0000076334-15-000079,PH,76334,20150630,True,unknown,missing_period_unit_scope_or_source
0001193125-15-303378,SKY,90896,20150531,True,unknown,missing_period_unit_scope_or_source
0000109563-15-000129,AIT,109563,20150630,True,unknown,missing_period_unit_scope_or_source
0000096536-15-000022,TAYD,96536,20150531,True,unknown,missing_period_unit_scope_or_source
0001144204-15-052225,CVSA,730464,20150630,True,unknown,missing_period_unit_scope_or_source
0001387467-15-000074,AOSL,1387467,20150630,True,unknown,missing_period_unit_scope_or_source
0001606757-15-000025,KE,1606757,20150630,True,unknown,missing_period_unit_scope_or_source
0000897101-15-001165,FLXS,37472,20150630,True,unknown,missing_period_unit_scope_or_source
0000057515-15-000021,MZTI,57515,20150630,True,unknown,missing_period_unit_scope_or_source
0001564590-15-007628,COHR,820318,20150630,True,unknown,missing_period_unit_scope_or_source
0001437749-15-016645,TECH,842023,20150630,False,unknown,missing_or_conflicting_required_fact
0001193125-15-308363,LHX,202058,20150630,True,unknown,missing_period_unit_scope_or_source
0000849146-15-000098,LFVN,849146,20150630,True,unknown,missing_period_unit_scope_or_source
0000896878-15-000116,INTU,896878,20150731,True,unknown,missing_period_unit_scope_or_source
0001437749-15-016818,UFI,100726,20150630,True,unknown,missing_period_unit_scope_or_source
0000950123-15-009734,STRT,933034,20150630,False,unknown,missing_or_conflicting_required_fact
0000067215-15-000035,DY,67215,20150731,True,unknown,missing_period_unit_scope_or_source
0001144204-15-054026,RSSS,1386301,20150630,True,unknown,missing_period_unit_scope_or_source
0001437749-15-016955,LYTS,763532,20150630,True,unknown,missing_period_unit_scope_or_source
0000858877-15-000070,CSCO,858877,20150731,False,unknown,missing_or_conflicting_required_fact
0001590976-15-000075,MBUU,1590976,20150630,True,unknown,missing_period_unit_scope_or_source
0001628280-15-007025,SMCI,1375365,20150630,True,unknown,missing_period_unit_scope_or_source
0001006655-15-000038,EPM,1006655,20150630,False,unknown,missing_or_conflicting_required_fact
0001437749-15-017184,FLWS,1084869,20150630,False,unknown,missing_or_conflicting_required_fact
0000779152-15-000056,JKHY,779152,20150630,True,unknown,missing_period_unit_scope_or_source
0000866273-15-000080,MTRX,866273,20150630,True,unknown,missing_period_unit_scope_or_source
0001558370-15-001771,EGAN,1066194,20150630,False,unknown,missing_or_conflicting_required_fact
0000100378-15-000065,TWIN,100378,20150630,False,unknown,missing_or_conflicting_required_fact
0001078271-15-000120,EXTR,1078271,20150630,True,unknown,missing_period_unit_scope_or_source
0001415889-15-003051,TRAK,50471,20150630,True,unknown,missing_period_unit_scope_or_source
0001493152-15-004366,NTWK,1039280,20150630,True,unknown,missing_period_unit_scope_or_source
0001213900-15-007027,OPRX,1448431,20141231,False,unknown,missing_or_conflicting_required_fact
0001528396-15-000019,GWRE,1528396,20150731,False,unknown,missing_or_conflicting_required_fact
0001534424-15-000286,PDEX,788920,20150630,False,unknown,missing_or_conflicting_required_fact
0001327567-15-000027,PANW,1327567,20150731,True,unknown,missing_period_unit_scope_or_source
0001564590-15-008025,PZG,1629210,20150630,False,unknown,missing_or_conflicting_required_fact
0001647488-15-000110,SENS,1616543,20150630,True,unknown,missing_period_unit_scope_or_source
0001357615-15-000202,KBR,1357615,20141231,False,unknown,missing_or_conflicting_required_fact
0001193125-15-324427,THO,730263,20150731,True,unknown,missing_period_unit_scope_or_source
0000746598-15-000132,BRC,746598,20150731,True,unknown,missing_period_unit_scope_or_source
0001387131-15-002762,LPTH,889971,20150630,True,unknown,missing_period_unit_scope_or_source
0001174947-15-001454,EVI,65312,20150630,True,unknown,missing_period_unit_scope_or_source
0001174947-15-001463,ESP,33533,20150630,True,unknown,missing_period_unit_scope_or_source
0001628280-15-007281,LITE,1633978,20150630,False,unknown,missing_or_conflicting_required_fact
0001628280-15-007286,CPRT,900075,20150731,False,unknown,missing_or_conflicting_required_fact
0000016732-15-000034,CPB,16732,20150731,True,unknown,missing_period_unit_scope_or_source
0000812011-15-000051,MTN,812011,20150731,True,unknown,missing_period_unit_scope_or_source
0001564590-15-008207,RLGT,1171155,20150630,False,unknown,missing_or_conflicting_required_fact
0001628280-15-007381,LITE,1633978,20150630,False,unknown,missing_or_conflicting_required_fact
0001144204-15-057288,FLUX,1083743,20150630,False,unknown,missing_or_conflicting_required_fact
0001415889-15-003211,TRT,732026,20150630,True,unknown,missing_period_unit_scope_or_source
0001020859-15-000165,UNFI,1020859,20150731,False,unknown,missing_or_conflicting_required_fact
0001377789-15-000072,AVNW,1377789,20150630,True,unknown,missing_period_unit_scope_or_source
0000103595-15-000018,VLGEA,103595,20150731,True,unknown,missing_period_unit_scope_or_source
0000074046-15-000043,ODC,74046,20150731,True,unknown,missing_period_unit_scope_or_source
0001415889-15-003345,TRAK,50471,20150630,True,unknown,missing_period_unit_scope_or_source
0001502377-15-000016,CTGO,1502377,20150630,True,unknown,missing_period_unit_scope_or_source
0001019687-15-003701,POCI,867840,20150630,False,unknown,missing_or_conflicting_required_fact
0000909832-15-000014,COST,909832,20150831,False,unknown,missing_or_conflicting_required_fact
0001062993-15-005394,UEC,1334933,20150731,True,unknown,missing_period_unit_scope_or_source
0001193125-15-345706,JBL,898293,20150831,True,unknown,missing_period_unit_scope_or_source
0001062993-15-005524,BYRN,1354866,20141130,False,unknown,missing_or_conflicting_required_fact
0000105132-15-000037,WDFC,105132,20150831,False,unknown,missing_or_conflicting_required_fact
0001193125-15-353476,AZO,866787,20150831,False,unknown,missing_or_conflicting_required_fact
0000107687-15-000045,WGO,107687,20150831,True,unknown,missing_period_unit_scope_or_source
0000723125-15-000112,MU,723125,20150831,False,unknown,missing_or_conflicting_required_fact
0001144215-15-000120,AYI,1144215,20150831,True,unknown,missing_period_unit_scope_or_source
0000006955-15-000046,EPAC,6955,20150831,True,unknown,missing_period_unit_scope_or_source
0001003078-15-000093,MSM,1003078,20150831,False,unknown,missing_or_conflicting_required_fact
0001437749-15-019003,UNF,717954,20150831,False,unknown,missing_or_conflicting_required_fact
0001193125-15-356351,AAPL,320193,20150930,False,unknown,missing_or_conflicting_required_fact
0001041803-15-000046,PSMT,1041803,20150831,True,unknown,missing_period_unit_scope_or_source
0001437749-15-019173,IIIN,764401,20150930,True,unknown,missing_period_unit_scope_or_source
0001467373-15-000457,ACN,1467373,20150831,True,unknown,missing_period_unit_scope_or_source
0000022444-15-000023,CMC,22444,20150831,True,unknown,missing_period_unit_scope_or_source
0001437749-15-019227,FDS,1013237,20150831,True,unknown,missing_period_unit_scope_or_source
0001234452-15-000271,QCOM,804328,20150930,True,unknown,missing_period_unit_scope_or_source
0000899751-15-000076,TWI,899751,20141231,False,unknown,missing_or_conflicting_required_fact
0001048695-15-000020,FFIV,1048695,20150930,True,unknown,missing_period_unit_scope_or_source
0000731802-15-000030,ATO,731802,20150930,True,unknown,missing_period_unit_scope_or_source
0001047469-15-008418,DIT,928465,20150930,False,unknown,missing_or_conflicting_required_fact
0001217160-15-000338,JCTC,885307,20150831,True,unknown,missing_period_unit_scope_or_source
0001199073-15-000130,PCYO,276720,20150831,True,unknown,missing_period_unit_scope_or_source
0000876523-15-000097,EZPW,876523,20140930,False,unknown,missing_or_conflicting_required_fact
0000897101-15-001507,DCI,29644,20150731,False,unknown,missing_or_conflicting_required_fact
0000814547-15-000019,FICO,814547,20150930,False,unknown,missing_or_conflicting_required_fact
0001047469-15-008508,TEL,1385157,20150930,False,unknown,missing_or_conflicting_required_fact
0000915840-15-000030,BZH,915840,20150930,True,unknown,missing_period_unit_scope_or_source
0000108312-15-000018,WWD,108312,20150930,False,unknown,missing_or_conflicting_required_fact
0000829224-15-000038,SBUX,829224,20150930,True,unknown,missing_period_unit_scope_or_source
0000050725-15-000080,GFF,50725,20150930,False,unknown,missing_or_conflicting_required_fact
0000886206-15-000031,FC,886206,20150831,False,unknown,missing_or_conflicting_required_fact
0000833444-15-000091,JCI,833444,20150930,False,unknown,missing_or_conflicting_required_fact
0001260221-15-000013,TDG,1260221,20150930,False,unknown,missing_or_conflicting_required_fact
0001594062-15-000323,MRDN,1437925,20150731,True,unknown,missing_period_unit_scope_or_source
0000775158-15-000172,OSK,775158,20150930,False,unknown,missing_or_conflicting_required_fact
0001171843-15-006334,NTIC,875582,20150831,False,unknown,missing_or_conflicting_required_fact
0001047469-15-008688,MMS,1032220,20150930,True,unknown,missing_period_unit_scope_or_source
0001628280-15-008827,SMCI,1375365,20150630,True,unknown,missing_period_unit_scope_or_source
0001024478-15-000028,ROK,1024478,20150930,False,unknown,missing_or_conflicting_required_fact
0000056978-15-000125,KLIC,56978,20150930,True,unknown,missing_period_unit_scope_or_source
0000032604-15-000051,EMR,32604,20150930,True,unknown,missing_period_unit_scope_or_source
0000882184-15-000085,DHI,882184,20150930,False,unknown,missing_or_conflicting_required_fact
0001564590-15-010914,GEOS,1001115,20150930,False,unknown,missing_or_conflicting_required_fact
0000807882-15-000024,JACK,807882,20150930,True,unknown,missing_period_unit_scope_or_source
0000897723-15-000026,SANM,897723,20150930,False,unknown,missing_or_conflicting_required_fact
0000720500-15-000045,ASYS,720500,20150930,True,unknown,missing_period_unit_scope_or_source
0001403161-15-000013,V,1403161,20150930,True,unknown,missing_period_unit_scope_or_source
0001019687-15-004260,SLP,1023459,20150831,False,unknown,missing_or_conflicting_required_fact
0000785786-15-000044,PLXS,785786,20150930,True,unknown,missing_period_unit_scope_or_source
0001376986-15-000047,TVC,1376986,20150930,True,unknown,missing_period_unit_scope_or_source
0000109177-15-000060,SPB,109177,20150930,True,unknown,missing_period_unit_scope_or_source
0000070145-15-000066,NFG,70145,20150930,False,unknown,missing_or_conflicting_required_fact
0001047469-15-008864,TTEK,831641,20150930,False,unknown,missing_or_conflicting_required_fact
0000100493-15-000109,TSN,100493,20150930,True,unknown,missing_period_unit_scope_or_source
0000823277-15-000024,CHSCL,823277,20150831,True,unknown,missing_period_unit_scope_or_source
0001062993-15-006400,LTBR,1084554,20141231,False,unknown,missing_or_conflicting_required_fact
0000857005-15-000042,PTC,857005,20150930,True,unknown,missing_period_unit_scope_or_source
0000052988-15-000155,J,52988,20150930,True,unknown,missing_period_unit_scope_or_source
0000006281-15-000044,ADI,6281,20151031,True,unknown,missing_period_unit_scope_or_source
0001193125-15-386399,APD,2969,20150930,False,unknown,missing_or_conflicting_required_fact
0000356309-15-000097,NJR,356309,20150930,False,unknown,missing_or_conflicting_required_fact
0001047469-15-008939,COR,1140859,20150930,True,unknown,missing_period_unit_scope_or_source
0000004127-15-000037,SWKS,4127,20150930,False,unknown,missing_or_conflicting_required_fact
0001546380-15-000033,SMG,825542,20150930,True,unknown,missing_period_unit_scope_or_source
0000063296-15-000097,MATW,63296,20150930,False,unknown,missing_or_conflicting_required_fact
0001193125-15-387199,MTSI,1493594,20150930,True,unknown,missing_period_unit_scope_or_source
0001564590-15-011120,SPH,1005210,20150930,False,unknown,missing_or_conflicting_required_fact
0001628280-15-008984,BDX,10795,20150930,False,unknown,missing_or_conflicting_required_fact
0001171843-15-006549,CLFD,796505,20150930,True,unknown,missing_period_unit_scope_or_source
0001047469-15-008958,HP,46765,20150930,True,unknown,missing_period_unit_scope_or_source
0001564590-15-011128,CBT,16040,20150930,True,unknown,missing_period_unit_scope_or_source
0001047469-15-008965,ACM,868857,20150930,False,unknown,missing_or_conflicting_required_fact
0001062993-15-006451,LEXX,1348362,20150831,True,unknown,missing_period_unit_scope_or_source
0000884614-15-000034,UGI,884614,20150930,True,unknown,missing_period_unit_scope_or_source
0000854775-15-000019,DGII,854775,20150930,True,unknown,missing_period_unit_scope_or_source
0001144204-15-068633,ESE,866706,20150930,True,unknown,missing_period_unit_scope_or_source
0001584509-15-000215,ARMK,1584509,20150930,True,unknown,missing_period_unit_scope_or_source
0001564590-15-011208,POWL,80420,20150930,False,unknown,missing_or_conflicting_required_fact
0001437749-15-021734,GNSS,924383,20150930,False,unknown,missing_or_conflicting_required_fact
0001564590-15-011292,MITK,807863,20150930,False,unknown,missing_or_conflicting_required_fact
0001042167-15-000175,JOUT,788329,20150930,False,unknown,missing_or_conflicting_required_fact
0001193125-15-398371,GENC,64472,20150930,False,unknown,missing_or_conflicting_required_fact
0001193125-15-398913,SGU,1002590,20150930,False,unknown,missing_or_conflicting_required_fact
0000006951-15-000034,AMAT,6951,20151031,True,unknown,missing_period_unit_scope_or_source
0001564590-15-011396,WMG,1319161,20150930,False,unknown,missing_or_conflicting_required_fact
0001193125-15-399914,CENT,887733,20150930,False,unknown,missing_or_conflicting_required_fact
0001193125-15-399923,RGCO,1069533,20150930,True,unknown,missing_period_unit_scope_or_source
0001437749-15-021984,NGVC,1547459,20150930,False,unknown,missing_or_conflicting_required_fact
0000003545-15-000102,ALCO,3545,20150930,False,unknown,missing_or_conflicting_required_fact
0001193125-15-400802,IESC,1048268,20150930,True,unknown,missing_period_unit_scope_or_source
0001042167-15-000182,JOUT,788329,20150930,False,unknown,missing_or_conflicting_required_fact
0000058361-15-000028,LEE,58361,20150930,False,unknown,missing_or_conflicting_required_fact
0001437749-15-022202,DJCO,783412,20150930,False,unknown,missing_or_conflicting_required_fact
0001144204-15-070732,RICK,935419,20150930,False,unknown,missing_or_conflicting_required_fact
0000883241-15-000014,SNPS,883241,20151031,False,unknown,missing_or_conflicting_required_fact
0001571049-15-009981,OPXS,1397016,20150930,False,unknown,missing_or_conflicting_required_fact
0001564590-15-011507,NDSN,72331,20151031,False,unknown,missing_or_conflicting_required_fact
0001423221-15-000013,NX,1423221,20151031,False,unknown,missing_or_conflicting_required_fact
0001477932-15-007645,ABAT,1576873,20150930,True,unknown,missing_period_unit_scope_or_source
0001104659-15-085151,HRL,48465,20151031,False,unknown,missing_or_conflicting_required_fact
0000785557-15-000042,DLHC,785557,20150930,False,unknown,missing_or_conflicting_required_fact
0001047469-15-009251,HPQ,47217,20151031,False,unknown,missing_or_conflicting_required_fact
0001571049-15-010029,ESOA,1357971,20150930,True,unknown,missing_period_unit_scope_or_source
0000046619-15-000078,HEI,46619,20151031,False,unknown,missing_or_conflicting_required_fact
0001628280-15-009602,ABM,771497,20151031,True,unknown,missing_period_unit_scope_or_source
0001047469-15-009279,HPE,1645590,20151031,False,unknown,missing_or_conflicting_required_fact
0001047469-15-009300,DE,315189,20151031,False,unknown,missing_or_conflicting_required_fact
0001437749-15-022517,HOV,357294,20151031,False,unknown,missing_or_conflicting_required_fact
0000711404-15-000021,COO,711404,20151031,True,unknown,missing_period_unit_scope_or_source
0001019687-15-004578,AAOI,1158114,20141231,False,unknown,missing_or_conflicting_required_fact
0001090872-15-000051,A,1090872,20151031,False,unknown,missing_or_conflicting_required_fact
0000936395-15-000062,CIEN,936395,20151031,True,unknown,missing_period_unit_scope_or_source
0000794170-15-000059,TOL,794170,20151031,False,unknown,missing_or_conflicting_required_fact
0001193125-15-408980,GEF,43920,20151031,False,unknown,missing_or_conflicting_required_fact
0001601046-15-000044,KEYS,1601046,20151031,False,unknown,missing_or_conflicting_required_fact
0001047469-15-009397,TTC,737758,20151031,False,unknown,missing_or_conflicting_required_fact
0000876523-15-000120,EZPW,876523,20150930,True,unknown,missing_period_unit_scope_or_source
0001174947-15-001863,BDL,12040,20150930,False,unknown,missing_or_conflicting_required_fact
0001628280-15-009925,CSPI,356037,20150930,True,unknown,missing_period_unit_scope_or_source
0001615774-15-003756,AVXL,1314052,20150930,False,unknown,missing_or_conflicting_required_fact
0001144204-16-074937,HURC,315374,20151031,True,unknown,missing_period_unit_scope_or_source
0001144204-16-075110,LMNR,1342423,20151031,True,unknown,missing_period_unit_scope_or_source
0001104659-16-089879,IA,836690,20150930,False,unknown,missing_or_conflicting_required_fact
0001437749-16-023725,BRID,14177,20151031,True,unknown,missing_period_unit_scope_or_source
0000796343-16-000224,ADBE,796343,20151130,True,unknown,missing_period_unit_scope_or_source
0001437749-16-023899,BSET,10329,20151130,True,unknown,missing_period_unit_scope_or_source
0001628280-16-010323,LEN,920760,20151130,True,unknown,missing_period_unit_scope_or_source
0000795266-16-000089,KBH,795266,20151130,True,unknown,missing_period_unit_scope_or_source
0001564590-16-012009,SLB,87347,20151231,False,unknown,missing_or_conflicting_required_fact
0001067701-16-000039,URI,1067701,20151231,True,unknown,missing_period_unit_scope_or_source
0001437749-16-024185,FUL,39368,20151130,False,unknown,missing_or_conflicting_required_fact
0001193125-16-440721,UTL,755001,20151231,False,unknown,missing_or_conflicting_required_fact
0001144204-16-077407,RFIL,740664,20151031,True,unknown,missing_period_unit_scope_or_source
0001437749-16-024214,OCC,1000230,20151031,True,unknown,missing_period_unit_scope_or_source
0001065280-16-000047,NFLX,1065280,20151231,True,unknown,missing_period_unit_scope_or_source
0001326801-16-000043,META,1326801,20151231,True,unknown,missing_period_unit_scope_or_source
0000063754-16-000063,MKC,63754,20151130,True,unknown,missing_period_unit_scope_or_source
0001018724-16-000172,AMZN,1018724,20151231,True,unknown,missing_period_unit_scope_or_source
0000815097-16-000030,CCL,815097,20151130,True,unknown,missing_period_unit_scope_or_source
0001047469-16-009947,DE,315189,20151031,False,unknown,missing_or_conflicting_required_fact
0001133421-16-000065,NOC,1133421,20151231,True,unknown,missing_period_unit_scope_or_source
0001065088-16-000265,EBAY,1065088,20151231,True,unknown,missing_period_unit_scope_or_source
0001477294-16-000154,ST,1477294,20151231,True,unknown,missing_period_unit_scope_or_source
0001564590-16-012174,SIRI,908937,20151231,False,unknown,missing_or_conflicting_required_fact
0001035267-16-000130,ISRG,1035267,20151231,True,unknown,missing_period_unit_scope_or_source
0000092380-16-000175,LUV,92380,20151231,True,unknown,missing_period_unit_scope_or_source
0001467858-16-000255,GM,1467858,20151231,False,unknown,missing_or_conflicting_required_fact
0000875045-16-000042,BIIB,875045,20151231,True,unknown,missing_period_unit_scope_or_source
0001564590-16-012334,HXL,717605,20151231,False,unknown,missing_or_conflicting_required_fact
0001037646-16-000043,MTD,1037646,20151231,True,unknown,missing_period_unit_scope_or_source
0001058090-16-000058,CMG,1058090,20151231,False,unknown,missing_or_conflicting_required_fact
0000815556-16-000087,FAST,815556,20151231,True,unknown,missing_period_unit_scope_or_source
0000045012-16-000272,HAL,45012,20151231,True,unknown,missing_period_unit_scope_or_source
0000100885-16-000260,UNP,100885,20151231,False,unknown,missing_or_conflicting_required_fact
0001650030-16-000009,ARW,7536,20151231,True,unknown,missing_period_unit_scope_or_source
0001047469-16-010039,SLAB,1038074,20151231,False,unknown,missing_or_conflicting_required_fact
0001306830-16-000212,CE,1306830,20151231,True,unknown,missing_period_unit_scope_or_source
0000027904-16-000018,DAL,27904,20151231,True,unknown,missing_period_unit_scope_or_source
0001193125-16-452423,CCZ,1166691,20151231,True,unknown,missing_period_unit_scope_or_source
0001564590-16-012414,MANH,1056696,20151231,False,unknown,missing_or_conflicting_required_fact
0000040533-16-000056,GD,40533,20151231,True,unknown,missing_period_unit_scope_or_source
0001047469-16-010052,CSL,790051,20151231,True,unknown,missing_period_unit_scope_or_source
0001144204-16-079581,DRIO,1533998,20151231,False,unknown,missing_or_conflicting_required_fact
0000702165-16-000162,NSC,702165,20151231,False,unknown,missing_or_conflicting_required_fact
0000822416-16-000048,PHM,822416,20151231,True,unknown,missing_period_unit_scope_or_source
0000842162-16-000019,LEA,842162,20151231,True,unknown,missing_period_unit_scope_or_source
0000078749-16-000068,AGYS,78749,20150331,True,unknown,missing_period_unit_scope_or_source
0000064803-16-000074,CVS,64803,20151231,False,unknown,missing_or_conflicting_required_fact
0000029989-16-000015,OMC,29989,20151231,True,unknown,missing_period_unit_scope_or_source
0001091667-16-000396,CHTR,1091667,20151231,False,unknown,missing_or_conflicting_required_fact
0001393883-16-000052,DHX,1393883,20151231,True,unknown,missing_period_unit_scope_or_source
0001370946-16-000272,OC,1370946,20151231,True,unknown,missing_period_unit_scope_or_source
0000012927-16-000099,BA,12927,20151231,True,unknown,missing_period_unit_scope_or_source
0000277948-16-000046,CSX,277948,20151231,True,unknown,missing_period_unit_scope_or_source
0001000228-16-000042,HSIC,1000228,20151231,False,unknown,missing_or_conflicting_required_fact
0000936340-16-000243,DTB,936340,20151231,True,unknown,missing_period_unit_scope_or_source
0001125376-16-000142,ENSG,1125376,20151231,True,unknown,missing_period_unit_scope_or_source
0000851205-16-000027,CGNX,851205,20151231,True,unknown,missing_period_unit_scope_or_source
0001193125-16-457652,EXC,1109357,20151231,False,unknown,missing_or_conflicting_required_fact
0001564590-16-012604,PTEN,889900,20151231,False,unknown,missing_or_conflicting_required_fact
0000215466-16-000166,CDE,215466,20151231,True,unknown,missing_period_unit_scope_or_source
0000350698-16-000276,AN,350698,20151231,True,unknown,missing_period_unit_scope_or_source
0001193125-16-457822,EXPE,1324424,20151231,False,unknown,missing_or_conflicting_required_fact
0000833640-16-000276,POWI,833640,20151231,True,unknown,missing_period_unit_scope_or_source
0000037996-16-000092,F,37996,20151231,False,unknown,missing_or_conflicting_required_fact
0001104659-16-095725,CMS,811156,20151231,False,unknown,missing_or_conflicting_required_fact
0001564590-16-012629,IQV,1478242,20151231,False,unknown,missing_or_conflicting_required_fact
0000055785-16-000138,KMB,55785,20151231,False,unknown,missing_or_conflicting_required_fact
0000908255-16-000077,BWA,908255,20151231,True,unknown,missing_period_unit_scope_or_source
0000094845-16-000047,LEVI,94845,20151130,True,unknown,missing_period_unit_scope_or_source
0000024545-16-000054,TAP,24545,20151231,True,unknown,missing_period_unit_scope_or_source
0001193125-16-459862,NBIX,914475,20151231,False,unknown,missing_or_conflicting_required_fact
0001193125-16-459842,MD,893949,20151231,False,unknown,missing_or_conflicting_required_fact
0001652044-16-000012,GOOG,1652044,20151231,True,unknown,missing_period_unit_scope_or_source
0000077476-16-000066,PEP,77476,20151231,True,unknown,missing_period_unit_scope_or_source
0001633917-16-000113,PYPL,1633917,20151231,True,unknown,missing_period_unit_scope_or_source
0001532176-16-000045,REGN,872589,20151231,True,unknown,missing_period_unit_scope_or_source
0001193125-16-459788,SNA,91440,20151231,False,unknown,missing_or_conflicting_required_fact
0000310764-16-000226,SYK,310764,20151231,True,unknown,missing_period_unit_scope_or_source
0001558370-16-003160,USAC,1522727,20151231,False,unknown,missing_or_conflicting_required_fact
0000766421-16-000065,ALK,766421,20151231,True,unknown,missing_period_unit_scope_or_source
0001558370-16-003162,MMM,66740,20151231,False,unknown,missing_or_conflicting_required_fact
0001490281-16-000087,GRPN,1490281,20151231,True,unknown,missing_period_unit_scope_or_source
0000049826-16-000151,ITW,49826,20151231,False,unknown,missing_or_conflicting_required_fact
0000064040-16-000042,SPGI,64040,20151231,True,unknown,missing_period_unit_scope_or_source
0000784977-16-000067,POR,784977,20151231,True,unknown,missing_period_unit_scope_or_source
0001060391-16-000060,RSG,1060391,20151231,True,unknown,missing_period_unit_scope_or_source
0000029905-16-000064,DOV,29905,20151231,False,unknown,missing_or_conflicting_required_fact
0001206264-16-000106,SGI,1206264,20151231,True,unknown,missing_period_unit_scope_or_source
0001193125-16-461076,VNDA,1347178,20151231,False,unknown,missing_or_conflicting_required_fact
0000014272-16-000288,BMY,14272,20151231,True,unknown,missing_period_unit_scope_or_source
0000050863-16-000105,INTC,50863,20151231,False,unknown,missing_or_conflicting_required_fact
0001193125-16-461241,Z,1617640,20151231,False,unknown,missing_or_conflicting_required_fact
0001141391-16-000085,MA,1141391,20151231,False,unknown,missing_or_conflicting_required_fact
0001628280-16-011068,PPC,802481,20151231,True,unknown,missing_period_unit_scope_or_source
0001282637-16-000028,NEU,1282637,20151231,True,unknown,missing_period_unit_scope_or_source
0001408075-16-000053,GPK,1408075,20151231,True,unknown,missing_period_unit_scope_or_source
0001466258-16-000319,TT,1466258,20151231,True,unknown,missing_period_unit_scope_or_source
0001000753-16-000075,NSP,1000753,20151231,True,unknown,missing_period_unit_scope_or_source
0001122976-16-000032,AVNT,1122976,20151231,True,unknown,missing_period_unit_scope_or_source
0000818479-16-000056,XRAY,818479,20151231,True,unknown,missing_period_unit_scope_or_source
0000024741-16-000077,GLW,24741,20151231,False,unknown,missing_or_conflicting_required_fact
0000085961-16-000079,R,85961,20151231,False,unknown,missing_or_conflicting_required_fact
0001047469-16-010135,MAS,62996,20151231,True,unknown,missing_period_unit_scope_or_source
0001100682-16-000006,CRL,1100682,20151231,False,unknown,missing_or_conflicting_required_fact
0001558370-16-003196,INCY,879169,20151231,False,unknown,missing_or_conflicting_required_fact
0000026172-16-000033,CMI,26172,20151231,False,unknown,missing_or_conflicting_required_fact
0001332349-16-000072,BKD,1332349,20151231,True,unknown,missing_period_unit_scope_or_source
0000318154-16-000031,AMGN,318154,20151231,True,unknown,missing_period_unit_scope_or_source
0001506307-16-000072,KMI,1506307,20151231,True,unknown,missing_period_unit_scope_or_source
0000018230-16-000410,CAT,18230,20151231,False,unknown,missing_or_conflicting_required_fact
0001069202-16-000014,LII,1069202,20151231,True,unknown,missing_period_unit_scope_or_source
0001387131-16-004244,WFCF,1360565,20151231,False,unknown,missing_or_conflicting_required_fact
0000042888-16-000010,GGG,42888,20151231,False,unknown,missing_or_conflicting_required_fact
0001193125-16-465258,PCAR,75362,20151231,False,unknown,missing_or_conflicting_required_fact
0001193125-16-465311,LYB,1489393,20151231,True,unknown,missing_period_unit_scope_or_source
0000875320-16-000067,VRTX,875320,20151231,True,unknown,missing_period_unit_scope_or_source
0001420800-16-000047,ENOV,1420800,20151231,True,unknown,missing_period_unit_scope_or_source
0001041061-16-000056,YUM,1041061,20151231,True,unknown,missing_period_unit_scope_or_source
0001104659-16-097390,BALL,9389,20151231,False,unknown,missing_or_conflicting_required_fact
0000106640-16-000068,WHR,106640,20151231,True,unknown,missing_period_unit_scope_or_source
0001031296-16-000071,FE,1031296,20151231,False,unknown,missing_or_conflicting_required_fact
0001603923-16-000144,WFRD,1603923,20151231,True,unknown,missing_period_unit_scope_or_source
0001558370-16-003246,WKC,789460,20151231,False,unknown,missing_or_conflicting_required_fact
0000874716-16-000020,IDXX,874716,20151231,False,unknown,missing_or_conflicting_required_fact
0001283699-16-000073,TMUS,1283699,20151231,True,unknown,missing_period_unit_scope_or_source
0001075531-16-000084,BKNG,1075531,20151231,False,unknown,missing_or_conflicting_required_fact
0000103730-16-000061,VSH,103730,20151231,False,unknown,missing_or_conflicting_required_fact
0001413329-16-000076,PM,1413329,20151231,True,unknown,missing_period_unit_scope_or_source
0001193125-16-466575,IOSP,1054905,20151231,False,unknown,missing_or_conflicting_required_fact
0001193125-16-466687,DVN,1090012,20151231,False,unknown,missing_or_conflicting_required_fact
0000833079-16-000119,MTH,833079,20151231,False,unknown,missing_or_conflicting_required_fact
0001288469-16-000053,MXL,1288469,20151231,True,unknown,missing_period_unit_scope_or_source
0001564590-16-012809,NVR,906163,20151231,False,unknown,missing_or_conflicting_required_fact
0001193125-16-467088,AOS,91142,20151231,True,unknown,missing_period_unit_scope_or_source
0001628280-16-011322,RHI,315213,20151231,True,unknown,missing_period_unit_scope_or_source
0001193125-16-467102,LOPE,1434588,20151231,False,unknown,missing_or_conflicting_required_fact
0001628280-16-011325,BC,14930,20151231,True,unknown,missing_period_unit_scope_or_source
0001558370-16-003258,NEM,1164727,20151231,True,unknown,missing_period_unit_scope_or_source
0001173514-16-000108,HY,1173514,20151231,False,unknown,missing_or_conflicting_required_fact
0001031203-16-000045,GPI,1031203,20151231,True,unknown,missing_period_unit_scope_or_source
0000840489-16-000076,FCFS,840489,20151231,True,unknown,missing_period_unit_scope_or_source
0001615774-16-004243,GRMN,1121788,20151231,False,unknown,missing_or_conflicting_required_fact
0000089089-16-000035,SCI,89089,20151231,True,unknown,missing_period_unit_scope_or_source
0001021561-16-000100,NUS,1021561,20151231,False,unknown,missing_or_conflicting_required_fact
0001057877-16-000209,IDA,1057877,20151231,True,unknown,missing_period_unit_scope_or_source
0001628280-16-011342,HUBB,48898,20151231,True,unknown,missing_period_unit_scope_or_source
0001628280-16-011343,CL,21665,20151231,True,unknown,missing_period_unit_scope_or_source
0001111711-16-000049,NI,1111711,20151231,True,unknown,missing_period_unit_scope_or_source
0001193125-16-467957,WM,823768,20151231,False,unknown,missing_or_conflicting_required_fact
0001628280-16-011346,MAR,1048286,20151231,True,unknown,missing_period_unit_scope_or_source
0001309402-16-000149,GPRE,1309402,20151231,True,unknown,missing_period_unit_scope_or_source
0001501585-16-000038,HII,1501585,20151231,True,unknown,missing_period_unit_scope_or_source
0001437107-16-000059,WBD,1437107,20151231,False,unknown,missing_or_conflicting_required_fact
0000079879-16-000065,PPG,79879,20151231,True,unknown,missing_period_unit_scope_or_source
0000055135-16-000093,KELYA,55135,20151231,True,unknown,missing_period_unit_scope_or_source
0001468174-16-000152,H,1468174,20151231,False,unknown,missing_or_conflicting_required_fact
0000026780-16-000019,DAN,26780,20151231,True,unknown,missing_period_unit_scope_or_source
0000030625-16-000121,FLS,30625,20151231,True,unknown,missing_period_unit_scope_or_source
0001564590-16-012862,TRIP,1526520,20151231,False,unknown,missing_or_conflicting_required_fact
0000002488-16-000111,AMD,2488,20151231,True,unknown,missing_period_unit_scope_or_source
0000732717-16-000147,T,732717,20151231,True,unknown,missing_period_unit_scope_or_source
0001047469-16-010220,FLR,1124198,20151231,False,unknown,missing_or_conflicting_required_fact
0000793952-16-000047,HOG,793952,20151231,False,unknown,missing_or_conflicting_required_fact
0001047862-16-000225,ED,1047862,20151231,False,unknown,missing_or_conflicting_required_fact
0001425292-16-000092,UAN,1425292,20151231,False,unknown,missing_or_conflicting_required_fact
0001628280-16-011369,SXC,1514705,20151231,False,unknown,missing_or_conflicting_required_fact
0001193125-16-468479,UAL,100517,20151231,False,unknown,missing_or_conflicting_required_fact
0001587732-16-000088,OGS,1587732,20151231,True,unknown,missing_period_unit_scope_or_source
0000813672-16-000040,CDNS,813672,20151231,True,unknown,missing_period_unit_scope_or_source
0000003570-16-000284,LNG,3570,20151231,True,unknown,missing_period_unit_scope_or_source
0001383650-16-000087,CQP,1383650,20151231,True,unknown,missing_period_unit_scope_or_source
0001538849-16-000071,CAPL,1538849,20151231,False,unknown,missing_or_conflicting_required_fact
0000764622-16-000087,PNW,764622,20151231,False,unknown,missing_or_conflicting_required_fact
0001193125-16-469168,ALSN,1411207,20151231,False,unknown,missing_or_conflicting_required_fact
0001171759-16-000014,RRGB,1171759,20151231,True,unknown,missing_period_unit_scope_or_source
0001597033-16-000136,SABR,1597033,20151231,False,unknown,missing_or_conflicting_required_fact
0000093556-16-000051,SWK,93556,20151231,True,unknown,missing_period_unit_scope_or_source
0001193125-16-469305,ALV,1034670,20151231,False,unknown,missing_or_conflicting_required_fact
0001140361-16-054076,MTX,891014,20151231,True,unknown,missing_period_unit_scope_or_source
0001193125-16-469394,MDLZ,1103982,20151231,True,unknown,missing_period_unit_scope_or_source
0001564590-16-012917,CHD,313927,20151231,False,unknown,missing_or_conflicting_required_fact
0001047469-16-010239,ABBV,1551152,20151231,False,unknown,missing_or_conflicting_required_fact
0000027996-16-000050,DLX,27996,20151231,False,unknown,missing_or_conflicting_required_fact
0001193125-16-469696,NOV,1021860,20151231,True,unknown,missing_period_unit_scope_or_source
0001628280-16-011420,PII,931015,20151231,True,unknown,missing_period_unit_scope_or_source
0001628280-16-011421,WAB,943452,20151231,False,unknown,missing_or_conflicting_required_fact
0000912728-16-000196,FWRD,912728,20151231,True,unknown,missing_period_unit_scope_or_source
0001104659-16-098429,INGR,1046257,20151231,False,unknown,missing_or_conflicting_required_fact
0000007084-16-000046,ADM,7084,20151231,True,unknown,missing_period_unit_scope_or_source
0001618034-16-000025,MOS,1285785,20151231,False,unknown,missing_or_conflicting_required_fact
0000072903-16-000123,XEL,72903,20151231,True,unknown,missing_period_unit_scope_or_source
0001193125-16-469941,LSTR,853816,20151231,False,unknown,missing_or_conflicting_required_fact
0001534701-16-000119,PSX,1534701,20151231,True,unknown,missing_period_unit_scope_or_source
0000059478-16-000321,LLY,59478,20151231,True,unknown,missing_period_unit_scope_or_source
0000832101-16-000057,IEX,832101,20151231,True,unknown,missing_period_unit_scope_or_source
0001376139-16-000084,CVI,1376139,20151231,False,unknown,missing_or_conflicting_required_fact
0001047469-16-010246,ABT,1800,20151231,True,unknown,missing_period_unit_scope_or_source
0001365135-16-000062,WU,1365135,20151231,False,unknown,missing_or_conflicting_required_fact
0001014473-16-000086,VRSN,1014473,20151231,False,unknown,missing_or_conflicting_required_fact
0001104659-16-098503,APH,820313,20151231,False,unknown,missing_or_conflicting_required_fact
0001099800-16-000044,EW,1099800,20151231,False,unknown,missing_or_conflicting_required_fact
0001122904-16-000134,NTGR,1122904,20151231,True,unknown,missing_period_unit_scope_or_source
0001539838-16-000129,FANG,1539838,20151231,False,unknown,missing_or_conflicting_required_fact
0000917273-16-000027,RMBS,917273,20151231,False,unknown,missing_or_conflicting_required_fact
0001047469-16-010251,IRWD,1446847,20151231,False,unknown,missing_or_conflicting_required_fact
0000096223-16-000049,JEF,96223,20151231,True,unknown,missing_period_unit_scope_or_source
0001628280-16-011435,FISV,798354,20151231,False,unknown,missing_or_conflicting_required_fact
0001552033-16-000079,TRU,1552033,20151231,True,unknown,missing_period_unit_scope_or_source
0001558370-16-003307,SENS,1616543,20151231,False,unknown,missing_or_conflicting_required_fact
0001193125-16-470150,NSIT,932696,20151231,False,unknown,missing_or_conflicting_required_fact
0001193125-16-470162,HWM,4281,20151231,True,unknown,missing_period_unit_scope_or_source
0001603145-16-000139,XIFR,1603145,20151231,False,unknown,missing_or_conflicting_required_fact
0000753308-16-000337,NEE,753308,20151231,True,unknown,missing_period_unit_scope_or_source
0001336917-16-000064,UAA,1336917,20151231,True,unknown,missing_period_unit_scope_or_source
0001628280-16-011455,CLW,1441236,20151231,True,unknown,missing_period_unit_scope_or_source
0000216228-16-000077,ITT,216228,20151231,False,unknown,missing_or_conflicting_required_fact
0001193125-16-470674,MX,1325702,20151231,False,unknown,missing_or_conflicting_required_fact
0000884887-16-000126,RCL,884887,20151231,True,unknown,missing_period_unit_scope_or_source
0000097216-16-000245,TEX,97216,20151231,True,unknown,missing_period_unit_scope_or_source
0001140361-16-054260,KEX,56047,20151231,False,unknown,missing_or_conflicting_required_fact
0001047127-16-000049,AMKR,1047127,20151231,True,unknown,missing_period_unit_scope_or_source
0000811596-16-000073,KALU,811596,20151231,True,unknown,missing_period_unit_scope_or_source
0001227654-16-000082,CMP,1227654,20151231,False,unknown,missing_or_conflicting_required_fact
0001104659-16-098838,CLMB,945983,20151231,False,unknown,missing_or_conflicting_required_fact
0000871763-16-000150,MAN,871763,20151231,False,unknown,missing_or_conflicting_required_fact
0000078814-16-000040,PBI,78814,20151231,True,unknown,missing_period_unit_scope_or_source
0001564590-16-013001,PAYC,1590955,20151231,False,unknown,missing_or_conflicting_required_fact
0000768899-16-000069,TBI,768899,20151231,True,unknown,missing_period_unit_scope_or_source
0001362468-16-000054,ALGT,1362468,20151231,True,unknown,missing_period_unit_scope_or_source
0001558370-16-003350,THC,70318,20151231,False,unknown,missing_or_conflicting_required_fact
0001492691-16-000059,KNX,1492691,20151231,True,unknown,missing_period_unit_scope_or_source
0000929008-16-000049,WCC,929008,20151231,True,unknown,missing_period_unit_scope_or_source
0000068505-16-000017,MSI,68505,20151231,True,unknown,missing_period_unit_scope_or_source
0000916365-16-000140,TSCO,916365,20151231,True,unknown,missing_period_unit_scope_or_source
0001289848-16-000034,HURN,1289848,20151231,False,unknown,missing_or_conflicting_required_fact
0001437749-16-025805,HL,719413,20151231,True,unknown,missing_period_unit_scope_or_source
0001144204-16-083756,ESCA,33488,20151231,True,unknown,missing_period_unit_scope_or_source
0001193125-16-472797,TREX,1069878,20151231,False,unknown,missing_or_conflicting_required_fact
0001320461-16-000094,CPS,1320461,20151231,True,unknown,missing_period_unit_scope_or_source
0000355811-16-000063,GNTX,355811,20151231,True,unknown,missing_period_unit_scope_or_source
0001564590-16-013054,DNOW,1599617,20151231,False,unknown,missing_or_conflicting_required_fact
0001193125-16-472901,COP,1163165,20151231,True,unknown,missing_period_unit_scope_or_source
0001193125-16-473016,DORM,868780,20151231,False,unknown,missing_or_conflicting_required_fact
0001558370-16-003377,SHO,1295810,20151231,False,unknown,missing_or_conflicting_required_fact
0001437749-16-025855,COHU,21535,20151231,True,unknown,missing_period_unit_scope_or_source
0001193125-16-473367,VZ,732712,20151231,True,unknown,missing_period_unit_scope_or_source
0000827052-16-000222,EIX,827052,20151231,False,unknown,missing_or_conflicting_required_fact
0001047469-16-010329,IBM,51143,20151231,False,unknown,missing_or_conflicting_required_fact
0001437749-16-025879,JBHT,728535,20151231,True,unknown,missing_period_unit_scope_or_source
0001047469-16-010332,FIX,1035983,20151231,True,unknown,missing_period_unit_scope_or_source
0001039684-16-000113,OKE,1039684,20151231,True,unknown,missing_period_unit_scope_or_source
0001016281-16-000161,CSV,1016281,20151231,False,unknown,missing_or_conflicting_required_fact
0001628280-16-011540,CXT,25445,20151231,True,unknown,missing_period_unit_scope_or_source
0001193125-16-473754,MLM,916076,20151231,True,unknown,missing_period_unit_scope_or_source
0001104659-16-099249,PZZA,901491,20151231,False,unknown,missing_or_conflicting_required_fact
0001232524-16-000194,JAZZ,1232524,20151231,True,unknown,missing_period_unit_scope_or_source
0000084748-16-000013,ROG,84748,20151231,True,unknown,missing_period_unit_scope_or_source
0001093557-16-000432,DXCM,1093557,20151231,True,unknown,missing_period_unit_scope_or_source
0000004904-16-000056,AEP,4904,20151231,False,unknown,missing_or_conflicting_required_fact
0001442145-16-000057,VRSK,1442145,20151231,True,unknown,missing_period_unit_scope_or_source
0000874761-16-000077,AES,874761,20151231,True,unknown,missing_period_unit_scope_or_source
0000104918-16-000185,AVA,104918,20151231,True,unknown,missing_period_unit_scope_or_source
0001104659-16-099355,ECHO,1415404,20151231,False,unknown,missing_or_conflicting_required_fact
0001193125-16-474577,CNK,1385280,20151231,False,unknown,missing_or_conflicting_required_fact
0001193125-16-474605,AAL,6201,20151231,True,unknown,missing_period_unit_scope_or_source
0001280058-16-000045,BLKB,1280058,20151231,True,unknown,missing_period_unit_scope_or_source
0001549346-16-000024,SSTK,1549346,20151231,False,unknown,missing_or_conflicting_required_fact
0001274494-16-000067,FSLR,1274494,20151231,True,unknown,missing_period_unit_scope_or_source
0000821130-16-000050,UZD,821130,20151231,False,unknown,missing_or_conflicting_required_fact
0001564590-16-013119,ONTO,704532,20151231,False,unknown,missing_or_conflicting_required_fact
0001564590-16-013126,TXN,97476,20151231,False,unknown,missing_or_conflicting_required_fact
0000098362-16-000097,TKR,98362,20151231,True,unknown,missing_period_unit_scope_or_source
0001193125-16-475009,ON,1097864,20151231,True,unknown,missing_period_unit_scope_or_source
0001504337-16-000048,LPX,60519,20151231,True,unknown,missing_period_unit_scope_or_source
0001555280-16-000344,ZTS,1555280,20151231,True,unknown,missing_period_unit_scope_or_source
0001564590-16-013137,TYL,860731,20151231,False,unknown,missing_or_conflicting_required_fact
0000071691-16-000023,NYT,71691,20151231,True,unknown,missing_period_unit_scope_or_source
0001552781-16-001318,ROL,84839,20151231,False,unknown,missing_or_conflicting_required_fact
0000089800-16-000026,SHW,89800,20151231,True,unknown,missing_period_unit_scope_or_source
0001193125-16-475520,HAS,46080,20151231,True,unknown,missing_period_unit_scope_or_source
0000040211-16-000064,GATX,40211,20151231,True,unknown,missing_period_unit_scope_or_source
0000764065-16-000183,CLF,764065,20151231,True,unknown,missing_period_unit_scope_or_source
0001262823-16-000030,WLK,1262823,20151231,True,unknown,missing_period_unit_scope_or_source
0000352541-16-000076,LNT,352541,20151231,True,unknown,missing_period_unit_scope_or_source
0000912767-16-000036,UFPI,912767,20151231,False,unknown,missing_or_conflicting_required_fact
0001104659-16-099562,TXT,217346,20151231,True,unknown,missing_period_unit_scope_or_source
0001551182-16-000041,ETN,1551182,20151231,False,unknown,missing_or_conflicting_required_fact
0000885725-16-000028,BSX,885725,20151231,False,unknown,missing_or_conflicting_required_fact
0001206774-16-004640,YELP,1345016,20151231,False,unknown,missing_or_conflicting_required_fact
0001047469-16-010372,CCOI,1158324,20151231,False,unknown,missing_or_conflicting_required_fact
0001564590-16-013192,TNDM,1438133,20151231,False,unknown,missing_or_conflicting_required_fact
0001193125-16-475769,IMO,49938,20151231,False,unknown,missing_or_conflicting_required_fact
0001564590-16-013195,TSLA,1318605,20151231,False,unknown,missing_or_conflicting_required_fact
0001546417-16-000109,BLMN,1546417,20151231,True,unknown,missing_period_unit_scope_or_source
0000749251-16-000034,IT,749251,20151231,True,unknown,missing_period_unit_scope_or_source
0001047469-16-010376,AVY,8818,20151231,False,unknown,missing_or_conflicting_required_fact
0001564590-16-013204,HUBS,1404655,20151231,False,unknown,missing_or_conflicting_required_fact
0001193125-16-475816,ADTN,926282,20151231,False,unknown,missing_or_conflicting_required_fact
0000712034-16-000064,ACCO,712034,20151231,True,unknown,missing_period_unit_scope_or_source
0001558370-16-003450,AR,1433270,20151231,False,unknown,missing_or_conflicting_required_fact
0000049754-16-000018,DIN,49754,20151231,True,unknown,missing_period_unit_scope_or_source
0000089439-16-000038,MLI,89439,20151231,False,unknown,missing_or_conflicting_required_fact
0000033185-16-000037,EFX,33185,20151231,True,unknown,missing_period_unit_scope_or_source
0000864749-16-000092,TRMB,864749,20151231,False,unknown,missing_or_conflicting_required_fact
0001628280-16-011645,ATRO,8063,20151231,False,unknown,missing_or_conflicting_required_fact
0000200406-16-000071,JNJ,200406,20151231,True,unknown,missing_period_unit_scope_or_source
0000102729-16-000009,VMI,102729,20151231,False,unknown,missing_or_conflicting_required_fact
0000882095-16-000039,GILD,882095,20151231,True,unknown,missing_period_unit_scope_or_source
0000020212-16-000065,CHDN,20212,20151231,True,unknown,missing_period_unit_scope_or_source
0001174947-16-002118,RGR,95029,20151231,False,unknown,missing_or_conflicting_required_fact
0001193125-16-475979,BWXT,1486957,20151231,False,unknown,missing_or_conflicting_required_fact
0001193125-16-475999,IMAX,921582,20151231,True,unknown,missing_period_unit_scope_or_source
0001193125-16-476010,LMT,936468,20151231,True,unknown,missing_period_unit_scope_or_source
0001193125-16-476036,SPSC,1092699,20151231,False,unknown,missing_or_conflicting_required_fact
0001090727-16-000053,UPS,1090727,20151231,True,unknown,missing_period_unit_scope_or_source
0001402057-16-000057,CDW,1402057,20151231,True,unknown,missing_period_unit_scope_or_source
0001328581-16-000155,BCC,1328581,20151231,False,unknown,missing_or_conflicting_required_fact
0000059527-16-000036,LECO,59527,20151231,False,unknown,missing_or_conflicting_required_fact
0000785161-16-000117,EHC,785161,20151231,True,unknown,missing_period_unit_scope_or_source
0000899751-16-000098,TWI,899751,20151231,True,unknown,missing_period_unit_scope_or_source
0001130464-16-000176,BKH,1130464,20151231,False,unknown,missing_or_conflicting_required_fact
0001564590-16-013247,AWK,1410636,20151231,True,unknown,missing_period_unit_scope_or_source
0001558370-16-003476,RIG,1451505,20151231,True,unknown,missing_period_unit_scope_or_source
0001193125-16-476374,TTMI,1116942,20151231,False,unknown,missing_or_conflicting_required_fact
0001140361-16-054747,TROX,1530804,20151231,False,unknown,missing_or_conflicting_required_fact
0001193125-16-476427,MCO,1059556,20151231,True,unknown,missing_period_unit_scope_or_source
0001047469-16-010392,UTHR,1082554,20151231,False,unknown,missing_or_conflicting_required_fact
0001193125-16-476825,INVX,1042893,20151231,False,unknown,missing_or_conflicting_required_fact
0000105634-16-000297,EME,105634,20151231,True,unknown,missing_period_unit_scope_or_source
0001400891-16-000051,IHRT,1400891,20151231,True,unknown,missing_period_unit_scope_or_source
0001193125-16-476935,DPZ,1286681,20151231,False,unknown,missing_or_conflicting_required_fact
0001111335-16-000018,VC,1111335,20151231,True,unknown,missing_period_unit_scope_or_source
0001564590-16-013288,FCN,887936,20151231,False,unknown,missing_or_conflicting_required_fact
0001558370-16-003498,ALKS,1520262,20151231,False,unknown,missing_or_conflicting_required_fact
0001101215-16-000312,BFH,1101215,20151231,False,unknown,missing_or_conflicting_required_fact
0001564590-16-013299,SFM,1575515,20151231,False,unknown,missing_or_conflicting_required_fact
0000764180-16-000128,MO,764180,20151231,True,unknown,missing_period_unit_scope_or_source
0001396009-16-000044,VMC,1396009,20151231,True,unknown,missing_period_unit_scope_or_source
0001193125-16-477307,GOGO,1537054,20151231,False,unknown,missing_or_conflicting_required_fact
0001437749-16-026016,SGC,95574,20151231,True,unknown,missing_period_unit_scope_or_source
0001564590-16-013314,THRM,903129,20151231,False,unknown,missing_or_conflicting_required_fact
0000051434-16-000042,IP,51434,20151231,True,unknown,missing_period_unit_scope_or_source
0000026324-16-000040,CW,26324,20151231,True,unknown,missing_period_unit_scope_or_source
0000093410-16-000049,CVX,93410,20151231,True,unknown,missing_period_unit_scope_or_source
0000746515-16-000053,EXPD,746515,20151231,True,unknown,missing_period_unit_scope_or_source
0000824142-16-000118,AAON,824142,20151231,False,unknown,missing_or_conflicting_required_fact
0001193125-16-477756,BDC,913142,20151231,True,unknown,missing_period_unit_scope_or_source
0001486159-16-000090,CHRD,1486159,20151231,True,unknown,missing_period_unit_scope_or_source
0000915389-16-000095,EMN,915389,20151231,True,unknown,missing_period_unit_scope_or_source
0000097745-16-000043,TMO,97745,20151231,False,unknown,missing_or_conflicting_required_fact
0001628280-16-011701,MAT,63276,20151231,True,unknown,missing_period_unit_scope_or_source
0001324404-16-000019,CF,1324404,20151231,False,unknown,missing_or_conflicting_required_fact
0001050797-16-000020,COLM,1050797,20151231,True,unknown,missing_period_unit_scope_or_source
0001104657-16-000152,MTRN,1104657,20151231,True,unknown,missing_period_unit_scope_or_source
0000021344-16-000050,KO,21344,20151231,True,unknown,missing_period_unit_scope_or_source
0001035002-16-000069,VLO,1035002,20151231,True,unknown,missing_period_unit_scope_or_source
0000096943-16-000154,TFX,96943,20151231,False,unknown,missing_or_conflicting_required_fact
0000861459-16-000040,GVA,861459,20151231,True,unknown,missing_period_unit_scope_or_source
0001161728-16-000028,MGEE,1161728,20151231,True,unknown,missing_period_unit_scope_or_source
0001065696-16-000076,LKQ,1065696,20151231,True,unknown,missing_period_unit_scope_or_source
0001558370-16-003527,ATR,896622,20151231,False,unknown,missing_or_conflicting_required_fact
0000822818-16-000033,CLH,822818,20151231,False,unknown,missing_or_conflicting_required_fact
0001193125-16-478197,AME,1037868,20151231,False,unknown,missing_or_conflicting_required_fact
0000063908-16-000103,MCD,63908,20151231,True,unknown,missing_period_unit_scope_or_source
0001289945-16-000062,SPOK,1289945,20151231,True,unknown,missing_period_unit_scope_or_source
0001354488-16-006364,BLFS,834365,20151231,True,unknown,missing_period_unit_scope_or_source
0001035201-16-000009,CWT,1035201,20151231,False,unknown,missing_or_conflicting_required_fact
0001193125-16-478315,FBIN,1519751,20151231,True,unknown,missing_period_unit_scope_or_source
0001627223-16-000066,CC,1627223,20151231,True,unknown,missing_period_unit_scope_or_source
0001564590-16-013375,UHS,352915,20151231,True,unknown,missing_period_unit_scope_or_source
0001193125-16-478369,PEGA,1013857,20151231,False,unknown,missing_or_conflicting_required_fact
0001564590-16-013379,MGRC,752714,20151231,False,unknown,missing_or_conflicting_required_fact
0000821189-16-000054,EOG,821189,20151231,True,unknown,missing_period_unit_scope_or_source
0001335258-16-000167,LYV,1335258,20151231,True,unknown,missing_period_unit_scope_or_source
0001104659-16-100030,PAA,1070423,20151231,False,unknown,missing_or_conflicting_required_fact
0001514991-16-000043,AMCX,1514991,20151231,False,unknown,missing_or_conflicting_required_fact
0001104659-16-100036,VECO,103145,20151231,False,unknown,missing_or_conflicting_required_fact
0001104659-16-100037,PAGP,1581990,20151231,False,unknown,missing_or_conflicting_required_fact
0001564590-16-013397,IRDM,1418819,20151231,False,unknown,missing_or_conflicting_required_fact
0000927003-16-000094,AEIS,927003,20151231,True,unknown,missing_period_unit_scope_or_source
0001193125-16-478518,RGEN,730272,20151231,False,unknown,missing_or_conflicting_required_fact
0001104659-16-100056,CAKE,887596,20151231,False,unknown,missing_or_conflicting_required_fact
0001058290-16-000049,CTSH,1058290,20151231,True,unknown,missing_period_unit_scope_or_source
0001140361-16-054898,SXT,310142,20151231,True,unknown,missing_period_unit_scope_or_source
0001564590-16-013402,RRC,315852,20151231,False,unknown,missing_or_conflicting_required_fact
0001326160-16-000221,DUK,1326160,20151231,True,unknown,missing_period_unit_scope_or_source
0001596532-16-000244,ANET,1596532,20151231,True,unknown,missing_period_unit_scope_or_source
0001279569-16-002775,RBA,1046102,20151231,False,unknown,missing_or_conflicting_required_fact
0001558370-16-003547,PAG,1019849,20151231,False,unknown,missing_or_conflicting_required_fact
0000906553-16-000053,BYD,906553,20151231,True,unknown,missing_period_unit_scope_or_source
0001373715-16-000324,NOW,1373715,20151231,True,unknown,missing_period_unit_scope_or_source
0001097149-16-000031,ALGN,1097149,20151231,True,unknown,missing_period_unit_scope_or_source
0000081362-16-000025,KWR,81362,20151231,True,unknown,missing_period_unit_scope_or_source
0000766829-16-000053,HTO,766829,20151231,True,unknown,missing_period_unit_scope_or_source
0001193125-16-478707,ACHC,1520697,20151231,True,unknown,missing_period_unit_scope_or_source
0001357615-16-000245,KBR,1357615,20151231,True,unknown,missing_period_unit_scope_or_source
0001061219-16-000058,EPD,1061219,20151231,False,unknown,missing_or_conflicting_required_fact
0001057352-16-000103,CSGP,1057352,20151231,True,unknown,missing_period_unit_scope_or_source
0000874015-16-000112,IONS,874015,20151231,False,unknown,missing_or_conflicting_required_fact
0001060822-16-000038,CRI,1060822,20151231,True,unknown,missing_period_unit_scope_or_source
0001107843-16-000022,QLYS,1107843,20151231,True,unknown,missing_period_unit_scope_or_source
0000065984-16-000436,ETR,65984,20151231,True,unknown,missing_period_unit_scope_or_source
0001406666-16-000041,CALX,1406666,20151231,False,unknown,missing_or_conflicting_required_fact
0000788784-16-000014,PEG,788784,20151231,True,unknown,missing_period_unit_scope_or_source
0000015615-16-000093,MTZ,15615,20151231,True,unknown,missing_period_unit_scope_or_source
0001564590-16-013451,SUN,1552275,20151231,True,unknown,missing_period_unit_scope_or_source
0001558370-16-003570,RS,861884,20151231,False,unknown,missing_or_conflicting_required_fact
0001558370-16-003574,TR,98677,20151231,False,unknown,missing_or_conflicting_required_fact
0001130310-16-000031,CNP,1130310,20151231,False,unknown,missing_or_conflicting_required_fact
0001499832-16-000089,TSQ,1499832,20151231,True,unknown,missing_period_unit_scope_or_source
0001573516-16-000051,MUSA,1573516,20151231,True,unknown,missing_period_unit_scope_or_source
0001193125-16-479471,BAX,10456,20151231,True,unknown,missing_period_unit_scope_or_source
0001021635-16-000172,OGE,1021635,20151231,True,unknown,missing_period_unit_scope_or_source
0000077360-16-000058,PNR,77360,20151231,True,unknown,missing_period_unit_scope_or_source
0001558370-16-003581,ECL,31462,20151231,False,unknown,missing_or_conflicting_required_fact
0001193125-16-479811,MSTR,1050446,20151231,True,unknown,missing_period_unit_scope_or_source
0001193125-16-479829,GPC,40987,20151231,False,unknown,missing_or_conflicting_required_fact
0000717423-16-000064,MUR,717423,20151231,False,unknown,missing_or_conflicting_required_fact
0001157523-16-004755,CHE,19584,20151231,False,unknown,missing_or_conflicting_required_fact
0000047111-16-000095,HSY,47111,20151231,True,unknown,missing_period_unit_scope_or_source
0001164863-16-000040,NPO,1164863,20151231,False,unknown,missing_or_conflicting_required_fact
0001524472-16-000027,XYL,1524472,20151231,True,unknown,missing_period_unit_scope_or_source
0000816761-16-000045,TDC,816761,20151231,True,unknown,missing_period_unit_scope_or_source
0000075677-16-000030,PKG,75677,20151231,True,unknown,missing_period_unit_scope_or_source
0001193125-16-480594,WAT,1000697,20151231,False,unknown,missing_or_conflicting_required_fact
0000880266-16-000044,AGCO,880266,20151231,True,unknown,missing_period_unit_scope_or_source
0001034054-16-000018,SBAC,1034054,20151231,False,unknown,missing_or_conflicting_required_fact
0001104659-16-100342,MATX,3453,20151231,False,unknown,missing_or_conflicting_required_fact
0001437749-16-026114,PRLB,1443669,20151231,False,unknown,missing_or_conflicting_required_fact
0001585689-16-000161,HLT,1585689,20151231,True,unknown,missing_period_unit_scope_or_source
0001562762-16-000347,WTRG,78128,20151231,True,unknown,missing_period_unit_scope_or_source
0001193125-16-480850,D,715957,20151231,True,unknown,missing_period_unit_scope_or_source
0001193125-16-480871,G,1398659,20151231,False,unknown,missing_or_conflicting_required_fact
0000898173-16-000276,ORLY,898173,20151231,True,unknown,missing_period_unit_scope_or_source
0001437749-16-026123,GTN,43196,20151231,True,unknown,missing_period_unit_scope_or_source
0000086521-16-000091,SRE,1032208,20151231,True,unknown,missing_period_unit_scope_or_source
0001047469-16-010496,STLD,1022671,20151231,False,unknown,missing_or_conflicting_required_fact
0001193125-16-481119,NUE,73309,20151231,False,unknown,missing_or_conflicting_required_fact
0000882835-16-000035,ROP,882835,20151231,False,unknown,missing_or_conflicting_required_fact
0001140361-16-055078,SHEN,354963,20151231,False,unknown,missing_or_conflicting_required_fact
0001437749-16-026131,NPKI,71829,20151231,True,unknown,missing_period_unit_scope_or_source
0000945841-16-000190,POOL,945841,20151231,True,unknown,missing_period_unit_scope_or_source
0001193125-16-481404,ACIW,935036,20151231,False,unknown,missing_or_conflicting_required_fact
0001558370-16-003609,FWONA,1560385,20151231,True,unknown,missing_period_unit_scope_or_source
0000783324-16-000056,VGZ,783324,20151231,True,unknown,missing_period_unit_scope_or_source
0001193125-16-481436,MKSI,1049502,20151231,False,unknown,missing_or_conflicting_required_fact
0001193125-16-481509,QSR,1618756,20151231,False,unknown,missing_or_conflicting_required_fact
0001510295-16-000078,MPC,1510295,20151231,True,unknown,missing_period_unit_scope_or_source
0001552000-16-000136,MPLX,1552000,20151231,True,unknown,missing_period_unit_scope_or_source
0001437749-16-026139,ORA,1296445,20151231,True,unknown,missing_period_unit_scope_or_source
0000107815-16-000248,WEC,783325,20151231,False,unknown,missing_or_conflicting_required_fact
0001597672-16-000125,RYAM,1597672,20151231,True,unknown,missing_period_unit_scope_or_source
0000104889-16-000088,GHC,104889,20151231,True,unknown,missing_period_unit_scope_or_source
0000092122-16-000126,SO,92122,20151231,False,unknown,missing_or_conflicting_required_fact
0000883984-16-000057,ICUI,883984,20151231,True,unknown,missing_period_unit_scope_or_source
0001140361-16-055160,SMP,93389,20151231,True,unknown,missing_period_unit_scope_or_source
0000886163-16-000149,LGND,886163,20151231,True,unknown,missing_period_unit_scope_or_source
0001193125-16-481909,HSTM,1095565,20151231,False,unknown,missing_or_conflicting_required_fact
0001018963-16-000049,ATI,1018963,20151231,True,unknown,missing_period_unit_scope_or_source
0000310158-16-000063,MRK,310158,20151231,True,unknown,missing_period_unit_scope_or_source
0000040545-16-000145,GE,40545,20151231,True,unknown,missing_period_unit_scope_or_source
0001022079-16-000195,DGX,1022079,20151231,True,unknown,missing_period_unit_scope_or_source
0001579241-16-000056,ALLE,1579241,20151231,True,unknown,missing_period_unit_scope_or_source
0000832428-16-000080,SSP,832428,20151231,True,unknown,missing_period_unit_scope_or_source
0001564590-16-013549,HUBG,940942,20151231,False,unknown,missing_or_conflicting_required_fact
0000009092-16-000015,BMI,9092,20151231,True,unknown,missing_period_unit_scope_or_source
0000930420-16-000355,KFRC,930420,20151231,True,unknown,missing_period_unit_scope_or_source
0000793074-16-000060,WERN,793074,20151231,True,unknown,missing_period_unit_scope_or_source
0001558370-16-003617,TXRH,1289460,20151231,False,unknown,missing_or_conflicting_required_fact
0001058811-16-000019,IMMR,1058811,20151231,True,unknown,missing_period_unit_scope_or_source
0001564590-16-013560,SAIA,1177702,20151231,False,unknown,missing_or_conflicting_required_fact
0001628280-16-011841,EXLS,1297989,20151231,False,unknown,missing_or_conflicting_required_fact
0001136893-16-000061,FIS,1136893,20151231,True,unknown,missing_period_unit_scope_or_source
0001437749-16-026172,CVEO,1590584,20151231,False,unknown,missing_or_conflicting_required_fact
0001193125-16-482165,HCA,860730,20151231,False,unknown,missing_or_conflicting_required_fact
0001558370-16-003622,URG,1375205,20151231,True,unknown,missing_period_unit_scope_or_source
0001104659-16-100568,SCCO,1001838,20151231,False,unknown,missing_or_conflicting_required_fact
0001193125-16-482334,MSCI,1408198,20151231,True,unknown,missing_period_unit_scope_or_source
0001185348-16-000067,PRAA,1185348,20151231,True,unknown,missing_period_unit_scope_or_source
0001309108-16-000146,WEX,1309108,20151231,True,unknown,missing_period_unit_scope_or_source
0001558370-16-003625,ARCB,894405,20151231,False,unknown,missing_or_conflicting_required_fact
0001193125-16-482422,PSIX,1137091,20151231,False,unknown,missing_or_conflicting_required_fact
0001300514-16-000023,LVS,1300514,20151231,False,unknown,missing_or_conflicting_required_fact
0001000623-16-000141,MATV,1000623,20151231,True,unknown,missing_period_unit_scope_or_source
0001437749-16-026190,LAD,1023128,20151231,True,unknown,missing_period_unit_scope_or_source
0000072741-16-000063,ES,72741,20151231,True,unknown,missing_period_unit_scope_or_source
0001628280-16-011857,TVTX,1438533,20151231,False,unknown,missing_or_conflicting_required_fact
0000107263-16-000021,WMB,107263,20151231,True,unknown,missing_period_unit_scope_or_source
0001564590-16-013579,SAH,1043509,20151231,True,unknown,missing_period_unit_scope_or_source
0000831259-16-000062,FCX,831259,20151231,False,unknown,missing_or_conflicting_required_fact
0001262039-16-000053,FTNT,1262039,20151231,True,unknown,missing_period_unit_scope_or_source
0000105770-16-000060,WST,105770,20151231,False,unknown,missing_or_conflicting_required_fact
0000088205-16-000007,SPXC,88205,20151231,False,unknown,missing_or_conflicting_required_fact
0001562762-16-000352,MELI,1099590,20151231,False,unknown,missing_or_conflicting_required_fact
0001437749-16-026187,GNRC,1474735,20151231,True,unknown,missing_period_unit_scope_or_source
0000070866-16-000069,VYX,70866,20151231,False,unknown,missing_or_conflicting_required_fact
0001558370-16-003629,SKYW,793733,20151231,False,unknown,missing_or_conflicting_required_fact
0001002910-16-000205,AEE,1002910,20151231,True,unknown,missing_period_unit_scope_or_source
0001144204-16-084690,WNC,879526,20151231,False,unknown,missing_or_conflicting_required_fact
0001564590-16-013587,DVA,927066,20151231,False,unknown,missing_or_conflicting_required_fact
0001564590-16-013592,CRK,23194,20151231,True,unknown,missing_period_unit_scope_or_source
0001101302-16-000012,ENTG,1101302,20151231,True,unknown,missing_period_unit_scope_or_source
0001108426-16-000165,TXNM,1108426,20151231,True,unknown,missing_period_unit_scope_or_source
0000097134-16-000055,TNC,97134,20151231,True,unknown,missing_period_unit_scope_or_source
0001564590-16-013602,SSNC,1402436,20151231,False,unknown,missing_or_conflicting_required_fact
0000920371-16-000208,SSD,920371,20151231,False,unknown,missing_or_conflicting_required_fact
0001273441-16-000052,GTE,1273441,20151231,True,unknown,missing_period_unit_scope_or_source
0001047469-16-010532,BRKR,1109354,20151231,False,unknown,missing_or_conflicting_required_fact
0001622536-16-000111,TLN,1622536,20151231,True,unknown,missing_period_unit_scope_or_source
0001564590-16-013630,NXST,1142417,20151231,False,unknown,missing_or_conflicting_required_fact
0001564590-16-013637,RNG,1384905,20151231,False,unknown,missing_or_conflicting_required_fact
0001564590-16-013639,MGM,789570,20151231,False,unknown,missing_or_conflicting_required_fact
0001047469-16-010540,WTS,795403,20151231,False,unknown,missing_or_conflicting_required_fact
0001616862-16-000044,AXTA,1616862,20151231,False,unknown,missing_or_conflicting_required_fact
0001145197-16-000083,PODD,1145197,20151231,True,unknown,missing_period_unit_scope_or_source
0001433195-16-000016,APPF,1433195,20151231,True,unknown,missing_period_unit_scope_or_source
0000920148-16-000162,LH,920148,20151231,True,unknown,missing_period_unit_scope_or_source
0001564590-16-013653,BMRN,1048477,20151231,False,unknown,missing_or_conflicting_required_fact
0001174922-16-000144,WYNN,1174922,20151231,True,unknown,missing_period_unit_scope_or_source
0000850429-16-000109,TG,850429,20151231,True,unknown,missing_period_unit_scope_or_source
0001389050-16-000047,AROC,1389050,20151231,True,unknown,missing_period_unit_scope_or_source
0001219601-16-000052,CCK,1219601,20151231,True,unknown,missing_period_unit_scope_or_source
0001571049-16-012346,OTTR,1466593,20151231,True,unknown,missing_period_unit_scope_or_source
0000878927-16-000055,ODFL,878927,20151231,True,unknown,missing_period_unit_scope_or_source
0000277135-16-000037,GWW,277135,20151231,True,unknown,missing_period_unit_scope_or_source
0001193125-16-484381,TER,97210,20151231,False,unknown,missing_or_conflicting_required_fact
0001628280-16-011920,CP,16875,20151231,False,unknown,missing_or_conflicting_required_fact
0000078890-16-000062,BCO,78890,20151231,True,unknown,missing_period_unit_scope_or_source
0001046311-16-000023,CHH,1046311,20151231,True,unknown,missing_period_unit_scope_or_source
0001084048-16-000015,ZD,1084048,20151231,True,unknown,missing_period_unit_scope_or_source
0001013871-16-000022,NRG,1013871,20151231,True,unknown,missing_period_unit_scope_or_source
0000856982-16-000076,MMSI,856982,20151231,True,unknown,missing_period_unit_scope_or_source
0001567683-16-000031,CWEN,1567683,20151231,False,unknown,missing_or_conflicting_required_fact
0001086222-16-000245,AKAM,1086222,20151231,True,unknown,missing_period_unit_scope_or_source
0001043277-16-000020,CHRW,1043277,20151231,True,unknown,missing_period_unit_scope_or_source
0001193125-16-484870,WSO,105016,20151231,False,unknown,missing_or_conflicting_required_fact
0000277509-16-000096,FSS,277509,20151231,True,unknown,missing_period_unit_scope_or_source
0001104659-16-100960,MNST,865752,20151231,False,unknown,missing_or_conflicting_required_fact
0001193125-16-485039,ZBH,1136869,20151231,False,unknown,missing_or_conflicting_required_fact
0000012208-16-000053,BIO,12208,20151231,True,unknown,missing_period_unit_scope_or_source
0001558370-16-003680,ATNI,879585,20151231,False,unknown,missing_or_conflicting_required_fact
0000799233-16-000056,HTLD,799233,20151231,True,unknown,missing_period_unit_scope_or_source
0001176334-16-000159,MMLP,1176334,20151231,True,unknown,missing_period_unit_scope_or_source
0001159036-16-000100,HALO,1159036,20151231,True,unknown,missing_period_unit_scope_or_source
0001564590-16-013719,PRDO,1046568,20151231,True,unknown,missing_period_unit_scope_or_source
0001616707-16-000017,W,1616707,20151231,False,unknown,missing_or_conflicting_required_fact
0001564590-16-013722,OFIX,884624,20151231,True,unknown,missing_period_unit_scope_or_source
0000763744-16-000351,LCII,763744,20151231,True,unknown,missing_period_unit_scope_or_source
0000814453-16-000176,NWL,814453,20151231,True,unknown,missing_period_unit_scope_or_source
0000866829-16-000061,HOS,866829,20151231,False,unknown,missing_or_conflicting_required_fact
0000066570-16-000068,MSA,66570,20151231,True,unknown,missing_period_unit_scope_or_source
0001437749-16-026344,MPWR,1280452,20151231,False,unknown,missing_or_conflicting_required_fact
0001237831-16-000075,GMED,1237831,20151231,True,unknown,missing_period_unit_scope_or_source
0001276187-16-000132,ET,1276187,20151231,True,unknown,missing_period_unit_scope_or_source
0001008886-16-000285,CVLG,928658,20151231,True,unknown,missing_period_unit_scope_or_source
0001500435-16-000063,GPRO,1500435,20151231,True,unknown,missing_period_unit_scope_or_source
0001140361-16-055524,BCPC,9326,20151231,False,unknown,missing_or_conflicting_required_fact
0001564590-16-013726,CHRS,1512762,20151231,False,unknown,missing_or_conflicting_required_fact
0000851968-16-000120,MHK,851968,20151231,True,unknown,missing_period_unit_scope_or_source
0000891103-16-000023,MTCH,891103,20151231,False,unknown,missing_or_conflicting_required_fact
0001628280-16-011979,XPO,1166003,20151231,True,unknown,missing_period_unit_scope_or_source
0001534504-16-000118,PBF,1534504,20151231,True,unknown,missing_period_unit_scope_or_source
0000933036-16-000044,UPBD,933036,20151231,True,unknown,missing_period_unit_scope_or_source
0001193125-16-485494,PWR,1050915,20151231,False,unknown,missing_or_conflicting_required_fact
0001628280-16-011978,ZBRA,877212,20151231,False,unknown,missing_or_conflicting_required_fact
0001564590-16-013735,LXU,60714,20151231,False,unknown,missing_or_conflicting_required_fact
0001558370-16-003691,AXGN,805928,20151231,False,unknown,missing_or_conflicting_required_fact
0000792987-16-000063,ASTE,792987,20151231,False,unknown,missing_or_conflicting_required_fact
0000939767-16-000149,EXEL,939767,20151231,True,unknown,missing_period_unit_scope_or_source
0001459200-16-000024,ALRM,1459200,20151231,True,unknown,missing_period_unit_scope_or_source
0001571049-16-012414,NCLH,1513761,20151231,False,unknown,missing_or_conflicting_required_fact
0001193125-16-485621,OSPN,1044777,20151231,False,unknown,missing_or_conflicting_required_fact
0001193125-16-485573,SON,91767,20151231,True,unknown,missing_period_unit_scope_or_source
0001424929-16-000069,FOXF,1424929,20151231,True,unknown,missing_period_unit_scope_or_source
0000078003-16-000077,PFE,78003,20151231,True,unknown,missing_period_unit_scope_or_source
0001062993-16-008106,BYRN,1354866,20151130,True,unknown,missing_period_unit_scope_or_source
0001193125-16-485752,CPAY,1175454,20151231,False,unknown,missing_or_conflicting_required_fact
0001564590-16-013752,KOP,1315257,20151231,True,unknown,missing_period_unit_scope_or_source
0000863436-16-000039,BHE,863436,20151231,False,unknown,missing_or_conflicting_required_fact
0001598428-16-000075,MTUS,1598428,20151231,True,unknown,missing_period_unit_scope_or_source
0001437749-16-026385,RUSHA,1012019,20151231,False,unknown,missing_or_conflicting_required_fact
0001628280-16-012004,JBTM,1433660,20151231,True,unknown,missing_period_unit_scope_or_source
0001140361-16-055589,DXPE,1020710,20151231,False,unknown,missing_or_conflicting_required_fact
0000821026-16-000068,ANDE,821026,20151231,True,unknown,missing_period_unit_scope_or_source
0000915913-16-000041,ALB,915913,20151231,True,unknown,missing_period_unit_scope_or_source
0001047469-16-010591,CROX,1334036,20151231,False,unknown,missing_or_conflicting_required_fact
0000074303-16-000090,OLN,74303,20151231,True,unknown,missing_period_unit_scope_or_source
0001580808-16-000073,ATEN,1580808,20151231,True,unknown,missing_period_unit_scope_or_source
0001094285-16-000177,TDY,1094285,20151231,True,unknown,missing_period_unit_scope_or_source
0001564590-16-013777,NVCR,1645113,20151231,False,unknown,missing_or_conflicting_required_fact
0001463101-16-000040,ENPH,1463101,20151231,True,unknown,missing_period_unit_scope_or_source
0001437749-16-026441,LFUS,889331,20151231,True,unknown,missing_period_unit_scope_or_source
0001024795-16-000051,HLIO,1024795,20151231,True,unknown,missing_period_unit_scope_or_source
0000031791-16-000014,RVTY,31791,20151231,True,unknown,missing_period_unit_scope_or_source
0001370637-16-000032,ETSY,1370637,20151231,True,unknown,missing_period_unit_scope_or_source
0000920148-16-000165,LH,920148,20151231,True,unknown,missing_period_unit_scope_or_source
0001193125-16-487797,FSTR,352825,20151231,False,unknown,missing_or_conflicting_required_fact
0001047469-16-010629,USNA,896264,20151231,False,unknown,missing_or_conflicting_required_fact
0001445305-16-000085,WK,1445305,20151231,True,unknown,missing_period_unit_scope_or_source
0000051253-16-000026,IFF,51253,20151231,True,unknown,missing_period_unit_scope_or_source
0001275158-16-000096,NDLS,1275158,20151231,True,unknown,missing_period_unit_scope_or_source
0000916540-16-000038,DAR,916540,20151231,True,unknown,missing_period_unit_scope_or_source
0001437749-16-026490,PDFS,1120914,20151231,False,unknown,missing_or_conflicting_required_fact
0001158449-16-000299,AAP,1158449,20151231,True,unknown,missing_period_unit_scope_or_source
0001354488-16-006418,CXDO,1075736,20151231,True,unknown,missing_period_unit_scope_or_source
0001193125-16-488588,AVD,5981,20151231,False,unknown,missing_or_conflicting_required_fact
0000038725-16-000276,FELE,38725,20151231,False,unknown,missing_or_conflicting_required_fact
0001437749-16-026549,TILE,715787,20151231,False,unknown,missing_or_conflicting_required_fact
0001193125-16-489832,VFC,103379,20151231,False,unknown,missing_or_conflicting_required_fact
0000769520-16-000010,MIDD,769520,20151231,True,unknown,missing_period_unit_scope_or_source
0001558370-16-003779,WULF,1083301,20151231,False,unknown,missing_or_conflicting_required_fact
0001110803-16-000175,ILMN,1110803,20151231,True,unknown,missing_period_unit_scope_or_source
0000875657-16-000069,ULBI,875657,20151231,True,unknown,missing_period_unit_scope_or_source
0001354488-16-006435,BKTI,2186,20151231,True,unknown,missing_period_unit_scope_or_source
0001193125-16-490104,LNTH,1521036,20151231,False,unknown,missing_or_conflicting_required_fact
0000082811-16-000124,RRX,82811,20151231,True,unknown,missing_period_unit_scope_or_source
0001047469-16-010671,BGS,1278027,20151231,False,unknown,missing_or_conflicting_required_fact
0000700841-16-000036,RCMT,700841,20151231,True,unknown,missing_period_unit_scope_or_source
0001564590-16-013893,NOVT,1076930,20151231,True,unknown,missing_period_unit_scope_or_source
0001193125-16-490223,CWST,911177,20151231,False,unknown,missing_or_conflicting_required_fact
0000855658-16-000180,LSCC,855658,20151231,True,unknown,missing_period_unit_scope_or_source
0001609711-16-000048,GDDY,1609711,20151231,True,unknown,missing_period_unit_scope_or_source
0001144204-16-085692,MYRG,700923,20151231,False,unknown,missing_or_conflicting_required_fact
0001564590-16-013941,RGNX,1590877,20151231,False,unknown,missing_or_conflicting_required_fact
0001558370-16-003803,TDOC,1477449,20151231,False,unknown,missing_or_conflicting_required_fact
0000821483-16-000040,PARR,821483,20151231,True,unknown,missing_period_unit_scope_or_source
0001437749-16-026648,APT,884269,20151231,True,unknown,missing_period_unit_scope_or_source
0000917225-16-000041,XPL,917225,20151231,True,unknown,missing_period_unit_scope_or_source
0001637459-16-000100,KHC,1637459,20151231,False,unknown,missing_or_conflicting_required_fact
0001104485-16-000049,NOG,1104485,20151231,False,unknown,missing_or_conflicting_required_fact
0000102752-16-000074,VSEC,102752,20151231,True,unknown,missing_period_unit_scope_or_source
0001144204-16-085772,RCKY,895456,20151231,True,unknown,missing_period_unit_scope_or_source
0001558370-16-003815,CNXN,1050377,20151231,False,unknown,missing_or_conflicting_required_fact
0001368265-16-000012,CLNE,1368265,20151231,False,unknown,missing_or_conflicting_required_fact
0001564590-16-013997,CIX,1049606,20151231,False,unknown,missing_or_conflicting_required_fact
0001288847-16-000054,FIVN,1288847,20151231,True,unknown,missing_period_unit_scope_or_source
0001210708-16-000040,STRRP,1210708,20151231,True,unknown,missing_period_unit_scope_or_source
0001437749-16-026759,ERII,1421517,20151231,False,unknown,missing_or_conflicting_required_fact
0001636222-16-000029,WING,1636222,20151231,True,unknown,missing_period_unit_scope_or_source
0000837465-16-000014,CALY,837465,20151231,True,unknown,missing_period_unit_scope_or_source
0001437749-16-026817,NRC,70487,20151231,True,unknown,missing_period_unit_scope_or_source
0001174947-16-002165,MSEX,66004,20151231,False,unknown,missing_or_conflicting_required_fact
0000216085-16-000043,HVT,216085,20151231,False,unknown,missing_or_conflicting_required_fact
0001193125-16-493293,RAIL,1320854,20151231,False,unknown,missing_or_conflicting_required_fact
0000912061-16-000018,NHTC,912061,20151231,False,unknown,missing_or_conflicting_required_fact
0001376474-16-000584,OFLX,1317945,20151231,True,unknown,missing_period_unit_scope_or_source
0001193125-16-493372,ASPN,1145986,20151231,False,unknown,missing_or_conflicting_required_fact
0001437749-16-026859,NWPX,1001385,20151231,True,unknown,missing_period_unit_scope_or_source
0001010086-16-000019,SIGA,1010086,20151231,True,unknown,missing_period_unit_scope_or_source
0001047469-16-010784,CRAI,1053706,20151231,False,unknown,missing_or_conflicting_required_fact
0000771266-16-000071,KOPN,771266,20151231,True,unknown,missing_period_unit_scope_or_source
0000897077-16-000097,ALG,897077,20151231,True,unknown,missing_period_unit_scope_or_source
0001047469-16-010788,ACLS,1113232,20151231,False,unknown,missing_or_conflicting_required_fact
0001039399-16-000037,FORM,1039399,20151231,False,unknown,missing_or_conflicting_required_fact
0000949157-16-000164,CENX,949157,20151231,True,unknown,missing_period_unit_scope_or_source
0001108524-16-000053,CRM,1108524,20160131,True,unknown,missing_period_unit_scope_or_source
0001069183-16-000148,AXON,1069183,20151231,True,unknown,missing_period_unit_scope_or_source
0001178253-16-000144,SCYX,1178253,20151231,False,unknown,missing_or_conflicting_required_fact
0001474903-16-000092,BGSF,1474903,20151231,True,unknown,missing_period_unit_scope_or_source
0001206774-16-004815,CASS,708781,20151231,False,unknown,missing_or_conflicting_required_fact
0001193125-16-495411,MCHX,1224133,20151231,True,unknown,missing_period_unit_scope_or_source
0001437749-16-026995,CABO,1632127,20151231,False,unknown,missing_or_conflicting_required_fact
0001047469-16-010837,PENN,921738,20141231,False,unknown,missing_or_conflicting_required_fact
0001130713-16-000071,NXH,1130713,20151231,False,unknown,missing_or_conflicting_required_fact
0001104659-16-103213,WINA,908315,20151231,False,unknown,missing_or_conflicting_required_fact
0000108985-16-000127,YORW,108985,20151231,False,unknown,missing_or_conflicting_required_fact
0001604665-16-000033,WLKP,1604665,20151231,True,unknown,missing_period_unit_scope_or_source
0001193125-16-496705,VICR,751978,20151231,False,unknown,missing_or_conflicting_required_fact
0001193125-16-496744,CBZ,944148,20151231,True,unknown,missing_period_unit_scope_or_source
0001144204-16-086642,PLX,1006281,20151231,True,unknown,missing_period_unit_scope_or_source
0001200375-16-000052,CDXS,1200375,20151231,True,unknown,missing_period_unit_scope_or_source
0001558370-16-003900,XNCR,1326732,20151231,False,unknown,missing_or_conflicting_required_fact
0001628280-16-012417,PEN,1321732,20151231,True,unknown,missing_period_unit_scope_or_source
0001047469-16-010884,SUPN,1356576,20151231,True,unknown,missing_period_unit_scope_or_source
0001558370-16-003908,PLOW,1287213,20151231,False,unknown,missing_or_conflicting_required_fact
0001193125-16-497577,INFU,1337013,20151231,False,unknown,missing_or_conflicting_required_fact
0001487952-16-000067,VPG,1487952,20151231,True,unknown,missing_period_unit_scope_or_source
0001564590-16-014291,WTI,1288403,20151231,False,unknown,missing_or_conflicting_required_fact
0001104659-16-103933,ALNT,46129,20151231,False,unknown,missing_or_conflicting_required_fact
0001193125-16-498539,IBP,1580905,20151231,True,unknown,missing_period_unit_scope_or_source
0001571049-16-012829,MLR,924822,20151231,False,unknown,missing_or_conflicting_required_fact
0001437749-16-027177,TCX,909494,20151231,True,unknown,missing_period_unit_scope_or_source
0001210708-16-000042,STRRP,1210708,20151231,True,unknown,missing_period_unit_scope_or_source
0001193125-16-498617,CERS,1020214,20151231,False,unknown,missing_or_conflicting_required_fact
0000850429-16-000117,TG,850429,20151231,True,unknown,missing_period_unit_scope_or_source
0001590364-16-000014,FTAI,1590364,20151231,True,unknown,missing_period_unit_scope_or_source
0001616000-16-000089,XHR,1616000,20151231,True,unknown,missing_period_unit_scope_or_source
0001628280-16-012542,MGPI,835011,20151231,True,unknown,missing_period_unit_scope_or_source
0001193125-16-499184,OCUL,1393434,20151231,False,unknown,missing_or_conflicting_required_fact
0001104659-16-104068,IRMD,1325618,20151231,False,unknown,missing_or_conflicting_required_fact
0001171843-16-008487,ANIK,898437,20151231,True,unknown,missing_period_unit_scope_or_source
0001558370-16-003969,III,1371489,20151231,False,unknown,missing_or_conflicting_required_fact
0001096906-16-001451,UTMD,706698,20151231,False,unknown,missing_or_conflicting_required_fact
0001193125-16-499592,LMAT,1158895,20151231,False,unknown,missing_or_conflicting_required_fact
0001144204-16-087188,WEYS,106532,20151231,False,unknown,missing_or_conflicting_required_fact
0001199835-16-000651,WVVI,838875,20151231,True,unknown,missing_period_unit_scope_or_source
0001564590-16-014416,KRO,1257640,20151231,False,unknown,missing_or_conflicting_required_fact
0001564590-16-014422,AEO,919012,20160131,False,unknown,missing_or_conflicting_required_fact
0001437749-16-027311,FF,1337298,20151231,True,unknown,missing_period_unit_scope_or_source
0001193125-16-500210,RPD,1560327,20151231,False,unknown,missing_or_conflicting_required_fact
0001564590-16-014434,NL,72162,20151231,True,unknown,missing_period_unit_scope_or_source
0001140361-16-057345,LINC,1286613,20151231,True,unknown,missing_period_unit_scope_or_source
0001558370-16-004008,WLFC,1018164,20151231,False,unknown,missing_or_conflicting_required_fact
0001628280-16-012603,CVGI,1290900,20151231,False,unknown,missing_or_conflicting_required_fact
0001069258-16-000059,KTOS,1069258,20151231,False,unknown,missing_or_conflicting_required_fact
0001078782-16-002414,VNRX,93314,20151231,True,unknown,missing_period_unit_scope_or_source
0000034067-16-000072,BOOM,34067,20151231,True,unknown,missing_period_unit_scope_or_source
0001144204-16-087343,STAA,718937,20151231,False,unknown,missing_or_conflicting_required_fact
0001564590-16-014482,RUN,1469367,20151231,False,unknown,missing_or_conflicting_required_fact
0001628280-16-012612,PRTS,1378950,20151231,True,unknown,missing_period_unit_scope_or_source
0001558370-16-004026,MUX,314203,20151231,False,unknown,missing_or_conflicting_required_fact
0001437749-16-027411,MRTN,799167,20151231,True,unknown,missing_period_unit_scope_or_source
0001171486-16-000028,NRP,1171486,20151231,False,unknown,missing_or_conflicting_required_fact
0001104659-16-104377,UFPT,914156,20151231,False,unknown,missing_or_conflicting_required_fact
0001590714-16-000097,ESI,1590714,20151231,False,unknown,missing_or_conflicting_required_fact
0001084991-16-000045,NGS,1084991,20151231,True,unknown,missing_period_unit_scope_or_source
0000863110-16-000040,ARTNA,863110,20151231,False,unknown,missing_or_conflicting_required_fact
0001104659-16-104448,MCRI,907242,20151231,False,unknown,missing_or_conflicting_required_fact
0000027419-16-000043,TGT,27419,20160131,False,unknown,missing_or_conflicting_required_fact
0001193125-16-501371,ADUS,1468328,20151231,False,unknown,missing_or_conflicting_required_fact
0001193125-16-501390,PLPC,80035,20151231,False,unknown,missing_or_conflicting_required_fact
0000101984-16-000062,UEIC,101984,20151231,True,unknown,missing_period_unit_scope_or_source
0001193125-16-501412,GRC,42682,20151231,True,unknown,missing_period_unit_scope_or_source
0001026655-16-000044,CMT,1026655,20151231,True,unknown,missing_period_unit_scope_or_source
0000729580-16-000036,BELFA,729580,20151231,False,unknown,missing_or_conflicting_required_fact
0001564590-16-014562,BLDR,1316835,20151231,True,unknown,missing_period_unit_scope_or_source
0001193125-16-501526,CEVA,1173489,20151231,False,unknown,missing_or_conflicting_required_fact
0001144204-16-087556,HNRG,788965,20151231,True,unknown,missing_period_unit_scope_or_source
0001558370-16-004062,AXTI,1051627,20151231,False,unknown,missing_or_conflicting_required_fact
0001564590-16-014580,FORR,1023313,20151231,False,unknown,missing_or_conflicting_required_fact
0001564590-16-014582,VHI,59255,20151231,False,unknown,missing_or_conflicting_required_fact
0001638833-16-000019,SGRY,1638833,20151231,True,unknown,missing_period_unit_scope_or_source
0001017303-16-000085,TACT,1017303,20151231,True,unknown,missing_period_unit_scope_or_source
0001026608-16-000091,ACU,2098,20151231,True,unknown,missing_period_unit_scope_or_source
0001564590-16-014602,LOCO,1606366,20151231,False,unknown,missing_or_conflicting_required_fact
0001564590-16-014609,DIOD,29002,20151231,False,unknown,missing_or_conflicting_required_fact
0001055726-16-000033,INO,1055726,20151231,True,unknown,missing_period_unit_scope_or_source
0001144204-16-087700,IPAR,822663,20151231,False,unknown,missing_or_conflicting_required_fact
0001171843-16-008548,STRL,874238,20151231,True,unknown,missing_period_unit_scope_or_source
0001193125-16-502868,ZUMZ,1318008,20160131,False,unknown,missing_or_conflicting_required_fact
0001007587-16-000027,KVHI,1007587,20151231,True,unknown,missing_period_unit_scope_or_source
0000727273-16-000047,CDZI,727273,20151231,True,unknown,missing_period_unit_scope_or_source
0001144204-16-087815,SGA,886136,20151231,True,unknown,missing_period_unit_scope_or_source
0000076282-16-000171,PKOH,76282,20151231,True,unknown,missing_period_unit_scope_or_source
0001019687-16-005442,AAOI,1158114,20151231,False,unknown,missing_or_conflicting_required_fact
0001564590-16-014697,FRPT,1611647,20151231,False,unknown,missing_or_conflicting_required_fact
0001564590-16-014699,INGN,1294133,20151231,False,unknown,missing_or_conflicting_required_fact
0001047469-16-011115,VCYT,1384101,20151231,False,unknown,missing_or_conflicting_required_fact
0001193125-16-503534,OSUR,1116463,20151231,False,unknown,missing_or_conflicting_required_fact
0001628280-16-012671,DCO,30305,20151231,True,unknown,missing_period_unit_scope_or_source
0001437749-16-027616,PATK,76605,20151231,True,unknown,missing_period_unit_scope_or_source
0001628280-16-012675,NATR,275053,20151231,False,unknown,missing_or_conflicting_required_fact
0001133311-16-000050,TZOO,1133311,20151231,True,unknown,missing_period_unit_scope_or_source
0001558370-16-004115,TTEC,1013880,20151231,True,unknown,missing_period_unit_scope_or_source
0001171486-16-000031,NRP,1171486,20151231,False,unknown,missing_or_conflicting_required_fact
0001185185-16-003899,STEX,1530766,20151231,True,unknown,missing_period_unit_scope_or_source
0001193125-16-503689,LCUT,874396,20151231,False,unknown,missing_or_conflicting_required_fact
0001144204-16-087901,SRI,1043337,20151231,True,unknown,missing_period_unit_scope_or_source
0001213900-16-011585,LIND,1512499,20151231,True,unknown,missing_period_unit_scope_or_source
0001558370-16-004119,GKOS,1192448,20151231,False,unknown,missing_or_conflicting_required_fact
0001022652-16-000089,INSG,1022652,20151231,True,unknown,missing_period_unit_scope_or_source
0001047469-16-011132,PLUG,1093691,20151231,True,unknown,missing_period_unit_scope_or_source
0001193125-16-504538,AP,6176,20151231,False,unknown,missing_or_conflicting_required_fact
0001437749-16-027684,PAMT,798287,20151231,True,unknown,missing_period_unit_scope_or_source
0001019687-16-005463,AGNT,1495932,20151231,False,unknown,missing_or_conflicting_required_fact
0001047469-16-011168,PENN,921738,20151231,False,unknown,missing_or_conflicting_required_fact
0001558370-16-004146,AMPH,1297184,20151231,False,unknown,missing_or_conflicting_required_fact
0001558370-16-004151,CZR,1590895,20151231,False,unknown,missing_or_conflicting_required_fact
0000080172-16-000039,NPK,80172,20151231,False,unknown,missing_or_conflicting_required_fact
0000031107-16-000060,EML,31107,20151231,False,unknown,missing_or_conflicting_required_fact
0001144204-16-088170,REI,1384195,20151231,False,unknown,missing_or_conflicting_required_fact
0001213900-16-011609,OPRX,1448431,20151231,True,unknown,missing_period_unit_scope_or_source
0001601548-16-000082,VVX,1601548,20151231,True,unknown,missing_period_unit_scope_or_source
0001019687-16-005468,AGNT,1495932,20151231,False,unknown,missing_or_conflicting_required_fact
0001144204-16-088182,CLAR,913277,20151231,True,unknown,missing_period_unit_scope_or_source
0001402829-16-000040,ORN,1402829,20151231,True,unknown,missing_period_unit_scope_or_source
0001193805-16-002846,GURE,885462,20151231,True,unknown,missing_period_unit_scope_or_source
0001564590-16-014848,ULH,1308208,20151231,False,unknown,missing_or_conflicting_required_fact
0001144204-16-088200,MED,910329,20151231,True,unknown,missing_period_unit_scope_or_source
0001628280-16-012704,ASPS,1462418,20151231,False,unknown,missing_or_conflicting_required_fact
0001564590-16-014854,BURL,1579298,20160131,False,unknown,missing_or_conflicting_required_fact
0001213900-16-011620,GNE,1528356,20151231,False,unknown,missing_or_conflicting_required_fact
0001144204-16-088207,WYY,1034760,20151231,True,unknown,missing_period_unit_scope_or_source
0001019687-16-005474,RDNT,790526,20151231,False,unknown,missing_or_conflicting_required_fact
0001062993-16-008358,LTBR,1084554,20151231,True,unknown,missing_period_unit_scope_or_source
0001157523-16-004933,JAKK,1009829,20151231,False,unknown,missing_or_conflicting_required_fact
0001564590-16-014868,NEO,1077183,20151231,False,unknown,missing_or_conflicting_required_fact
0001144204-16-088251,CWCO,928340,20151231,False,unknown,missing_or_conflicting_required_fact
0001144204-16-088262,FBIO,1429260,20151231,False,unknown,missing_or_conflicting_required_fact
0001072613-16-000724,LWAY,814586,20151231,False,unknown,missing_or_conflicting_required_fact
0001564590-16-014881,ZVRA,1434647,20151231,False,unknown,missing_or_conflicting_required_fact
0001279569-16-002939,THM,1134115,20151231,False,unknown,missing_or_conflicting_required_fact
0001562762-16-000357,HCKT,1057379,20151231,False,unknown,missing_or_conflicting_required_fact
0001019687-16-005494,AGNT,1495932,20151231,False,unknown,missing_or_conflicting_required_fact
0000894627-16-000078,EGY,894627,20151231,False,unknown,missing_or_conflicting_required_fact
0001045810-16-000205,NVDA,1045810,20160131,True,unknown,missing_period_unit_scope_or_source
0001628280-16-012736,MGPI,835011,20151231,True,unknown,missing_period_unit_scope_or_source
0001437749-16-027902,BBW,1113809,20151231,True,unknown,missing_period_unit_scope_or_source
0001564590-16-014988,HGBL,849145,20151231,False,unknown,missing_or_conflicting_required_fact
0001558370-16-004222,VYGR,1640266,20151231,False,unknown,missing_or_conflicting_required_fact
0001564590-16-014998,KURA,1422143,20151231,False,unknown,missing_or_conflicting_required_fact
0001564590-16-015048,COKE,317540,20151231,False,unknown,missing_or_conflicting_required_fact
0001553350-16-001731,LWLG,1325964,20151231,False,unknown,missing_or_conflicting_required_fact
0000885639-16-000033,KSS,885639,20160131,True,unknown,missing_period_unit_scope_or_source
0000882508-16-000049,QUIK,882508,20151231,True,unknown,missing_period_unit_scope_or_source
0000105418-16-000069,WMK,105418,20151231,False,unknown,missing_or_conflicting_required_fact
0001558370-16-004252,COLL,1267565,20151231,False,unknown,missing_or_conflicting_required_fact
0001193125-16-510510,FLNT,1460329,20151231,True,unknown,missing_period_unit_scope_or_source
0001078782-16-002445,XRN,1533615,20151231,True,unknown,missing_period_unit_scope_or_source
0000039911-16-000269,GAP,39911,20160131,True,unknown,missing_period_unit_scope_or_source
0001193125-16-511898,CVR,19871,20151231,True,unknown,missing_period_unit_scope_or_source
0001047469-16-011420,DG,29534,20160131,False,unknown,missing_or_conflicting_required_fact
0001387467-16-000158,AOSL,1387467,20150630,True,unknown,missing_period_unit_scope_or_source
0001327811-16-000032,WDAY,1327811,20160131,True,unknown,missing_period_unit_scope_or_source
0001564590-16-015157,CECO,3197,20151231,False,unknown,missing_or_conflicting_required_fact
0000769397-16-000067,ADSK,769397,20160131,True,unknown,missing_period_unit_scope_or_source
0001493152-16-008215,REED,1140215,20151231,True,unknown,missing_period_unit_scope_or_source
0000764478-16-000064,BBY,764478,20160131,True,unknown,missing_period_unit_scope_or_source
0001606909-16-000185,PANL,1606909,20151231,False,unknown,missing_or_conflicting_required_fact
0001079973-16-000870,RIOT,1167419,20151231,False,unknown,missing_or_conflicting_required_fact
0000028917-16-000262,DDS,28917,20160131,False,unknown,missing_or_conflicting_required_fact
0001628280-16-012961,FIVE,1177609,20160131,False,unknown,missing_or_conflicting_required_fact
0001558370-16-004339,NTRA,1604821,20151231,False,unknown,missing_or_conflicting_required_fact
0001628280-16-012998,SIG,832988,20160131,True,unknown,missing_period_unit_scope_or_source
0000354950-16-000060,HD,354950,20160131,True,unknown,missing_period_unit_scope_or_source
0001437749-16-028356,PESI,891532,20151231,True,unknown,missing_period_unit_scope_or_source
0000018255-16-000062,CATO,18255,20160131,True,unknown,missing_period_unit_scope_or_source
0001354488-16-006682,HQI,1140102,20151231,True,unknown,missing_period_unit_scope_or_source
0001193125-16-517521,MHH,1437226,20151231,True,unknown,missing_period_unit_scope_or_source
0001213900-16-011870,ICCC,811641,20151231,True,unknown,missing_period_unit_scope_or_source
0001089063-16-000107,DKS,1089063,20160131,False,unknown,missing_or_conflicting_required_fact
0001534424-16-000661,CLPT,1285550,20151231,False,unknown,missing_or_conflicting_required_fact
0001564590-16-015322,P,1474432,20160131,False,unknown,missing_or_conflicting_required_fact
0001493152-16-008290,IDN,1040896,20151231,True,unknown,missing_period_unit_scope_or_source
0001437749-16-028440,CVU,889348,20151231,True,unknown,missing_period_unit_scope_or_source
0001018840-16-000080,ANF,1018840,20160131,True,unknown,missing_period_unit_scope_or_source
0001052918-16-000893,IDR,1030192,20151231,True,unknown,missing_period_unit_scope_or_source
0001628280-16-013202,SMID,924719,20151231,True,unknown,missing_period_unit_scope_or_source
0000935703-16-000127,DLTR,935703,20160131,True,unknown,missing_period_unit_scope_or_source
0001615774-16-004657,RILYG,1464790,20151231,False,unknown,missing_or_conflicting_required_fact
0001301787-16-000147,BXC,1301787,20151231,True,unknown,missing_period_unit_scope_or_source
0000075288-16-000080,OXM,75288,20160131,False,unknown,missing_or_conflicting_required_fact
0000060667-16-000276,LOW,60667,20160131,False,unknown,missing_or_conflicting_required_fact
0000745732-16-000037,ROST,745732,20160131,True,unknown,missing_period_unit_scope_or_source
0000091388-16-000064,SFD,91388,20151231,False,unknown,missing_or_conflicting_required_fact
0001193125-16-520642,SLSN,883107,20151231,False,unknown,missing_or_conflicting_required_fact
0001078782-16-002508,ZIVO,1101026,20151231,True,unknown,missing_period_unit_scope_or_source
0001036262-16-000039,INTT,1036262,20151231,False,unknown,missing_or_conflicting_required_fact
0001104659-16-108277,KR,56873,20160131,False,unknown,missing_or_conflicting_required_fact
0001495320-16-000057,VRA,1495320,20160131,True,unknown,missing_period_unit_scope_or_source
0001354488-16-006741,FSI,1069394,20151231,True,unknown,missing_period_unit_scope_or_source
0001193125-16-521419,WMS,1604028,20150331,True,unknown,missing_period_unit_scope_or_source
0001193125-16-521424,TJX,109198,20160131,False,unknown,missing_or_conflicting_required_fact
0001564590-16-015504,SAIC,1571123,20160131,False,unknown,missing_or_conflicting_required_fact
0000014707-16-000090,CAL,14707,20160131,True,unknown,missing_period_unit_scope_or_source
0000891482-16-000028,FLL,891482,20151231,False,unknown,missing_or_conflicting_required_fact
0001144204-16-091106,AMS,744825,20151231,False,unknown,missing_or_conflicting_required_fact
0001493152-16-008366,NEPH,1196298,20151231,False,unknown,missing_or_conflicting_required_fact
0001373670-16-000053,GRBK,1373670,20151231,True,unknown,missing_period_unit_scope_or_source
0001397187-16-000089,LULU,1397187,20160131,True,unknown,missing_period_unit_scope_or_source
0001213900-16-011978,LFMD,948320,20151231,True,unknown,missing_period_unit_scope_or_source
0000794367-16-000221,M,794367,20160131,True,unknown,missing_period_unit_scope_or_source
0001193125-16-523101,ULTA,1403568,20160131,False,unknown,missing_or_conflicting_required_fact
0001171843-16-008910,CAPS,887151,20151231,False,unknown,missing_or_conflicting_required_fact
0001144204-16-091312,AEYE,1362190,20151231,False,unknown,missing_or_conflicting_required_fact
0001185185-16-004066,ASUR,884144,20151231,True,unknown,missing_period_unit_scope_or_source
0000885245-16-000049,BKE,885245,20160131,False,unknown,missing_or_conflicting_required_fact
0001564590-16-015649,BOX,1372612,20160131,False,unknown,missing_or_conflicting_required_fact
0001047469-16-011743,AMPY,1533924,20151231,False,unknown,missing_or_conflicting_required_fact
0001144204-16-091496,VUZI,1463972,20151231,True,unknown,missing_period_unit_scope_or_source
0001144204-16-091505,TSSI,1320760,20151231,False,unknown,missing_or_conflicting_required_fact
0001615774-16-004722,DTST,1419951,20151231,False,unknown,missing_or_conflicting_required_fact
0001477932-16-009335,BCHT,728385,20151231,True,unknown,missing_period_unit_scope_or_source
0001564590-16-015660,RH,1528849,20160131,False,unknown,missing_or_conflicting_required_fact
0001019687-16-005668,PAYS,1496443,20151231,False,unknown,missing_or_conflicting_required_fact
0000018498-16-000065,GCO,18498,20160131,True,unknown,missing_period_unit_scope_or_source
0000095953-16-000165,ACNT,95953,20151231,True,unknown,missing_period_unit_scope_or_source
0001493152-16-008442,ACFN,880984,20151231,True,unknown,missing_period_unit_scope_or_source
0001144204-16-091577,ELA,701719,20151231,False,unknown,missing_or_conflicting_required_fact
0001620533-16-000187,SHAK,1620533,20151231,True,unknown,missing_period_unit_scope_or_source
0001019687-16-005676,RDNT,790526,20151231,False,unknown,missing_or_conflicting_required_fact
0001628280-16-013936,STKS,1399520,20151231,True,unknown,missing_period_unit_scope_or_source
0001437749-16-028700,SNWV,1417663,20151231,True,unknown,missing_period_unit_scope_or_source
0000104169-16-000079,WMT,104169,20160131,True,unknown,missing_period_unit_scope_or_source
0001493761-16-000045,TBCH,1493761,20151231,True,unknown,missing_period_unit_scope_or_source
0001140361-16-059555,PAR,708821,20151231,True,unknown,missing_period_unit_scope_or_source
0001628280-16-013945,TLYS,1524025,20160131,False,unknown,missing_or_conflicting_required_fact
0000721748-16-001134,SKYX,1598981,20151231,True,unknown,missing_period_unit_scope_or_source
0001537435-16-000097,TGEN,1537435,20151231,True,unknown,missing_period_unit_scope_or_source
0001564590-16-015693,INVE,1036044,20151231,True,unknown,missing_period_unit_scope_or_source
0001477932-16-009407,ABAT,1576873,20150930,True,unknown,missing_period_unit_scope_or_source
0001564590-16-015742,MOV,72573,20160131,False,unknown,missing_or_conflicting_required_fact
0001193125-16-525832,URBN,912615,20160131,False,unknown,missing_or_conflicting_required_fact
0001193125-16-525847,WSM,719955,20160131,False,unknown,missing_or_conflicting_required_fact
0001564590-16-015753,VEEV,1393052,20160131,False,unknown,missing_or_conflicting_required_fact
0001428336-16-000041,HQY,1428336,20160131,True,unknown,missing_period_unit_scope_or_source
0001628280-16-013952,SMTC,88941,20160131,False,unknown,missing_or_conflicting_required_fact
0000937098-16-000114,TNET,937098,20151231,False,unknown,missing_or_conflicting_required_fact
0001553350-16-001818,DUOT,1396536,20151231,True,unknown,missing_period_unit_scope_or_source
0001072613-16-000751,EP,887396,20151231,True,unknown,missing_period_unit_scope_or_source
0000799288-16-000122,LE,799288,20160131,True,unknown,missing_period_unit_scope_or_source
0001174947-16-002383,SHOE,895447,20160131,False,unknown,missing_or_conflicting_required_fact
0001564590-16-015942,MLSS,855683,20151231,False,unknown,missing_or_conflicting_required_fact
0001193125-16-533937,MIND,926423,20160131,False,unknown,missing_or_conflicting_required_fact
0001193125-16-534116,PNRG,56868,20151231,False,unknown,missing_or_conflicting_required_fact
0001649744-16-000023,DLTH,1649744,20160131,False,unknown,missing_or_conflicting_required_fact
0001193125-16-536766,OLLI,1639300,20160131,False,unknown,missing_or_conflicting_required_fact
0001564590-16-016120,OOMA,1327688,20160131,False,unknown,missing_or_conflicting_required_fact
0001104659-16-111151,CTRN,1318484,20160131,False,unknown,missing_or_conflicting_required_fact
0001445866-16-001922,RCAT,748268,20151231,False,unknown,missing_or_conflicting_required_fact
0001409171-16-000104,TITN,1409171,20160131,False,unknown,missing_or_conflicting_required_fact
0001354488-16-006987,SMTI,714256,20151231,True,unknown,missing_period_unit_scope_or_source
0001493152-16-008881,SURG,1392694,20151231,True,unknown,missing_period_unit_scope_or_source
0001079974-16-001127,ATLX,1540684,20151231,True,unknown,missing_period_unit_scope_or_source
0001615774-16-004967,BSIN,101594,20151231,True,unknown,missing_period_unit_scope_or_source
0001415889-16-005539,FTLF,1374328,20151231,True,unknown,missing_period_unit_scope_or_source
0001493152-16-008938,PROP,1162896,20151231,True,unknown,missing_period_unit_scope_or_source
0001104659-16-111566,AGX,100591,20160131,True,unknown,missing_period_unit_scope_or_source
0001185185-16-004265,HOFT,1077688,20160131,True,unknown,missing_period_unit_scope_or_source
0001564590-16-016328,NEO,1077183,20151231,False,unknown,missing_or_conflicting_required_fact
0000008947-16-000189,AZZ,8947,20160229,True,unknown,missing_period_unit_scope_or_source
0001493152-16-009105,MAMA,1520358,20160131,True,unknown,missing_period_unit_scope_or_source
0001144204-16-095568,LAKE,798081,20160131,False,unknown,missing_or_conflicting_required_fact
0001170010-16-000117,KMX,1170010,20160229,False,unknown,missing_or_conflicting_required_fact
0001104659-16-113562,MCRI,907242,20151231,False,unknown,missing_or_conflicting_required_fact
0000016918-16-000075,STZ,16918,20160229,False,unknown,missing_or_conflicting_required_fact
0000006845-16-000039,APOG,6845,20160229,False,unknown,missing_or_conflicting_required_fact
0001628280-16-014729,VIRC,751365,20160131,True,unknown,missing_period_unit_scope_or_source
0000914122-16-000052,PPIH,914122,20160131,True,unknown,missing_period_unit_scope_or_source
0001558370-16-005055,HELE,916789,20160229,False,unknown,missing_or_conflicting_required_fact
0000716634-16-000067,RDI,716634,20151231,False,unknown,missing_or_conflicting_required_fact
0000724910-16-000052,NVEC,724910,20160331,False,unknown,missing_or_conflicting_required_fact
0000927653-16-000020,MCK,927653,20160331,True,unknown,missing_period_unit_scope_or_source
0001169561-16-000029,CVLT,1169561,20160331,True,unknown,missing_period_unit_scope_or_source
0001477932-16-010130,WKSP,1096275,20151231,True,unknown,missing_period_unit_scope_or_source
0001193125-16-587329,EBF,33002,20160229,False,unknown,missing_or_conflicting_required_fact
0001161697-16-000829,KRMD,704440,20160229,False,unknown,missing_or_conflicting_required_fact
0001437749-16-031799,PKE,76267,20160229,True,unknown,missing_period_unit_scope_or_source
0001295947-16-000051,PBH,1295947,20160331,True,unknown,missing_period_unit_scope_or_source
0001047469-16-013278,TTWO,946581,20160331,True,unknown,missing_period_unit_scope_or_source
0001443646-16-000138,BAH,1443646,20160331,True,unknown,missing_period_unit_scope_or_source
0001037038-16-000019,RL,1037038,20160331,True,unknown,missing_period_unit_scope_or_source
0000849399-16-000022,GEN,849399,20160331,True,unknown,missing_period_unit_scope_or_source
0001628280-16-016576,FLEX,866374,20160331,True,unknown,missing_period_unit_scope_or_source
0001032975-16-000083,LOGI,1032975,20160331,False,unknown,missing_or_conflicting_required_fact
0000827054-16-000344,MCHP,827054,20160331,False,unknown,missing_or_conflicting_required_fact
0001193125-16-602269,CRUS,772406,20160331,False,unknown,missing_or_conflicting_required_fact
0001562762-16-000396,MNRO,876427,20160331,False,unknown,missing_or_conflicting_required_fact
0000929351-16-000088,STRZ,929351,20160331,True,unknown,missing_period_unit_scope_or_source
0001564590-16-019955,EXP,918646,20160331,False,unknown,missing_or_conflicting_required_fact
0001171520-16-000935,SOTK,806172,20160229,False,unknown,missing_or_conflicting_required_fact
0001022408-16-000072,PLUS,1022408,20160331,False,unknown,missing_or_conflicting_required_fact
0001193125-16-602543,BBSI,902791,20151231,False,unknown,missing_or_conflicting_required_fact
0001140361-16-067258,MOD,67347,20160331,False,unknown,missing_or_conflicting_required_fact
0001564590-16-019999,TDW,98222,20160331,False,unknown,missing_or_conflicting_required_fact
0001193125-16-604149,VSAT,797721,20160331,False,unknown,missing_or_conflicting_required_fact
0001144204-16-105151,RBC,1324948,20160331,False,unknown,missing_or_conflicting_required_fact
0000102037-16-000046,UVV,102037,20160331,True,unknown,missing_period_unit_scope_or_source
0000733269-16-000060,RAMP,733269,20160331,False,unknown,missing_or_conflicting_required_fact
0001628280-16-016851,NTCT,1078075,20160331,False,unknown,missing_or_conflicting_required_fact
0001289308-16-000060,ENS,1289308,20160331,True,unknown,missing_period_unit_scope_or_source
0000910521-16-000058,DECK,910521,20160331,False,unknown,missing_or_conflicting_required_fact
0001604778-16-000175,QRVO,1604778,20160331,True,unknown,missing_period_unit_scope_or_source
0000919574-16-013460,LPG,1596993,20160331,False,unknown,missing_or_conflicting_required_fact
0001136261-16-000496,EGHT,1023731,20160331,False,unknown,missing_or_conflicting_required_fact
0001564590-16-020188,GHM,716314,20160331,False,unknown,missing_or_conflicting_required_fact
0000313143-16-000128,HAE,313143,20160331,True,unknown,missing_period_unit_scope_or_source
0001005229-16-000350,CMCO,1005229,20160331,False,unknown,missing_or_conflicting_required_fact
0000046250-16-000047,HWKN,46250,20160331,True,unknown,missing_period_unit_scope_or_source
0001558370-16-006261,BOOT,1610250,20160331,False,unknown,missing_or_conflicting_required_fact
0001437749-16-033334,MLAB,724004,20160331,False,unknown,missing_or_conflicting_required_fact
0001193125-16-616636,CSW,1624794,20160331,False,unknown,missing_or_conflicting_required_fact
0000088948-16-000051,SENEB,88948,20160331,False,unknown,missing_or_conflicting_required_fact
0001437749-16-033631,NATH,69733,20160331,True,unknown,missing_period_unit_scope_or_source
0001493152-16-010721,IVDA,1397183,20151231,True,unknown,missing_period_unit_scope_or_source
0000078749-16-000080,AGYS,78749,20160331,True,unknown,missing_period_unit_scope_or_source
0001140361-16-069709,MPAA,918251,20160331,True,unknown,missing_period_unit_scope_or_source
0001564590-16-020629,SWBI,1092796,20160430,False,unknown,missing_or_conflicting_required_fact
0001574842-16-000042,HRB,12659,20160430,True,unknown,missing_period_unit_scope_or_source
0001206774-16-006245,TRNS,99302,20160331,False,unknown,missing_or_conflicting_required_fact
0000278166-16-000106,CVCO,278166,20160331,True,unknown,missing_period_unit_scope_or_source
0000091419-16-000007,SJM,91419,20160430,False,unknown,missing_or_conflicting_required_fact
0000915779-16-000171,DAKT,915779,20160430,True,unknown,missing_period_unit_scope_or_source
0001564590-16-020754,NTAP,1002047,20160430,False,unknown,missing_or_conflicting_required_fact
0001193125-16-628942,ORCL,1341439,20160531,False,unknown,missing_or_conflicting_required_fact
0000065270-16-000055,MEI,65270,20160430,True,unknown,missing_period_unit_scope_or_source
0001409375-16-000039,OESX,1409375,20160331,True,unknown,missing_period_unit_scope_or_source
0000726958-16-000258,CASY,726958,20160430,True,unknown,missing_period_unit_scope_or_source
0001613103-16-000093,MDT,1613103,20160430,True,unknown,missing_period_unit_scope_or_source
0001193125-16-634657,KFY,56679,20160430,False,unknown,missing_or_conflicting_required_fact
0000950159-16-000639,TPCS,1328792,20160331,False,unknown,missing_or_conflicting_required_fact
0001558370-16-006514,AVAV,1368622,20160430,False,unknown,missing_or_conflicting_required_fact
0001477932-16-011070,ODYS,1577445,20160331,True,unknown,missing_period_unit_scope_or_source
0001437749-16-034573,AIRTP,353184,20160331,True,unknown,missing_period_unit_scope_or_source
0000107140-16-000050,WLY,107140,20160430,False,unknown,missing_or_conflicting_required_fact
0001437749-16-034621,FRD,39092,20160331,False,unknown,missing_or_conflicting_required_fact
0001564590-16-020955,MSN,32621,20160331,True,unknown,missing_period_unit_scope_or_source
0000780571-16-000059,ITRI,780571,20151231,False,unknown,missing_or_conflicting_required_fact
0001193125-16-638404,GIS,40704,20160531,False,unknown,missing_or_conflicting_required_fact
0001136261-16-000536,EGHT,1023731,20160331,False,unknown,missing_or_conflicting_required_fact
0001047469-16-014299,AIR,1750,20160531,True,unknown,missing_period_unit_scope_or_source
0001038838-16-000272,FRHC,924805,20160331,True,unknown,missing_period_unit_scope_or_source
0001437749-16-035243,FIZZ,69891,20160430,True,unknown,missing_period_unit_scope_or_source
0001157523-16-006084,CULP,723603,20160430,False,unknown,missing_or_conflicting_required_fact
0001628280-16-017613,CAG,23217,20160531,True,unknown,missing_period_unit_scope_or_source
0001193125-16-650267,FDX,1048911,20160531,False,unknown,missing_or_conflicting_required_fact
0001193125-16-653120,KEQU,55529,20160430,False,unknown,missing_or_conflicting_required_fact
0000320187-16-000336,NKE,320187,20160531,True,unknown,missing_period_unit_scope_or_source
0000723531-16-000046,PAYX,723531,20160531,False,unknown,missing_or_conflicting_required_fact
0000940944-16-000116,DRI,940944,20160531,False,unknown,missing_or_conflicting_required_fact
0000866729-16-000030,SCHL,866729,20160531,True,unknown,missing_period_unit_scope_or_source
0001002638-16-000080,OTEX,1002638,20160630,True,unknown,missing_period_unit_scope_or_source
0001193125-16-662209,MSFT,789019,20160630,False,unknown,missing_or_conflicting_required_fact
0001123360-16-000094,GPN,1123360,20160531,True,unknown,missing_period_unit_scope_or_source
0001564590-16-021706,RPM,110621,20160531,False,unknown,missing_or_conflicting_required_fact
0001628280-16-017936,CSBR,771856,20160430,True,unknown,missing_period_unit_scope_or_source
0001387131-16-006220,RELL,355948,20160531,True,unknown,missing_period_unit_scope_or_source
0000723254-16-000050,CTAS,723254,20160531,True,unknown,missing_period_unit_scope_or_source
0001193125-16-664134,NEOG,711377,20160531,False,unknown,missing_or_conflicting_required_fact
0001144204-16-115345,AXR,6207,20160430,True,unknown,missing_period_unit_scope_or_source
0001185185-16-005052,FEIM,39020,20160430,True,unknown,missing_period_unit_scope_or_source
0001275187-16-000034,ANGO,1275187,20160531,True,unknown,missing_period_unit_scope_or_source
0001193125-16-666636,WOR,108516,20160531,False,unknown,missing_or_conflicting_required_fact
0000008670-16-000053,ADP,8670,20160630,True,unknown,missing_period_unit_scope_or_source
0001047469-16-014732,STX,1137789,20160630,True,unknown,missing_period_unit_scope_or_source
0001193125-16-673582,SKY,90896,20160531,True,unknown,missing_period_unit_scope_or_source
0000319201-16-000090,KLAC,319201,20160630,True,unknown,missing_period_unit_scope_or_source
0001193125-16-673607,RMD,943819,20160630,False,unknown,missing_or_conflicting_required_fact
0001437749-16-036767,ETD,896156,20160630,True,unknown,missing_period_unit_scope_or_source
0001383312-16-000108,BR,1383312,20160630,False,unknown,missing_or_conflicting_required_fact
0000080424-16-000212,PG,80424,20160630,True,unknown,missing_period_unit_scope_or_source
0001193125-16-678405,RGP,1084765,20160531,False,unknown,missing_or_conflicting_required_fact
0000055242-16-000060,KMT,55242,20160630,True,unknown,missing_period_unit_scope_or_source
0000721371-16-000277,CAH,721371,20160630,True,unknown,missing_period_unit_scope_or_source
0001193125-16-679975,NWS,1564708,20160630,False,unknown,missing_or_conflicting_required_fact
0001262976-16-000073,CMPR,1262976,20160630,True,unknown,missing_period_unit_scope_or_source
0001104659-16-139345,PCTY,1591698,20160630,False,unknown,missing_or_conflicting_required_fact
0000008858-16-000038,AVT,8858,20160630,False,unknown,missing_or_conflicting_required_fact
0001436126-16-000062,MG,1436126,20160531,False,unknown,missing_or_conflicting_required_fact
0001206774-16-006893,CLX,21076,20160630,True,unknown,missing_period_unit_scope_or_source
0001049521-16-000094,MRCY,1049521,20160630,True,unknown,missing_period_unit_scope_or_source
0000707549-16-000050,LRCX,707549,20160630,False,unknown,missing_or_conflicting_required_fact
0001178913-16-006268,SEDG,1419612,20160630,False,unknown,missing_or_conflicting_required_fact
0001193125-16-684108,FN,1408710,20160630,False,unknown,missing_or_conflicting_required_fact
0000017843-16-000094,CRS,17843,20160630,False,unknown,missing_or_conflicting_required_fact
0001024305-16-000181,COTY,1024305,20160630,True,unknown,missing_period_unit_scope_or_source
0001493152-16-012682,CODA,1334325,20101031,False,unknown,missing_or_conflicting_required_fact
0001116132-16-000026,TPR,1116132,20160630,True,unknown,missing_period_unit_scope_or_source
0001636519-16-000016,MSGS,1636519,20160630,False,unknown,missing_or_conflicting_required_fact
0001564590-16-024561,QNST,1117297,20160630,False,unknown,missing_or_conflicting_required_fact
0001511737-16-000040,UI,1511737,20160630,True,unknown,missing_period_unit_scope_or_source
0001019687-16-007351,LTRX,1114925,20160630,False,unknown,missing_or_conflicting_required_fact
0001104659-16-141179,EL,1001250,20160630,False,unknown,missing_or_conflicting_required_fact
0001193125-16-689942,JBSS,880117,20160630,False,unknown,missing_or_conflicting_required_fact
0000057515-16-000050,MZTI,57515,20160630,True,unknown,missing_period_unit_scope_or_source
0000109563-16-000283,AIT,109563,20160630,True,unknown,missing_period_unit_scope_or_source
0001564590-16-024672,CACI,16058,20160630,False,unknown,missing_or_conflicting_required_fact
0000897101-16-002836,FLXS,37472,20160630,True,unknown,missing_period_unit_scope_or_source
0001606757-16-000065,KE,1606757,20160630,True,unknown,missing_period_unit_scope_or_source
0001502377-16-000031,CTGO,1502377,20160630,True,unknown,missing_period_unit_scope_or_source
0001144204-16-121173,CVSA,730464,20160630,True,unknown,missing_period_unit_scope_or_source
0001564590-16-024739,SYNA,817720,20160630,False,unknown,missing_or_conflicting_required_fact
0000076334-16-000196,PH,76334,20160630,True,unknown,missing_period_unit_scope_or_source
0001437749-16-038127,UFI,100726,20160630,True,unknown,missing_period_unit_scope_or_source
0001564590-16-024750,COHR,820318,20160630,True,unknown,missing_period_unit_scope_or_source
0001387467-16-000204,AOSL,1387467,20160630,True,unknown,missing_period_unit_scope_or_source
0001628280-16-019274,SMCI,1375365,20160630,True,unknown,missing_period_unit_scope_or_source
0000912093-16-000035,VIAV,912093,20160630,True,unknown,missing_period_unit_scope_or_source
0000858877-16-000117,CSCO,858877,20160731,False,unknown,missing_or_conflicting_required_fact
0000812011-16-000115,MTN,812011,20160731,True,unknown,missing_period_unit_scope_or_source
0001415889-16-007230,TRT,732026,20160630,True,unknown,missing_period_unit_scope_or_source
0001020859-16-000356,UNFI,1020859,20160731,False,unknown,missing_or_conflicting_required_fact
0001144204-16-125749,UUU,102109,20160331,False,unknown,missing_or_conflicting_required_fact
0001683168-16-000211,POCI,867840,20160630,False,unknown,missing_or_conflicting_required_fact
0000900075-16-000081,CPRT,900075,20160731,False,unknown,missing_or_conflicting_required_fact
0000074046-16-000094,ODC,74046,20160731,True,unknown,missing_period_unit_scope_or_source
0000909832-16-000032,COST,909832,20160831,False,unknown,missing_or_conflicting_required_fact
0000103595-16-000036,VLGEA,103595,20160731,True,unknown,missing_period_unit_scope_or_source
0001279569-16-004485,UEC,1334933,20160731,False,unknown,missing_or_conflicting_required_fact
0000107687-16-000126,WGO,107687,20160831,True,unknown,missing_period_unit_scope_or_source
0001193125-16-742815,JBL,898293,20160831,True,unknown,missing_period_unit_scope_or_source
0001193125-16-745160,AZO,866787,20160831,False,unknown,missing_or_conflicting_required_fact
0000105132-16-000097,WDFC,105132,20160831,False,unknown,missing_or_conflicting_required_fact
0001213900-16-017726,ZDGE,1667313,20160731,False,unknown,missing_or_conflicting_required_fact
0001628280-16-020309,AAPL,320193,20160930,False,unknown,missing_or_conflicting_required_fact
0001437749-16-040348,UNF,717954,20160831,False,unknown,missing_or_conflicting_required_fact
0001041803-16-000096,PSMT,1041803,20160831,False,unknown,missing_or_conflicting_required_fact
0001144215-16-000287,AYI,1144215,20160831,True,unknown,missing_period_unit_scope_or_source
0001654954-16-003152,PCYO,276720,20160831,True,unknown,missing_period_unit_scope_or_source
0001437749-16-040500,IIIN,764401,20160930,True,unknown,missing_period_unit_scope_or_source
0000006955-16-000084,EPAC,6955,20160831,True,unknown,missing_period_unit_scope_or_source
0000723125-16-000269,MU,723125,20160831,False,unknown,missing_or_conflicting_required_fact
0001467373-16-001080,ACN,1467373,20160831,True,unknown,missing_period_unit_scope_or_source
0001437749-16-040606,FDS,1013237,20160831,True,unknown,missing_period_unit_scope_or_source
0000022444-16-000059,CMC,22444,20160831,True,unknown,missing_period_unit_scope_or_source
0001003078-16-000362,MSM,1003078,20160831,False,unknown,missing_or_conflicting_required_fact
0001615774-16-007936,AUID,1534154,20151231,False,unknown,missing_or_conflicting_required_fact
0001234452-16-000552,QCOM,804328,20160930,True,unknown,missing_period_unit_scope_or_source
0001217160-16-000703,JCTC,885307,20160831,True,unknown,missing_period_unit_scope_or_source
0000823277-16-000065,CHSCL,823277,20160831,True,unknown,missing_period_unit_scope_or_source
0001048695-16-000049,FFIV,1048695,20160930,True,unknown,missing_period_unit_scope_or_source
0001558370-16-009684,DIT,928465,20160930,False,unknown,missing_or_conflicting_required_fact
0000814547-16-000035,FICO,814547,20160930,False,unknown,missing_or_conflicting_required_fact
0000731802-16-000066,ATO,731802,20160930,True,unknown,missing_period_unit_scope_or_source
0000886206-16-000075,FC,886206,20160831,False,unknown,missing_or_conflicting_required_fact
0001683168-16-000633,SLP,1023459,20160831,False,unknown,missing_or_conflicting_required_fact
0000877212-16-000023,ZBRA,877212,20151231,False,unknown,missing_or_conflicting_required_fact
0000886163-16-000239,LGND,886163,20151231,True,unknown,missing_period_unit_scope_or_source
0001376986-16-000080,TVC,1376986,20160930,True,unknown,missing_period_unit_scope_or_source
0001260221-16-000107,TDG,1260221,20160930,False,unknown,missing_or_conflicting_required_fact
0001024478-16-000071,ROK,1024478,20160930,False,unknown,missing_or_conflicting_required_fact
0001047469-16-016719,TEL,1385157,20160930,True,unknown,missing_period_unit_scope_or_source
0001477932-16-013565,MRDN,1437925,20160731,True,unknown,missing_period_unit_scope_or_source
0001126956-16-000144,SR,1126956,20160930,True,unknown,missing_period_unit_scope_or_source
0000915840-16-000135,BZH,915840,20160930,True,unknown,missing_period_unit_scope_or_source
0001403161-16-000058,V,1403161,20160930,True,unknown,missing_period_unit_scope_or_source
0001047469-16-016739,ACM,868857,20160930,False,unknown,missing_or_conflicting_required_fact
0000108312-16-000038,WWD,108312,20160930,False,unknown,missing_or_conflicting_required_fact
0000032604-16-000105,EMR,32604,20160930,True,unknown,missing_period_unit_scope_or_source
0000056978-16-000239,KLIC,56978,20160930,True,unknown,missing_period_unit_scope_or_source
0001564590-16-029427,GEOS,1001115,20160930,False,unknown,missing_or_conflicting_required_fact
0000050725-16-000166,GFF,50725,20160930,False,unknown,missing_or_conflicting_required_fact
0001493594-16-000016,MTSI,1493594,20160930,True,unknown,missing_period_unit_scope_or_source
0000897723-16-000049,SANM,897723,20160930,False,unknown,missing_or_conflicting_required_fact
0000070145-16-000173,NFG,70145,20160930,False,unknown,missing_or_conflicting_required_fact
0000882184-16-000203,DHI,882184,20160930,False,unknown,missing_or_conflicting_required_fact
0000829224-16-000083,SBUX,829224,20160930,True,unknown,missing_period_unit_scope_or_source
0000785786-16-000110,PLXS,785786,20160930,True,unknown,missing_period_unit_scope_or_source
0000857005-16-000071,PTC,857005,20160930,True,unknown,missing_period_unit_scope_or_source
0000100493-16-000281,TSN,100493,20160930,True,unknown,missing_period_unit_scope_or_source
0001032220-16-000249,MMS,1032220,20160930,True,unknown,missing_period_unit_scope_or_source
0001193125-16-773346,APD,2969,20160930,False,unknown,missing_or_conflicting_required_fact
0000006281-16-000097,ADI,6281,20161031,True,unknown,missing_period_unit_scope_or_source
0001564590-16-029571,J,52988,20160930,False,unknown,missing_or_conflicting_required_fact
0001047469-16-016906,TTEK,831641,20160930,False,unknown,missing_or_conflicting_required_fact
0001171843-16-013350,CLFD,796505,20160930,False,unknown,missing_or_conflicting_required_fact
0000775158-16-000405,OSK,775158,20160930,False,unknown,missing_or_conflicting_required_fact
0001140859-16-000022,COR,1140859,20160930,True,unknown,missing_period_unit_scope_or_source
0001171843-16-013352,NTIC,875582,20160831,False,unknown,missing_or_conflicting_required_fact
0000356309-16-000283,NJR,356309,20160930,False,unknown,missing_or_conflicting_required_fact
0000063296-16-000200,MATW,63296,20160930,False,unknown,missing_or_conflicting_required_fact
0000004127-16-000068,SWKS,4127,20160930,False,unknown,missing_or_conflicting_required_fact
0000807882-16-000036,JACK,807882,20160930,True,unknown,missing_period_unit_scope_or_source
0000884614-16-000067,UGI,884614,20160930,True,unknown,missing_period_unit_scope_or_source
0000109177-16-000186,SPB,109177,20160930,True,unknown,missing_period_unit_scope_or_source
0001564590-16-029600,SPH,1005210,20160930,False,unknown,missing_or_conflicting_required_fact
0001628280-16-021658,BDX,10795,20160930,True,unknown,missing_period_unit_scope_or_source
0001564590-16-029604,CBT,16040,20160930,True,unknown,missing_period_unit_scope_or_source
0000833444-16-000216,JCI,833444,20160930,True,unknown,missing_period_unit_scope_or_source
0001047469-16-016935,HP,46765,20160930,True,unknown,missing_period_unit_scope_or_source
0001584509-16-000514,ARMK,1584509,20160930,True,unknown,missing_period_unit_scope_or_source
0000851968-16-000205,MHK,851968,20151231,True,unknown,missing_period_unit_scope_or_source
0001546380-16-000078,SMG,825542,20160930,True,unknown,missing_period_unit_scope_or_source
0001062993-16-012493,LEXX,1348362,20160831,False,unknown,missing_or_conflicting_required_fact
0001144204-16-136902,ESE,866706,20160930,True,unknown,missing_period_unit_scope_or_source
0000720500-16-000116,ASYS,720500,20160930,True,unknown,missing_period_unit_scope_or_source
0001628280-16-021764,CENT,887733,20160930,False,unknown,missing_or_conflicting_required_fact
0001193125-16-783228,GENC,64472,20160930,False,unknown,missing_or_conflicting_required_fact
0000003545-16-000188,ALCO,3545,20160930,True,unknown,missing_period_unit_scope_or_source
0001564590-16-029924,POWL,80420,20160930,False,unknown,missing_or_conflicting_required_fact
0001437749-16-043040,GNSS,924383,20160930,False,unknown,missing_or_conflicting_required_fact
0001193125-16-787480,SGU,1002590,20160930,False,unknown,missing_or_conflicting_required_fact
0001564590-16-029963,WMG,1319161,20160930,False,unknown,missing_or_conflicting_required_fact
0001069533-16-000055,RGCO,1069533,20160930,True,unknown,missing_period_unit_scope_or_source
0001437749-16-043133,NGVC,1547459,20160930,False,unknown,missing_or_conflicting_required_fact
0001193125-16-789187,IESC,1048268,20160930,True,unknown,missing_period_unit_scope_or_source
0000785557-16-000151,DLHC,785557,20160930,False,unknown,missing_or_conflicting_required_fact
0001564590-16-030084,MITK,807863,20160930,False,unknown,missing_or_conflicting_required_fact
0000058361-16-000078,LEE,58361,20160930,False,unknown,missing_or_conflicting_required_fact
0000883241-16-000027,SNPS,883241,20161031,False,unknown,missing_or_conflicting_required_fact
0000849146-16-000207,LFVN,849146,20160630,True,unknown,missing_period_unit_scope_or_source
0001193125-16-790843,INFU,1337013,20151231,False,unknown,missing_or_conflicting_required_fact
0000854775-16-000039,DGII,854775,20160930,True,unknown,missing_period_unit_scope_or_source
0001493152-16-015847,RICK,935419,20160930,False,unknown,missing_or_conflicting_required_fact
0001140361-16-089543,JOUT,788329,20160930,False,unknown,missing_or_conflicting_required_fact
0001437749-16-043338,DJCO,783412,20160930,False,unknown,missing_or_conflicting_required_fact
0001615774-16-008914,AVXL,1314052,20160930,False,unknown,missing_or_conflicting_required_fact
0000876523-16-000217,EZPW,876523,20160930,True,unknown,missing_period_unit_scope_or_source
0001564590-16-030237,NDSN,72331,20161031,False,unknown,missing_or_conflicting_required_fact
0001571049-16-020673,ESOA,1357971,20160930,True,unknown,missing_period_unit_scope_or_source
0001644378-16-000016,RMR,1644378,20160930,False,unknown,missing_or_conflicting_required_fact
0000047217-16-000093,HPQ,47217,20161031,True,unknown,missing_period_unit_scope_or_source
0000006951-16-000068,AMAT,6951,20161031,True,unknown,missing_period_unit_scope_or_source
0000046619-16-000162,HEI,46619,20161031,False,unknown,missing_or_conflicting_required_fact
0001628280-16-022051,HPE,1645590,20161031,True,unknown,missing_period_unit_scope_or_source
0001104659-16-162610,IA,836690,20160930,False,unknown,missing_or_conflicting_required_fact
0001423221-16-000026,NX,1423221,20161031,False,unknown,missing_or_conflicting_required_fact
0001047469-16-017244,DE,315189,20161031,False,unknown,missing_or_conflicting_required_fact
0001601046-16-000077,KEYS,1601046,20161031,False,unknown,missing_or_conflicting_required_fact
0001437749-16-043579,OCC,1000230,20161031,False,unknown,missing_or_conflicting_required_fact
0001090872-16-000082,A,1090872,20161031,False,unknown,missing_or_conflicting_required_fact
0001437749-16-043587,HOV,357294,20161031,False,unknown,missing_or_conflicting_required_fact
0000043920-16-000025,GEF,43920,20161031,True,unknown,missing_period_unit_scope_or_source
0001104659-16-163147,HRL,48465,20161031,False,unknown,missing_or_conflicting_required_fact
0001628280-16-022122,ABM,771497,20161031,True,unknown,missing_period_unit_scope_or_source
0000936395-16-000128,CIEN,936395,20161031,True,unknown,missing_period_unit_scope_or_source
0001047469-16-017295,TTC,737758,20161031,False,unknown,missing_or_conflicting_required_fact
0000711404-16-000042,COO,711404,20161031,True,unknown,missing_period_unit_scope_or_source
0001615774-16-009051,OPXS,1397016,20160930,False,unknown,missing_or_conflicting_required_fact
0001174947-16-003557,BDL,12040,20160930,False,unknown,missing_or_conflicting_required_fact
0000794170-16-000131,TOL,794170,20161031,False,unknown,missing_or_conflicting_required_fact
0001078782-16-004032,ABAT,1576873,20160930,True,unknown,missing_period_unit_scope_or_source
0001144204-17-001161,HURC,315374,20161031,False,unknown,missing_or_conflicting_required_fact
0001144204-17-001591,LMNR,1342423,20161031,False,unknown,missing_or_conflicting_required_fact
0001193125-17-006833,WMS,1604028,20160331,False,unknown,missing_or_conflicting_required_fact
0001437749-17-000650,BRID,14177,20161031,True,unknown,missing_period_unit_scope_or_source
0001681459-17-000013,FTI,1681459,20161231,False,unknown,missing_or_conflicting_required_fact
0000356037-17-000005,CSPI,356037,20160930,True,unknown,missing_period_unit_scope_or_source
0001437749-17-000837,BSET,10329,20161130,True,unknown,missing_period_unit_scope_or_source
0000796343-17-000031,ADBE,796343,20161130,True,unknown,missing_period_unit_scope_or_source
0001628280-17-000327,LEN,920760,20161130,True,unknown,missing_period_unit_scope_or_source
0001104659-17-003385,SUPN,1356576,20151231,True,unknown,missing_period_unit_scope_or_source
0001564590-17-000589,SLB,87347,20161231,False,unknown,missing_or_conflicting_required_fact
0001067701-17-000006,URI,1067701,20161231,True,unknown,missing_period_unit_scope_or_source
0000063754-17-000014,MKC,63754,20161130,True,unknown,missing_period_unit_scope_or_source
0001144204-17-004183,RFIL,740664,20161031,True,unknown,missing_period_unit_scope_or_source
0001628280-17-000496,NFLX,1065280,20161231,True,unknown,missing_period_unit_scope_or_source
0000795266-17-000006,KBH,795266,20161130,True,unknown,missing_period_unit_scope_or_source
0000815097-17-000001,CCL,815097,20161130,True,unknown,missing_period_unit_scope_or_source
0001133421-17-000008,NOC,1133421,20161231,True,unknown,missing_period_unit_scope_or_source
0001437749-17-001382,FUL,39368,20161130,False,unknown,missing_or_conflicting_required_fact
0000822416-17-000008,PHM,822416,20161231,True,unknown,missing_period_unit_scope_or_source
0001047469-17-000461,SLAB,1038074,20161231,False,unknown,missing_or_conflicting_required_fact
0001387467-17-000007,AOSL,1387467,20160630,True,unknown,missing_period_unit_scope_or_source
0001193125-17-028224,UTL,755001,20161231,False,unknown,missing_or_conflicting_required_fact
0001477294-17-000010,ST,1477294,20161231,True,unknown,missing_period_unit_scope_or_source
0000908937-17-000009,SIRI,908937,20161231,False,unknown,missing_or_conflicting_required_fact
0000875045-17-000009,BIIB,875045,20161231,True,unknown,missing_period_unit_scope_or_source
0001037646-17-000004,MTD,1037646,20161231,True,unknown,missing_period_unit_scope_or_source
0001652044-17-000008,GOOG,1652044,20161231,True,unknown,missing_period_unit_scope_or_source
0001326801-17-000007,META,1326801,20161231,True,unknown,missing_period_unit_scope_or_source
0001564590-17-000938,MANH,1056696,20161231,False,unknown,missing_or_conflicting_required_fact
0001193125-17-030512,CCZ,1166691,20161231,True,unknown,missing_period_unit_scope_or_source
0000100885-17-000056,UNP,100885,20161231,False,unknown,missing_or_conflicting_required_fact
0001035267-17-000021,ISRG,1035267,20161231,True,unknown,missing_period_unit_scope_or_source
0000040533-17-000006,GD,40533,20161231,False,unknown,missing_or_conflicting_required_fact
0000815556-17-000009,FAST,815556,20161231,True,unknown,missing_period_unit_scope_or_source
0000702165-17-000018,NSC,702165,20161231,False,unknown,missing_or_conflicting_required_fact
0000024741-17-000011,GLW,24741,20161231,False,unknown,missing_or_conflicting_required_fact
0001065088-17-000007,EBAY,1065088,20161231,True,unknown,missing_period_unit_scope_or_source
0001058090-17-000009,CMG,1058090,20161231,False,unknown,missing_or_conflicting_required_fact
0001666359-17-000005,ARW,7536,20161231,True,unknown,missing_period_unit_scope_or_source
0000842162-17-000006,LEA,842162,20161231,True,unknown,missing_period_unit_scope_or_source
0001104659-17-006823,CMS,811156,20161231,False,unknown,missing_or_conflicting_required_fact
0001467858-17-000028,GM,1467858,20161231,False,unknown,missing_or_conflicting_required_fact
0000045012-17-000047,HAL,45012,20161231,True,unknown,missing_period_unit_scope_or_source
0001193125-17-033300,Z,1617640,20161231,False,unknown,missing_or_conflicting_required_fact
0000092380-17-000029,LUV,92380,20161231,True,unknown,missing_period_unit_scope_or_source
0001564590-17-001121,GHM,716314,20160331,False,unknown,missing_or_conflicting_required_fact
0001370946-17-000006,OC,1370946,20161231,True,unknown,missing_period_unit_scope_or_source
0000055785-17-000017,KMB,55785,20161231,False,unknown,missing_or_conflicting_required_fact
0000012927-17-000006,BA,12927,20161231,True,unknown,missing_period_unit_scope_or_source
0001125376-17-000013,ENSG,1125376,20161231,True,unknown,missing_period_unit_scope_or_source
0001633917-17-000027,PYPL,1633917,20161231,True,unknown,missing_period_unit_scope_or_source
0001408075-17-000011,GPK,1408075,20161231,True,unknown,missing_period_unit_scope_or_source
0000833640-17-000086,POWI,833640,20161231,True,unknown,missing_period_unit_scope_or_source
0000215466-17-000056,CDE,215466,20161231,True,unknown,missing_period_unit_scope_or_source
0001288469-17-000004,MXL,1288469,20161231,True,unknown,missing_period_unit_scope_or_source
0000350698-17-000028,AN,350698,20161231,True,unknown,missing_period_unit_scope_or_source
0000802481-17-000010,PPC,802481,20161231,True,unknown,missing_period_unit_scope_or_source
0000037996-17-000013,F,37996,20161231,False,unknown,missing_or_conflicting_required_fact
0000064040-17-000015,SPGI,64040,20161231,True,unknown,missing_period_unit_scope_or_source
0000908255-17-000011,BWA,908255,20161231,True,unknown,missing_period_unit_scope_or_source
0000764065-17-000021,CLF,764065,20161231,True,unknown,missing_period_unit_scope_or_source
0000936340-17-000064,DTB,936340,20161231,True,unknown,missing_period_unit_scope_or_source
0000094845-17-000012,LEVI,94845,20161130,True,unknown,missing_period_unit_scope_or_source
0000029989-17-000004,OMC,29989,20161231,True,unknown,missing_period_unit_scope_or_source
0000064803-17-000006,CVS,64803,20161231,True,unknown,missing_period_unit_scope_or_source
0001532176-17-000008,REGN,872589,20161231,True,unknown,missing_period_unit_scope_or_source
0000062996-17-000008,MAS,62996,20161231,True,unknown,missing_period_unit_scope_or_source
0001564590-17-001309,HXL,717605,20161231,False,unknown,missing_or_conflicting_required_fact
0001193125-17-036139,SNA,91440,20161231,False,unknown,missing_or_conflicting_required_fact
0001193125-17-036192,LMT,936468,20161231,True,unknown,missing_period_unit_scope_or_source
0001393883-17-000007,DHX,1393883,20161231,True,unknown,missing_period_unit_scope_or_source
0000310764-17-000034,SYK,310764,20161231,True,unknown,missing_period_unit_scope_or_source
0001558370-17-000479,MMM,66740,20161231,False,unknown,missing_or_conflicting_required_fact
0001389050-17-000015,AROC,1389050,20151231,True,unknown,missing_period_unit_scope_or_source
0001437749-17-002050,ULBI,875657,20161231,False,unknown,missing_or_conflicting_required_fact
0001018724-17-000011,AMZN,1018724,20161231,True,unknown,missing_period_unit_scope_or_source
0001324424-17-000006,EXPE,1324424,20161231,True,unknown,missing_period_unit_scope_or_source
0000026780-17-000004,DAN,26780,20161231,False,unknown,missing_or_conflicting_required_fact
0000049826-17-000022,ITW,49826,20161231,False,unknown,missing_or_conflicting_required_fact
0001193125-17-038250,MD,893949,20161231,False,unknown,missing_or_conflicting_required_fact
0001306830-17-000034,CE,1306830,20161231,True,unknown,missing_period_unit_scope_or_source
0001506307-17-000008,KMI,1506307,20161231,True,unknown,missing_period_unit_scope_or_source
0000813672-17-000006,CDNS,813672,20161231,True,unknown,missing_period_unit_scope_or_source
0000215466-17-000058,CDE,215466,20161231,True,unknown,missing_period_unit_scope_or_source
0000029905-17-000011,DOV,29905,20161231,False,unknown,missing_or_conflicting_required_fact
0001564590-17-001395,MSTR,1050446,20161231,False,unknown,missing_or_conflicting_required_fact
0000106640-17-000013,WHR,106640,20161231,True,unknown,missing_period_unit_scope_or_source
0001193125-17-039639,EXC,1109357,20161231,False,unknown,missing_or_conflicting_required_fact
0000026172-17-000007,CMI,26172,20161231,False,unknown,missing_or_conflicting_required_fact
0001558370-17-000547,CSL,790051,20161231,True,unknown,missing_period_unit_scope_or_source
0001000753-17-000007,NSP,1000753,20161231,True,unknown,missing_period_unit_scope_or_source
0001564590-17-001437,PTEN,889900,20161231,False,unknown,missing_or_conflicting_required_fact
0001466258-17-000053,TT,1466258,20161231,True,unknown,missing_period_unit_scope_or_source
0000027904-17-000004,DAL,27904,20161231,True,unknown,missing_period_unit_scope_or_source
0001558370-17-000559,USAC,1522727,20161231,False,unknown,missing_or_conflicting_required_fact
0001628280-17-001192,RHI,315213,20161231,True,unknown,missing_period_unit_scope_or_source
0001110803-17-000014,ILMN,1110803,20161231,True,unknown,missing_period_unit_scope_or_source
0001420800-17-000004,ENOV,1420800,20161231,True,unknown,missing_period_unit_scope_or_source
0001283699-17-000010,TMUS,1283699,20161231,True,unknown,missing_period_unit_scope_or_source
0001413329-17-000014,PM,1413329,20161231,True,unknown,missing_period_unit_scope_or_source
0000277948-17-000009,CSX,277948,20161231,True,unknown,missing_period_unit_scope_or_source
0000024545-17-000005,TAP,24545,20161231,True,unknown,missing_period_unit_scope_or_source
0001100682-17-000003,CRL,1100682,20161231,False,unknown,missing_or_conflicting_required_fact
0001437107-17-000007,WBD,1437107,20161231,False,unknown,missing_or_conflicting_required_fact
0001558370-17-000594,INCY,879169,20161231,False,unknown,missing_or_conflicting_required_fact
0000318154-17-000004,AMGN,318154,20161231,True,unknown,missing_period_unit_scope_or_source
0001079973-17-000118,POWW,1015383,20151231,False,unknown,missing_or_conflicting_required_fact
0000085961-17-000013,R,85961,20161231,False,unknown,missing_or_conflicting_required_fact
0001193125-17-043838,NBIX,914475,20161231,False,unknown,missing_or_conflicting_required_fact
0001603923-17-000050,WFRD,1603923,20161231,True,unknown,missing_period_unit_scope_or_source
0001504337-17-000007,LPX,60519,20161231,True,unknown,missing_period_unit_scope_or_source
0001332349-17-000005,BKD,1332349,20161231,True,unknown,missing_period_unit_scope_or_source
0001552033-17-000014,TRU,1552033,20161231,True,unknown,missing_period_unit_scope_or_source
0001490281-17-000024,GRPN,1490281,20161231,True,unknown,missing_period_unit_scope_or_source
0001282637-17-000005,NEU,1282637,20161231,False,unknown,missing_or_conflicting_required_fact
0001141391-17-000014,MA,1141391,20161231,False,unknown,missing_or_conflicting_required_fact
0001564590-17-001602,DNOW,1599617,20161231,False,unknown,missing_or_conflicting_required_fact
0001564590-17-001607,DVN,1090012,20161231,False,unknown,missing_or_conflicting_required_fact
0000089089-17-000006,SCI,89089,20161231,True,unknown,missing_period_unit_scope_or_source
0001585689-17-000038,HLT,1585689,20161231,True,unknown,missing_period_unit_scope_or_source
0000018230-17-000041,CAT,18230,20161231,False,unknown,missing_or_conflicting_required_fact
0001193125-17-045109,IOSP,1054905,20161231,False,unknown,missing_or_conflicting_required_fact
0001564590-17-001623,NVR,906163,20161231,False,unknown,missing_or_conflicting_required_fact
0000093556-17-000006,SWK,93556,20161231,True,unknown,missing_period_unit_scope_or_source
0000077476-17-000010,PEP,77476,20161231,True,unknown,missing_period_unit_scope_or_source
0001176334-17-000011,MMLP,1176334,20161231,True,unknown,missing_period_unit_scope_or_source
0001618034-17-000005,MOS,1285785,20161231,False,unknown,missing_or_conflicting_required_fact
0001539838-17-000009,FANG,1539838,20161231,False,unknown,missing_or_conflicting_required_fact
0001091667-17-000030,CHTR,1091667,20161231,True,unknown,missing_period_unit_scope_or_source
0001462418-17-000006,ASPS,1462418,20161231,False,unknown,missing_or_conflicting_required_fact
0001628280-17-001423,HUBB,48898,20161231,True,unknown,missing_period_unit_scope_or_source
0001501585-17-000005,HII,1501585,20161231,True,unknown,missing_period_unit_scope_or_source
0001193125-17-046480,WM,823768,20161231,False,unknown,missing_or_conflicting_required_fact
0001514705-17-000001,SXC,1514705,20161231,False,unknown,missing_or_conflicting_required_fact
0001122976-17-000006,AVNT,1122976,20161231,True,unknown,missing_period_unit_scope_or_source
0000030625-17-000046,FLS,30625,20161231,True,unknown,missing_period_unit_scope_or_source
0001468174-17-000010,H,1468174,20161231,False,unknown,missing_or_conflicting_required_fact
0000851205-17-000003,CGNX,851205,20161231,True,unknown,missing_period_unit_scope_or_source
0001193125-17-046698,LOPE,1434588,20161231,False,unknown,missing_or_conflicting_required_fact
0001564590-17-001694,HUBS,1404655,20161231,False,unknown,missing_or_conflicting_required_fact
0001193125-17-046709,IQV,1478242,20161231,False,unknown,missing_or_conflicting_required_fact
0000079879-17-000009,PPG,79879,20161231,True,unknown,missing_period_unit_scope_or_source
0001555280-17-000044,ZTS,1555280,20161231,True,unknown,missing_period_unit_scope_or_source
0001628280-17-001442,PII,931015,20161231,True,unknown,missing_period_unit_scope_or_source
0001193125-17-046742,TTD,1671933,20161231,False,unknown,missing_or_conflicting_required_fact
0000016875-17-000015,CP,16875,20161231,False,unknown,missing_or_conflicting_required_fact
0001047862-17-000029,ED,1047862,20161231,True,unknown,missing_period_unit_scope_or_source
0001500435-17-000013,GPRO,1500435,20161231,True,unknown,missing_period_unit_scope_or_source
0000784977-17-000006,POR,784977,20161231,True,unknown,missing_period_unit_scope_or_source
0001060391-17-000012,RSG,1060391,20161231,True,unknown,missing_period_unit_scope_or_source
0001193125-17-047317,VNDA,1347178,20161231,False,unknown,missing_or_conflicting_required_fact
0001520262-17-000007,ALKS,1520262,20161231,False,unknown,missing_or_conflicting_required_fact
0001579241-17-000009,ALLE,1579241,20161231,True,unknown,missing_period_unit_scope_or_source
0001047469-17-000724,FLR,1124198,20161231,False,unknown,missing_or_conflicting_required_fact
0000050863-17-000012,INTC,50863,20161231,False,unknown,missing_or_conflicting_required_fact
0000103730-17-000007,VSH,103730,20161231,False,unknown,missing_or_conflicting_required_fact
0001492691-17-000009,KNX,1492691,20161231,True,unknown,missing_period_unit_scope_or_source
0000913142-17-000005,BDC,913142,20161231,True,unknown,missing_period_unit_scope_or_source
0001140361-17-008053,MTX,891014,20161231,True,unknown,missing_period_unit_scope_or_source
0000922224-17-000010,PPL,922224,20161231,False,unknown,missing_or_conflicting_required_fact
0001551152-17-000004,ABBV,1551152,20161231,False,unknown,missing_or_conflicting_required_fact
0001534701-17-000051,PSX,1534701,20161231,True,unknown,missing_period_unit_scope_or_source
0001193125-17-047661,LYB,1489393,20161231,True,unknown,missing_period_unit_scope_or_source
0001104657-17-000014,MTRN,1104657,20161231,True,unknown,missing_period_unit_scope_or_source
0000216228-17-000006,ITT,216228,20161231,False,unknown,missing_or_conflicting_required_fact
0000917273-17-000007,RMBS,917273,20161231,True,unknown,missing_period_unit_scope_or_source
0001558370-17-000659,APH,820313,20161231,False,unknown,missing_or_conflicting_required_fact
0001193125-17-047795,AOS,91142,20161231,True,unknown,missing_period_unit_scope_or_source
0000007084-17-000008,ADM,7084,20161231,True,unknown,missing_period_unit_scope_or_source
0000833079-17-000041,MTH,833079,20161231,True,unknown,missing_period_unit_scope_or_source
0001320461-17-000014,CPS,1320461,20161231,True,unknown,missing_period_unit_scope_or_source
0000055135-17-000008,KELYA,55135,20161231,True,unknown,missing_period_unit_scope_or_source
0001564590-17-001763,CC,1627223,20161231,True,unknown,missing_period_unit_scope_or_source
0001193125-17-047937,NOV,1021860,20161231,True,unknown,missing_period_unit_scope_or_source
0001014473-17-000004,VRSN,1014473,20161231,False,unknown,missing_or_conflicting_required_fact
0001597033-17-000026,SABR,1597033,20161231,False,unknown,missing_or_conflicting_required_fact
0001047469-17-000744,ABT,1800,20161231,True,unknown,missing_period_unit_scope_or_source
0000014930-17-000051,BC,14930,20161231,True,unknown,missing_period_unit_scope_or_source
0001101302-17-000005,ENTG,1101302,20161231,True,unknown,missing_period_unit_scope_or_source
0000874716-17-000004,IDXX,874716,20161231,False,unknown,missing_or_conflicting_required_fact
0001193125-17-048059,NSIT,932696,20161231,False,unknown,missing_or_conflicting_required_fact
0001564590-17-001783,TRIP,1526520,20161231,False,unknown,missing_or_conflicting_required_fact
0001099800-17-000008,EW,1099800,20161231,False,unknown,missing_or_conflicting_required_fact
0001193125-17-048122,QSR,1618756,20161231,False,unknown,missing_or_conflicting_required_fact
0001596532-17-000019,ANET,1596532,20161231,True,unknown,missing_period_unit_scope_or_source
0001031203-17-000007,GPI,1031203,20161231,True,unknown,missing_period_unit_scope_or_source
0000861459-17-000012,GVA,861459,20161231,True,unknown,missing_period_unit_scope_or_source
0000732717-17-000021,T,732717,20161231,False,unknown,missing_or_conflicting_required_fact
0001628280-17-001482,WKC,789460,20161231,False,unknown,missing_or_conflicting_required_fact
0001425292-17-000019,UAN,1425292,20161231,False,unknown,missing_or_conflicting_required_fact
0001376139-17-000019,CVI,1376139,20161231,False,unknown,missing_or_conflicting_required_fact
0001193125-17-049156,WSO,105016,20161231,False,unknown,missing_or_conflicting_required_fact
0000068505-17-000002,MSI,68505,20161231,True,unknown,missing_period_unit_scope_or_source
0001090727-17-000011,UPS,1090727,20161231,True,unknown,missing_period_unit_scope_or_source
0001279569-17-000272,RBA,1046102,20161231,False,unknown,missing_or_conflicting_required_fact
0000871763-17-000071,MAN,871763,20161231,False,unknown,missing_or_conflicting_required_fact
0000098362-17-000031,TKR,98362,20161231,True,unknown,missing_period_unit_scope_or_source
0001615774-17-000718,OPXS,1397016,20160930,False,unknown,missing_or_conflicting_required_fact
0001193125-17-049572,TREX,1069878,20161231,False,unknown,missing_or_conflicting_required_fact
0000089089-17-000009,SCI,89089,20161231,True,unknown,missing_period_unit_scope_or_source
0000014272-17-000047,BMY,14272,20161231,True,unknown,missing_period_unit_scope_or_source
0001069202-17-000003,LII,1069202,20161231,True,unknown,missing_period_unit_scope_or_source
0001193125-17-050077,COP,1163165,20161231,True,unknown,missing_period_unit_scope_or_source
0000042888-17-000006,GGG,42888,20161231,False,unknown,missing_or_conflicting_required_fact
0000077360-17-000008,PNR,77360,20161231,True,unknown,missing_period_unit_scope_or_source
0001140361-17-008300,SMP,93389,20161231,True,unknown,missing_period_unit_scope_or_source
0001193125-17-050292,VZ,732712,20161231,True,unknown,missing_period_unit_scope_or_source
0000059478-17-000098,LLY,59478,20161231,True,unknown,missing_period_unit_scope_or_source
0001628280-17-001506,MAR,1048286,20161231,True,unknown,missing_period_unit_scope_or_source
0001000228-17-000011,HSIC,1000228,20161231,False,unknown,missing_or_conflicting_required_fact
0000793952-17-000007,HOG,793952,20161231,True,unknown,missing_period_unit_scope_or_source
0000827052-17-000033,EIX,827052,20161231,False,unknown,missing_or_conflicting_required_fact
0001564590-17-001891,PAYC,1590955,20161231,False,unknown,missing_or_conflicting_required_fact
0001193125-17-050405,PCAR,75362,20161231,False,unknown,missing_or_conflicting_required_fact
0000026324-17-000003,CW,26324,20161231,True,unknown,missing_period_unit_scope_or_source
0001193125-17-050458,MX,1325702,20161231,False,unknown,missing_or_conflicting_required_fact
0001564590-17-001899,AWK,1410636,20161231,True,unknown,missing_period_unit_scope_or_source
0000084748-17-000004,ROG,84748,20161231,True,unknown,missing_period_unit_scope_or_source
0000047111-17-000005,HSY,47111,20161231,True,unknown,missing_period_unit_scope_or_source
0000002488-17-000043,AMD,2488,20161231,True,unknown,missing_period_unit_scope_or_source
0001442145-17-000010,VRSK,1442145,20161231,True,unknown,missing_period_unit_scope_or_source
0001171759-17-000012,RRGB,1171759,20161231,True,unknown,missing_period_unit_scope_or_source
0001558370-17-000721,PZZA,901491,20161231,False,unknown,missing_or_conflicting_required_fact
0001031296-17-000015,FE,1031296,20161231,True,unknown,missing_period_unit_scope_or_source
0001558370-17-000723,CLMB,945983,20161231,False,unknown,missing_or_conflicting_required_fact
0001558370-17-000729,NEM,1164727,20161231,True,unknown,missing_period_unit_scope_or_source
0000104918-17-000053,AVA,104918,20161231,True,unknown,missing_period_unit_scope_or_source
0000092122-17-000007,SO,92122,20161231,False,unknown,missing_or_conflicting_required_fact
0001047469-17-000800,TWLO,1447669,20161231,False,unknown,missing_or_conflicting_required_fact
0001047469-17-000802,UTHR,1082554,20161231,False,unknown,missing_or_conflicting_required_fact
0001041061-17-000016,YUM,1041061,20161231,False,unknown,missing_or_conflicting_required_fact
0001193125-17-051216,AAL,6201,20161231,True,unknown,missing_period_unit_scope_or_source
0001573516-17-000006,MUSA,1573516,20161231,True,unknown,missing_period_unit_scope_or_source
0000107263-17-000003,WMB,107263,20161231,True,unknown,missing_period_unit_scope_or_source
0001164863-17-000006,NPO,1164863,20161231,False,unknown,missing_or_conflicting_required_fact
0001111711-17-000011,NI,1111711,20161231,True,unknown,missing_period_unit_scope_or_source
0001274494-17-000006,FSLR,1274494,20161231,True,unknown,missing_period_unit_scope_or_source
0000355811-17-000013,GNTX,355811,20161231,True,unknown,missing_period_unit_scope_or_source
0001571049-17-001533,OTTR,1466593,20161231,True,unknown,missing_period_unit_scope_or_source
0000078814-17-000003,PBI,78814,20161231,True,unknown,missing_period_unit_scope_or_source
0001558370-17-000769,INGR,1046257,20161231,False,unknown,missing_or_conflicting_required_fact
0000089800-17-000005,SHW,89800,20161231,True,unknown,missing_period_unit_scope_or_source
0001437749-17-002947,PRLB,1443669,20161231,False,unknown,missing_or_conflicting_required_fact
0001104659-17-010809,TXT,217346,20161231,True,unknown,missing_period_unit_scope_or_source
0001262823-17-000008,WLK,1262823,20161231,True,unknown,missing_period_unit_scope_or_source
0001551182-17-000014,ETN,1551182,20161231,False,unknown,missing_or_conflicting_required_fact
0000749251-17-000005,IT,749251,20161231,True,unknown,missing_period_unit_scope_or_source
0001280058-17-000006,BLKB,1280058,20161231,True,unknown,missing_period_unit_scope_or_source
0001022079-17-000032,DGX,1022079,20161231,True,unknown,missing_period_unit_scope_or_source
0000783324-17-000005,VGZ,783324,20161231,False,unknown,missing_or_conflicting_required_fact
0000860731-17-000006,TYL,860731,20161231,False,unknown,missing_or_conflicting_required_fact
0001309402-17-000046,GPRE,1309402,20161231,True,unknown,missing_period_unit_scope_or_source
0001193125-17-052143,HAS,46080,20161231,True,unknown,missing_period_unit_scope_or_source
0000822818-17-000006,CLH,822818,20161231,False,unknown,missing_or_conflicting_required_fact
0001546417-17-000012,BLMN,1546417,20161231,True,unknown,missing_period_unit_scope_or_source
0001365135-17-000008,WU,1365135,20161231,False,unknown,missing_or_conflicting_required_fact
0000912728-17-000036,FWRD,912728,20161231,True,unknown,missing_period_unit_scope_or_source
0000811596-17-000008,KALU,811596,20161231,True,unknown,missing_period_unit_scope_or_source
0000033185-17-000008,EFX,33185,20161231,True,unknown,missing_period_unit_scope_or_source
0000040211-17-000012,GATX,40211,20161231,True,unknown,missing_period_unit_scope_or_source
0000850429-17-000018,TG,850429,20161231,True,unknown,missing_period_unit_scope_or_source
0000051434-17-000007,IP,51434,20161231,True,unknown,missing_period_unit_scope_or_source
0001104659-17-010878,VECO,103145,20161231,False,unknown,missing_or_conflicting_required_fact
0001174947-17-000224,RGR,95029,20161231,False,unknown,missing_or_conflicting_required_fact
0001615774-17-000765,GRMN,1121788,20161231,False,unknown,missing_or_conflicting_required_fact
0001558370-17-000793,IRWD,1446847,20161231,False,unknown,missing_or_conflicting_required_fact
0000929008-17-000005,WCC,929008,20161231,True,unknown,missing_period_unit_scope_or_source
0001193125-17-052253,HCA,860730,20161231,False,unknown,missing_or_conflicting_required_fact
0001564590-17-002025,RRC,315852,20161231,False,unknown,missing_or_conflicting_required_fact
0001441236-17-000002,CLW,1441236,20161231,True,unknown,missing_period_unit_scope_or_source
0000785161-17-000009,EHC,785161,20161231,True,unknown,missing_period_unit_scope_or_source
0000071691-17-000003,NYT,71691,20161231,True,unknown,missing_period_unit_scope_or_source
0001021635-17-000013,OGE,1021635,20161231,False,unknown,missing_or_conflicting_required_fact
0001193125-17-052422,IMO,49938,20161231,False,unknown,missing_or_conflicting_required_fact
0000072741-17-000007,ES,72741,20161231,True,unknown,missing_period_unit_scope_or_source
0001564590-17-002097,NVCR,1645113,20161231,False,unknown,missing_or_conflicting_required_fact
0001193125-17-052888,ALV,1034670,20161231,False,unknown,missing_or_conflicting_required_fact
0001564590-17-002101,IRDM,1418819,20161231,False,unknown,missing_or_conflicting_required_fact
0001193125-17-052899,CNK,1385280,20161231,False,unknown,missing_or_conflicting_required_fact
0001437749-17-003024,SGC,95574,20161231,False,unknown,missing_or_conflicting_required_fact
0001070423-17-000003,PAA,1070423,20161231,False,unknown,missing_or_conflicting_required_fact
0000105634-17-000043,EME,105634,20161231,True,unknown,missing_period_unit_scope_or_source
0001400891-17-000005,IHRT,1400891,20161231,True,unknown,missing_period_unit_scope_or_source
0001111335-17-000003,VC,1111335,20161231,True,unknown,missing_period_unit_scope_or_source
0001581990-17-000004,PAGP,1581990,20161231,False,unknown,missing_or_conflicting_required_fact
0001057877-17-000035,IDA,1057877,20161231,True,unknown,missing_period_unit_scope_or_source
0000096943-17-000014,TFX,96943,20161231,False,unknown,missing_or_conflicting_required_fact
0001564590-17-002108,SFM,1575515,20161231,False,unknown,missing_or_conflicting_required_fact
0001140361-17-008738,SXT,310142,20161231,True,unknown,missing_period_unit_scope_or_source
0001524472-17-000008,XYL,1524472,20161231,True,unknown,missing_period_unit_scope_or_source
0000093410-17-000013,CVX,93410,20161231,True,unknown,missing_period_unit_scope_or_source
0001437749-17-003050,HL,719413,20161231,True,unknown,missing_period_unit_scope_or_source
0000832101-17-000016,IEX,832101,20161231,True,unknown,missing_period_unit_scope_or_source
0001193125-17-053600,AME,1037868,20161231,False,unknown,missing_or_conflicting_required_fact
0001564590-17-002142,TXN,97476,20161231,False,unknown,missing_or_conflicting_required_fact
0001437749-17-003062,CVEO,1590584,20161231,False,unknown,missing_or_conflicting_required_fact
0001140361-17-008777,KEX,56047,20161231,False,unknown,missing_or_conflicting_required_fact
0001486159-17-000009,CHRD,1486159,20161231,True,unknown,missing_period_unit_scope_or_source
0001324404-17-000007,CF,1324404,20161231,False,unknown,missing_or_conflicting_required_fact
0001637459-17-000007,KHC,1637459,20161231,True,unknown,missing_period_unit_scope_or_source
0001558370-17-000849,SHO,1295810,20161231,False,unknown,missing_or_conflicting_required_fact
0000824142-17-000034,AAON,824142,20161231,False,unknown,missing_or_conflicting_required_fact
0001047469-17-000881,AVY,8818,20161231,False,unknown,missing_or_conflicting_required_fact
0000875320-17-000017,VRTX,875320,20161231,True,unknown,missing_period_unit_scope_or_source
0001628280-17-001638,MAT,63276,20161231,True,unknown,missing_period_unit_scope_or_source
0001564590-17-002183,THRM,903129,20161231,False,unknown,missing_or_conflicting_required_fact
0001035002-17-000009,VLO,1035002,20161231,True,unknown,missing_period_unit_scope_or_source
0000753308-17-000060,NEE,753308,20161231,True,unknown,missing_period_unit_scope_or_source
0001603145-17-000013,XIFR,1603145,20161231,False,unknown,missing_or_conflicting_required_fact
0001336917-17-000017,UAA,1336917,20161231,True,unknown,missing_period_unit_scope_or_source
0001193125-17-053986,LNTH,1521036,20161231,False,unknown,missing_or_conflicting_required_fact
0000885725-17-000006,BSX,885725,20161231,False,unknown,missing_or_conflicting_required_fact
0000021665-17-000002,CL,21665,20161231,True,unknown,missing_period_unit_scope_or_source
0001564590-17-002207,PRDO,1046568,20161231,True,unknown,missing_period_unit_scope_or_source
0001050797-17-000013,COLM,1050797,20161231,True,unknown,missing_period_unit_scope_or_source
0001136893-17-000008,FIS,1136893,20161231,True,unknown,missing_period_unit_scope_or_source
0001437749-17-003083,JBHT,728535,20161231,False,unknown,missing_or_conflicting_required_fact
0001558370-17-000882,FIX,1035983,20161231,False,unknown,missing_or_conflicting_required_fact
0000746515-17-000007,EXPD,746515,20161231,True,unknown,missing_period_unit_scope_or_source
0000793074-17-000016,WERN,793074,20161231,True,unknown,missing_period_unit_scope_or_source
0001445305-17-000008,WK,1445305,20161231,True,unknown,missing_period_unit_scope_or_source
0000078003-17-000014,PFE,78003,20161231,True,unknown,missing_period_unit_scope_or_source
0001289848-17-000014,HURN,1289848,20161231,False,unknown,missing_or_conflicting_required_fact
0001335258-17-000031,LYV,1335258,20161231,True,unknown,missing_period_unit_scope_or_source
0001389050-17-000028,AROC,1389050,20161231,True,unknown,missing_period_unit_scope_or_source
0001060822-17-000008,CRI,1060822,20161231,True,unknown,missing_period_unit_scope_or_source
0001558370-17-000899,SENS,1616543,20161231,False,unknown,missing_or_conflicting_required_fact
0000798354-17-000006,FISV,798354,20161231,False,unknown,missing_or_conflicting_required_fact
0001587732-17-000011,OGS,1587732,20161231,True,unknown,missing_period_unit_scope_or_source
0001193125-17-054129,UAL,100517,20161231,False,unknown,missing_or_conflicting_required_fact
0001564590-17-002240,BAX,10456,20161231,True,unknown,missing_period_unit_scope_or_source
0001035201-17-000003,CWT,1035201,20161231,False,unknown,missing_or_conflicting_required_fact
0001016281-17-000018,CSV,1016281,20161231,False,unknown,missing_or_conflicting_required_fact
0000906553-17-000013,BYD,906553,20161231,True,unknown,missing_period_unit_scope_or_source
0001193125-17-054210,IMAX,921582,20161231,True,unknown,missing_period_unit_scope_or_source
0000884887-17-000020,RCL,884887,20161231,True,unknown,missing_period_unit_scope_or_source
0000916365-17-000031,TSCO,916365,20161231,True,unknown,missing_period_unit_scope_or_source
0001193125-17-054220,RGEN,730272,20161231,False,unknown,missing_or_conflicting_required_fact
0001357615-17-000035,KBR,1357615,20161231,True,unknown,missing_period_unit_scope_or_source
0001679268-17-000006,TUSK,1679268,20161231,True,unknown,missing_period_unit_scope_or_source
0001057352-17-000008,CSGP,1057352,20161231,True,unknown,missing_period_unit_scope_or_source
0001328581-17-000012,BCC,1328581,20161231,False,unknown,missing_or_conflicting_required_fact
0001580808-17-000013,ATEN,1580808,20161231,True,unknown,missing_period_unit_scope_or_source
0000008063-17-000004,ATRO,8063,20161231,False,unknown,missing_or_conflicting_required_fact
0000078890-17-000013,BCO,78890,20161231,True,unknown,missing_period_unit_scope_or_source
0000015615-17-000007,MTZ,15615,20161231,True,unknown,missing_period_unit_scope_or_source
0000927003-17-000010,AEIS,927003,20161231,True,unknown,missing_period_unit_scope_or_source
0001140361-17-008936,TROX,1530804,20161231,False,unknown,missing_or_conflicting_required_fact
0001415404-17-000010,ECHO,1415404,20161231,False,unknown,missing_or_conflicting_required_fact
0001193125-17-054522,MCO,1059556,20161231,True,unknown,missing_period_unit_scope_or_source
0001558370-17-000944,ECL,31462,20161231,False,unknown,missing_or_conflicting_required_fact
0000088205-17-000008,SPXC,88205,20161231,True,unknown,missing_period_unit_scope_or_source
0001193125-17-055058,TTMI,1116942,20161231,False,unknown,missing_or_conflicting_required_fact
0000764622-17-000010,PNW,764622,20161231,False,unknown,missing_or_conflicting_required_fact
0000821130-17-000010,UZD,821130,20161231,False,unknown,missing_or_conflicting_required_fact
0001174922-17-000027,WYNN,1174922,20161231,True,unknown,missing_period_unit_scope_or_source
0001564590-17-002318,SAIA,1177702,20161231,False,unknown,missing_or_conflicting_required_fact
0001558370-17-000947,MATX,3453,20161231,False,unknown,missing_or_conflicting_required_fact
0001061219-17-000008,EPD,1061219,20161231,False,unknown,missing_or_conflicting_required_fact
0001047469-17-000932,CCOI,1158324,20161231,False,unknown,missing_or_conflicting_required_fact
0000832428-17-000010,SSP,832428,20161231,True,unknown,missing_period_unit_scope_or_source
0001564590-17-002326,CHD,313927,20161231,False,unknown,missing_or_conflicting_required_fact
0001171200-17-000077,ROL,84839,20161231,False,unknown,missing_or_conflicting_required_fact
0001161728-17-000004,MGEE,1161728,20161231,False,unknown,missing_or_conflicting_required_fact
0001396009-17-000005,VMC,1396009,20161231,True,unknown,missing_period_unit_scope_or_source
0000071829-17-000011,NPKI,71829,20161231,True,unknown,missing_period_unit_scope_or_source
0000021344-17-000009,KO,21344,20161231,True,unknown,missing_period_unit_scope_or_source
0000945841-17-000028,POOL,945841,20161231,True,unknown,missing_period_unit_scope_or_source
0001564590-17-002336,MSCI,1408198,20161231,True,unknown,missing_period_unit_scope_or_source
0001558370-17-000970,WTS,795403,20161231,False,unknown,missing_or_conflicting_required_fact
0001193125-17-055858,MDLZ,1103982,20161231,True,unknown,missing_period_unit_scope_or_source
0000831259-17-000012,FCX,831259,20161231,False,unknown,missing_or_conflicting_required_fact
0000065984-17-000067,ETR,65984,20161231,True,unknown,missing_period_unit_scope_or_source
0001362468-17-000006,ALGT,1362468,20161231,True,unknown,missing_period_unit_scope_or_source
0001018963-17-000007,ATI,1018963,20161231,True,unknown,missing_period_unit_scope_or_source
0000352541-17-000017,LNT,352541,20161231,True,unknown,missing_period_unit_scope_or_source
0001193125-17-056016,ACHC,1520697,20161231,True,unknown,missing_period_unit_scope_or_source
0001219601-17-000009,CCK,1219601,20161231,True,unknown,missing_period_unit_scope_or_source
0001510295-17-000017,MPC,1510295,20161231,True,unknown,missing_period_unit_scope_or_source
0001552000-17-000012,MPLX,1552000,20161231,True,unknown,missing_period_unit_scope_or_source
0000104889-17-000010,GHC,104889,20161231,True,unknown,missing_period_unit_scope_or_source
0001193125-17-056079,ALSN,1411207,20161231,False,unknown,missing_or_conflicting_required_fact
0000027996-17-000028,DLX,27996,20161231,False,unknown,missing_or_conflicting_required_fact
0000866829-17-000006,HOS,866829,20161231,False,unknown,missing_or_conflicting_required_fact
0000072903-17-000008,XEL,72903,20161231,True,unknown,missing_period_unit_scope_or_source
0001558370-17-000994,RS,861884,20161231,False,unknown,missing_or_conflicting_required_fact
0001336920-17-000014,LDOS,1336920,20161231,False,unknown,missing_or_conflicting_required_fact
0001047127-17-000011,AMKR,1047127,20161231,True,unknown,missing_period_unit_scope_or_source
0001193125-17-056239,WAT,1000697,20161231,False,unknown,missing_or_conflicting_required_fact
0001193125-17-056249,LSTR,853816,20161231,False,unknown,missing_or_conflicting_required_fact
0000078128-17-000002,WTRG,78128,20161231,True,unknown,missing_period_unit_scope_or_source
0001193125-17-056282,MLM,916076,20161231,True,unknown,missing_period_unit_scope_or_source
0000768899-17-000008,TBI,768899,20161231,True,unknown,missing_period_unit_scope_or_source
0000003570-17-000052,LNG,3570,20161231,True,unknown,missing_period_unit_scope_or_source
0001383650-17-000011,CQP,1383650,20161231,True,unknown,missing_period_unit_scope_or_source
0001558370-17-001005,PAG,1019849,20161231,False,unknown,missing_or_conflicting_required_fact
0001193125-17-056299,PEGA,1013857,20161231,False,unknown,missing_or_conflicting_required_fact
0001437749-17-003237,GNRC,1474735,20161231,True,unknown,missing_period_unit_scope_or_source
0000930420-17-000053,KFRC,930420,20161231,True,unknown,missing_period_unit_scope_or_source
0001206264-17-000021,SGI,1206264,20161231,True,unknown,missing_period_unit_scope_or_source
0000070866-17-000013,VYX,70866,20161231,False,unknown,missing_or_conflicting_required_fact
0001122904-17-000073,NTGR,1122904,20161231,True,unknown,missing_period_unit_scope_or_source
0000059527-17-000006,LECO,59527,20161231,False,unknown,missing_or_conflicting_required_fact
0000717423-17-000005,MUR,717423,20161231,False,unknown,missing_or_conflicting_required_fact
0001107843-17-000003,QLYS,1107843,20161231,True,unknown,missing_period_unit_scope_or_source
0001552275-17-000012,SUN,1552275,20161231,False,unknown,missing_or_conflicting_required_fact
0001326160-17-000016,DUK,1326160,20161231,True,unknown,missing_period_unit_scope_or_source
0001000623-17-000036,MATV,1000623,20161231,True,unknown,missing_period_unit_scope_or_source
0001514991-17-000006,AMCX,1514991,20161231,False,unknown,missing_or_conflicting_required_fact
0001300514-17-000005,LVS,1300514,20161231,False,unknown,missing_or_conflicting_required_fact
0001597672-17-000013,RYAM,1597672,20161231,True,unknown,missing_period_unit_scope_or_source
0001590364-17-000004,FTAI,1590364,20161231,True,unknown,missing_period_unit_scope_or_source
0001562762-17-000024,MELI,1099590,20161231,False,unknown,missing_or_conflicting_required_fact
0001564590-17-002409,DVA,927066,20161231,False,unknown,missing_or_conflicting_required_fact
0001564590-17-002413,KOP,1315257,20161231,True,unknown,missing_period_unit_scope_or_source
0001534504-17-000017,PBF,1534504,20161231,True,unknown,missing_period_unit_scope_or_source
0001276187-17-000023,ET,1276187,20161231,True,unknown,missing_period_unit_scope_or_source
0001558370-17-001016,PENN,921738,20161231,False,unknown,missing_or_conflicting_required_fact
0001564590-17-002423,ADTN,926282,20161231,False,unknown,missing_or_conflicting_required_fact
0001171843-17-001121,ANIK,898437,20161231,True,unknown,missing_period_unit_scope_or_source
0001564590-17-002435,HUBG,940942,20161231,False,unknown,missing_or_conflicting_required_fact
0001558370-17-001021,TXRH,1289460,20161231,False,unknown,missing_or_conflicting_required_fact
0000040545-17-000010,GE,40545,20161231,True,unknown,missing_period_unit_scope_or_source
0000864749-17-000007,TRMB,864749,20161231,False,unknown,missing_or_conflicting_required_fact
0001564590-17-002442,CRK,23194,20161231,False,unknown,missing_or_conflicting_required_fact
0000874761-17-000003,AES,874761,20161231,True,unknown,missing_period_unit_scope_or_source
0000837465-17-000002,CALY,837465,20161231,True,unknown,missing_period_unit_scope_or_source
0000097216-17-000029,TEX,97216,20161231,True,unknown,missing_period_unit_scope_or_source
0001564590-17-002476,SAH,1043509,20161231,True,unknown,missing_period_unit_scope_or_source
0001130464-17-000010,BKH,1130464,20161231,False,unknown,missing_or_conflicting_required_fact
0001628280-17-001754,XYZ,1512673,20161231,True,unknown,missing_period_unit_scope_or_source
0001564590-17-002483,BMRN,1048477,20161231,False,unknown,missing_or_conflicting_required_fact
0000096223-17-000009,JEF,96223,20161231,True,unknown,missing_period_unit_scope_or_source
0001144204-17-011069,WCN,1318220,20161231,False,unknown,missing_or_conflicting_required_fact
0001021561-17-000019,NUS,1021561,20161231,False,unknown,missing_or_conflicting_required_fact
0001549346-17-000007,SSTK,1549346,20161231,False,unknown,missing_or_conflicting_required_fact
0000920148-17-000018,LH,920148,20161231,True,unknown,missing_period_unit_scope_or_source
0001101215-17-000063,BFH,1101215,20161231,False,unknown,missing_or_conflicting_required_fact
0001558370-17-001046,TR,98677,20161231,False,unknown,missing_or_conflicting_required_fact
0001157523-17-000638,CHE,19584,20161231,False,unknown,missing_or_conflicting_required_fact
0001193125-17-058457,GOGO,1537054,20161231,False,unknown,missing_or_conflicting_required_fact
0001193125-17-058492,DORM,868780,20161231,False,unknown,missing_or_conflicting_required_fact
0000764180-17-000028,MO,764180,20161231,True,unknown,missing_period_unit_scope_or_source
0000882835-17-000006,ROP,882835,20161231,False,unknown,missing_or_conflicting_required_fact
0000915389-17-000014,EMN,915389,20161231,True,unknown,missing_period_unit_scope_or_source
0000040987-17-000007,GPC,40987,20161231,False,unknown,missing_or_conflicting_required_fact
0001558370-17-001060,ATR,896622,20161231,False,unknown,missing_or_conflicting_required_fact
0001571049-17-001650,NCLH,1513761,20161231,False,unknown,missing_or_conflicting_required_fact
0000816761-17-000010,TDC,816761,20161231,True,unknown,missing_period_unit_scope_or_source
0001558370-17-001066,SKYW,793733,20161231,False,unknown,missing_or_conflicting_required_fact
0001564590-17-002567,LXU,60714,20161231,False,unknown,missing_or_conflicting_required_fact
0000939767-17-000019,EXEL,939767,20161231,True,unknown,missing_period_unit_scope_or_source
0001564590-17-002569,OFIX,884624,20161231,True,unknown,missing_period_unit_scope_or_source
0001433195-17-000010,APPF,1433195,20161231,True,unknown,missing_period_unit_scope_or_source
0000851968-17-000020,MHK,851968,20161231,True,unknown,missing_period_unit_scope_or_source
0000882095-17-000006,GILD,882095,20161231,True,unknown,missing_period_unit_scope_or_source
0000712034-17-000012,ACCO,712034,20161231,True,unknown,missing_period_unit_scope_or_source
0001437749-17-003344,LFUS,889331,20161231,True,unknown,missing_period_unit_scope_or_source
0001558370-17-001072,TCMD,1027838,20161231,False,unknown,missing_or_conflicting_required_fact
0001558370-17-001073,AXTI,1051627,20161231,False,unknown,missing_or_conflicting_required_fact
0001144204-17-011303,WNC,879526,20161231,False,unknown,missing_or_conflicting_required_fact
0001558370-17-001079,THC,70318,20161231,False,unknown,missing_or_conflicting_required_fact
0001193125-17-059135,HSTM,1095565,20161231,False,unknown,missing_or_conflicting_required_fact
0000878927-17-000005,ODFL,878927,20161231,True,unknown,missing_period_unit_scope_or_source
0001486957-17-000007,BWXT,1486957,20161231,False,unknown,missing_or_conflicting_required_fact
0000200406-17-000006,JNJ,200406,20161231,True,unknown,missing_period_unit_scope_or_source
0000877212-17-000009,ZBRA,877212,20161231,False,unknown,missing_or_conflicting_required_fact
0000821189-17-000017,EOG,821189,20161231,True,unknown,missing_period_unit_scope_or_source
0001069258-17-000009,KTOS,1069258,20161231,False,unknown,missing_or_conflicting_required_fact
0001075531-17-000009,BKNG,1075531,20161231,False,unknown,missing_or_conflicting_required_fact
0001046311-17-000006,CHH,1046311,20161231,True,unknown,missing_period_unit_scope_or_source
0001193125-17-059313,SPSC,1092699,20161231,False,unknown,missing_or_conflicting_required_fact
0001564590-17-002599,DIOD,29002,20161231,False,unknown,missing_or_conflicting_required_fact
0000788784-17-000003,PEG,788784,20161231,True,unknown,missing_period_unit_scope_or_source
0001065696-17-000005,LKQ,1065696,20161231,True,unknown,missing_period_unit_scope_or_source
0000915913-17-000010,ALB,915913,20161231,True,unknown,missing_period_unit_scope_or_source
0001042893-17-000004,INVX,1042893,20161231,True,unknown,missing_period_unit_scope_or_source
0001145197-17-000005,PODD,1145197,20161231,True,unknown,missing_period_unit_scope_or_source
0000074303-17-000026,OLN,74303,20161231,True,unknown,missing_period_unit_scope_or_source
0001564590-17-002622,USFD,1665918,20161231,False,unknown,missing_or_conflicting_required_fact
0000863436-17-000003,BHE,863436,20161231,False,unknown,missing_or_conflicting_required_fact
0000004904-17-000019,AEP,4904,20161231,False,unknown,missing_or_conflicting_required_fact
0000766421-17-000016,ALK,766421,20161231,True,unknown,missing_period_unit_scope_or_source
0001538849-17-000008,CAPL,1538849,20161231,False,unknown,missing_or_conflicting_required_fact
0001659166-17-000091,FTV,1659166,20161231,False,unknown,missing_or_conflicting_required_fact
0001628280-17-001848,CXT,25445,20161231,True,unknown,missing_period_unit_scope_or_source
0001130310-17-000006,CNP,1130310,20161231,False,unknown,missing_or_conflicting_required_fact
0001144204-17-011505,ESCA,33488,20161231,True,unknown,missing_period_unit_scope_or_source
0001564590-17-002713,FCN,887936,20161231,False,unknown,missing_or_conflicting_required_fact
0001193125-17-060262,DPZ,1286681,20161231,False,unknown,missing_or_conflicting_required_fact
0000886163-17-000021,LGND,886163,20161231,True,unknown,missing_period_unit_scope_or_source
0001193125-17-060413,D,715957,20161231,True,unknown,missing_period_unit_scope_or_source
0001564590-17-002718,RNG,1384905,20161231,False,unknown,missing_or_conflicting_required_fact
0001628280-17-001863,WAB,943452,20161231,True,unknown,missing_period_unit_scope_or_source
0001002910-17-000054,AEE,1002910,20161231,True,unknown,missing_period_unit_scope_or_source
0000105770-17-000011,WST,105770,20161231,False,unknown,missing_or_conflicting_required_fact
0000799233-17-000012,HTLD,799233,20161231,True,unknown,missing_period_unit_scope_or_source
0000107815-17-000104,WEC,783325,20161231,False,unknown,missing_or_conflicting_required_fact
0001567683-17-000010,CWEN,1567683,20161231,False,unknown,missing_or_conflicting_required_fact
0000066570-17-000011,MSA,66570,20161231,True,unknown,missing_period_unit_scope_or_source
0001564590-17-002806,SSNC,1402436,20161231,False,unknown,missing_or_conflicting_required_fact
0000031791-17-000003,RVTY,31791,20161231,True,unknown,missing_period_unit_scope_or_source
0000880266-17-000005,AGCO,880266,20161231,True,unknown,missing_period_unit_scope_or_source
0000086521-17-000017,SRE,1032208,20161231,True,unknown,missing_period_unit_scope_or_source
0001387131-17-001106,WFCF,1360565,20161231,False,unknown,missing_or_conflicting_required_fact
0000097745-17-000007,TMO,97745,20161231,False,unknown,missing_or_conflicting_required_fact
0000075677-17-000004,PKG,75677,20161231,True,unknown,missing_period_unit_scope_or_source
0001193125-17-062124,NUE,73309,20161231,False,unknown,missing_or_conflicting_required_fact
0001564590-17-002829,HLIO,1024795,20161231,False,unknown,missing_or_conflicting_required_fact
0000277509-17-000008,FSS,277509,20161231,True,unknown,missing_period_unit_scope_or_source
0000763744-17-000049,LCII,763744,20161231,True,unknown,missing_period_unit_scope_or_source
0001193125-17-062207,ON,1097864,20161231,True,unknown,missing_period_unit_scope_or_source
0001564590-17-002839,MEDP,1668397,20161231,False,unknown,missing_or_conflicting_required_fact
0001193125-17-062227,IBP,1580905,20161231,True,unknown,missing_period_unit_scope_or_source
0001564590-17-002846,MGRC,752714,20161231,False,unknown,missing_or_conflicting_required_fact
0001086222-17-000080,AKAM,1086222,20161231,True,unknown,missing_period_unit_scope_or_source
0001159036-17-000014,HALO,1159036,20161231,True,unknown,missing_period_unit_scope_or_source
0001609711-17-000042,GDDY,1609711,20161231,True,unknown,missing_period_unit_scope_or_source
0001616707-17-000133,W,1616707,20161231,False,unknown,missing_or_conflicting_required_fact
0001039684-17-000019,OKE,1039684,20161231,True,unknown,missing_period_unit_scope_or_source
0001564590-17-002859,INGN,1294133,20161231,False,unknown,missing_or_conflicting_required_fact
0001564590-17-002860,UHS,352915,20161231,True,unknown,missing_period_unit_scope_or_source
0001558370-17-001148,FWONA,1560385,20161231,False,unknown,missing_or_conflicting_required_fact
0001097149-17-000009,ALGN,1097149,20161231,True,unknown,missing_period_unit_scope_or_source
0001140361-17-009655,BCPC,9326,20161231,False,unknown,missing_or_conflicting_required_fact
0000766829-17-000043,HTO,766829,20161231,True,unknown,missing_period_unit_scope_or_source
0001047469-17-001061,IBM,51143,20161231,False,unknown,missing_or_conflicting_required_fact
0001193125-17-062357,FBIN,1519751,20161231,True,unknown,missing_period_unit_scope_or_source
0001616000-17-000024,XHR,1616000,20161231,True,unknown,missing_period_unit_scope_or_source
0000081362-17-000006,KWR,81362,20161231,False,unknown,missing_or_conflicting_required_fact
0000310158-17-000010,MRK,310158,20161231,True,unknown,missing_period_unit_scope_or_source
0000898173-17-000091,ORLY,898173,20161231,True,unknown,missing_period_unit_scope_or_source
0001616862-17-000013,AXTA,1616862,20161231,False,unknown,missing_or_conflicting_required_fact
0000916540-17-000005,DAR,916540,20161231,True,unknown,missing_period_unit_scope_or_source
0001628280-17-001912,XPO,1166003,20161231,True,unknown,missing_period_unit_scope_or_source
0000920371-17-000042,SSD,920371,20161231,False,unknown,missing_or_conflicting_required_fact
0001370637-17-000018,ETSY,1370637,20161231,True,unknown,missing_period_unit_scope_or_source
0001144204-17-011732,STLD,1022671,20161231,False,unknown,missing_or_conflicting_required_fact
0001558370-17-001159,AR,1433270,20161231,False,unknown,missing_or_conflicting_required_fact
0000020212-17-000008,CHDN,20212,20161231,True,unknown,missing_period_unit_scope_or_source
0001406666-17-000012,CALX,1406666,20161231,False,unknown,missing_or_conflicting_required_fact
0001108426-17-000006,TXNM,1108426,20161231,True,unknown,missing_period_unit_scope_or_source
0001437749-17-003434,LAD,1023128,20161231,True,unknown,missing_period_unit_scope_or_source
0001558370-17-001164,ARCB,894405,20161231,False,unknown,missing_or_conflicting_required_fact
0001373715-17-000026,NOW,1373715,20161231,True,unknown,missing_period_unit_scope_or_source
0001013871-17-000007,NRG,1013871,20161231,True,unknown,missing_period_unit_scope_or_source
0001288847-17-000038,FIVN,1288847,20161231,True,unknown,missing_period_unit_scope_or_source
0001433660-17-000007,JBTM,1433660,20161231,True,unknown,missing_period_unit_scope_or_source
0000076605-17-000036,PATK,76605,20161231,True,unknown,missing_period_unit_scope_or_source
0000891103-17-000003,MTCH,891103,20161231,False,unknown,missing_or_conflicting_required_fact
0001158449-17-000034,AAP,1158449,20161231,True,unknown,missing_period_unit_scope_or_source
0001232524-17-000024,JAZZ,1232524,20161231,True,unknown,missing_period_unit_scope_or_source
0001173514-17-000019,HY,1173514,20161231,False,unknown,missing_or_conflicting_required_fact
0001193125-17-062657,HWM,4281,20161231,True,unknown,missing_period_unit_scope_or_source
0001093557-17-000048,DXCM,1093557,20161231,True,unknown,missing_period_unit_scope_or_source
0000277135-17-000007,GWW,277135,20161231,True,unknown,missing_period_unit_scope_or_source
0001321732-17-000084,PEN,1321732,20161231,True,unknown,missing_period_unit_scope_or_source
0000051253-17-000004,IFF,51253,20161231,True,unknown,missing_period_unit_scope_or_source
0000009092-17-000002,BMI,9092,20161231,True,unknown,missing_period_unit_scope_or_source
0000937098-17-000062,TNET,937098,20161231,True,unknown,missing_period_unit_scope_or_source
0001564590-17-002905,NXST,1142417,20161231,False,unknown,missing_or_conflicting_required_fact
0001402057-17-000007,CDW,1402057,20161231,True,unknown,missing_period_unit_scope_or_source
0000780571-17-000003,ITRI,780571,20161231,False,unknown,missing_or_conflicting_required_fact
0001185348-17-000012,PRAA,1185348,20161231,True,unknown,missing_period_unit_scope_or_source
0000012208-17-000012,BIO,12208,20161231,True,unknown,missing_period_unit_scope_or_source
0001273441-17-000011,GTE,1273441,20161231,True,unknown,missing_period_unit_scope_or_source
0001140361-17-009823,IONS,874015,20161231,False,unknown,missing_or_conflicting_required_fact
0001564590-17-003007,MGM,789570,20161231,False,unknown,missing_or_conflicting_required_fact
0001058290-17-000008,CTSH,1058290,20161231,True,unknown,missing_period_unit_scope_or_source
0000821026-17-000008,ANDE,821026,20161231,True,unknown,missing_period_unit_scope_or_source
0001558370-17-001196,XNCR,1326732,20161231,False,unknown,missing_or_conflicting_required_fact
0001193125-17-064495,SON,91767,20161231,True,unknown,missing_period_unit_scope_or_source
0001628280-17-002027,VFC,103379,20161231,True,unknown,missing_period_unit_scope_or_source
0001437749-17-003503,GTN,43196,20161231,True,unknown,missing_period_unit_scope_or_source
0001193125-17-064638,TER,97210,20161231,False,unknown,missing_or_conflicting_required_fact
0000063908-17-000017,MCD,63908,20161231,True,unknown,missing_period_unit_scope_or_source
0001628280-17-002033,VMI,102729,20161231,False,unknown,missing_or_conflicting_required_fact
0001639691-17-000011,LIVN,1639691,20161231,True,unknown,missing_period_unit_scope_or_source
0000840489-17-000032,FCFS,840489,20161231,True,unknown,missing_period_unit_scope_or_source
0000038725-17-000042,FELE,38725,20161231,True,unknown,missing_period_unit_scope_or_source
0001193125-17-064821,PWR,1050915,20161231,False,unknown,missing_or_conflicting_required_fact
0001437749-17-003513,CABO,1632127,20161231,False,unknown,missing_or_conflicting_required_fact
0001437749-17-003516,ORA,1296445,20161231,True,unknown,missing_period_unit_scope_or_source
0001558370-17-001222,MUX,314203,20161231,False,unknown,missing_or_conflicting_required_fact
0001262039-17-000008,FTNT,1262039,20161231,True,unknown,missing_period_unit_scope_or_source
0001047469-17-001114,BRKR,1109354,20161231,False,unknown,missing_or_conflicting_required_fact
0000912767-17-000007,UFPI,912767,20161231,True,unknown,missing_period_unit_scope_or_source
0001043277-17-000004,CHRW,1043277,20161231,True,unknown,missing_period_unit_scope_or_source
0001084048-17-000003,ZD,1084048,20161231,True,unknown,missing_period_unit_scope_or_source
0001437749-17-003534,RUSHA,1012019,20161231,False,unknown,missing_or_conflicting_required_fact
0001193125-17-065479,MKSI,1049502,20161231,False,unknown,missing_or_conflicting_required_fact
0000082811-17-000017,RRX,82811,20161231,True,unknown,missing_period_unit_scope_or_source
0001564590-17-003076,G,1398659,20161231,False,unknown,missing_or_conflicting_required_fact
0000769520-17-000003,MIDD,769520,20161231,True,unknown,missing_period_unit_scope_or_source
0000855658-17-000012,LSCC,855658,20161231,True,unknown,missing_period_unit_scope_or_source
0001193125-17-065632,ZBH,1136869,20161231,False,unknown,missing_or_conflicting_required_fact
0001558370-17-001237,TDOC,1477449,20161231,False,unknown,missing_or_conflicting_required_fact
0001558370-17-001241,AXGN,805928,20161231,False,unknown,missing_or_conflicting_required_fact
0000818479-17-000007,XRAY,818479,20161231,True,unknown,missing_period_unit_scope_or_source
0001193125-17-065734,ACIW,935036,20161231,False,unknown,missing_or_conflicting_required_fact
0001601548-17-000007,VVX,1601548,20161231,True,unknown,missing_period_unit_scope_or_source
0001104659-17-013048,MNST,865752,20161231,False,unknown,missing_or_conflicting_required_fact
0000049754-17-000003,DIN,49754,20161231,True,unknown,missing_period_unit_scope_or_source
0000089439-17-000009,MLI,89439,20161231,False,unknown,missing_or_conflicting_required_fact
0001576427-17-000021,CRTO,1576427,20161231,True,unknown,missing_period_unit_scope_or_source
0001175454-17-000005,CPAY,1175454,20161231,True,unknown,missing_period_unit_scope_or_source
0000792987-17-000008,ASTE,792987,20161231,False,unknown,missing_or_conflicting_required_fact
0000813762-17-000010,IEP,813762,20161231,True,unknown,missing_period_unit_scope_or_source
0000856982-17-000011,MMSI,856982,20161231,True,unknown,missing_period_unit_scope_or_source
0000814453-17-000027,NWL,814453,20161231,True,unknown,missing_period_unit_scope_or_source
0001654954-17-001579,BKTI,2186,20161231,True,unknown,missing_period_unit_scope_or_source
0001564590-17-003113,CIX,1049606,20161231,False,unknown,missing_or_conflicting_required_fact
0001564590-17-003114,BLDR,1316835,20161231,False,unknown,missing_or_conflicting_required_fact
0001227654-17-000032,CMP,1227654,20161231,False,unknown,missing_or_conflicting_required_fact
0001437749-17-003558,MPWR,1280452,20161231,False,unknown,missing_or_conflicting_required_fact
0001564590-17-003118,TSLA,1318605,20161231,False,unknown,missing_or_conflicting_required_fact
0001206774-17-000642,YELP,1345016,20161231,False,unknown,missing_or_conflicting_required_fact
0001628280-17-002068,CROX,1334036,20161231,False,unknown,missing_or_conflicting_required_fact
0001438533-17-000005,TVTX,1438533,20161231,False,unknown,missing_or_conflicting_required_fact
0000097134-17-000006,TNC,97134,20161231,True,unknown,missing_period_unit_scope_or_source
0001047469-17-001138,USNA,896264,20161231,False,unknown,missing_or_conflicting_required_fact
0001558370-17-001255,ATNI,879585,20161231,False,unknown,missing_or_conflicting_required_fact
0001384101-17-000008,VCYT,1384101,20161231,False,unknown,missing_or_conflicting_required_fact
0001047469-17-001143,SCCO,1001838,20161231,False,unknown,missing_or_conflicting_required_fact
0001558370-17-001260,BGS,1278027,20161231,False,unknown,missing_or_conflicting_required_fact
0000933036-17-000009,UPBD,933036,20161231,True,unknown,missing_period_unit_scope_or_source
0000883984-17-000013,ICUI,883984,20161231,True,unknown,missing_period_unit_scope_or_source
0001424929-17-000009,FOXF,1424929,20161231,True,unknown,missing_period_unit_scope_or_source
0000102752-17-000009,VSEC,102752,20161231,True,unknown,missing_period_unit_scope_or_source
0001045810-17-000027,NVDA,1045810,20170131,True,unknown,missing_period_unit_scope_or_source
0001564590-17-003151,ASPN,1145986,20161231,False,unknown,missing_or_conflicting_required_fact
0001104659-17-013246,CAKE,887596,20161231,False,unknown,missing_or_conflicting_required_fact
0001144204-17-012328,SRI,1043337,20161231,True,unknown,missing_period_unit_scope_or_source
0001437749-17-003636,TILE,715787,20161231,False,unknown,missing_or_conflicting_required_fact
0001564590-17-003182,WTI,1288403,20161231,False,unknown,missing_or_conflicting_required_fact
0000700841-17-000004,RCMT,700841,20161231,True,unknown,missing_period_unit_scope_or_source
0001094285-17-000031,TDY,1094285,20161231,True,unknown,missing_period_unit_scope_or_source
0001289945-17-000006,SPOK,1289945,20161231,True,unknown,missing_period_unit_scope_or_source
0001104485-17-000014,NOG,1104485,20161231,False,unknown,missing_or_conflicting_required_fact
0001437749-17-003675,COHU,21535,20161231,True,unknown,missing_period_unit_scope_or_source
0001301787-17-000032,BXC,1301787,20161231,True,unknown,missing_period_unit_scope_or_source
0001653477-17-000029,NGVT,1653477,20161231,True,unknown,missing_period_unit_scope_or_source
0001558370-17-001300,BALL,9389,20161231,False,unknown,missing_or_conflicting_required_fact
0001275158-17-000018,NDLS,1275158,20161231,True,unknown,missing_period_unit_scope_or_source
0000911177-17-000017,CWST,911177,20161231,False,unknown,missing_or_conflicting_required_fact
0001144204-17-012557,STAA,718937,20161231,False,unknown,missing_or_conflicting_required_fact
0001636222-17-000011,WING,1636222,20161231,True,unknown,missing_period_unit_scope_or_source
0001564590-17-003258,ONTO,704532,20161231,False,unknown,missing_or_conflicting_required_fact
0001210708-17-000008,STRRP,1210708,20161231,True,unknown,missing_period_unit_scope_or_source
0001193125-17-069091,GRC,42682,20161231,True,unknown,missing_period_unit_scope_or_source
0001437749-17-003759,NRC,70487,20161231,True,unknown,missing_period_unit_scope_or_source
0001558370-17-001325,WULF,1083301,20161231,False,unknown,missing_or_conflicting_required_fact
0001174947-17-000294,MSEX,66004,20161231,False,unknown,missing_or_conflicting_required_fact
0001193125-17-069639,RAIL,1320854,20161231,False,unknown,missing_or_conflicting_required_fact
0000216085-17-000006,HVT,216085,20161231,False,unknown,missing_or_conflicting_required_fact
0001058811-17-000009,IMMR,1058811,20161231,True,unknown,missing_period_unit_scope_or_source
0001558370-17-001339,CNXN,1050377,20161231,False,unknown,missing_or_conflicting_required_fact
0001130713-17-000013,NXH,1130713,20161231,False,unknown,missing_or_conflicting_required_fact
0001558370-17-001345,URG,1375205,20161231,False,unknown,missing_or_conflicting_required_fact
0001657853-17-000010,HTZ,1657853,20161231,False,unknown,missing_or_conflicting_required_fact
0001171486-17-000010,NRP,1171486,20161231,True,unknown,missing_period_unit_scope_or_source
0001564590-17-003421,NOVT,1076930,20161231,True,unknown,missing_period_unit_scope_or_source
0001309108-17-000014,WEX,1309108,20161231,True,unknown,missing_period_unit_scope_or_source
0000930413-17-000896,ASIX,1673985,20161231,True,unknown,missing_period_unit_scope_or_source
0001108524-17-000006,CRM,1108524,20170131,True,unknown,missing_period_unit_scope_or_source
0001474903-17-000007,BGSF,1474903,20161231,True,unknown,missing_period_unit_scope_or_source
0001628280-17-002221,DCO,30305,20161231,True,unknown,missing_period_unit_scope_or_source
0001069183-17-000042,AXON,1069183,20161231,True,unknown,missing_period_unit_scope_or_source
0001144204-17-013023,CLAR,913277,20161231,True,unknown,missing_period_unit_scope_or_source
0001558370-17-001372,RIG,1451505,20161231,True,unknown,missing_period_unit_scope_or_source
0001564590-17-003513,AVD,5981,20161231,False,unknown,missing_or_conflicting_required_fact
0000108985-17-000024,YORW,108985,20161231,False,unknown,missing_or_conflicting_required_fact
0001604665-17-000008,WLKP,1604665,20161231,True,unknown,missing_period_unit_scope_or_source
0001193125-17-073261,VICR,751978,20161231,False,unknown,missing_or_conflicting_required_fact
0001564590-17-003568,HGBL,849145,20161231,False,unknown,missing_or_conflicting_required_fact
0001368265-17-000006,CLNE,1368265,20161231,False,unknown,missing_or_conflicting_required_fact
0001564590-17-003576,RGNX,1590877,20161231,False,unknown,missing_or_conflicting_required_fact
0001378950-17-000008,PRTS,1378950,20161231,True,unknown,missing_period_unit_scope_or_source
0000897077-17-000019,ALG,897077,20161231,True,unknown,missing_period_unit_scope_or_source
0001213900-17-002063,LIND,1512499,20161231,True,unknown,missing_period_unit_scope_or_source
0001010086-17-000005,SIGA,1010086,20161231,True,unknown,missing_period_unit_scope_or_source
0000821483-17-000010,PARR,821483,20161231,True,unknown,missing_period_unit_scope_or_source
0001654954-17-001754,CXDO,1075736,20161231,True,unknown,missing_period_unit_scope_or_source
0001628280-17-002343,MGPI,835011,20161231,True,unknown,missing_period_unit_scope_or_source
0001437749-17-003986,TCX,909494,20161231,True,unknown,missing_period_unit_scope_or_source
0001437749-17-004000,APT,884269,20161231,True,unknown,missing_period_unit_scope_or_source
0001096906-17-000145,UTMD,706698,20161231,False,unknown,missing_or_conflicting_required_fact
0001206774-17-000734,CASS,708781,20161231,False,unknown,missing_or_conflicting_required_fact
0001387131-17-001254,CVU,889348,20161231,False,unknown,missing_or_conflicting_required_fact
0001193125-17-074622,FSTR,352825,20161231,False,unknown,missing_or_conflicting_required_fact
0001213900-17-002093,OPRX,1448431,20161231,True,unknown,missing_period_unit_scope_or_source
0001564590-17-003680,TNDM,1438133,20161231,False,unknown,missing_or_conflicting_required_fact
0001564590-17-003681,YUMC,1673358,20161231,True,unknown,missing_period_unit_scope_or_source
0000027419-17-000008,TGT,27419,20170131,False,unknown,missing_or_conflicting_required_fact
0001564590-17-003697,BBSI,902791,20161231,False,unknown,missing_or_conflicting_required_fact
0001564590-17-003699,MCHX,1224133,20161231,True,unknown,missing_period_unit_scope_or_source
0001564590-17-003704,RUN,1469367,20161231,False,unknown,missing_or_conflicting_required_fact
0001564590-17-003711,CERS,1020214,20161231,False,unknown,missing_or_conflicting_required_fact
0001493761-17-000011,TBCH,1493761,20161231,True,unknown,missing_period_unit_scope_or_source
0001144204-17-013522,RCKY,895456,20161231,True,unknown,missing_period_unit_scope_or_source
0001193125-17-074936,LMAT,1158895,20161231,False,unknown,missing_or_conflicting_required_fact
0001437749-17-004058,PDFS,1120914,20161231,False,unknown,missing_or_conflicting_required_fact
0001171843-17-001381,STRL,874238,20161231,False,unknown,missing_or_conflicting_required_fact
0001026655-17-000005,CMT,1026655,20161231,True,unknown,missing_period_unit_scope_or_source
0001437749-17-004132,NWPX,1001385,20161231,False,unknown,missing_or_conflicting_required_fact
0001564590-17-003833,CBZ,944148,20161231,True,unknown,missing_period_unit_scope_or_source
0000076282-17-000017,PKOH,76282,20161231,True,unknown,missing_period_unit_scope_or_source
0000101984-17-000007,UEIC,101984,20161231,True,unknown,missing_period_unit_scope_or_source
0001534424-17-000093,CLPT,1285550,20161231,False,unknown,missing_or_conflicting_required_fact
0001193125-17-076894,RPD,1560327,20161231,False,unknown,missing_or_conflicting_required_fact
0001144204-17-013721,MYRG,700923,20161231,False,unknown,missing_or_conflicting_required_fact
0000034067-17-000007,BOOM,34067,20161231,True,unknown,missing_period_unit_scope_or_source
0001144204-17-013739,WEYS,106532,20161231,False,unknown,missing_or_conflicting_required_fact
0001558370-17-001556,AAOI,1158114,20161231,False,unknown,missing_or_conflicting_required_fact
0000882508-17-000013,QUIK,882508,20161231,True,unknown,missing_period_unit_scope_or_source
0001007587-17-000006,KVHI,1007587,20161231,True,unknown,missing_period_unit_scope_or_source
0001200375-17-000007,CDXS,1200375,20161231,True,unknown,missing_period_unit_scope_or_source
0001628280-17-002449,CVGI,1290900,20161231,True,unknown,missing_period_unit_scope_or_source
0001078782-17-000302,VNRX,93314,20161231,True,unknown,missing_period_unit_scope_or_source
0001385849-17-000006,UUUU,1385849,20161231,True,unknown,missing_period_unit_scope_or_source
0001437749-17-004189,ERII,1421517,20161231,False,unknown,missing_or_conflicting_required_fact
0001564590-17-003919,GWRS,1434728,20161231,True,unknown,missing_period_unit_scope_or_source
0001104659-17-015600,IRMD,1325618,20161231,False,unknown,missing_or_conflicting_required_fact
0001171843-17-001409,UFPT,914156,20161231,False,unknown,missing_or_conflicting_required_fact
0001558370-17-001591,WINA,908315,20161231,False,unknown,missing_or_conflicting_required_fact
0000729580-17-000006,BELFA,729580,20161231,False,unknown,missing_or_conflicting_required_fact
0001084991-17-000015,NGS,1084991,20161231,True,unknown,missing_period_unit_scope_or_source
0000863110-17-000005,ARTNA,863110,20161231,False,unknown,missing_or_conflicting_required_fact
0001144204-17-013932,SGA,886136,20161231,True,unknown,missing_period_unit_scope_or_source
0001140361-17-011579,LINC,1286613,20161231,True,unknown,missing_period_unit_scope_or_source
0001564590-17-003953,PLPC,80035,20161231,False,unknown,missing_or_conflicting_required_fact
0000912061-17-000012,NHTC,912061,20161231,False,unknown,missing_or_conflicting_required_fact
0001564590-17-003969,AEO,919012,20170131,False,unknown,missing_or_conflicting_required_fact
0001564590-17-003971,FORR,1023313,20161231,False,unknown,missing_or_conflicting_required_fact
0001193125-17-078780,CEVA,1173489,20161231,False,unknown,missing_or_conflicting_required_fact
0001564590-17-003977,CRSP,1674416,20161231,False,unknown,missing_or_conflicting_required_fact
0001193125-17-078799,OSPN,1044777,20161231,False,unknown,missing_or_conflicting_required_fact
0001564590-17-003982,LOCO,1606366,20161231,False,unknown,missing_or_conflicting_required_fact
0001564590-17-003984,KRO,1257640,20161231,False,unknown,missing_or_conflicting_required_fact
0001564590-17-003986,NL,72162,20161231,False,unknown,missing_or_conflicting_required_fact
0001026608-17-000009,ACU,2098,20161231,True,unknown,missing_period_unit_scope_or_source
0001615774-17-000983,RILYG,1464790,20161231,False,unknown,missing_or_conflicting_required_fact
0001144204-17-014028,HNRG,788965,20161231,False,unknown,missing_or_conflicting_required_fact
0001558370-17-001627,OCUL,1393434,20161231,False,unknown,missing_or_conflicting_required_fact
0001638833-17-000007,SGRY,1638833,20161231,True,unknown,missing_period_unit_scope_or_source
0001558370-17-001629,COLL,1267565,20161231,False,unknown,missing_or_conflicting_required_fact
0001562762-17-000031,HCKT,1057379,20161231,False,unknown,missing_or_conflicting_required_fact
0001437749-17-004317,ZVRA,1434647,20161231,False,unknown,missing_or_conflicting_required_fact
0001558370-17-001631,PLUG,1093691,20161231,True,unknown,missing_period_unit_scope_or_source
0001564590-17-004035,VHI,59255,20161231,False,unknown,missing_or_conflicting_required_fact
0001653653-17-000004,RRR,1653653,20161231,True,unknown,missing_period_unit_scope_or_source
0001564590-17-004044,CZR,1590895,20161231,False,unknown,missing_or_conflicting_required_fact
0001590714-17-000047,ESI,1590714,20161231,True,unknown,missing_period_unit_scope_or_source
0001499832-17-000011,TSQ,1499832,20161231,True,unknown,missing_period_unit_scope_or_source
0001620533-17-000041,SHAK,1620533,20161231,True,unknown,missing_period_unit_scope_or_source
0000917225-17-000005,XPL,917225,20161231,True,unknown,missing_period_unit_scope_or_source
0001178253-17-000001,SCYX,1178253,20161231,False,unknown,missing_or_conflicting_required_fact
0001564590-17-004108,ZUMZ,1318008,20170131,False,unknown,missing_or_conflicting_required_fact
0001104659-17-016090,ALNT,46129,20161231,False,unknown,missing_or_conflicting_required_fact
0001373670-17-000004,GRBK,1373670,20161231,True,unknown,missing_period_unit_scope_or_source
0001558370-17-001675,PLOW,1287213,20161231,False,unknown,missing_or_conflicting_required_fact
0001144204-17-014248,IPAR,822663,20161231,False,unknown,missing_or_conflicting_required_fact
0001493152-17-002370,OFLX,1317945,20161231,True,unknown,missing_period_unit_scope_or_source
0001558370-17-001687,CWH,1669779,20161231,False,unknown,missing_or_conflicting_required_fact
0001062993-17-001346,BYRN,1354866,20161130,True,unknown,missing_period_unit_scope_or_source
0000716634-17-000007,RDI,716634,20161231,False,unknown,missing_or_conflicting_required_fact
0000894627-17-000017,EGY,894627,20161231,True,unknown,missing_period_unit_scope_or_source
0001564590-17-004158,NEO,1077183,20161231,False,unknown,missing_or_conflicting_required_fact
0001564590-17-004176,CHRS,1512762,20161231,False,unknown,missing_or_conflicting_required_fact
0001628280-17-002548,NATR,275053,20161231,False,unknown,missing_or_conflicting_required_fact
0001437749-17-004478,PAMT,798287,20161231,False,unknown,missing_or_conflicting_required_fact
0001564590-17-004264,CECO,3197,20161231,False,unknown,missing_or_conflicting_required_fact
0001564590-17-004284,FRPT,1611647,20161231,False,unknown,missing_or_conflicting_required_fact
0001193125-17-082033,OSUR,1116463,20161231,False,unknown,missing_or_conflicting_required_fact
0001564590-17-004291,KURA,1422143,20161231,False,unknown,missing_or_conflicting_required_fact
0000949157-17-000028,CENX,949157,20161231,True,unknown,missing_period_unit_scope_or_source
0001558370-17-001767,MCRI,907242,20161231,False,unknown,missing_or_conflicting_required_fact
0001144204-17-014538,MCS,62234,20161231,False,unknown,missing_or_conflicting_required_fact
0001564590-17-004309,FLNT,1460329,20161231,True,unknown,missing_period_unit_scope_or_source
0000095953-17-000027,ACNT,95953,20161231,True,unknown,missing_period_unit_scope_or_source
0001008886-17-000034,CVLG,928658,20161231,False,unknown,missing_or_conflicting_required_fact
0001558370-17-001778,ACLS,1113232,20161231,False,unknown,missing_or_conflicting_required_fact
0001564590-17-004316,COKE,317540,20161231,False,unknown,missing_or_conflicting_required_fact
0000899751-17-000009,TWI,899751,20161231,True,unknown,missing_period_unit_scope_or_source
0001297184-17-000007,AMPH,1297184,20161231,False,unknown,missing_or_conflicting_required_fact
0001279569-17-000496,THM,1134115,20161231,False,unknown,missing_or_conflicting_required_fact
0001650729-17-000004,SITE,1650729,20161231,True,unknown,missing_period_unit_scope_or_source
0001558370-17-001797,VYGR,1640266,20161231,False,unknown,missing_or_conflicting_required_fact
0001437749-17-004526,MRTN,799167,20161231,True,unknown,missing_period_unit_scope_or_source
0001171843-17-001524,CAPS,887151,20161231,False,unknown,missing_or_conflicting_required_fact
0001193125-17-083098,ADUS,1468328,20161231,False,unknown,missing_or_conflicting_required_fact
0001055726-17-000013,INO,1055726,20161231,True,unknown,missing_period_unit_scope_or_source
0001144204-17-014740,REI,1384195,20161231,False,unknown,missing_or_conflicting_required_fact
0001558370-17-001833,GKOS,1192448,20161231,False,unknown,missing_or_conflicting_required_fact
0001558370-17-001838,III,1371489,20161231,False,unknown,missing_or_conflicting_required_fact
0001564590-17-004435,ULH,1308208,20161231,False,unknown,missing_or_conflicting_required_fact
0001571049-17-002448,MLR,924822,20161231,False,unknown,missing_or_conflicting_required_fact
0000031107-17-000008,EML,31107,20161231,False,unknown,missing_or_conflicting_required_fact
0001564590-17-004450,ELF,1600033,20161231,False,unknown,missing_or_conflicting_required_fact
0001047469-17-001631,CRAI,1053706,20161231,False,unknown,missing_or_conflicting_required_fact
0001133311-17-000010,TZOO,1133311,20161231,True,unknown,missing_period_unit_scope_or_source
0001297989-17-000002,EXLS,1297989,20161231,True,unknown,missing_period_unit_scope_or_source
0001144204-17-014799,BLFS,834365,20161231,False,unknown,missing_or_conflicting_required_fact
0001039399-17-000009,FORM,1039399,20161231,False,unknown,missing_or_conflicting_required_fact
0001558370-17-001855,WLFC,1018164,20161231,False,unknown,missing_or_conflicting_required_fact
0000949157-17-000033,CENX,949157,20161231,True,unknown,missing_period_unit_scope_or_source
0001459200-17-000007,ALRM,1459200,20161231,True,unknown,missing_period_unit_scope_or_source
0001437749-17-004631,BBW,1113809,20161231,False,unknown,missing_or_conflicting_required_fact
0001598428-17-000026,MTUS,1598428,20161231,True,unknown,missing_period_unit_scope_or_source
0001079973-17-000151,POWW,1015383,20161231,False,unknown,missing_or_conflicting_required_fact
0001564590-17-004562,SND,1529628,20161231,False,unknown,missing_or_conflicting_required_fact
0001463101-17-000024,ENPH,1463101,20161231,True,unknown,missing_period_unit_scope_or_source
0001487952-17-000008,VPG,1487952,20161231,True,unknown,missing_period_unit_scope_or_source
0001558370-17-001874,TTEC,1013880,20161231,True,unknown,missing_period_unit_scope_or_source
0001017303-17-000014,TACT,1017303,20161231,False,unknown,missing_or_conflicting_required_fact
0000727273-17-000008,CDZI,727273,20161231,True,unknown,missing_period_unit_scope_or_source
0001157523-17-000818,JAKK,1009829,20161231,False,unknown,missing_or_conflicting_required_fact
0001144204-17-015054,RMNI,1635282,20161231,False,unknown,missing_or_conflicting_required_fact
0000080172-17-000013,NPK,80172,20161231,False,unknown,missing_or_conflicting_required_fact
0000105418-17-000007,WMK,105418,20161231,False,unknown,missing_or_conflicting_required_fact
0001437749-17-004710,FF,1337298,20161231,True,unknown,missing_period_unit_scope_or_source
0001144204-17-015083,PLX,1006281,20161231,True,unknown,missing_period_unit_scope_or_source
0001047469-17-001684,SUPN,1356576,20161231,False,unknown,missing_or_conflicting_required_fact
0001213900-17-002459,GNE,1528356,20161231,False,unknown,missing_or_conflicting_required_fact
0001564590-17-004636,BURL,1579298,20170131,False,unknown,missing_or_conflicting_required_fact
0001237831-17-000009,GMED,1237831,20161231,True,unknown,missing_period_unit_scope_or_source
0001558370-17-001890,NTRA,1604821,20161231,False,unknown,missing_or_conflicting_required_fact
0001193125-17-085508,LCUT,874396,20161231,False,unknown,missing_or_conflicting_required_fact
0001144204-17-015137,FBIO,1429260,20161231,False,unknown,missing_or_conflicting_required_fact
0001144204-17-015143,MED,910329,20161231,True,unknown,missing_period_unit_scope_or_source
0001193125-17-085559,AP,6176,20161231,False,unknown,missing_or_conflicting_required_fact
0001628280-17-002652,SIG,832988,20170131,True,unknown,missing_period_unit_scope_or_source
0001144204-17-015161,VUZI,1463972,20161231,False,unknown,missing_or_conflicting_required_fact
0001144204-17-015173,CWCO,928340,20161231,False,unknown,missing_or_conflicting_required_fact
0001683168-17-000586,RDNT,790526,20161231,False,unknown,missing_or_conflicting_required_fact
0001564590-17-004681,FLGT,1674930,20161231,True,unknown,missing_period_unit_scope_or_source
0001553350-17-000281,LWLG,1325964,20161231,False,unknown,missing_or_conflicting_required_fact
0000885639-17-000007,KSS,885639,20170131,True,unknown,missing_period_unit_scope_or_source
0000891482-17-000007,FLL,891482,20161231,False,unknown,missing_or_conflicting_required_fact
0001193805-17-000466,GURE,885462,20161231,True,unknown,missing_period_unit_scope_or_source
0000039911-17-000058,GAP,39911,20170131,True,unknown,missing_period_unit_scope_or_source
0001564590-17-004788,MOV,72573,20170131,False,unknown,missing_or_conflicting_required_fact
0001193125-17-089303,CVR,19871,20161231,True,unknown,missing_period_unit_scope_or_source
0001327811-17-000008,WDAY,1327811,20170131,True,unknown,missing_period_unit_scope_or_source
0001185185-17-000607,ASUR,884144,20161231,True,unknown,missing_period_unit_scope_or_source
0001493152-17-002633,NEPH,1196298,20161231,False,unknown,missing_or_conflicting_required_fact
0001625101-17-000011,PLSE,1625101,20161231,False,unknown,missing_or_conflicting_required_fact
0001628280-17-002724,TLYS,1524025,20170131,False,unknown,missing_or_conflicting_required_fact
0000769397-17-000014,ADSK,769397,20170131,True,unknown,missing_period_unit_scope_or_source
0001193125-17-091397,INFU,1337013,20161231,False,unknown,missing_or_conflicting_required_fact
0001144204-17-016011,DRIO,1533998,20161231,False,unknown,missing_or_conflicting_required_fact
0001649744-17-000010,DLTH,1649744,20170131,False,unknown,missing_or_conflicting_required_fact
0001047469-17-001890,ONC,1651308,20161231,False,unknown,missing_or_conflicting_required_fact
0001537435-17-000019,TGEN,1537435,20161231,True,unknown,missing_period_unit_scope_or_source
0001606909-17-000022,PANL,1606909,20161231,False,unknown,missing_or_conflicting_required_fact
0000771266-17-000016,KOPN,771266,20161231,True,unknown,missing_period_unit_scope_or_source
0000018255-17-000017,CATO,18255,20170131,True,unknown,missing_period_unit_scope_or_source
0001654954-17-002343,WVVI,838875,20161231,True,unknown,missing_period_unit_scope_or_source
0001628280-17-002855,SHEN,354963,20161231,True,unknown,missing_period_unit_scope_or_source
0000354950-17-000005,HD,354950,20170131,True,unknown,missing_period_unit_scope_or_source
0001628280-17-002859,SMTC,88941,20170131,False,unknown,missing_or_conflicting_required_fact
0001493152-17-002786,MAMA,1520358,20170131,True,unknown,missing_period_unit_scope_or_source
0001477932-17-001273,LTBR,1084554,20161231,True,unknown,missing_period_unit_scope_or_source
0001628280-17-002866,FIVE,1177609,20170131,False,unknown,missing_or_conflicting_required_fact
0001193125-17-094899,MHH,1437226,20161231,True,unknown,missing_period_unit_scope_or_source
0001437749-17-005194,PESI,891532,20161231,True,unknown,missing_period_unit_scope_or_source
0001089063-17-000010,DKS,1089063,20170131,False,unknown,missing_or_conflicting_required_fact
0001564590-17-005227,BOX,1372612,20170131,False,unknown,missing_or_conflicting_required_fact
0001558370-17-002116,DG,29534,20170131,False,unknown,missing_or_conflicting_required_fact
0000764478-17-000008,BBY,764478,20170131,True,unknown,missing_period_unit_scope_or_source
0000028917-17-000058,DDS,28917,20170131,False,unknown,missing_or_conflicting_required_fact
0001402829-17-000009,ORN,1402829,20161231,True,unknown,missing_period_unit_scope_or_source
0001036262-17-000016,INTT,1036262,20161231,False,unknown,missing_or_conflicting_required_fact
0001144204-17-016805,AMS,744825,20161231,False,unknown,missing_or_conflicting_required_fact
0001683168-17-000670,PAYS,1496443,20161231,False,unknown,missing_or_conflicting_required_fact
0001018840-17-000013,ANF,1018840,20170131,True,unknown,missing_period_unit_scope_or_source
0000075288-17-000016,OXM,75288,20170131,False,unknown,missing_or_conflicting_required_fact
0000745732-17-000009,ROST,745732,20170131,True,unknown,missing_period_unit_scope_or_source
0001564590-17-005365,INVE,1036044,20161231,True,unknown,missing_period_unit_scope_or_source
0001193125-17-099261,ULTA,1403568,20170131,False,unknown,missing_or_conflicting_required_fact
0001477932-17-001322,BCHT,728385,20161231,True,unknown,missing_period_unit_scope_or_source
0001193125-17-099642,TJX,109198,20170131,False,unknown,missing_or_conflicting_required_fact
0000935703-17-000011,DLTR,935703,20170131,True,unknown,missing_period_unit_scope_or_source
0001558370-17-002198,KR,56873,20170131,False,unknown,missing_or_conflicting_required_fact
0001495320-17-000009,VRA,1495320,20170131,True,unknown,missing_period_unit_scope_or_source
0000014707-17-000010,CAL,14707,20170131,True,unknown,missing_period_unit_scope_or_source
0001628280-17-003034,P,1474432,20170131,False,unknown,missing_or_conflicting_required_fact
0001387131-17-001688,SLSN,883107,20161231,False,unknown,missing_or_conflicting_required_fact
0001567619-17-000543,OLLI,1639300,20170131,False,unknown,missing_or_conflicting_required_fact
0001564590-17-005503,RH,1528849,20170131,False,unknown,missing_or_conflicting_required_fact
0000885245-17-000008,BKE,885245,20170131,False,unknown,missing_or_conflicting_required_fact
0000018498-17-000009,GCO,18498,20170131,True,unknown,missing_period_unit_scope_or_source
0001397187-17-000008,LULU,1397187,20170131,True,unknown,missing_period_unit_scope_or_source
0001558370-17-002252,MRAM,1438423,20161231,False,unknown,missing_or_conflicting_required_fact
0001493152-17-002980,ACFN,880984,20161231,True,unknown,missing_period_unit_scope_or_source
0001174947-17-000491,SHOE,895447,20170131,False,unknown,missing_or_conflicting_required_fact
0000794367-17-000041,M,794367,20170131,True,unknown,missing_period_unit_scope_or_source
0001615774-17-001334,ONDS,1646188,20161231,False,unknown,missing_or_conflicting_required_fact
0001144204-17-017567,AEYE,1362190,20161231,False,unknown,missing_or_conflicting_required_fact
0001185185-17-000698,STEX,1530766,20161231,True,unknown,missing_period_unit_scope_or_source
0000897101-17-000381,CPHC,1672909,20161231,False,unknown,missing_or_conflicting_required_fact
0001213900-17-003009,ICCC,811641,20161231,True,unknown,missing_period_unit_scope_or_source
0001615774-17-001341,CELH,1341766,20161231,False,unknown,missing_or_conflicting_required_fact
0001493152-17-003045,IDN,1040896,20161231,True,unknown,missing_period_unit_scope_or_source
0001428336-17-000006,HQY,1428336,20170131,True,unknown,missing_period_unit_scope_or_source
0001144204-17-017715,WYY,1034760,20161231,False,unknown,missing_or_conflicting_required_fact
0001047469-17-002204,AMPY,1533924,20161231,False,unknown,missing_or_conflicting_required_fact
0001564590-17-005636,SAIC,1571123,20170131,False,unknown,missing_or_conflicting_required_fact
0001564590-17-005637,VEEV,1393052,20170131,False,unknown,missing_or_conflicting_required_fact
0001628280-17-003182,SMID,924719,20161231,True,unknown,missing_period_unit_scope_or_source
0001553350-17-000333,DUOT,1396536,20161231,False,unknown,missing_or_conflicting_required_fact
0001193125-17-104341,WSM,719955,20170131,False,unknown,missing_or_conflicting_required_fact
0001558370-17-002327,GOLF,1672013,20161231,False,unknown,missing_or_conflicting_required_fact
0001144204-17-017875,INSW,1679049,20161231,False,unknown,missing_or_conflicting_required_fact
0001571996-17-000004,DELL,1571996,20170131,True,unknown,missing_period_unit_scope_or_source
0001213900-17-003102,GRWG,1604868,20161231,True,unknown,missing_period_unit_scope_or_source
0001078782-17-000387,ZIVO,1101026,20161231,True,unknown,missing_period_unit_scope_or_source
0001683168-17-000709,RDNT,790526,20161231,False,unknown,missing_or_conflicting_required_fact
0001683168-17-000713,ATOM,1420520,20161231,False,unknown,missing_or_conflicting_required_fact
0001144204-17-018084,TSSI,1320760,20161231,False,unknown,missing_or_conflicting_required_fact
0001564590-17-005767,IRTC,1388658,20161231,False,unknown,missing_or_conflicting_required_fact
0001437749-17-005765,SNWV,1417663,20161231,True,unknown,missing_period_unit_scope_or_source
0001654954-17-002917,FSI,1069394,20161231,True,unknown,missing_period_unit_scope_or_source
0001072613-17-000226,EP,887396,20161231,True,unknown,missing_period_unit_scope_or_source
0001437749-17-005780,MLSS,855683,20161231,False,unknown,missing_or_conflicting_required_fact
0001683168-17-000740,AGNT,1495932,20161231,False,unknown,missing_or_conflicting_required_fact
0001079973-17-000206,RIOT,1167419,20161231,False,unknown,missing_or_conflicting_required_fact
0000721748-17-000213,SKYX,1598981,20161231,True,unknown,missing_period_unit_scope_or_source
0000799288-17-000041,LE,799288,20170131,True,unknown,missing_period_unit_scope_or_source
0000104169-17-000021,WMT,104169,20170131,True,unknown,missing_period_unit_scope_or_source
0001022652-17-000020,INSG,1022652,20161231,True,unknown,missing_period_unit_scope_or_source
0001140361-17-014211,DXPE,1020710,20161231,False,unknown,missing_or_conflicting_required_fact
0001052918-17-000196,IDR,1030192,20161231,True,unknown,missing_period_unit_scope_or_source
0001558370-17-002393,CTRN,1318484,20170131,False,unknown,missing_or_conflicting_required_fact
0001193125-17-108506,URBN,912615,20170131,False,unknown,missing_or_conflicting_required_fact
0000060667-17-000076,LOW,60667,20170131,False,unknown,missing_or_conflicting_required_fact
0001654954-17-003062,SMTI,714256,20161231,True,unknown,missing_period_unit_scope_or_source
0001628280-17-003354,STKS,1399520,20161231,True,unknown,missing_period_unit_scope_or_source
0001193125-17-114008,MIND,926423,20170131,False,unknown,missing_or_conflicting_required_fact
0001554795-17-000149,RCAT,748268,20161231,False,unknown,missing_or_conflicting_required_fact
0001409171-17-000023,TITN,1409171,20170131,False,unknown,missing_or_conflicting_required_fact
0001683168-17-000858,LWAY,814586,20151231,False,unknown,missing_or_conflicting_required_fact
0001683168-17-000864,LWAY,814586,20161231,False,unknown,missing_or_conflicting_required_fact
0001104659-17-022713,AGX,100591,20170131,True,unknown,missing_period_unit_scope_or_source
0001185185-17-000897,STEX,1530766,20161231,True,unknown,missing_period_unit_scope_or_source
0001654954-17-003237,HQI,1140102,20161231,True,unknown,missing_period_unit_scope_or_source
0001564590-17-006395,OOMA,1327688,20170131,False,unknown,missing_or_conflicting_required_fact
0000914122-17-000012,PPIH,914122,20170131,True,unknown,missing_period_unit_scope_or_source
0001185185-17-000924,HOFT,1077688,20170131,True,unknown,missing_period_unit_scope_or_source
0001144204-17-020541,ELA,701719,20161231,False,unknown,missing_or_conflicting_required_fact
0001654954-17-003377,FTLF,1374328,20161231,True,unknown,missing_period_unit_scope_or_source
0001140361-17-016022,PAR,708821,20161231,True,unknown,missing_period_unit_scope_or_source
0001144204-17-020753,LMB,1606163,20161231,False,unknown,missing_or_conflicting_required_fact
0001615774-17-001735,BSIN,101594,20161231,True,unknown,missing_period_unit_scope_or_source
0001493152-17-004051,PROP,1162896,20161231,True,unknown,missing_period_unit_scope_or_source
0001193125-17-126669,PNRG,56868,20161231,False,unknown,missing_or_conflicting_required_fact
0001615774-17-001759,DTST,1419951,20161231,False,unknown,missing_or_conflicting_required_fact
0000008947-17-000050,AZZ,8947,20170228,True,unknown,missing_period_unit_scope_or_source
0001170010-17-000053,KMX,1170010,20170228,False,unknown,missing_or_conflicting_required_fact
0001493152-17-004310,REED,1140215,20161231,True,unknown,missing_period_unit_scope_or_source
0001628280-17-004284,VIRC,751365,20170131,True,unknown,missing_period_unit_scope_or_source
0001144204-17-022256,LAKE,798081,20170131,False,unknown,missing_or_conflicting_required_fact
0000016918-17-000029,STZ,16918,20170228,False,unknown,missing_or_conflicting_required_fact
0000006845-17-000009,APOG,6845,20170228,False,unknown,missing_or_conflicting_required_fact
0001558370-17-003176,HELE,916789,20170228,False,unknown,missing_or_conflicting_required_fact
0000724910-17-000014,NVEC,724910,20170331,False,unknown,missing_or_conflicting_required_fact
0001161697-17-000228,KRMD,704440,20170228,False,unknown,missing_or_conflicting_required_fact
0001615774-17-002088,OPXS,1397016,20160930,False,unknown,missing_or_conflicting_required_fact
0001169561-17-000014,CVLT,1169561,20170331,True,unknown,missing_period_unit_scope_or_source
0001111711-17-000037,NI,1111711,20161231,True,unknown,missing_period_unit_scope_or_source
0001193125-17-168434,EBF,33002,20170228,True,unknown,missing_period_unit_scope_or_source
0001437749-17-008941,PKE,76267,20170228,False,unknown,missing_or_conflicting_required_fact
0000866374-17-000005,FLEX,866374,20170331,True,unknown,missing_period_unit_scope_or_source
0001295947-17-000018,PBH,1295947,20170331,True,unknown,missing_period_unit_scope_or_source
0001037038-17-000004,RL,1037038,20170331,True,unknown,missing_period_unit_scope_or_source
0000849399-17-000009,GEN,849399,20170331,True,unknown,missing_period_unit_scope_or_source
0001443646-17-000050,BAH,1443646,20170331,True,unknown,missing_period_unit_scope_or_source
0000927653-17-000007,MCK,927653,20170331,True,unknown,missing_period_unit_scope_or_source
0001585364-17-000071,PRGO,1585364,20161231,True,unknown,missing_period_unit_scope_or_source
0001604778-17-000031,QRVO,1604778,20170331,True,unknown,missing_period_unit_scope_or_source
0001628280-17-005833,TTWO,946581,20170331,True,unknown,missing_period_unit_scope_or_source
0001213900-17-005790,LFMD,948320,20161231,False,unknown,missing_or_conflicting_required_fact
0000313143-17-000017,HAE,313143,20170331,True,unknown,missing_period_unit_scope_or_source
0001193125-17-181625,CRUS,772406,20170331,False,unknown,missing_or_conflicting_required_fact
0001628280-17-005863,NTCT,1078075,20170331,False,unknown,missing_or_conflicting_required_fact
0001562762-17-000075,MNRO,876427,20170331,False,unknown,missing_or_conflicting_required_fact
0001564590-17-011625,EXP,918646,20170331,False,unknown,missing_or_conflicting_required_fact
0001022408-17-000009,PLUS,1022408,20170331,False,unknown,missing_or_conflicting_required_fact
0001193125-17-182146,VSAT,797721,20170331,False,unknown,missing_or_conflicting_required_fact
0000088948-17-000019,SENEB,88948,20170331,False,unknown,missing_or_conflicting_required_fact
0000929351-17-000016,STRZ,929351,20170331,True,unknown,missing_period_unit_scope_or_source
0001140361-17-022417,MOD,67347,20170331,False,unknown,missing_or_conflicting_required_fact
0000102037-17-000030,UVV,102037,20170331,True,unknown,missing_period_unit_scope_or_source
0001171520-17-000259,SOTK,806172,20170228,False,unknown,missing_or_conflicting_required_fact
0001032975-17-000016,LOGI,1032975,20170331,False,unknown,missing_or_conflicting_required_fact
0000733269-17-000039,RAMP,733269,20170331,False,unknown,missing_or_conflicting_required_fact
0000910521-17-000008,DECK,910521,20170331,False,unknown,missing_or_conflicting_required_fact
0001289308-17-000019,ENS,1289308,20170331,True,unknown,missing_period_unit_scope_or_source
0001564590-17-011836,WMS,1604028,20170331,False,unknown,missing_or_conflicting_required_fact
0000827054-17-000098,MCHP,827054,20170331,False,unknown,missing_or_conflicting_required_fact
0001136261-17-000117,EGHT,1023731,20170331,False,unknown,missing_or_conflicting_required_fact
0001144204-17-030325,RBC,1324948,20170331,False,unknown,missing_or_conflicting_required_fact
0001005229-17-000198,CMCO,1005229,20170331,False,unknown,missing_or_conflicting_required_fact
0000046250-17-000016,HWKN,46250,20170331,True,unknown,missing_period_unit_scope_or_source
0000078749-17-000021,AGYS,78749,20170331,True,unknown,missing_period_unit_scope_or_source
0001564590-17-012090,GHM,716314,20170331,False,unknown,missing_or_conflicting_required_fact
0001079974-17-000301,ATLX,1540684,20161231,True,unknown,missing_period_unit_scope_or_source
0001558370-17-004692,BOOT,1610250,20170331,False,unknown,missing_or_conflicting_required_fact
0001437749-17-010820,MLAB,724004,20170331,False,unknown,missing_or_conflicting_required_fact
0001437749-17-011019,NATH,69733,20170331,True,unknown,missing_period_unit_scope_or_source
0000915779-17-000027,DAKT,915779,20170430,True,unknown,missing_period_unit_scope_or_source
0001564590-17-012484,TDW,98222,20170331,False,unknown,missing_or_conflicting_required_fact
0001409375-17-000021,OESX,1409375,20170331,True,unknown,missing_period_unit_scope_or_source
0000278166-17-000024,CVCO,278166,20170331,True,unknown,missing_period_unit_scope_or_source
0001596993-17-000010,LPG,1596993,20170331,False,unknown,missing_or_conflicting_required_fact
0001624794-17-000014,CSW,1624794,20170331,False,unknown,missing_or_conflicting_required_fact
0001140361-17-024968,MPAA,918251,20170331,False,unknown,missing_or_conflicting_required_fact
0001574842-17-000019,HRB,12659,20170430,True,unknown,missing_period_unit_scope_or_source
0000091419-17-000005,SJM,91419,20170430,False,unknown,missing_or_conflicting_required_fact
0001206774-17-001858,TRNS,99302,20170331,False,unknown,missing_or_conflicting_required_fact
0001564590-17-012758,NTAP,1002047,20170430,False,unknown,missing_or_conflicting_required_fact
0000065270-17-000016,MEI,65270,20170430,True,unknown,missing_period_unit_scope_or_source
0001564590-17-012978,MSN,32621,20170331,False,unknown,missing_or_conflicting_required_fact
0001193125-17-214833,ORCL,1341439,20170531,False,unknown,missing_or_conflicting_required_fact
0001613103-17-000018,MDT,1613103,20170430,True,unknown,missing_period_unit_scope_or_source
0001558370-17-004963,AVAV,1368622,20170430,False,unknown,missing_or_conflicting_required_fact
0001193125-17-216289,KFY,56679,20170430,False,unknown,missing_or_conflicting_required_fact
0001193125-17-217396,GIS,40704,20170531,False,unknown,missing_or_conflicting_required_fact
0001477932-17-003077,ODYS,1577445,20170331,True,unknown,missing_period_unit_scope_or_source
0000107140-17-000026,WLY,107140,20170430,False,unknown,missing_or_conflicting_required_fact
0000726958-17-000055,CASY,726958,20170430,True,unknown,missing_period_unit_scope_or_source
0001564590-17-013115,SWBI,1092796,20170430,False,unknown,missing_or_conflicting_required_fact
0001437749-17-012013,FRD,39092,20170331,False,unknown,missing_or_conflicting_required_fact
0001144204-17-034937,TPCS,1328792,20170331,False,unknown,missing_or_conflicting_required_fact
0001654954-17-006033,FRHC,924805,20170331,True,unknown,missing_period_unit_scope_or_source
0001047469-17-004528,AIR,1750,20170531,True,unknown,missing_period_unit_scope_or_source
0001615774-17-003593,AUID,1534154,20161231,False,unknown,missing_or_conflicting_required_fact
0001437749-17-012545,FIZZ,69891,20170430,False,unknown,missing_or_conflicting_required_fact
0001157523-17-001944,CULP,723603,20170430,False,unknown,missing_or_conflicting_required_fact
0001144204-17-036858,UUU,102109,20170331,False,unknown,missing_or_conflicting_required_fact
0000950123-17-006152,FDX,1048911,20170531,False,unknown,missing_or_conflicting_required_fact
0001144204-17-037145,AXR,6207,20170430,False,unknown,missing_or_conflicting_required_fact
0000320187-17-000090,NKE,320187,20170531,True,unknown,missing_period_unit_scope_or_source
0001628280-17-007184,CAG,23217,20170531,True,unknown,missing_period_unit_scope_or_source
0000940944-17-000027,DRI,940944,20170531,False,unknown,missing_or_conflicting_required_fact
0000723531-17-000023,PAYX,723531,20170531,False,unknown,missing_or_conflicting_required_fact
0001193125-17-232965,KEQU,55529,20170430,False,unknown,missing_or_conflicting_required_fact
0001193125-17-233750,RGP,1084765,20170531,False,unknown,missing_or_conflicting_required_fact
0001564590-17-013863,RPM,110621,20170531,False,unknown,missing_or_conflicting_required_fact
0000866729-17-000009,SCHL,866729,20170531,True,unknown,missing_period_unit_scope_or_source
0001193125-17-234020,WOR,108516,20170531,False,unknown,missing_or_conflicting_required_fact
0001558370-17-005308,LW,1679273,20170531,True,unknown,missing_period_unit_scope_or_source
0001193125-17-240208,NEOG,711377,20170531,False,unknown,missing_or_conflicting_required_fact
0001628280-17-007429,CSBR,771856,20170430,True,unknown,missing_period_unit_scope_or_source
0001387131-17-003807,RELL,355948,20170531,True,unknown,missing_period_unit_scope_or_source
0001185185-17-001617,FEIM,39020,20170430,True,unknown,missing_period_unit_scope_or_source
0000723254-17-000020,CTAS,723254,20170531,False,unknown,missing_or_conflicting_required_fact
0001564590-17-014900,MSFT,789019,20170630,False,unknown,missing_or_conflicting_required_fact
0001437749-17-013590,ETD,896156,20170630,False,unknown,missing_or_conflicting_required_fact
0001002638-17-000032,OTEX,1002638,20170630,True,unknown,missing_period_unit_scope_or_source
0001193125-17-248016,RMD,943819,20170630,False,unknown,missing_or_conflicting_required_fact
0001275187-17-000026,ANGO,1275187,20170531,True,unknown,missing_period_unit_scope_or_source
0000008670-17-000010,ADP,8670,20170630,True,unknown,missing_period_unit_scope_or_source
0001193125-17-248796,STX,1137789,20170630,True,unknown,missing_period_unit_scope_or_source
0000319201-17-000034,KLAC,319201,20170630,True,unknown,missing_period_unit_scope_or_source
0000080424-17-000047,PG,80424,20170630,True,unknown,missing_period_unit_scope_or_source
0001383312-17-000053,BR,1383312,20170630,False,unknown,missing_or_conflicting_required_fact
0000721371-17-000083,CAH,721371,20170630,False,unknown,missing_or_conflicting_required_fact
0000017843-17-000050,CRS,17843,20170630,False,unknown,missing_or_conflicting_required_fact
0001558370-17-006561,PCTY,1591698,20170630,True,unknown,missing_period_unit_scope_or_source
0001262976-17-000025,CMPR,1262976,20170630,True,unknown,missing_period_unit_scope_or_source
0001193125-17-256047,SKY,90896,20170531,True,unknown,missing_period_unit_scope_or_source
0000030625-17-000115,FLS,30625,20161231,True,unknown,missing_period_unit_scope_or_source
0000055242-17-000024,KMT,55242,20170630,True,unknown,missing_period_unit_scope_or_source
0001193125-17-257248,NWS,1564708,20170630,True,unknown,missing_period_unit_scope_or_source
0000707549-17-000100,LRCX,707549,20170630,False,unknown,missing_or_conflicting_required_fact
0001628280-17-008700,CLX,21076,20170630,True,unknown,missing_period_unit_scope_or_source
0000008858-17-000057,AVT,8858,20170630,False,unknown,missing_or_conflicting_required_fact
0001636519-17-000010,MSGS,1636519,20170630,True,unknown,missing_period_unit_scope_or_source
0001049521-17-000048,MRCY,1049521,20170630,True,unknown,missing_period_unit_scope_or_source
0000109563-17-000128,AIT,109563,20170630,True,unknown,missing_period_unit_scope_or_source
0001564590-17-017839,SYNA,817720,20170630,False,unknown,missing_or_conflicting_required_fact
0001116132-17-000011,TPR,1116132,20170630,True,unknown,missing_period_unit_scope_or_source
0001564590-17-017873,CACI,16058,20170630,False,unknown,missing_or_conflicting_required_fact
0001564590-17-017901,COHR,820318,20170630,True,unknown,missing_period_unit_scope_or_source
0000897101-17-001032,FLXS,37472,20170630,True,unknown,missing_period_unit_scope_or_source
0001024305-17-000071,COTY,1024305,20170630,True,unknown,missing_period_unit_scope_or_source
0001193125-17-265630,FN,1408710,20170630,False,unknown,missing_or_conflicting_required_fact
0001193125-17-265655,JBSS,880117,20170630,False,unknown,missing_or_conflicting_required_fact
0000057515-17-000021,MZTI,57515,20170630,True,unknown,missing_period_unit_scope_or_source
0001144204-17-044976,CVSA,730464,20170630,True,unknown,missing_period_unit_scope_or_source
0001683168-17-002211,LTRX,1114925,20170630,False,unknown,missing_or_conflicting_required_fact
0001193125-17-267515,PFGC,1618673,20170630,False,unknown,missing_or_conflicting_required_fact
0000076334-17-000095,PH,76334,20170630,True,unknown,missing_period_unit_scope_or_source
0001104659-17-053604,EL,1001250,20170630,False,unknown,missing_or_conflicting_required_fact
0001628280-17-008894,UI,1511737,20170630,True,unknown,missing_period_unit_scope_or_source
0000779152-17-000040,JKHY,779152,20170630,True,unknown,missing_period_unit_scope_or_source
0000703351-17-000030,EAT,703351,20170630,True,unknown,missing_period_unit_scope_or_source
0000106040-17-000027,WDC,106040,20170630,True,unknown,missing_period_unit_scope_or_source
0000912093-17-000022,VIAV,912093,20170630,True,unknown,missing_period_unit_scope_or_source
0000096536-17-000031,TAYD,96536,20170531,True,unknown,missing_period_unit_scope_or_source
0000202058-17-000037,LHX,202058,20170630,False,unknown,missing_or_conflicting_required_fact
0001606757-17-000049,KE,1606757,20170630,True,unknown,missing_period_unit_scope_or_source
0001615774-17-004839,NB,1512228,20170630,False,unknown,missing_or_conflicting_required_fact
0001633978-17-000095,LITE,1633978,20170630,True,unknown,missing_period_unit_scope_or_source
0000096021-17-000120,SYY,96021,20170630,False,unknown,missing_or_conflicting_required_fact
0001437749-17-015470,TWIN,100378,20170630,False,unknown,missing_or_conflicting_required_fact
0000008063-17-000033,ATRO,8063,20161231,False,unknown,missing_or_conflicting_required_fact
0000896878-17-000130,INTU,896878,20170731,True,unknown,missing_period_unit_scope_or_source
0001564590-17-018240,UFI,100726,20170630,True,unknown,missing_period_unit_scope_or_source
0000067215-17-000033,DY,67215,20170731,True,unknown,missing_period_unit_scope_or_source
0001387467-17-000057,AOSL,1387467,20170630,True,unknown,missing_period_unit_scope_or_source
0001377789-17-000044,AVNW,1377789,20170630,True,unknown,missing_period_unit_scope_or_source
0000950123-17-008407,STRT,933034,20170630,False,unknown,missing_or_conflicting_required_fact
0000849146-17-000094,LFVN,849146,20170630,True,unknown,missing_period_unit_scope_or_source
0001437749-17-015711,TECH,842023,20170630,False,unknown,missing_or_conflicting_required_fact
0000858877-17-000016,CSCO,858877,20170731,False,unknown,missing_or_conflicting_required_fact
0001327567-17-000027,PANW,1327567,20170731,True,unknown,missing_period_unit_scope_or_source
0001558370-17-006982,MCFT,1638290,20170630,True,unknown,missing_period_unit_scope_or_source
0001590976-17-000118,MBUU,1590976,20170630,True,unknown,missing_period_unit_scope_or_source
0001564590-17-018479,QNST,1117297,20170630,False,unknown,missing_or_conflicting_required_fact
0001437749-17-015804,LYTS,763532,20170630,False,unknown,missing_or_conflicting_required_fact
0000866273-17-000091,MTRX,866273,20170630,True,unknown,missing_period_unit_scope_or_source
0001564590-17-018600,RLGT,1171155,20170630,False,unknown,missing_or_conflicting_required_fact
0000746598-17-000082,BRC,746598,20170731,True,unknown,missing_period_unit_scope_or_source
0001564590-17-018633,EXTR,1078271,20170630,True,unknown,missing_period_unit_scope_or_source
0001654954-17-008440,TRAK,50471,20170630,True,unknown,missing_period_unit_scope_or_source
0001553350-17-001029,PDEX,788920,20170630,True,unknown,missing_period_unit_scope_or_source
0001174947-17-001285,ESP,33533,20170630,True,unknown,missing_period_unit_scope_or_source
0001387131-17-004685,LPTH,889971,20170630,True,unknown,missing_period_unit_scope_or_source
0001437749-17-015969,FLWS,1084869,20170630,False,unknown,missing_or_conflicting_required_fact
0001006655-17-000036,EPM,1006655,20170630,True,unknown,missing_period_unit_scope_or_source
0001437749-17-015979,CTGO,1502377,20170630,False,unknown,missing_or_conflicting_required_fact
0001477932-17-004548,WKSP,1096275,20161231,True,unknown,missing_period_unit_scope_or_source
0001144204-17-048498,RSSS,1386301,20170630,False,unknown,missing_or_conflicting_required_fact
0001564590-17-018742,PZG,1629210,20170630,False,unknown,missing_or_conflicting_required_fact
0001618732-17-000123,NTNX,1618732,20170731,True,unknown,missing_period_unit_scope_or_source
0001528396-17-000025,GWRE,1528396,20170731,False,unknown,missing_or_conflicting_required_fact
0001654954-17-008605,TRT,732026,20170630,True,unknown,missing_period_unit_scope_or_source
0001437749-17-016221,FLUX,1083743,20170630,False,unknown,missing_or_conflicting_required_fact
0000029644-17-000019,DCI,29644,20170731,False,unknown,missing_or_conflicting_required_fact
0001020859-17-000109,UNFI,1020859,20170731,False,unknown,missing_or_conflicting_required_fact
0001558370-17-007169,EGAN,1066194,20170630,True,unknown,missing_period_unit_scope_or_source
0001193125-17-295973,THO,730263,20170731,True,unknown,missing_period_unit_scope_or_source
0000016732-17-000058,CPB,16732,20170731,True,unknown,missing_period_unit_scope_or_source
0000900075-17-000044,CPRT,900075,20170731,False,unknown,missing_or_conflicting_required_fact
0000812011-17-000079,MTN,812011,20170731,True,unknown,missing_period_unit_scope_or_source
0001174947-17-001325,EVI,65312,20170630,True,unknown,missing_period_unit_scope_or_source
0001683168-17-002502,POCI,867840,20170630,True,unknown,missing_period_unit_scope_or_source
0001493152-17-011038,NTWK,1039280,20170630,True,unknown,missing_period_unit_scope_or_source
0000074046-17-000041,ODC,74046,20170731,True,unknown,missing_period_unit_scope_or_source
0000103595-17-000020,VLGEA,103595,20170731,True,unknown,missing_period_unit_scope_or_source
0001564590-17-019480,PENG,1616533,20170831,False,unknown,missing_or_conflicting_required_fact
0001437749-17-017130,AIRTP,353184,20160331,False,unknown,missing_or_conflicting_required_fact
0001437749-17-017134,AIRTP,353184,20170331,False,unknown,missing_or_conflicting_required_fact
0001279569-17-001961,UEC,1334933,20170731,True,unknown,missing_period_unit_scope_or_source
0000909832-17-000014,COST,909832,20170831,False,unknown,missing_or_conflicting_required_fact
0001193125-17-313834,JBL,898293,20170831,True,unknown,missing_period_unit_scope_or_source
0000107687-17-000094,WGO,107687,20170831,True,unknown,missing_period_unit_scope_or_source
0000105132-17-000032,WDFC,105132,20170831,False,unknown,missing_or_conflicting_required_fact
0001628280-17-010136,UNF,717954,20170831,False,unknown,missing_or_conflicting_required_fact
0001193125-17-319357,AZO,866787,20170831,False,unknown,missing_or_conflicting_required_fact
0001144215-17-000106,AYI,1144215,20170831,True,unknown,missing_period_unit_scope_or_source
0000723125-17-000131,MU,723125,20170831,True,unknown,missing_period_unit_scope_or_source
0000022444-17-000027,CMC,22444,20170831,True,unknown,missing_period_unit_scope_or_source
0001041803-17-000037,PSMT,1041803,20170831,False,unknown,missing_or_conflicting_required_fact
0001467373-17-000430,ACN,1467373,20170831,True,unknown,missing_period_unit_scope_or_source
0000006955-17-000038,EPAC,6955,20170831,True,unknown,missing_period_unit_scope_or_source
0001437749-17-017727,IIIN,764401,20170930,True,unknown,missing_period_unit_scope_or_source
0001171843-17-006393,CAPS,887151,20161231,True,unknown,missing_period_unit_scope_or_source
0001437749-17-017840,FDS,1013237,20170831,True,unknown,missing_period_unit_scope_or_source
0001213900-17-011082,ZDGE,1667313,20170731,True,unknown,missing_period_unit_scope_or_source
0001003078-17-000307,MSM,1003078,20170831,False,unknown,missing_or_conflicting_required_fact
0001234452-17-000190,QCOM,804328,20170930,True,unknown,missing_period_unit_scope_or_source
0000320193-17-000070,AAPL,320193,20170930,True,unknown,missing_period_unit_scope_or_source
0001048695-17-000028,FFIV,1048695,20170930,True,unknown,missing_period_unit_scope_or_source
0001477932-17-005396,MRDN,1437925,20170731,True,unknown,missing_period_unit_scope_or_source
0001558370-17-008533,DIT,928465,20170930,True,unknown,missing_period_unit_scope_or_source
0001702744-17-000027,SMPL,1702744,20170831,False,unknown,missing_or_conflicting_required_fact
0000814547-17-000014,FICO,814547,20170930,False,unknown,missing_or_conflicting_required_fact
0000823277-17-000053,CHSCL,823277,20170831,True,unknown,missing_period_unit_scope_or_source
0000100493-17-000133,TSN,100493,20170930,True,unknown,missing_period_unit_scope_or_source
0000108312-17-000026,WWD,108312,20170930,False,unknown,missing_or_conflicting_required_fact
0001260221-17-000060,TDG,1260221,20170930,False,unknown,missing_or_conflicting_required_fact
0000731802-17-000041,ATO,731802,20170930,True,unknown,missing_period_unit_scope_or_source
0000897723-17-000029,SANM,897723,20170930,True,unknown,missing_period_unit_scope_or_source
0000004127-17-000033,SWKS,4127,20170930,False,unknown,missing_or_conflicting_required_fact
0001217160-17-000198,JCTC,885307,20170831,True,unknown,missing_period_unit_scope_or_source
0001047469-17-007037,TEL,1385157,20170930,True,unknown,missing_period_unit_scope_or_source
0000886206-17-000037,FC,886206,20170831,False,unknown,missing_or_conflicting_required_fact
0000915840-17-000037,BZH,915840,20170930,True,unknown,missing_period_unit_scope_or_source
0001683168-17-003042,SLP,1023459,20170831,True,unknown,missing_period_unit_scope_or_source
0001047469-17-007051,ACM,868857,20170930,True,unknown,missing_period_unit_scope_or_source
0001376986-17-000031,TVC,1376986,20170930,True,unknown,missing_period_unit_scope_or_source
0001024478-17-000034,ROK,1024478,20170930,False,unknown,missing_or_conflicting_required_fact
0001654954-17-010721,PCYO,276720,20170831,True,unknown,missing_period_unit_scope_or_source
0001171843-17-007043,CLFD,796505,20170930,True,unknown,missing_period_unit_scope_or_source
0001126956-17-000063,SR,1126956,20170930,True,unknown,missing_period_unit_scope_or_source
0000876523-17-000109,EZPW,876523,20170930,True,unknown,missing_period_unit_scope_or_source
0001493594-17-000055,MTSI,1493594,20170930,True,unknown,missing_period_unit_scope_or_source
0000882184-17-000103,DHI,882184,20170930,False,unknown,missing_or_conflicting_required_fact
0000056978-17-000149,KLIC,56978,20170930,True,unknown,missing_period_unit_scope_or_source
0000002969-17-000039,APD,2969,20170930,False,unknown,missing_or_conflicting_required_fact
0001403161-17-000044,V,1403161,20170930,True,unknown,missing_period_unit_scope_or_source
0000785786-17-000049,PLXS,785786,20170930,True,unknown,missing_period_unit_scope_or_source
0001674910-17-000042,VVV,1674910,20170930,True,unknown,missing_period_unit_scope_or_source
0000070145-17-000054,NFG,70145,20170930,False,unknown,missing_or_conflicting_required_fact
0000829224-17-000049,SBUX,829224,20170930,True,unknown,missing_period_unit_scope_or_source
0000050725-17-000060,GFF,50725,20170930,False,unknown,missing_or_conflicting_required_fact
0001032220-17-000130,MMS,1032220,20170930,True,unknown,missing_period_unit_scope_or_source
0000032604-17-000046,EMR,32604,20170930,True,unknown,missing_period_unit_scope_or_source
0000720500-17-000054,ASYS,720500,20170930,True,unknown,missing_period_unit_scope_or_source
0000831641-17-000022,TTEK,831641,20170930,False,unknown,missing_or_conflicting_required_fact
0000109177-17-000080,SPB,109177,20170930,True,unknown,missing_period_unit_scope_or_source
0001171843-17-007207,NTIC,875582,20170831,True,unknown,missing_period_unit_scope_or_source
0000833444-17-000060,JCI,833444,20170930,True,unknown,missing_period_unit_scope_or_source
0000063296-17-000098,MATW,63296,20170930,False,unknown,missing_or_conflicting_required_fact
0000775158-17-000172,OSK,775158,20170930,False,unknown,missing_or_conflicting_required_fact
0000356309-17-000185,NJR,356309,20170930,False,unknown,missing_or_conflicting_required_fact
0001140859-17-000047,COR,1140859,20170930,True,unknown,missing_period_unit_scope_or_source
0000884614-17-000029,UGI,884614,20170930,True,unknown,missing_period_unit_scope_or_source
0001564590-17-024192,J,52988,20170930,False,unknown,missing_or_conflicting_required_fact
0001564590-17-024203,CBT,16040,20170930,True,unknown,missing_period_unit_scope_or_source
0000010795-17-000021,BDX,10795,20170930,True,unknown,missing_period_unit_scope_or_source
0000854775-17-000020,DGII,854775,20170930,True,unknown,missing_period_unit_scope_or_source
0001564590-17-024209,SPH,1005210,20170930,False,unknown,missing_or_conflicting_required_fact
0001584509-17-000247,ARMK,1584509,20170930,True,unknown,missing_period_unit_scope_or_source
0000006281-17-000144,ADI,6281,20171031,True,unknown,missing_period_unit_scope_or_source
0001558370-17-009052,HP,46765,20170930,True,unknown,missing_period_unit_scope_or_source
0001062993-17-005078,LEXX,1348362,20170831,False,unknown,missing_or_conflicting_required_fact
0001546380-17-000042,SMG,825542,20170930,True,unknown,missing_period_unit_scope_or_source
0001144204-17-061284,ESE,866706,20170930,True,unknown,missing_period_unit_scope_or_source
0000887733-17-000014,CENT,887733,20170930,True,unknown,missing_period_unit_scope_or_source
0000857005-17-000021,PTC,857005,20170930,True,unknown,missing_period_unit_scope_or_source
0000807882-17-000020,JACK,807882,20170930,True,unknown,missing_period_unit_scope_or_source
0000807863-17-000080,MITK,807863,20170930,True,unknown,missing_period_unit_scope_or_source
0001564590-17-024421,GEOS,1001115,20170930,False,unknown,missing_or_conflicting_required_fact
0001615774-17-007114,INSE,1615063,20170930,True,unknown,missing_period_unit_scope_or_source
0001564590-17-024528,WMG,1319161,20170930,False,unknown,missing_or_conflicting_required_fact
0000080420-17-000032,POWL,80420,20170930,False,unknown,missing_or_conflicting_required_fact
0001193125-17-362837,SGU,1002590,20170930,False,unknown,missing_or_conflicting_required_fact
0001193125-17-362916,GENC,64472,20170930,False,unknown,missing_or_conflicting_required_fact
0001437749-17-020347,NGVC,1547459,20170930,True,unknown,missing_period_unit_scope_or_source
0001193125-17-364439,IESC,1048268,20170930,True,unknown,missing_period_unit_scope_or_source
0001069533-17-000036,RGCO,1069533,20170930,True,unknown,missing_period_unit_scope_or_source
0001140361-17-045474,JOUT,788329,20170930,True,unknown,missing_period_unit_scope_or_source
0000058361-17-000053,LEE,58361,20170930,False,unknown,missing_or_conflicting_required_fact
0001493152-17-014457,SURG,1392694,20161231,True,unknown,missing_period_unit_scope_or_source
0000003545-17-000091,ALCO,3545,20170930,True,unknown,missing_period_unit_scope_or_source
0001615774-17-007272,AVXL,1314052,20170930,True,unknown,missing_period_unit_scope_or_source
0001423221-17-000018,NX,1423221,20171031,False,unknown,missing_or_conflicting_required_fact
0001644378-17-000040,RMR,1644378,20170930,False,unknown,missing_or_conflicting_required_fact
0001628280-17-012307,DLHC,785557,20170930,False,unknown,missing_or_conflicting_required_fact
0001681622-17-000023,VREX,1681622,20170930,True,unknown,missing_period_unit_scope_or_source
0001437749-17-020614,GNSS,924383,20170930,True,unknown,missing_period_unit_scope_or_source
0001437749-17-020645,DJCO,783412,20170930,True,unknown,missing_period_unit_scope_or_source
0000883241-17-000014,SNPS,883241,20171031,False,unknown,missing_or_conflicting_required_fact
0000047217-17-000045,HPQ,47217,20171031,True,unknown,missing_period_unit_scope_or_source
0001144204-17-063923,ESOA,1357971,20170930,True,unknown,missing_period_unit_scope_or_source
0001564590-17-024983,NDSN,72331,20171031,False,unknown,missing_or_conflicting_required_fact
0001104659-17-073638,IA,836690,20170930,False,unknown,missing_or_conflicting_required_fact
0000006951-17-000038,AMAT,6951,20171031,True,unknown,missing_period_unit_scope_or_source
0001628280-17-012383,HPE,1645590,20171031,False,unknown,missing_or_conflicting_required_fact
0001047469-17-007719,DE,315189,20171031,True,unknown,missing_period_unit_scope_or_source
0001601046-17-000033,KEYS,1601046,20171031,False,unknown,missing_or_conflicting_required_fact
0001437749-17-020936,OCC,1000230,20171031,True,unknown,missing_period_unit_scope_or_source
0001104659-17-074227,HRL,48465,20171031,True,unknown,missing_period_unit_scope_or_source
0000043920-17-000051,GEF,43920,20171031,True,unknown,missing_period_unit_scope_or_source
0001615774-17-007478,OPXS,1397016,20170930,True,unknown,missing_period_unit_scope_or_source
0000046619-17-000085,HEI,46619,20171031,True,unknown,missing_period_unit_scope_or_source
0001090872-17-000018,A,1090872,20171031,False,unknown,missing_or_conflicting_required_fact
0000794170-17-000065,TOL,794170,20171031,False,unknown,missing_or_conflicting_required_fact
0001174947-17-001818,BDL,12040,20170930,True,unknown,missing_period_unit_scope_or_source
0000936395-17-000064,CIEN,936395,20171031,True,unknown,missing_period_unit_scope_or_source
0001628280-17-012508,ABM,771497,20171031,True,unknown,missing_period_unit_scope_or_source
0000737758-17-000056,TTC,737758,20171031,False,unknown,missing_or_conflicting_required_fact
0000356037-17-000061,CSPI,356037,20170930,True,unknown,missing_period_unit_scope_or_source
0000711404-17-000044,COO,711404,20171031,True,unknown,missing_period_unit_scope_or_source
0001437749-17-021249,HOV,357294,20171031,True,unknown,missing_period_unit_scope_or_source
0001564590-18-000122,HUBG,940942,20161231,False,unknown,missing_or_conflicting_required_fact
0001144204-18-001087,HURC,315374,20171031,True,unknown,missing_period_unit_scope_or_source
0001144204-18-001288,LMNR,1342423,20171031,True,unknown,missing_period_unit_scope_or_source
0001493152-18-000507,BRID,14177,20171031,True,unknown,missing_period_unit_scope_or_source
0001437749-18-000767,BSET,10329,20171130,True,unknown,missing_period_unit_scope_or_source
0001078782-18-000049,ABAT,1576873,20170930,True,unknown,missing_period_unit_scope_or_source
0000796343-18-000015,ADBE,796343,20171130,True,unknown,missing_period_unit_scope_or_source
0001144204-18-003386,RFIL,740664,20171031,True,unknown,missing_period_unit_scope_or_source
0001564590-18-000821,SLB,87347,20171231,False,unknown,missing_or_conflicting_required_fact
0001067701-18-000006,URI,1067701,20171231,True,unknown,missing_period_unit_scope_or_source
0001628280-18-000562,LEN,920760,20171130,True,unknown,missing_period_unit_scope_or_source
0000063754-18-000008,MKC,63754,20171130,True,unknown,missing_period_unit_scope_or_source
0000795266-18-000005,KBH,795266,20171130,True,unknown,missing_period_unit_scope_or_source
0000815097-18-000005,CCL,815097,20171130,True,unknown,missing_period_unit_scope_or_source
0001133421-18-000005,NOC,1133421,20171231,True,unknown,missing_period_unit_scope_or_source
0001065280-18-000069,NFLX,1065280,20171231,True,unknown,missing_period_unit_scope_or_source
0001493152-18-001259,CODA,1334325,20171031,True,unknown,missing_period_unit_scope_or_source
0000908937-18-000014,SIRI,908937,20171231,False,unknown,missing_or_conflicting_required_fact
0001047469-18-000522,SLAB,1038074,20171231,False,unknown,missing_or_conflicting_required_fact
0001166691-18-000004,CCZ,1166691,20171231,True,unknown,missing_period_unit_scope_or_source
0001437749-18-001406,FUL,39368,20171130,False,unknown,missing_or_conflicting_required_fact
0001193125-18-028247,UTL,755001,20171231,False,unknown,missing_or_conflicting_required_fact
0001477294-18-000023,ST,1477294,20171231,True,unknown,missing_period_unit_scope_or_source
0000875045-18-000005,BIIB,875045,20171231,True,unknown,missing_period_unit_scope_or_source
0001326801-18-000009,META,1326801,20171231,True,unknown,missing_period_unit_scope_or_source
0001018724-18-000005,AMZN,1018724,20171231,True,unknown,missing_period_unit_scope_or_source
0001091667-18-000025,CHTR,1091667,20171231,True,unknown,missing_period_unit_scope_or_source
0001035267-18-000013,ISRG,1035267,20171231,True,unknown,missing_period_unit_scope_or_source
0001628280-18-000941,NFLX,1065280,20171231,True,unknown,missing_period_unit_scope_or_source
0001065088-18-000009,EBAY,1065088,20171231,True,unknown,missing_period_unit_scope_or_source
0000702165-18-000011,NSC,702165,20171231,False,unknown,missing_or_conflicting_required_fact
0000815556-18-000010,FAST,815556,20171231,True,unknown,missing_period_unit_scope_or_source
0001652044-18-000007,GOOG,1652044,20171231,True,unknown,missing_period_unit_scope_or_source
0001666359-18-000002,ARW,7536,20171231,True,unknown,missing_period_unit_scope_or_source
0000842162-18-000007,LEA,842162,20171231,True,unknown,missing_period_unit_scope_or_source
0001467858-18-000022,GM,1467858,20171231,True,unknown,missing_period_unit_scope_or_source
0000936468-18-000009,LMT,936468,20171231,True,unknown,missing_period_unit_scope_or_source
0000092380-18-000031,LUV,92380,20171231,True,unknown,missing_period_unit_scope_or_source
0000277948-18-000009,CSX,277948,20171231,True,unknown,missing_period_unit_scope_or_source
0000094845-18-000013,LEVI,94845,20171130,True,unknown,missing_period_unit_scope_or_source
0001408075-18-000009,GPK,1408075,20171231,True,unknown,missing_period_unit_scope_or_source
0001633917-18-000029,PYPL,1633917,20171231,True,unknown,missing_period_unit_scope_or_source
0001564590-18-001547,MSTR,1050446,20171231,False,unknown,missing_or_conflicting_required_fact
0000822416-18-000009,PHM,822416,20171231,True,unknown,missing_period_unit_scope_or_source
0001564590-18-001551,HXL,717605,20171231,False,unknown,missing_or_conflicting_required_fact
0000215466-18-000038,CDE,215466,20171231,True,unknown,missing_period_unit_scope_or_source
0001283699-18-000011,TMUS,1283699,20171231,True,unknown,missing_period_unit_scope_or_source
0001437749-18-001990,ULBI,875657,20171231,True,unknown,missing_period_unit_scope_or_source
0000055785-18-000014,KMB,55785,20171231,True,unknown,missing_period_unit_scope_or_source
0000037996-18-000015,F,37996,20171231,False,unknown,missing_or_conflicting_required_fact
0000908255-18-000017,BWA,908255,20171231,True,unknown,missing_period_unit_scope_or_source
0001532176-18-000013,REGN,872589,20171231,True,unknown,missing_period_unit_scope_or_source
0001125376-18-000028,ENSG,1125376,20171231,True,unknown,missing_period_unit_scope_or_source
0000062996-18-000015,MAS,62996,20171231,True,unknown,missing_period_unit_scope_or_source
0000310764-18-000031,SYK,310764,20171231,True,unknown,missing_period_unit_scope_or_source
0001558370-18-000535,MMM,66740,20171231,True,unknown,missing_period_unit_scope_or_source
0001058090-18-000018,CMG,1058090,20171231,False,unknown,missing_or_conflicting_required_fact
0001037646-18-000006,MTD,1037646,20171231,True,unknown,missing_period_unit_scope_or_source
0001324424-18-000006,EXPE,1324424,20171231,True,unknown,missing_period_unit_scope_or_source
0001060391-18-000005,RSG,1060391,20171231,True,unknown,missing_period_unit_scope_or_source
0001628280-18-001324,EXC,1109357,20171231,False,unknown,missing_or_conflicting_required_fact
0000045012-18-000059,HAL,45012,20171231,True,unknown,missing_period_unit_scope_or_source
0001193125-18-037332,MDLZ,1103982,20171231,True,unknown,missing_period_unit_scope_or_source
0000100885-18-000048,UNP,100885,20171231,False,unknown,missing_or_conflicting_required_fact
0001564590-18-001747,MANH,1056696,20171231,False,unknown,missing_or_conflicting_required_fact
0001306830-18-000030,CE,1306830,20171231,True,unknown,missing_period_unit_scope_or_source
0000029905-18-000013,DOV,29905,20171231,False,unknown,missing_or_conflicting_required_fact
0000064040-18-000061,SPGI,64040,20171231,False,unknown,missing_or_conflicting_required_fact
0001506307-18-000010,KMI,1506307,20171231,True,unknown,missing_period_unit_scope_or_source
0000833079-18-000007,MTH,833079,20171231,True,unknown,missing_period_unit_scope_or_source
0001193125-18-039076,TEVA,818686,20171231,True,unknown,missing_period_unit_scope_or_source
0000040533-18-000008,GD,40533,20171231,False,unknown,missing_or_conflicting_required_fact
0000012927-18-000007,BA,12927,20171231,True,unknown,missing_period_unit_scope_or_source
0001466258-18-000063,TT,1466258,20171231,True,unknown,missing_period_unit_scope_or_source
0001166003-18-000022,XPO,1166003,20171231,True,unknown,missing_period_unit_scope_or_source
0001000753-18-000015,NSP,1000753,20171231,True,unknown,missing_period_unit_scope_or_source
0001393883-18-000008,DHX,1393883,20171231,True,unknown,missing_period_unit_scope_or_source
0001110803-18-000009,ILMN,1110803,20171231,True,unknown,missing_period_unit_scope_or_source
0001558370-18-000600,USAC,1522727,20171231,True,unknown,missing_period_unit_scope_or_source
0001413329-18-000007,PM,1413329,20171231,True,unknown,missing_period_unit_scope_or_source
0000014272-18-000055,BMY,14272,20171231,True,unknown,missing_period_unit_scope_or_source
0001100682-18-000005,CRL,1100682,20171231,False,unknown,missing_or_conflicting_required_fact
0000913142-18-000006,BDC,913142,20171231,True,unknown,missing_period_unit_scope_or_source
0000077476-18-000012,PEP,77476,20171231,True,unknown,missing_period_unit_scope_or_source
0000318154-18-000004,AMGN,318154,20171231,True,unknown,missing_period_unit_scope_or_source
0001558370-18-000644,AM,1623925,20171231,True,unknown,missing_period_unit_scope_or_source
0001552033-18-000018,TRU,1552033,20171231,True,unknown,missing_period_unit_scope_or_source
0001558370-18-000647,AR,1433270,20171231,False,unknown,missing_or_conflicting_required_fact
0001193125-18-042794,NBIX,914475,20171231,False,unknown,missing_or_conflicting_required_fact
0001564590-18-001962,HUBS,1404655,20171231,False,unknown,missing_or_conflicting_required_fact
0001504337-18-000006,LPX,60519,20171231,True,unknown,missing_period_unit_scope_or_source
0000106640-18-000019,WHR,106640,20171231,True,unknown,missing_period_unit_scope_or_source
0001490281-18-000018,GRPN,1490281,20171231,False,unknown,missing_or_conflicting_required_fact
0001104659-18-009493,CMS,811156,20171231,True,unknown,missing_period_unit_scope_or_source
0001564590-18-002021,DNOW,1599617,20171231,False,unknown,missing_or_conflicting_required_fact
0000026780-18-000004,DAN,26780,20171231,True,unknown,missing_period_unit_scope_or_source
0001585689-18-000033,HLT,1585689,20171231,True,unknown,missing_period_unit_scope_or_source
0000024545-18-000009,TAP,24545,20171231,True,unknown,missing_period_unit_scope_or_source
0000764065-18-000035,CLF,764065,20171231,True,unknown,missing_period_unit_scope_or_source
0001141391-18-000009,MA,1141391,20171231,False,unknown,missing_or_conflicting_required_fact
0001558370-18-000688,SHO,1295810,20171231,False,unknown,missing_or_conflicting_required_fact
0000026172-18-000011,CMI,26172,20171231,False,unknown,missing_or_conflicting_required_fact
0001603923-18-000037,WFRD,1603923,20171231,True,unknown,missing_period_unit_scope_or_source
0001493152-18-002134,RICK,935419,20170930,False,unknown,missing_or_conflicting_required_fact
0001193125-18-045748,MD,893949,20171231,False,unknown,missing_or_conflicting_required_fact
0001691303-18-000010,HCC,1691303,20171231,True,unknown,missing_period_unit_scope_or_source
0001564590-18-002088,PAYC,1590955,20171231,False,unknown,missing_or_conflicting_required_fact
0001712184-18-000080,LILAK,1712184,20171231,True,unknown,missing_period_unit_scope_or_source
0000833640-18-000067,POWI,833640,20171231,True,unknown,missing_period_unit_scope_or_source
0001558370-18-000707,CVS,64803,20171231,True,unknown,missing_period_unit_scope_or_source
0000906163-18-000007,NVR,906163,20171231,False,unknown,missing_or_conflicting_required_fact
0001309402-18-000045,GPRE,1309402,20171231,True,unknown,missing_period_unit_scope_or_source
0000089089-18-000006,SCI,89089,20171231,True,unknown,missing_period_unit_scope_or_source
0000875320-18-000009,VRTX,875320,20171231,True,unknown,missing_period_unit_scope_or_source
0000766421-18-000015,ALK,766421,20171231,True,unknown,missing_period_unit_scope_or_source
0001101302-18-000008,ENTG,1101302,20171231,True,unknown,missing_period_unit_scope_or_source
0001628280-18-001709,PII,931015,20171231,True,unknown,missing_period_unit_scope_or_source
0000350698-18-000032,AN,350698,20171231,True,unknown,missing_period_unit_scope_or_source
0001539838-18-000014,FANG,1539838,20171231,False,unknown,missing_or_conflicting_required_fact
0001104659-18-009905,TXT,217346,20171231,True,unknown,missing_period_unit_scope_or_source
0001144204-18-009150,WCN,1318220,20171231,True,unknown,missing_period_unit_scope_or_source
0001193125-18-046425,VNDA,1347178,20171231,False,unknown,missing_or_conflicting_required_fact
0000024741-18-000010,GLW,24741,20171231,True,unknown,missing_period_unit_scope_or_source
0001628280-18-001740,HUBB,48898,20171231,True,unknown,missing_period_unit_scope_or_source
0001282637-18-000004,NEU,1282637,20171231,True,unknown,missing_period_unit_scope_or_source
0000049826-18-000017,ITW,49826,20171231,False,unknown,missing_or_conflicting_required_fact
0000018230-18-000042,CAT,18230,20171231,False,unknown,missing_or_conflicting_required_fact
0001558370-18-000716,WM,823768,20171231,True,unknown,missing_period_unit_scope_or_source
0001193125-18-046862,Z,1617640,20171231,False,unknown,missing_or_conflicting_required_fact
0001555280-18-000053,ZTS,1555280,20171231,True,unknown,missing_period_unit_scope_or_source
0001104657-18-000007,MTRN,1104657,20171231,True,unknown,missing_period_unit_scope_or_source
0000021665-18-000003,CL,21665,20171231,True,unknown,missing_period_unit_scope_or_source
0001122976-18-000007,AVNT,1122976,20171231,True,unknown,missing_period_unit_scope_or_source
0001193125-18-047130,SNA,91440,20171231,False,unknown,missing_or_conflicting_required_fact
0001628280-18-001756,MAR,1048286,20171231,True,unknown,missing_period_unit_scope_or_source
0001437749-18-002671,HL,719413,20171231,True,unknown,missing_period_unit_scope_or_source
0000098362-18-000033,TKR,98362,20171231,True,unknown,missing_period_unit_scope_or_source
0001558370-18-000722,INCY,879169,20171231,False,unknown,missing_or_conflicting_required_fact
0000851205-18-000004,CGNX,851205,20171231,True,unknown,missing_period_unit_scope_or_source
0001193125-18-047233,ALSN,1411207,20171231,False,unknown,missing_or_conflicting_required_fact
0000029989-18-000004,OMC,29989,20171231,True,unknown,missing_period_unit_scope_or_source
0001501585-18-000006,HII,1501585,20171231,True,unknown,missing_period_unit_scope_or_source
0000079879-18-000010,PPG,79879,20171231,True,unknown,missing_period_unit_scope_or_source
0001468174-18-000014,H,1468174,20171231,True,unknown,missing_period_unit_scope_or_source
0001514705-18-000003,SXC,1514705,20171231,False,unknown,missing_or_conflicting_required_fact
0001047862-18-000037,ED,1047862,20171231,True,unknown,missing_period_unit_scope_or_source
0001193125-18-047390,IOSP,1054905,20171231,False,unknown,missing_or_conflicting_required_fact
0000927003-18-000005,AEIS,927003,20171231,True,unknown,missing_period_unit_scope_or_source
0000784977-18-000005,POR,784977,20171231,False,unknown,missing_or_conflicting_required_fact
0001021561-18-000008,NUS,1021561,20171231,True,unknown,missing_period_unit_scope_or_source
0001420800-18-000004,ENOV,1420800,20171231,True,unknown,missing_period_unit_scope_or_source
0001520262-18-000016,ALKS,1520262,20171231,True,unknown,missing_period_unit_scope_or_source
0000103730-18-000008,VSH,103730,20171231,False,unknown,missing_or_conflicting_required_fact
0000050863-18-000007,INTC,50863,20171231,False,unknown,missing_or_conflicting_required_fact
0000895728-18-000008,ENB,895728,20171231,False,unknown,missing_or_conflicting_required_fact
0001140361-18-008762,MTX,891014,20171231,True,unknown,missing_period_unit_scope_or_source
0000936340-18-000082,DTB,936340,20171231,True,unknown,missing_period_unit_scope_or_source
0000016875-18-000029,CP,16875,20171231,False,unknown,missing_or_conflicting_required_fact
0001637459-18-000015,KHC,1637459,20171231,True,unknown,missing_period_unit_scope_or_source
0001551152-18-000014,ABBV,1551152,20171231,False,unknown,missing_or_conflicting_required_fact
0001193125-18-048314,AOS,91142,20171231,False,unknown,missing_or_conflicting_required_fact
0001193125-18-048333,NOV,1021860,20171231,True,unknown,missing_period_unit_scope_or_source
0000874716-18-000005,IDXX,874716,20171231,False,unknown,missing_or_conflicting_required_fact
0000068505-18-000009,MSI,68505,20171231,True,unknown,missing_period_unit_scope_or_source
0000790051-18-000095,CSL,790051,20171231,True,unknown,missing_period_unit_scope_or_source
0001069202-18-000004,LII,1069202,20171231,True,unknown,missing_period_unit_scope_or_source
0000753308-18-000013,NEE,753308,20171231,True,unknown,missing_period_unit_scope_or_source
0000007084-18-000012,ADM,7084,20171231,True,unknown,missing_period_unit_scope_or_source
0001176334-18-000024,MMLP,1176334,20171231,True,unknown,missing_period_unit_scope_or_source
0001500435-18-000010,GPRO,1500435,20171231,True,unknown,missing_period_unit_scope_or_source
0001047469-18-000856,ABT,1800,20171231,True,unknown,missing_period_unit_scope_or_source
0001710366-18-000006,CNR,1710366,20171231,False,unknown,missing_or_conflicting_required_fact
0001099800-18-000007,EW,1099800,20171231,False,unknown,missing_or_conflicting_required_fact
0001122904-18-000076,NTGR,1122904,20171231,True,unknown,missing_period_unit_scope_or_source
0001564590-18-002325,CC,1627223,20171231,True,unknown,missing_period_unit_scope_or_source
0000029905-18-000019,DOV,29905,20171231,False,unknown,missing_or_conflicting_required_fact
0000802481-18-000011,PPC,802481,20171231,True,unknown,missing_period_unit_scope_or_source
0000936468-18-000013,LMT,936468,20171231,True,unknown,missing_period_unit_scope_or_source
0001014473-18-000018,VRSN,1014473,20171231,False,unknown,missing_or_conflicting_required_fact
0001564590-18-002340,IQV,1478242,20171231,False,unknown,missing_or_conflicting_required_fact
0000097216-18-000024,TEX,97216,20171231,True,unknown,missing_period_unit_scope_or_source
0001140361-18-008833,IR,1699150,20171231,True,unknown,missing_period_unit_scope_or_source
0001597033-18-000023,SABR,1597033,20171231,False,unknown,missing_or_conflicting_required_fact
0000216228-18-000007,ITT,216228,20171231,False,unknown,missing_or_conflicting_required_fact
0000861459-18-000008,GVA,861459,20171231,True,unknown,missing_period_unit_scope_or_source
0001031203-18-000013,GPI,1031203,20171231,True,unknown,missing_period_unit_scope_or_source
0001596532-18-000018,ANET,1596532,20171231,True,unknown,missing_period_unit_scope_or_source
0000085961-18-000035,R,85961,20171231,False,unknown,missing_or_conflicting_required_fact
0000885725-18-000010,BSX,885725,20171231,False,unknown,missing_or_conflicting_required_fact
0001564590-18-002396,DIOD,29002,20171231,False,unknown,missing_or_conflicting_required_fact
0000049754-18-000003,DIN,49754,20171231,True,unknown,missing_period_unit_scope_or_source
0001193125-18-049576,DPZ,1286681,20171231,False,unknown,missing_or_conflicting_required_fact
0001178913-18-000655,SEDG,1419612,20171231,True,unknown,missing_period_unit_scope_or_source
0001320461-18-000004,CPS,1320461,20171231,True,unknown,missing_period_unit_scope_or_source
0001193125-18-049729,COP,1163165,20171231,True,unknown,missing_period_unit_scope_or_source
0001111711-18-000008,NI,1111711,20171231,True,unknown,missing_period_unit_scope_or_source
0000042888-18-000009,GGG,42888,20171231,True,unknown,missing_period_unit_scope_or_source
0001437749-18-002843,OTTR,1466593,20171231,True,unknown,missing_period_unit_scope_or_source
0000840489-18-000030,FCFS,840489,20171231,True,unknown,missing_period_unit_scope_or_source
0001018963-18-000004,ATI,1018963,20171231,True,unknown,missing_period_unit_scope_or_source
0000055135-18-000006,KELYA,55135,20171231,True,unknown,missing_period_unit_scope_or_source
0000014930-18-000056,BC,14930,20171231,True,unknown,missing_period_unit_scope_or_source
0001579241-18-000007,ALLE,1579241,20171231,True,unknown,missing_period_unit_scope_or_source
0001159036-18-000011,HALO,1159036,20171231,False,unknown,missing_or_conflicting_required_fact
0000732717-18-000009,T,732717,20171231,True,unknown,missing_period_unit_scope_or_source
0001442145-18-000008,VRSK,1442145,20171231,True,unknown,missing_period_unit_scope_or_source
0001288469-18-000006,MXL,1288469,20171231,True,unknown,missing_period_unit_scope_or_source
0001410636-18-000076,AWK,1410636,20171231,True,unknown,missing_period_unit_scope_or_source
0001047469-18-000900,FLR,1124198,20171231,False,unknown,missing_or_conflicting_required_fact
0001564590-18-002481,PTEN,889900,20171231,False,unknown,missing_or_conflicting_required_fact
0001628280-18-001911,RHI,315213,20171231,True,unknown,missing_period_unit_scope_or_source
0001573516-18-000010,MUSA,1573516,20171231,True,unknown,missing_period_unit_scope_or_source
0001031296-18-000015,FE,1031296,20171231,True,unknown,missing_period_unit_scope_or_source
0000831259-18-000008,FCX,831259,20171231,False,unknown,missing_or_conflicting_required_fact
0001280058-18-000007,BLKB,1280058,20171231,True,unknown,missing_period_unit_scope_or_source
0000059478-18-000089,LLY,59478,20171231,True,unknown,missing_period_unit_scope_or_source
0001598428-18-000027,MTUS,1598428,20171231,True,unknown,missing_period_unit_scope_or_source
0000813672-18-000008,CDNS,813672,20171231,True,unknown,missing_period_unit_scope_or_source
0001628280-18-001924,CLW,1441236,20171231,True,unknown,missing_period_unit_scope_or_source
0000003570-18-000031,LNG,3570,20171231,True,unknown,missing_period_unit_scope_or_source
0001618034-18-000003,MOS,1285785,20171231,True,unknown,missing_period_unit_scope_or_source
0001383650-18-000005,CQP,1383650,20171231,True,unknown,missing_period_unit_scope_or_source
0000104918-18-000043,AVA,104918,20171231,True,unknown,missing_period_unit_scope_or_source
0000884887-18-000017,RCL,884887,20171231,True,unknown,missing_period_unit_scope_or_source
0000092122-18-000012,SO,92122,20171231,False,unknown,missing_or_conflicting_required_fact
0001047469-18-000911,UTHR,1082554,20171231,False,unknown,missing_or_conflicting_required_fact
0001615774-18-001344,GRMN,1121788,20171231,True,unknown,missing_period_unit_scope_or_source
0001370946-18-000010,OC,1370946,20171231,True,unknown,missing_period_unit_scope_or_source
0000006201-18-000009,AAL,6201,20171231,True,unknown,missing_period_unit_scope_or_source
0001320461-18-000006,CPS,1320461,20171231,True,unknown,missing_period_unit_scope_or_source
0001603145-18-000007,XIFR,1603145,20171231,False,unknown,missing_or_conflicting_required_fact
0001193125-18-051397,ON,1097864,20171231,True,unknown,missing_period_unit_scope_or_source
0001078782-18-000204,ZIVO,1101026,20171231,True,unknown,missing_period_unit_scope_or_source
0001564590-18-002582,DVN,1090012,20171231,True,unknown,missing_period_unit_scope_or_source
0001262823-18-000008,WLK,1262823,20171231,True,unknown,missing_period_unit_scope_or_source
0001000228-18-000012,HSIC,1000228,20171231,True,unknown,missing_period_unit_scope_or_source
0000355811-18-000009,GNTX,355811,20171231,True,unknown,missing_period_unit_scope_or_source
0001564590-18-002664,TRIP,1526520,20171231,False,unknown,missing_or_conflicting_required_fact
0001193125-18-051923,LOPE,1434588,20171231,False,unknown,missing_or_conflicting_required_fact
0001564590-18-002675,PCAR,75362,20171231,False,unknown,missing_or_conflicting_required_fact
0001158449-18-000039,AAP,1158449,20171231,True,unknown,missing_period_unit_scope_or_source
0001564590-18-002683,PRDO,1046568,20171231,True,unknown,missing_period_unit_scope_or_source
0001104659-18-011084,VECO,103145,20171231,False,unknown,missing_or_conflicting_required_fact
0001326160-18-000034,DUK,1326160,20171231,True,unknown,missing_period_unit_scope_or_source
0000793952-18-000012,HOG,793952,20171231,True,unknown,missing_period_unit_scope_or_source
0000860731-18-000011,TYL,860731,20171231,True,unknown,missing_period_unit_scope_or_source
0000200406-18-000005,JNJ,200406,20171231,True,unknown,missing_period_unit_scope_or_source
0000021665-18-000006,CL,21665,20171231,True,unknown,missing_period_unit_scope_or_source
0000040211-18-000023,GATX,40211,20171231,True,unknown,missing_period_unit_scope_or_source
0001558370-18-000857,INGR,1046257,20171231,True,unknown,missing_period_unit_scope_or_source
0001451505-18-000022,RIG,1451505,20171231,True,unknown,missing_period_unit_scope_or_source
0001174947-18-000243,RGR,95029,20171231,True,unknown,missing_period_unit_scope_or_source
0001558370-18-000860,MUX,314203,20171231,True,unknown,missing_period_unit_scope_or_source
0001193125-18-052127,TREX,1069878,20171231,False,unknown,missing_or_conflicting_required_fact
0000088205-18-000002,SPXC,88205,20171231,True,unknown,missing_period_unit_scope_or_source
0001016281-18-000024,CSV,1016281,20171231,False,unknown,missing_or_conflicting_required_fact
0001047469-18-000931,AVY,8818,20171231,False,unknown,missing_or_conflicting_required_fact
0001090727-18-000009,UPS,1090727,20171231,True,unknown,missing_period_unit_scope_or_source
0001558370-18-000871,APH,820313,20171231,True,unknown,missing_period_unit_scope_or_source
0001564590-18-002721,SNAP,1564408,20171231,False,unknown,missing_or_conflicting_required_fact
0001145197-18-000004,PODD,1145197,20171231,True,unknown,missing_period_unit_scope_or_source
0001021635-18-000015,OGE,1021635,20171231,False,unknown,missing_or_conflicting_required_fact
0001041061-18-000013,YUM,1041061,20171231,False,unknown,missing_or_conflicting_required_fact
0000929008-18-000004,WCC,929008,20171231,True,unknown,missing_period_unit_scope_or_source
0001415404-18-000005,ECHO,1415404,20171231,True,unknown,missing_period_unit_scope_or_source
0000850429-18-000014,TG,850429,20171231,True,unknown,missing_period_unit_scope_or_source
0001564590-18-002766,NVCR,1645113,20171231,False,unknown,missing_or_conflicting_required_fact
0001130310-18-000003,CNP,1130310,20171231,True,unknown,missing_period_unit_scope_or_source
0001549346-18-000006,SSTK,1549346,20171231,True,unknown,missing_period_unit_scope_or_source
0001462418-18-000011,ASPS,1462418,20171231,False,unknown,missing_or_conflicting_required_fact
0000105634-18-000045,EME,105634,20171231,True,unknown,missing_period_unit_scope_or_source
0001332349-18-000033,BKD,1332349,20171231,True,unknown,missing_period_unit_scope_or_source
0001558370-18-000894,NEM,1164727,20171231,True,unknown,missing_period_unit_scope_or_source
0001418819-18-000005,IRDM,1418819,20171231,False,unknown,missing_or_conflicting_required_fact
0001111335-18-000004,VC,1111335,20171231,True,unknown,missing_period_unit_scope_or_source
0000887936-18-000005,FCN,887936,20171231,False,unknown,missing_or_conflicting_required_fact
0000107263-18-000006,WMB,107263,20171231,True,unknown,missing_period_unit_scope_or_source
0001057877-18-000027,IDA,1057877,20171231,True,unknown,missing_period_unit_scope_or_source
0001564590-18-002782,SFM,1575515,20171231,False,unknown,missing_or_conflicting_required_fact
0001437749-18-003029,SGC,95574,20171231,True,unknown,missing_period_unit_scope_or_source
0001564590-18-002787,ALV,1034670,20171231,False,unknown,missing_or_conflicting_required_fact
0000093410-18-000010,CVX,93410,20171231,True,unknown,missing_period_unit_scope_or_source
0000922224-18-000023,PPL,922224,20171231,False,unknown,missing_or_conflicting_required_fact
0001324404-18-000006,CF,1324404,20171231,False,unknown,missing_or_conflicting_required_fact
0001193125-18-053631,AME,1037868,20171231,False,unknown,missing_or_conflicting_required_fact
0001564590-18-002832,TXN,97476,20171231,False,unknown,missing_or_conflicting_required_fact
0001587732-18-000014,OGS,1587732,20171231,True,unknown,missing_period_unit_scope_or_source
0001140361-18-009555,SMP,93389,20171231,True,unknown,missing_period_unit_scope_or_source
0000096943-18-000028,TFX,96943,20171231,False,unknown,missing_or_conflicting_required_fact
0001050797-18-000004,COLM,1050797,20171231,True,unknown,missing_period_unit_scope_or_source
0000078814-18-000004,PBI,78814,20171231,True,unknown,missing_period_unit_scope_or_source
0001136893-18-000011,FIS,1136893,20171231,True,unknown,missing_period_unit_scope_or_source
0000078003-18-000027,PFE,78003,20171231,True,unknown,missing_period_unit_scope_or_source
0001193125-18-053979,GOGO,1537054,20171231,False,unknown,missing_or_conflicting_required_fact
0001616862-18-000010,AXTA,1616862,20171231,False,unknown,missing_or_conflicting_required_fact
0001558370-18-000927,IRWD,1446847,20171231,True,unknown,missing_period_unit_scope_or_source
0000749251-18-000004,IT,749251,20171231,True,unknown,missing_period_unit_scope_or_source
0001365135-18-000013,WU,1365135,20171231,False,unknown,missing_or_conflicting_required_fact
0000827052-18-000046,EIX,827052,20171231,False,unknown,missing_or_conflicting_required_fact
0000832101-18-000019,IEX,832101,20171231,True,unknown,missing_period_unit_scope_or_source
0000066570-18-000009,MSA,66570,20171231,True,unknown,missing_period_unit_scope_or_source
0001193125-18-054078,MX,1325702,20171231,False,unknown,missing_or_conflicting_required_fact
0001564590-18-002882,SAIA,1177702,20171231,False,unknown,missing_or_conflicting_required_fact
0001445305-18-000054,WK,1445305,20171231,True,unknown,missing_period_unit_scope_or_source
0000877212-18-000011,ZBRA,877212,20171231,True,unknown,missing_period_unit_scope_or_source
0001558370-18-000936,FIX,1035983,20171231,False,unknown,missing_or_conflicting_required_fact
0000051434-18-000008,IP,51434,20171231,True,unknown,missing_period_unit_scope_or_source
0001389050-18-000006,AROC,1389050,20171231,True,unknown,missing_period_unit_scope_or_source
0001193125-18-054181,LYB,1489393,20171231,True,unknown,missing_period_unit_scope_or_source
0000026324-18-000003,CW,26324,20171231,True,unknown,missing_period_unit_scope_or_source
0001237831-18-000012,GMED,1237831,20171231,True,unknown,missing_period_unit_scope_or_source
0001558370-18-000944,PAG,1019849,20171231,False,unknown,missing_or_conflicting_required_fact
0001193125-18-054235,UAL,100517,20171231,False,unknown,missing_or_conflicting_required_fact
0000916365-18-000031,TSCO,916365,20171231,True,unknown,missing_period_unit_scope_or_source
0001193125-18-054262,RGEN,730272,20171231,False,unknown,missing_or_conflicting_required_fact
0000798354-18-000005,FISV,798354,20171231,False,unknown,missing_or_conflicting_required_fact
0001534504-18-000016,PBF,1534504,20171231,True,unknown,missing_period_unit_scope_or_source
0000004904-18-000009,AEP,4904,20171231,False,unknown,missing_or_conflicting_required_fact
0001123360-18-000007,GPN,1123360,20171231,True,unknown,missing_period_unit_scope_or_source
0001636222-18-000015,WING,1636222,20171231,True,unknown,missing_period_unit_scope_or_source
0000899751-18-000008,TWI,899751,20171231,True,unknown,missing_period_unit_scope_or_source
0001057352-18-000011,CSGP,1057352,20171231,True,unknown,missing_period_unit_scope_or_source
0001425292-18-000022,UAN,1425292,20171231,False,unknown,missing_or_conflicting_required_fact
0001326160-18-000036,DUK,1326160,20171231,True,unknown,missing_period_unit_scope_or_source
0001357615-18-000033,KBR,1357615,20171231,True,unknown,missing_period_unit_scope_or_source
0001274494-18-000011,FSLR,1274494,20171231,True,unknown,missing_period_unit_scope_or_source
0000811596-18-000011,KALU,811596,20171231,True,unknown,missing_period_unit_scope_or_source
0001564590-18-002954,BAX,10456,20171231,True,unknown,missing_period_unit_scope_or_source
0001564590-18-002956,TSLA,1318605,20171231,False,unknown,missing_or_conflicting_required_fact
0000764622-18-000018,PNW,764622,20171231,False,unknown,missing_or_conflicting_required_fact
0001558370-18-000999,ECL,31462,20171231,False,unknown,missing_or_conflicting_required_fact
0001047469-18-000988,CCOI,1158324,20171231,False,unknown,missing_or_conflicting_required_fact
0001564590-18-002969,CNK,1385280,20171231,False,unknown,missing_or_conflicting_required_fact
0001558370-18-001004,MATX,3453,20171231,True,unknown,missing_period_unit_scope_or_source
0000746515-18-000004,EXPD,746515,20171231,True,unknown,missing_period_unit_scope_or_source
0001140361-18-009754,SXT,310142,20171231,True,unknown,missing_period_unit_scope_or_source
0000021344-18-000008,KO,21344,20171231,True,unknown,missing_period_unit_scope_or_source
0001558370-18-001010,WTS,795403,20171231,True,unknown,missing_period_unit_scope_or_source
0001564590-18-002984,CHD,313927,20171231,False,unknown,missing_or_conflicting_required_fact
0001534701-18-000065,PSX,1534701,20171231,True,unknown,missing_period_unit_scope_or_source
0000063908-18-000010,MCD,63908,20171231,True,unknown,missing_period_unit_scope_or_source
0001524472-18-000006,XYL,1524472,20171231,True,unknown,missing_period_unit_scope_or_source
0000732712-18-000009,VZ,732712,20171231,True,unknown,missing_period_unit_scope_or_source
0001564590-18-003000,THRM,903129,20171231,False,unknown,missing_or_conflicting_required_fact
0001193125-18-055528,LSTR,853816,20171231,False,unknown,missing_or_conflicting_required_fact
0000816761-18-000007,TDC,816761,20171231,True,unknown,missing_period_unit_scope_or_source
0001047127-18-000009,AMKR,1047127,20171231,True,unknown,missing_period_unit_scope_or_source
0000027996-18-000034,DLX,27996,20171231,False,unknown,missing_or_conflicting_required_fact
0000089800-18-000004,SHW,89800,20171231,True,unknown,missing_period_unit_scope_or_source
0000027904-18-000006,DAL,27904,20171231,True,unknown,missing_period_unit_scope_or_source
0001437749-18-003216,CVEO,1590584,20171231,True,unknown,missing_period_unit_scope_or_source
0001161728-18-000003,MGEE,1161728,20171231,True,unknown,missing_period_unit_scope_or_source
0000917273-18-000007,RMBS,917273,20171231,True,unknown,missing_period_unit_scope_or_source
0000927066-18-000030,DVA,927066,20171231,True,unknown,missing_period_unit_scope_or_source
0001618756-18-000007,QSR,1618756,20171231,False,unknown,missing_or_conflicting_required_fact
0000071829-18-000021,NPKI,71829,20171231,True,unknown,missing_period_unit_scope_or_source
0001558370-18-001026,TXRH,1289460,20171231,True,unknown,missing_period_unit_scope_or_source
0001336920-18-000008,LDOS,1336920,20171231,False,unknown,missing_or_conflicting_required_fact
0001441683-18-000023,APPN,1441683,20171231,True,unknown,missing_period_unit_scope_or_source
0001564590-18-003019,ADTN,926282,20171231,False,unknown,missing_or_conflicting_required_fact
0001437749-18-003222,PRLB,1443669,20171231,True,unknown,missing_period_unit_scope_or_source
0001193125-18-055887,MLM,916076,20171231,True,unknown,missing_period_unit_scope_or_source
0000912728-18-000051,FWRD,912728,20171231,True,unknown,missing_period_unit_scope_or_source
0000352541-18-000019,LNT,352541,20171231,True,unknown,missing_period_unit_scope_or_source
0000930420-18-000047,KFRC,930420,20171231,True,unknown,missing_period_unit_scope_or_source
0001552275-18-000013,SUN,1552275,20171231,True,unknown,missing_period_unit_scope_or_source
0000882835-18-000011,ROP,882835,20171231,False,unknown,missing_or_conflicting_required_fact
0001193125-18-055956,GRC,42682,20171231,True,unknown,missing_period_unit_scope_or_source
0001023128-18-000020,LAD,1023128,20171231,True,unknown,missing_period_unit_scope_or_source
0001300514-18-000022,LVS,1300514,20171231,False,unknown,missing_or_conflicting_required_fact
0001562762-18-000040,MELI,1099590,20171231,False,unknown,missing_or_conflicting_required_fact
0001022079-18-000038,DGX,1022079,20171231,True,unknown,missing_period_unit_scope_or_source
0001193125-18-055988,TTMI,1116942,20171231,False,unknown,missing_or_conflicting_required_fact
0001107843-18-000003,QLYS,1107843,20171231,True,unknown,missing_period_unit_scope_or_source
0000871763-18-000070,MAN,871763,20171231,False,unknown,missing_or_conflicting_required_fact
0001408075-18-000015,GPK,1408075,20171231,True,unknown,missing_period_unit_scope_or_source
0001193125-18-056057,HCA,860730,20171231,False,unknown,missing_or_conflicting_required_fact
0001437749-18-003239,JBHT,728535,20171231,True,unknown,missing_period_unit_scope_or_source
0000072903-18-000009,XEL,72903,20171231,True,unknown,missing_period_unit_scope_or_source
0001104485-18-000023,NOG,1104485,20171231,False,unknown,missing_or_conflicting_required_fact
0000040545-18-000014,GE,40545,20171231,True,unknown,missing_period_unit_scope_or_source
0001276187-18-000011,ET,1276187,20171231,True,unknown,missing_period_unit_scope_or_source
0000104889-18-000011,GHC,104889,20171231,True,unknown,missing_period_unit_scope_or_source
0001437749-18-003245,LFUS,889331,20171231,False,unknown,missing_or_conflicting_required_fact
0001701605-18-000029,BKR,1701605,20171231,True,unknown,missing_period_unit_scope_or_source
0000866829-18-000004,HOS,866829,20171231,True,unknown,missing_period_unit_scope_or_source
0000004281-18-000042,HWM,4281,20171231,True,unknown,missing_period_unit_scope_or_source
0000072741-18-000028,ES,72741,20171231,True,unknown,missing_period_unit_scope_or_source
0001130464-18-000014,BKH,1130464,20171231,False,unknown,missing_or_conflicting_required_fact
0001328581-18-000012,BCC,1328581,20171231,False,unknown,missing_or_conflicting_required_fact
0000717423-18-000011,MUR,717423,20171231,False,unknown,missing_or_conflicting_required_fact
0001193125-18-056412,NSIT,932696,20171231,False,unknown,missing_or_conflicting_required_fact
0001564590-18-003114,BMRN,1048477,20171231,False,unknown,missing_or_conflicting_required_fact
0001376139-18-000016,CVI,1376139,20171231,False,unknown,missing_or_conflicting_required_fact
0001052918-18-000050,IDR,1030192,20171231,True,unknown,missing_period_unit_scope_or_source
0001493152-18-002569,NEPH,1196298,20171231,False,unknown,missing_or_conflicting_required_fact
0001692819-18-000018,VST,1692819,20171231,False,unknown,missing_or_conflicting_required_fact
0001514416-18-000003,BAND,1514416,20171231,True,unknown,missing_period_unit_scope_or_source
0000821130-18-000008,UZD,821130,20171231,True,unknown,missing_period_unit_scope_or_source
0001564590-18-003134,ONTO,704532,20171231,False,unknown,missing_or_conflicting_required_fact
0000065984-18-000072,ETR,65984,20171231,True,unknown,missing_period_unit_scope_or_source
0000788784-18-000004,PEG,788784,20171231,True,unknown,missing_period_unit_scope_or_source
0001157523-18-000411,CHE,19584,20171231,True,unknown,missing_period_unit_scope_or_source
0001564590-18-003147,MSCI,1408198,20171231,True,unknown,missing_period_unit_scope_or_source
0001219601-18-000009,CCK,1219601,20171231,True,unknown,missing_period_unit_scope_or_source
0001558370-18-001077,ATR,896622,20171231,False,unknown,missing_or_conflicting_required_fact
0000768899-18-000006,TBI,768899,20171231,True,unknown,missing_period_unit_scope_or_source
0000939767-18-000023,EXEL,939767,20171231,True,unknown,missing_period_unit_scope_or_source
0001564590-18-003240,LXU,60714,20171231,False,unknown,missing_or_conflicting_required_fact
0001140361-18-010152,KEX,56047,20171231,True,unknown,missing_period_unit_scope_or_source
0001193125-18-058490,HSTM,1095565,20171231,False,unknown,missing_or_conflicting_required_fact
0001193125-18-058491,PEGA,1013857,20171231,False,unknown,missing_or_conflicting_required_fact
0001558370-18-001091,TCMD,1027838,20171231,True,unknown,missing_period_unit_scope_or_source
0000070866-18-000010,VYX,70866,20171231,False,unknown,missing_or_conflicting_required_fact
0001433195-18-000011,APPF,1433195,20171231,True,unknown,missing_period_unit_scope_or_source
0001564590-18-003245,RNG,1384905,20171231,False,unknown,missing_or_conflicting_required_fact
0000084839-18-000065,ROL,84839,20171231,False,unknown,missing_or_conflicting_required_fact
0000070318-18-000011,THC,70318,20171231,False,unknown,missing_or_conflicting_required_fact
0001628280-18-002245,WAB,943452,20171231,True,unknown,missing_period_unit_scope_or_source
0001564590-18-003249,SPSC,1092699,20171231,False,unknown,missing_or_conflicting_required_fact
0001558370-18-001097,SKYW,793733,20171231,False,unknown,missing_or_conflicting_required_fact
0001164863-18-000009,NPO,1164863,20171231,False,unknown,missing_or_conflicting_required_fact
0001616707-18-000087,W,1616707,20171231,True,unknown,missing_period_unit_scope_or_source
0001564590-18-003256,OFIX,884624,20171231,True,unknown,missing_period_unit_scope_or_source
0001437749-18-003334,GNRC,1474735,20171231,True,unknown,missing_period_unit_scope_or_source
0000277135-18-000007,GWW,277135,20171231,True,unknown,missing_period_unit_scope_or_source
0001628280-18-002261,LNTH,1521036,20171231,False,unknown,missing_or_conflicting_required_fact
0001279569-18-000342,RBA,1046102,20171231,True,unknown,missing_period_unit_scope_or_source
0000105770-18-000006,WST,105770,20171231,False,unknown,missing_or_conflicting_required_fact
0001193125-18-058659,HAS,46080,20171231,True,unknown,missing_period_unit_scope_or_source
0000906553-18-000011,BYD,906553,20171231,True,unknown,missing_period_unit_scope_or_source
0000074303-18-000007,OLN,74303,20171231,True,unknown,missing_period_unit_scope_or_source
0001262039-18-000009,FTNT,1262039,20171231,True,unknown,missing_period_unit_scope_or_source
0001620533-18-000015,SHAK,1620533,20171231,True,unknown,missing_period_unit_scope_or_source
0000821026-18-000009,ANDE,821026,20171231,True,unknown,missing_period_unit_scope_or_source
0000882095-18-000008,GILD,882095,20171231,True,unknown,missing_period_unit_scope_or_source
0001564590-18-003295,CAPL,1538849,20171231,True,unknown,missing_period_unit_scope_or_source
0001564590-18-003306,CRK,23194,20171231,False,unknown,missing_or_conflicting_required_fact
0000096223-18-000009,JEF,96223,20171231,True,unknown,missing_period_unit_scope_or_source
0000874761-18-000014,AES,874761,20171231,True,unknown,missing_period_unit_scope_or_source
0000824142-18-000021,AAON,824142,20171231,False,unknown,missing_or_conflicting_required_fact
0000864749-18-000010,TRMB,864749,20171231,False,unknown,missing_or_conflicting_required_fact
0001070423-18-000006,PAA,1070423,20171231,True,unknown,missing_period_unit_scope_or_source
0001581990-18-000005,PAGP,1581990,20171231,True,unknown,missing_period_unit_scope_or_source
0001628280-18-002289,CXT,25445,20171231,True,unknown,missing_period_unit_scope_or_source
0001193125-18-058986,MCO,1059556,20171231,True,unknown,missing_period_unit_scope_or_source
0001171843-18-001450,ANIK,898437,20171231,True,unknown,missing_period_unit_scope_or_source
0001042893-18-000003,INVX,1042893,20171231,True,unknown,missing_period_unit_scope_or_source
0000040987-18-000002,GPC,40987,20171231,False,unknown,missing_or_conflicting_required_fact
0001628280-18-002309,IMMR,1058811,20171231,True,unknown,missing_period_unit_scope_or_source
0001101215-18-000066,BFH,1101215,20171231,False,unknown,missing_or_conflicting_required_fact
0001193125-18-059578,D,715957,20171231,True,unknown,missing_period_unit_scope_or_source
0001564590-18-003418,HLIO,1024795,20171231,False,unknown,missing_or_conflicting_required_fact
0001396009-18-000011,VMC,1396009,20171231,True,unknown,missing_period_unit_scope_or_source
0001144204-18-011097,NCLH,1513761,20171231,False,unknown,missing_or_conflicting_required_fact
0000047111-18-000011,HSY,47111,20171231,True,unknown,missing_period_unit_scope_or_source
0001193125-18-060188,ACIW,935036,20171231,False,unknown,missing_or_conflicting_required_fact
0000878927-18-000005,ODFL,878927,20171231,True,unknown,missing_period_unit_scope_or_source
0001628280-18-002322,MAT,63276,20171231,True,unknown,missing_period_unit_scope_or_source
0000038725-18-000039,FELE,38725,20171231,True,unknown,missing_period_unit_scope_or_source
0000093556-18-000008,SWK,93556,20171231,True,unknown,missing_period_unit_scope_or_source
0000766829-18-000058,HTO,766829,20171231,True,unknown,missing_period_unit_scope_or_source
0001564590-18-003466,DORM,868780,20171231,False,unknown,missing_or_conflicting_required_fact
0000031791-18-000004,RVTY,31791,20171231,True,unknown,missing_period_unit_scope_or_source
0001144204-18-011155,STLD,1022671,20171231,False,unknown,missing_or_conflicting_required_fact
0000920148-18-000024,LH,920148,20171231,True,unknown,missing_period_unit_scope_or_source
0001692063-18-000056,SNDR,1692063,20171231,True,unknown,missing_period_unit_scope_or_source
0000071691-18-000004,NYT,71691,20171231,True,unknown,missing_period_unit_scope_or_source
0001185185-18-000331,STEX,1530766,20171231,True,unknown,missing_period_unit_scope_or_source
0000086521-18-000019,SRE,1032208,20171231,True,unknown,missing_period_unit_scope_or_source
0000082811-18-000011,RRX,82811,20171231,True,unknown,missing_period_unit_scope_or_source
0001564590-18-003494,MGRC,752714,20171231,False,unknown,missing_or_conflicting_required_fact
0001558370-18-001167,TDOC,1477449,20171231,True,unknown,missing_period_unit_scope_or_source
0001564590-18-003495,USFD,1665918,20171231,False,unknown,missing_or_conflicting_required_fact
0001273441-18-000010,GTE,1273441,20171231,True,unknown,missing_period_unit_scope_or_source
0001564590-18-003500,MEDP,1668397,20171231,False,unknown,missing_or_conflicting_required_fact
0001193125-18-060830,WAT,1000697,20171231,False,unknown,missing_or_conflicting_required_fact
0001609711-18-000035,GDDY,1609711,20171231,True,unknown,missing_period_unit_scope_or_source
0001039399-18-000014,FORM,1039399,20171231,False,unknown,missing_or_conflicting_required_fact
0001171759-18-000007,RRGB,1171759,20171231,True,unknown,missing_period_unit_scope_or_source
0001564590-18-003507,KOP,1315257,20171231,True,unknown,missing_period_unit_scope_or_source
0000002488-18-000042,AMD,2488,20171231,True,unknown,missing_period_unit_scope_or_source
0001512673-18-000004,XYZ,1512673,20171231,True,unknown,missing_period_unit_scope_or_source
0000051253-18-000005,IFF,51253,20171231,True,unknown,missing_period_unit_scope_or_source
0001564590-18-003518,INGN,1294133,20171231,False,unknown,missing_or_conflicting_required_fact
0000821189-18-000012,EOG,821189,20171231,True,unknown,missing_period_unit_scope_or_source
0001558370-18-001176,PZZA,901491,20171231,True,unknown,missing_period_unit_scope_or_source
0001564590-18-003524,YUMC,1673358,20171231,True,unknown,missing_period_unit_scope_or_source
0000310158-18-000005,MRK,310158,20171231,True,unknown,missing_period_unit_scope_or_source
0001039684-18-000021,OKE,1039684,20171231,True,unknown,missing_period_unit_scope_or_source
0001144204-18-011216,ESCA,33488,20171231,True,unknown,missing_period_unit_scope_or_source
0001335258-18-000023,LYV,1335258,20171231,True,unknown,missing_period_unit_scope_or_source
0001424929-18-000006,FOXF,1424929,20171231,True,unknown,missing_period_unit_scope_or_source
0000077360-18-000007,PNR,77360,20171231,True,unknown,missing_period_unit_scope_or_source
0001058290-18-000009,CTSH,1058290,20171231,True,unknown,missing_period_unit_scope_or_source
0001437749-18-003441,GTN,43196,20171231,True,unknown,missing_period_unit_scope_or_source
0001657853-18-000016,HTZ,1657853,20171231,False,unknown,missing_or_conflicting_required_fact
0000916540-18-000007,DAR,916540,20171231,True,unknown,missing_period_unit_scope_or_source
0001297989-18-000002,EXLS,1297989,20171231,True,unknown,missing_period_unit_scope_or_source
0000837465-18-000004,CALY,837465,20171231,True,unknown,missing_period_unit_scope_or_source
0001486957-18-000007,BWXT,1486957,20171231,True,unknown,missing_period_unit_scope_or_source
0001616000-18-000044,XHR,1616000,20171231,True,unknown,missing_period_unit_scope_or_source
0001094285-18-000053,TDY,1094285,20171231,True,unknown,missing_period_unit_scope_or_source
0000059527-18-000006,LECO,59527,20171231,False,unknown,missing_or_conflicting_required_fact
0001384101-18-000006,VCYT,1384101,20171231,False,unknown,missing_or_conflicting_required_fact
0001232524-18-000018,JAZZ,1232524,20171231,True,unknown,missing_period_unit_scope_or_source
0001673985-18-000014,ASIX,1673985,20171231,True,unknown,missing_period_unit_scope_or_source
0000937098-18-000055,TNET,937098,20171231,True,unknown,missing_period_unit_scope_or_source
0001047469-18-001117,IBM,51143,20171231,True,unknown,missing_period_unit_scope_or_source
0000793074-18-000012,WERN,793074,20171231,True,unknown,missing_period_unit_scope_or_source
0001075531-18-000015,BKNG,1075531,20171231,False,unknown,missing_or_conflicting_required_fact
0001193125-18-061152,ACHC,1520697,20171231,True,unknown,missing_period_unit_scope_or_source
0001564590-18-003549,ZBH,1136869,20171231,False,unknown,missing_or_conflicting_required_fact
0001173514-18-000014,HY,1173514,20171231,True,unknown,missing_period_unit_scope_or_source
0001438533-18-000006,TVTX,1438533,20171231,True,unknown,missing_period_unit_scope_or_source
0001093557-18-000018,DXCM,1093557,20171231,True,unknown,missing_period_unit_scope_or_source
0001321732-18-000038,PEN,1321732,20171231,True,unknown,missing_period_unit_scope_or_source
0001564590-18-003554,CZR,1590895,20171231,False,unknown,missing_or_conflicting_required_fact
0001193125-18-061184,IMAX,921582,20171231,True,unknown,missing_period_unit_scope_or_source
0001227654-18-000031,CMP,1227654,20171231,True,unknown,missing_period_unit_scope_or_source
0000015615-18-000007,MTZ,15615,20171231,True,unknown,missing_period_unit_scope_or_source
0001060822-18-000006,CRI,1060822,20171231,True,unknown,missing_period_unit_scope_or_source
0000764180-18-000028,MO,764180,20171231,True,unknown,missing_period_unit_scope_or_source
0000915913-18-000005,ALB,915913,20171231,True,unknown,missing_period_unit_scope_or_source
0001564590-18-003566,RRC,315852,20171231,False,unknown,missing_or_conflicting_required_fact
0000097134-18-000009,TNC,97134,20171231,True,unknown,missing_period_unit_scope_or_source
0000785161-18-000012,EHC,785161,20171231,True,unknown,missing_period_unit_scope_or_source
0001459200-18-000013,ALRM,1459200,20171231,True,unknown,missing_period_unit_scope_or_source
0001564590-18-003611,TTD,1671933,20171231,False,unknown,missing_or_conflicting_required_fact
0000084748-18-000007,ROG,84748,20171231,True,unknown,missing_period_unit_scope_or_source
0001558370-18-001202,XNCR,1326732,20171231,True,unknown,missing_period_unit_scope_or_source
0001659166-18-000100,FTV,1659166,20171231,False,unknown,missing_or_conflicting_required_fact
0001185348-18-000008,PRAA,1185348,20171231,True,unknown,missing_period_unit_scope_or_source
0001650729-18-000005,SITE,1650729,20171231,True,unknown,missing_period_unit_scope_or_source
0000097745-18-000006,TMO,97745,20171231,False,unknown,missing_or_conflicting_required_fact
0001564590-18-003687,NOVT,1076930,20171231,True,unknown,missing_period_unit_scope_or_source
0001564590-18-003690,PKG,75677,20171231,True,unknown,missing_period_unit_scope_or_source
0001193125-18-062607,MKSI,1049502,20171231,False,unknown,missing_or_conflicting_required_fact
0001061219-18-000008,EPD,1061219,20171231,True,unknown,missing_period_unit_scope_or_source
0001336917-18-000009,UAA,1336917,20171231,True,unknown,missing_period_unit_scope_or_source
0000945841-18-000020,POOL,945841,20171231,True,unknown,missing_period_unit_scope_or_source
0001065696-18-000004,LKQ,1065696,20171231,True,unknown,missing_period_unit_scope_or_source
0000352825-18-000004,FSTR,352825,20171231,False,unknown,missing_or_conflicting_required_fact
0001628280-18-002437,CROX,1334036,20171231,True,unknown,missing_period_unit_scope_or_source
0000107815-18-000134,WEC,783325,20171231,False,unknown,missing_or_conflicting_required_fact
0001551182-18-000074,ETN,1551182,20171231,False,unknown,missing_or_conflicting_required_fact
0001206774-18-000614,CASS,708781,20171231,True,unknown,missing_period_unit_scope_or_source
0000763744-18-000042,LCII,763744,20171231,True,unknown,missing_period_unit_scope_or_source
0001289848-18-000012,HURN,1289848,20171231,False,unknown,missing_or_conflicting_required_fact
0000103379-18-000003,VFC,103379,20171231,True,unknown,missing_period_unit_scope_or_source
0000832428-18-000020,SSP,832428,20171231,False,unknown,missing_or_conflicting_required_fact
0001035002-18-000010,VLO,1035002,20171231,True,unknown,missing_period_unit_scope_or_source
0001193125-18-063468,SON,91767,20171231,True,unknown,missing_period_unit_scope_or_source
0001628280-18-002457,WKC,789460,20171231,False,unknown,missing_or_conflicting_required_fact
0000102729-18-000008,VMI,102729,20171231,False,unknown,missing_or_conflicting_required_fact
0001047469-18-001146,USNA,896264,20171231,True,unknown,missing_period_unit_scope_or_source
0001437107-18-000028,WBD,1437107,20171231,False,unknown,missing_or_conflicting_required_fact
0001008886-18-000007,CVLG,928658,20171231,True,unknown,missing_period_unit_scope_or_source
0001558370-18-001251,UFPI,912767,20171231,True,unknown,missing_period_unit_scope_or_source
0000822818-18-000006,CLH,822818,20171231,False,unknown,missing_or_conflicting_required_fact
0001510295-18-000024,MPC,1510295,20171231,True,unknown,missing_period_unit_scope_or_source
0001552000-18-000020,MPLX,1552000,20171231,True,unknown,missing_period_unit_scope_or_source
0001193125-18-063850,SWX,1692115,20171231,False,unknown,missing_or_conflicting_required_fact
0000880266-18-000005,AGCO,880266,20171231,True,unknown,missing_period_unit_scope_or_source
0001043277-18-000007,CHRW,1043277,20171231,True,unknown,missing_period_unit_scope_or_source
0001433660-18-000004,JBTM,1433660,20171231,True,unknown,missing_period_unit_scope_or_source
0001486159-18-000010,CHRD,1486159,20171231,True,unknown,missing_period_unit_scope_or_source
0000078128-18-000003,WTRG,78128,20171231,True,unknown,missing_period_unit_scope_or_source
0001171843-18-001546,CAPS,887151,20171231,True,unknown,missing_period_unit_scope_or_source
0001097149-18-000010,ALGN,1097149,20171231,True,unknown,missing_period_unit_scope_or_source
0001628280-18-002486,FLS,30625,20171231,True,unknown,missing_period_unit_scope_or_source
0001564590-18-003800,SAH,1043509,20171231,True,unknown,missing_period_unit_scope_or_source
0001193125-18-063999,FBIN,1519751,20171231,True,unknown,missing_period_unit_scope_or_source
0001558370-18-001268,AXGN,805928,20171231,True,unknown,missing_period_unit_scope_or_source
0001050915-18-000003,PWR,1050915,20171231,False,unknown,missing_or_conflicting_required_fact
0001564590-18-003808,UHS,352915,20171231,True,unknown,missing_period_unit_scope_or_source
0001564590-18-003809,CIX,1049606,20171231,False,unknown,missing_or_conflicting_required_fact
0000851968-18-000038,MHK,851968,20171231,True,unknown,missing_period_unit_scope_or_source
0001558370-18-001271,AAOI,1158114,20171231,True,unknown,missing_period_unit_scope_or_source
0001193125-18-064018,NUE,73309,20171231,False,unknown,missing_or_conflicting_required_fact
0001558370-18-001275,RS,861884,20171231,False,unknown,missing_or_conflicting_required_fact
0001628280-18-002505,DCO,30305,20171231,True,unknown,missing_period_unit_scope_or_source
0000874015-18-000047,IONS,874015,20171231,True,unknown,missing_period_unit_scope_or_source
0001193125-18-064054,OSUR,1116463,20171231,False,unknown,missing_or_conflicting_required_fact
0000089439-18-000010,MLI,89439,20171231,True,unknown,missing_period_unit_scope_or_source
0001045810-18-000010,NVDA,1045810,20180131,True,unknown,missing_period_unit_scope_or_source
0001069258-18-000006,KTOS,1069258,20171231,False,unknown,missing_or_conflicting_required_fact
0001590714-18-000033,ESI,1590714,20171231,True,unknown,missing_period_unit_scope_or_source
0000898173-18-000077,ORLY,898173,20171231,True,unknown,missing_period_unit_scope_or_source
0000949157-18-000020,CENX,949157,20171231,True,unknown,missing_period_unit_scope_or_source
0001002910-18-000069,AEE,1002910,20171231,True,unknown,missing_period_unit_scope_or_source
0001144204-18-011800,WNC,879526,20171231,True,unknown,missing_period_unit_scope_or_source
0001564590-18-003827,SSNC,1402436,20171231,False,unknown,missing_or_conflicting_required_fact
0000277509-18-000006,FSS,277509,20171231,True,unknown,missing_period_unit_scope_or_source
0000081362-18-000003,KWR,81362,20171231,False,unknown,missing_or_conflicting_required_fact
0000769520-18-000003,MIDD,769520,20171231,True,unknown,missing_period_unit_scope_or_source
0001639691-18-000016,LIVN,1639691,20171231,True,unknown,missing_period_unit_scope_or_source
0001193125-18-064142,IBP,1580905,20171231,True,unknown,missing_period_unit_scope_or_source
0001104659-18-013503,CAKE,887596,20171231,False,unknown,missing_or_conflicting_required_fact
0001628280-18-002519,YELP,1345016,20171231,True,unknown,missing_period_unit_scope_or_source
0001564590-18-003839,HUBG,940942,20171231,False,unknown,missing_or_conflicting_required_fact
0000712034-18-000013,ACCO,712034,20171231,True,unknown,missing_period_unit_scope_or_source
0001174922-18-000019,WYNN,1174922,20171231,True,unknown,missing_period_unit_scope_or_source
0000020212-18-000010,CHDN,20212,20171231,True,unknown,missing_period_unit_scope_or_source
0001558370-18-001301,GKOS,1192448,20171231,True,unknown,missing_period_unit_scope_or_source
0001679268-18-000010,TUSK,1679268,20171231,True,unknown,missing_period_unit_scope_or_source
0001558370-18-001303,ONC,1651308,20171231,True,unknown,missing_period_unit_scope_or_source
0001564590-18-003845,COKE,317540,20171231,False,unknown,missing_or_conflicting_required_fact
0001546417-18-000042,BLMN,1546417,20171231,True,unknown,missing_period_unit_scope_or_source
0001653477-18-000008,NGVT,1653477,20171231,True,unknown,missing_period_unit_scope_or_source
0000076605-18-000045,PATK,76605,20171231,True,unknown,missing_period_unit_scope_or_source
0001144204-18-011838,STAA,718937,20171231,True,unknown,missing_period_unit_scope_or_source
0001373715-18-000058,NOW,1373715,20171231,True,unknown,missing_period_unit_scope_or_source
0001558370-18-001312,ARCB,894405,20171231,True,unknown,missing_period_unit_scope_or_source
0001370637-18-000020,ETSY,1370637,20171231,True,unknown,missing_period_unit_scope_or_source
0001402057-18-000038,CDW,1402057,20171231,True,unknown,missing_period_unit_scope_or_source
0000009092-18-000002,BMI,9092,20171231,True,unknown,missing_period_unit_scope_or_source
0000920371-18-000051,SSD,920371,20171231,False,unknown,missing_or_conflicting_required_fact
0001558370-18-001318,BGS,1278027,20171231,True,unknown,missing_period_unit_scope_or_source
0000780571-18-000013,ITRI,780571,20171231,False,unknown,missing_or_conflicting_required_fact
0001193125-18-064765,IMO,49938,20171231,False,unknown,missing_or_conflicting_required_fact
0000008063-18-000006,ATRO,8063,20171231,False,unknown,missing_or_conflicting_required_fact
0000933036-18-000010,UPBD,933036,20171231,True,unknown,missing_period_unit_scope_or_source
0001564590-18-003921,NXST,1142417,20171231,False,unknown,missing_or_conflicting_required_fact
0001362468-18-000008,ALGT,1362468,20171231,True,unknown,missing_period_unit_scope_or_source
0001694426-18-000036,DK,1694426,20171231,True,unknown,missing_period_unit_scope_or_source
0001558370-18-001342,FWONA,1560385,20171231,True,unknown,missing_period_unit_scope_or_source
0001558370-18-001345,BALL,9389,20171231,False,unknown,missing_or_conflicting_required_fact
0001564590-18-003942,MGM,789570,20171231,False,unknown,missing_or_conflicting_required_fact
0000863436-18-000005,BHE,863436,20171231,True,unknown,missing_period_unit_scope_or_source
0001628280-18-002578,MGPI,835011,20171231,True,unknown,missing_period_unit_scope_or_source
0001108426-18-000011,TXNM,1108426,20171231,True,unknown,missing_period_unit_scope_or_source
0001086222-18-000052,AKAM,1086222,20171231,True,unknown,missing_period_unit_scope_or_source
0001558370-18-001358,PLOW,1287213,20171231,False,unknown,missing_or_conflicting_required_fact
0001558370-18-001364,TR,98677,20171231,True,unknown,missing_period_unit_scope_or_source
0000915389-18-000016,EMN,915389,20171231,True,unknown,missing_period_unit_scope_or_source
0001046311-18-000006,CHH,1046311,20171231,True,unknown,missing_period_unit_scope_or_source
0001492691-18-000017,KNX,1492691,20171231,True,unknown,missing_period_unit_scope_or_source
0001564590-18-004031,G,1398659,20171231,False,unknown,missing_or_conflicting_required_fact
0001564590-18-004035,BLDR,1316835,20171231,False,unknown,missing_or_conflicting_required_fact
0000078890-18-000009,BCO,78890,20171231,True,unknown,missing_period_unit_scope_or_source
0001193125-18-066579,TER,97210,20171231,False,unknown,missing_or_conflicting_required_fact
0001558370-18-001376,PENN,921738,20171231,True,unknown,missing_period_unit_scope_or_source
0001567683-18-000008,CWEN,1567683,20171231,False,unknown,missing_or_conflicting_required_fact
0001653653-18-000004,RRR,1653653,20171231,True,unknown,missing_period_unit_scope_or_source
0001604665-18-000007,WLKP,1604665,20171231,True,unknown,missing_period_unit_scope_or_source
0001104659-18-014057,MNST,865752,20171231,False,unknown,missing_or_conflicting_required_fact
0001035201-18-000003,CWT,1035201,20171231,False,unknown,missing_or_conflicting_required_fact
0001564590-18-004080,IRTC,1388658,20171231,False,unknown,missing_or_conflicting_required_fact
0001437749-18-003630,RUSHA,1012019,20171231,True,unknown,missing_period_unit_scope_or_source
0001069183-18-000020,AXON,1069183,20171231,True,unknown,missing_period_unit_scope_or_source
0001210708-18-000017,STRRP,1210708,20171231,True,unknown,missing_period_unit_scope_or_source
0001309108-18-000013,WEX,1309108,20171231,True,unknown,missing_period_unit_scope_or_source
0000799233-18-000007,HTLD,799233,20171231,True,unknown,missing_period_unit_scope_or_source
0001601548-18-000008,VVX,1601548,20171231,True,unknown,missing_period_unit_scope_or_source
0001047469-18-001207,TWLO,1447669,20171231,True,unknown,missing_period_unit_scope_or_source
0001289945-18-000010,SPOK,1289945,20171231,True,unknown,missing_period_unit_scope_or_source
0001564590-18-004106,HGV,1674168,20171231,False,unknown,missing_or_conflicting_required_fact
0000813762-18-000029,IEP,813762,20171231,True,unknown,missing_period_unit_scope_or_source
0001013871-18-000011,NRG,1013871,20171231,True,unknown,missing_period_unit_scope_or_source
0001193125-18-067193,CEVA,1173489,20171231,False,unknown,missing_or_conflicting_required_fact
0001564590-18-004115,ASPN,1145986,20171231,False,unknown,missing_or_conflicting_required_fact
0001171486-18-000014,NRP,1171486,20171231,True,unknown,missing_period_unit_scope_or_source
0000033185-18-000011,EFX,33185,20171231,True,unknown,missing_period_unit_scope_or_source
0001437749-18-003639,MPWR,1280452,20171231,True,unknown,missing_period_unit_scope_or_source
0001078782-18-000250,VNRX,93314,20171231,True,unknown,missing_period_unit_scope_or_source
0001193125-18-067229,WSO,105016,20171231,False,unknown,missing_or_conflicting_required_fact
0001576427-18-000008,CRTO,1576427,20171231,True,unknown,missing_period_unit_scope_or_source
0000891103-18-000003,MTCH,891103,20171231,False,unknown,missing_or_conflicting_required_fact
0001437749-18-003647,TILE,715787,20171231,True,unknown,missing_period_unit_scope_or_source
0001047469-18-001210,SUPN,1356576,20171231,True,unknown,missing_period_unit_scope_or_source
0001564590-18-004127,CARG,1494259,20171231,False,unknown,missing_or_conflicting_required_fact
0001206264-18-000033,SGI,1206264,20171231,True,unknown,missing_period_unit_scope_or_source
0001000623-18-000044,MATV,1000623,20171231,True,unknown,missing_period_unit_scope_or_source
0001047469-18-001211,SCCO,1001838,20171231,False,unknown,missing_or_conflicting_required_fact
0001564590-18-004128,CBZ,944148,20171231,True,unknown,missing_period_unit_scope_or_source
0001514991-18-000004,AMCX,1514991,20171231,False,unknown,missing_or_conflicting_required_fact
0001564590-18-004134,ROKU,1428439,20171231,False,unknown,missing_or_conflicting_required_fact
0001175454-18-000007,CPAY,1175454,20171231,True,unknown,missing_period_unit_scope_or_source
0000886163-18-000030,LGND,886163,20171231,True,unknown,missing_period_unit_scope_or_source
0001288847-18-000030,FIVN,1288847,20171231,True,unknown,missing_period_unit_scope_or_source
0001140361-18-011267,BCPC,9326,20171231,True,unknown,missing_period_unit_scope_or_source
0000856982-18-000007,MMSI,856982,20171231,True,unknown,missing_period_unit_scope_or_source
0000792987-18-000008,ASTE,792987,20171231,True,unknown,missing_period_unit_scope_or_source
0001301787-18-000033,BXC,1301787,20171231,True,unknown,missing_period_unit_scope_or_source
0001564590-18-004141,TNDM,1438133,20171231,False,unknown,missing_or_conflicting_required_fact
0001585364-18-000015,PRGO,1585364,20171231,True,unknown,missing_period_unit_scope_or_source
0001437749-18-003668,CABO,1632127,20171231,True,unknown,missing_period_unit_scope_or_source
0001597672-18-000006,RYAM,1597672,20171231,True,unknown,missing_period_unit_scope_or_source
0001590364-18-000003,FTAI,1590364,20171231,True,unknown,missing_period_unit_scope_or_source
0001558370-18-001408,ATNI,879585,20171231,False,unknown,missing_or_conflicting_required_fact
0001193125-18-067603,NWL,814453,20171231,True,unknown,missing_period_unit_scope_or_source
0001600033-18-000014,ELF,1600033,20171231,False,unknown,missing_or_conflicting_required_fact
0001084048-18-000001,ZD,1084048,20171231,True,unknown,missing_period_unit_scope_or_source
0000897077-18-000010,ALG,897077,20171231,True,unknown,missing_period_unit_scope_or_source
0001140361-18-011324,TROX,1530804,20171231,False,unknown,missing_or_conflicting_required_fact
0001564590-18-004217,WTI,1288403,20171231,False,unknown,missing_or_conflicting_required_fact
0001007587-18-000006,KVHI,1007587,20171231,True,unknown,missing_period_unit_scope_or_source
0001558370-18-001442,WULF,1083301,20171231,True,unknown,missing_period_unit_scope_or_source
0000216085-18-000011,HVT,216085,20171231,True,unknown,missing_period_unit_scope_or_source
0001213900-18-002504,LIND,1512499,20171231,True,unknown,missing_period_unit_scope_or_source
0000911177-18-000007,CWST,911177,20171231,True,unknown,missing_period_unit_scope_or_source
0001437749-18-003809,COHU,21535,20171231,True,unknown,missing_period_unit_scope_or_source
0001558370-18-001465,URG,1375205,20171231,True,unknown,missing_period_unit_scope_or_source
0001558370-18-001485,FND,1507079,20171231,True,unknown,missing_period_unit_scope_or_source
0001493152-18-002916,OFLX,1317945,20171231,True,unknown,missing_period_unit_scope_or_source
0000874238-18-000022,STRL,874238,20171231,True,unknown,missing_period_unit_scope_or_source
0000783324-18-000007,VGZ,783324,20171231,True,unknown,missing_period_unit_scope_or_source
0000108985-18-000032,YORW,108985,20171231,True,unknown,missing_period_unit_scope_or_source
0001096906-18-000127,UTMD,706698,20171231,False,unknown,missing_or_conflicting_required_fact
0001654954-18-002199,WRAP,1702924,20171231,True,unknown,missing_period_unit_scope_or_source
0001144204-18-013053,PLX,1006281,20171231,True,unknown,missing_period_unit_scope_or_source
0001564590-18-004522,CARS,1683606,20171231,False,unknown,missing_or_conflicting_required_fact
0001683168-18-000599,ATOM,1420520,20171231,True,unknown,missing_period_unit_scope_or_source
0001010086-18-000003,SIGA,1010086,20171231,True,unknown,missing_period_unit_scope_or_source
0001564590-18-004532,RGNX,1590877,20171231,False,unknown,missing_or_conflicting_required_fact
0001469367-18-000031,RUN,1469367,20171231,False,unknown,missing_or_conflicting_required_fact
0001674335-18-000038,JELD,1674335,20171231,True,unknown,missing_period_unit_scope_or_source
0001654954-18-002205,BKTI,2186,20171231,True,unknown,missing_period_unit_scope_or_source
0001558370-18-001571,SEI,1697500,20171231,True,unknown,missing_period_unit_scope_or_source
0001437749-18-004044,TCX,909494,20171231,True,unknown,missing_period_unit_scope_or_source
0001690820-18-000005,CVNA,1690820,20171231,True,unknown,missing_period_unit_scope_or_source
0001564590-18-004568,BBSI,902791,20171231,False,unknown,missing_or_conflicting_required_fact
0001654954-18-002211,CXDO,1075736,20171231,True,unknown,missing_period_unit_scope_or_source
0001702780-18-000002,OPTU,1702780,20171231,True,unknown,missing_period_unit_scope_or_source
0001144204-18-013135,SRI,1043337,20171231,True,unknown,missing_period_unit_scope_or_source
0001493761-18-000011,TBCH,1493761,20171231,True,unknown,missing_period_unit_scope_or_source
0000102752-18-000010,VSEC,102752,20171231,True,unknown,missing_period_unit_scope_or_source
0001026655-18-000007,CMT,1026655,20171231,True,unknown,missing_period_unit_scope_or_source
0001564590-18-004715,FRPT,1611647,20171231,False,unknown,missing_or_conflicting_required_fact
0001144204-18-013353,MYRG,700923,20171231,True,unknown,missing_period_unit_scope_or_source
0001424929-18-000009,FOXF,1424929,20171231,True,unknown,missing_period_unit_scope_or_source
0001558370-18-001635,GOLF,1672013,20171231,True,unknown,missing_period_unit_scope_or_source
0000894627-18-000013,EGY,894627,20171231,True,unknown,missing_period_unit_scope_or_source
0001144204-18-013387,MLR,924822,20171231,False,unknown,missing_or_conflicting_required_fact
0001558370-18-001644,COLL,1267565,20171231,True,unknown,missing_period_unit_scope_or_source
0001709164-18-000011,HBB,1709164,20171231,True,unknown,missing_period_unit_scope_or_source
0001104659-18-015709,IRMD,1325618,20171231,True,unknown,missing_period_unit_scope_or_source
0001558370-18-001678,OCUL,1393434,20171231,True,unknown,missing_period_unit_scope_or_source
0001474903-18-000011,BGSF,1474903,20171231,True,unknown,missing_period_unit_scope_or_source
0000076282-18-000013,PKOH,76282,20171231,True,unknown,missing_period_unit_scope_or_source
0000891482-18-000010,FLL,891482,20171231,False,unknown,missing_or_conflicting_required_fact
0001213900-18-002722,OPRX,1448431,20171231,True,unknown,missing_period_unit_scope_or_source
0001615774-18-001689,CELH,1341766,20171231,True,unknown,missing_period_unit_scope_or_source
0001564590-18-004920,CRSP,1674416,20171231,False,unknown,missing_or_conflicting_required_fact
0001628280-18-002933,RBBN,1708055,20171231,False,unknown,missing_or_conflicting_required_fact
0001560327-18-000032,RPD,1560327,20171231,False,unknown,missing_or_conflicting_required_fact
0000700841-18-000006,RCMT,700841,20171231,True,unknown,missing_period_unit_scope_or_source
0001564590-18-004947,CHRS,1512762,20171231,False,unknown,missing_or_conflicting_required_fact
0001421517-18-000049,ERII,1421517,20171231,False,unknown,missing_or_conflicting_required_fact
0001558370-18-001736,OSPN,1044777,20171231,True,unknown,missing_period_unit_scope_or_source
0000034067-18-000009,BOOM,34067,20171231,True,unknown,missing_period_unit_scope_or_source
0001564590-18-004969,CERS,1020214,20171231,False,unknown,missing_or_conflicting_required_fact
0001144204-18-013727,BLFS,834365,20171231,True,unknown,missing_period_unit_scope_or_source
0001437749-18-004257,MRTN,799167,20171231,True,unknown,missing_period_unit_scope_or_source
0000908315-18-000009,WINA,908315,20171231,False,unknown,missing_or_conflicting_required_fact
0001437749-18-004278,PAMT,798287,20171231,True,unknown,missing_period_unit_scope_or_source
0001193125-18-076905,LMAT,1158895,20171231,False,unknown,missing_or_conflicting_required_fact
0001606366-18-000006,LOCO,1606366,20171231,False,unknown,missing_or_conflicting_required_fact
0001564590-18-005085,CECO,3197,20171231,False,unknown,missing_or_conflicting_required_fact
0000729580-18-000006,BELFA,729580,20171231,True,unknown,missing_period_unit_scope_or_source
0001193125-18-077273,RAIL,1320854,20171231,True,unknown,missing_period_unit_scope_or_source
0001564590-18-005110,FORR,1023313,20171231,False,unknown,missing_or_conflicting_required_fact
0001174947-18-000337,MSEX,66004,20171231,True,unknown,missing_period_unit_scope_or_source
0001564590-18-005116,PLPC,80035,20171231,False,unknown,missing_or_conflicting_required_fact
0001558370-18-001801,AXTI,1051627,20171231,True,unknown,missing_period_unit_scope_or_source
0001558370-18-001804,KRP,1657788,20171231,True,unknown,missing_period_unit_scope_or_source
0001193125-18-077391,VICR,751978,20171231,False,unknown,missing_or_conflicting_required_fact
0001434728-18-000040,GWRS,1434728,20171231,True,unknown,missing_period_unit_scope_or_source
0001558370-18-001807,CNXN,1050377,20171231,True,unknown,missing_period_unit_scope_or_source
0001723128-18-000005,AMRX,1723128,20171231,False,unknown,missing_or_conflicting_required_fact
0001108524-18-000011,CRM,1108524,20180131,True,unknown,missing_period_unit_scope_or_source
0001084991-18-000011,NGS,1084991,20171231,True,unknown,missing_period_unit_scope_or_source
0000882508-18-000005,QUIK,882508,20171231,True,unknown,missing_period_unit_scope_or_source
0001140361-18-012880,LINC,1286613,20171231,True,unknown,missing_period_unit_scope_or_source
0001193125-18-077593,VERI,1615165,20171231,False,unknown,missing_or_conflicting_required_fact
0001564590-18-005161,HCKT,1057379,20171231,False,unknown,missing_or_conflicting_required_fact
0001558370-18-001828,PLUG,1093691,20171231,True,unknown,missing_period_unit_scope_or_source
0001385849-18-000018,UUUU,1385849,20171231,True,unknown,missing_period_unit_scope_or_source
0001144204-18-013984,INSW,1679049,20171231,False,unknown,missing_or_conflicting_required_fact
0001437749-18-004389,APT,884269,20171231,True,unknown,missing_period_unit_scope_or_source
0000821483-18-000017,PARR,821483,20171231,True,unknown,missing_period_unit_scope_or_source
0000895456-18-000011,RCKY,895456,20171231,True,unknown,missing_period_unit_scope_or_source
0001564590-18-005293,KURA,1422143,20171231,False,unknown,missing_or_conflicting_required_fact
0001373670-18-000015,GRBK,1373670,20171231,True,unknown,missing_period_unit_scope_or_source
0001564590-18-005295,KRO,1257640,20171231,False,unknown,missing_or_conflicting_required_fact
0001564590-18-005298,NL,72162,20171231,False,unknown,missing_or_conflicting_required_fact
0001144204-18-014109,CLAR,913277,20171231,True,unknown,missing_period_unit_scope_or_source
0001047469-18-001540,CRAI,1053706,20171231,True,unknown,missing_period_unit_scope_or_source
0001558370-18-001923,RYTM,1649904,20171231,False,unknown,missing_or_conflicting_required_fact
0001628280-18-003101,CVGI,1290900,20171231,True,unknown,missing_period_unit_scope_or_source
0001660134-18-000007,OKTA,1660134,20180131,True,unknown,missing_period_unit_scope_or_source
0001558370-18-001935,TTEC,1013880,20171231,True,unknown,missing_period_unit_scope_or_source
0001144204-18-014211,HNRG,788965,20171231,True,unknown,missing_period_unit_scope_or_source
0000101984-18-000008,UEIC,101984,20171231,True,unknown,missing_period_unit_scope_or_source
0001628280-18-003129,TSQ,1499832,20171231,True,unknown,missing_period_unit_scope_or_source
0001558370-18-001955,RNGR,1699039,20171231,True,unknown,missing_period_unit_scope_or_source
0001402829-18-000003,ORN,1402829,20171231,True,unknown,missing_period_unit_scope_or_source
0000095953-18-000031,ACNT,95953,20171231,True,unknown,missing_period_unit_scope_or_source
0001144204-18-014341,WEYS,106532,20171231,True,unknown,missing_period_unit_scope_or_source
0001564590-18-005461,SCYX,1178253,20171231,True,unknown,missing_period_unit_scope_or_source
0001564590-18-005463,HGBL,849145,20171231,False,unknown,missing_or_conflicting_required_fact
0001368265-18-000010,CLNE,1368265,20171231,False,unknown,missing_or_conflicting_required_fact
0001615774-18-001852,IPAR,822663,20171231,True,unknown,missing_period_unit_scope_or_source
0001558370-18-001998,CWH,1669779,20171231,True,unknown,missing_period_unit_scope_or_source
0001144204-18-014378,SGA,886136,20171231,True,unknown,missing_period_unit_scope_or_source
0001558370-18-001999,SENS,1616543,20171231,True,unknown,missing_period_unit_scope_or_source
0001564590-18-005479,NEO,1077183,20171231,False,unknown,missing_or_conflicting_required_fact
0001144204-18-014385,MCS,62234,20171231,True,unknown,missing_period_unit_scope_or_source
0001564590-18-005482,ICHR,1652535,20171231,True,unknown,missing_period_unit_scope_or_source
0000855658-18-000027,LSCC,855658,20171231,True,unknown,missing_period_unit_scope_or_source
0001297184-18-000011,AMPH,1297184,20171231,True,unknown,missing_period_unit_scope_or_source
0001406666-18-000017,CALX,1406666,20171231,False,unknown,missing_or_conflicting_required_fact
0001615774-18-001866,RILYG,1464790,20171231,True,unknown,missing_period_unit_scope_or_source
0001558370-18-002038,VYGR,1640266,20171231,True,unknown,missing_period_unit_scope_or_source
0001437749-18-004585,NRC,70487,20171231,True,unknown,missing_period_unit_scope_or_source
0000027419-18-000010,TGT,27419,20180131,False,unknown,missing_or_conflicting_required_fact
0000917225-18-000006,XPL,917225,20171231,False,unknown,missing_or_conflicting_required_fact
0001558370-18-002048,MCRI,907242,20171231,True,unknown,missing_period_unit_scope_or_source
0001193125-18-082191,ADUS,1468328,20171231,True,unknown,missing_period_unit_scope_or_source
0001055726-18-000014,INO,1055726,20171231,True,unknown,missing_period_unit_scope_or_source
0001104659-18-017478,ALNT,46129,20171231,False,unknown,missing_or_conflicting_required_fact
0001104659-18-017491,AMPY,1533924,20171231,True,unknown,missing_period_unit_scope_or_source
0001558370-18-002060,ACLS,1113232,20171231,False,unknown,missing_or_conflicting_required_fact
0001564590-18-005637,MCHX,1224133,20171231,True,unknown,missing_period_unit_scope_or_source
0001327811-18-000009,WDAY,1327811,20180131,True,unknown,missing_period_unit_scope_or_source
0001564590-18-005647,FLNT,1460329,20171231,True,unknown,missing_period_unit_scope_or_source
0001436126-18-000017,MG,1436126,20171231,False,unknown,missing_or_conflicting_required_fact
0001477932-18-001292,LTBR,1084554,20171231,True,unknown,missing_period_unit_scope_or_source
0001705110-18-000004,ANGI,1705110,20171231,False,unknown,missing_or_conflicting_required_fact
0000727273-18-000003,CDZI,727273,20171231,True,unknown,missing_period_unit_scope_or_source
0001564590-18-005662,AVD,5981,20171231,False,unknown,missing_or_conflicting_required_fact
0001628280-18-003196,PRTS,1378950,20171231,False,unknown,missing_or_conflicting_required_fact
0001062993-18-001206,BYRN,1354866,20171130,True,unknown,missing_period_unit_scope_or_source
0001564590-18-005710,SND,1529628,20171231,False,unknown,missing_or_conflicting_required_fact
0001437749-18-004676,BBW,1113809,20171231,True,unknown,missing_period_unit_scope_or_source
0001275158-18-000017,NDLS,1275158,20171231,True,unknown,missing_period_unit_scope_or_source
0000863110-18-000005,ARTNA,863110,20171231,True,unknown,missing_period_unit_scope_or_source
0001487952-18-000006,VPG,1487952,20171231,True,unknown,missing_period_unit_scope_or_source
0000105418-18-000006,WMK,105418,20171231,False,unknown,missing_or_conflicting_required_fact
0001628280-18-003226,SHEN,354963,20171231,True,unknown,missing_period_unit_scope_or_source
0001144204-18-014905,REI,1384195,20171231,True,unknown,missing_period_unit_scope_or_source
0000818479-18-000014,XRAY,818479,20171231,True,unknown,missing_period_unit_scope_or_source
0001130713-18-000019,NXH,1130713,20171231,True,unknown,missing_period_unit_scope_or_source
0001564590-18-005830,VHI,59255,20171231,False,unknown,missing_or_conflicting_required_fact
0001615774-18-001911,AUID,1534154,20171231,True,unknown,missing_period_unit_scope_or_source
0001558370-18-002127,CLMB,945983,20171231,True,unknown,missing_period_unit_scope_or_source
0001425450-18-000040,KIDS,1425450,20171231,True,unknown,missing_period_unit_scope_or_source
0001144204-18-014946,RMNI,1635282,20171231,True,unknown,missing_period_unit_scope_or_source
0001200375-18-000009,CDXS,1200375,20171231,True,unknown,missing_period_unit_scope_or_source
0001558370-18-002138,MRAM,1438423,20171231,True,unknown,missing_period_unit_scope_or_source
0001558370-18-002139,WLFC,1018164,20171231,True,unknown,missing_period_unit_scope_or_source
0001026608-18-000010,ACU,2098,20171231,True,unknown,missing_period_unit_scope_or_source
0000031107-18-000010,EML,31107,20171231,True,unknown,missing_period_unit_scope_or_source
0001558370-18-002153,NTRA,1604821,20171231,True,unknown,missing_period_unit_scope_or_source
0000716634-18-000006,RDI,716634,20171231,True,unknown,missing_period_unit_scope_or_source
0001558370-18-002157,III,1371489,20171231,False,unknown,missing_or_conflicting_required_fact
0001022652-18-000015,INSG,1022652,20171231,True,unknown,missing_period_unit_scope_or_source
0000935703-18-000013,DLTR,935703,20180131,True,unknown,missing_period_unit_scope_or_source
0001171843-18-002024,UFPT,914156,20171231,True,unknown,missing_period_unit_scope_or_source
0001437749-18-004850,ORA,1296445,20171231,True,unknown,missing_period_unit_scope_or_source
0001437749-18-004857,NWPX,1001385,20171231,True,unknown,missing_period_unit_scope_or_source
0001493152-18-003480,PESI,891532,20171231,True,unknown,missing_period_unit_scope_or_source
0001437749-18-004863,PDFS,1120914,20171231,True,unknown,missing_period_unit_scope_or_source
0001133311-18-000007,TZOO,1133311,20171231,True,unknown,missing_period_unit_scope_or_source
0001213900-18-003067,GNE,1528356,20171231,True,unknown,missing_period_unit_scope_or_source
0001625101-18-000012,PLSE,1625101,20171231,True,unknown,missing_period_unit_scope_or_source
0000080172-18-000011,NPK,80172,20171231,True,unknown,missing_period_unit_scope_or_source
0001553350-18-000222,LWLG,1325964,20171231,True,unknown,missing_period_unit_scope_or_source
0001157523-18-000578,JAKK,1009829,20171231,False,unknown,missing_or_conflicting_required_fact
0001564590-18-006045,AEO,919012,20180131,False,unknown,missing_or_conflicting_required_fact
0001564590-18-006046,ULH,1308208,20171231,False,unknown,missing_or_conflicting_required_fact
0000708821-18-000010,PAR,708821,20171231,True,unknown,missing_period_unit_scope_or_source
0001614178-18-000095,YEXT,1614178,20180131,True,unknown,missing_period_unit_scope_or_source
0001628280-18-003302,NATR,275053,20171231,False,unknown,missing_or_conflicting_required_fact
0001279569-18-000460,THM,1134115,20171231,True,unknown,missing_period_unit_scope_or_source
0001144204-18-015288,MED,910329,20171231,True,unknown,missing_period_unit_scope_or_source
0001437749-18-004879,FF,1337298,20171231,True,unknown,missing_period_unit_scope_or_source
0001144204-18-015301,FBIO,1429260,20171231,True,unknown,missing_period_unit_scope_or_source
0001144204-18-015310,VUZI,1463972,20171231,True,unknown,missing_period_unit_scope_or_source
0001193805-18-000422,GURE,885462,20171231,True,unknown,missing_period_unit_scope_or_source
0001185185-18-000448,ASUR,884144,20171231,True,unknown,missing_period_unit_scope_or_source
0001638833-18-000004,SGRY,1638833,20171231,False,unknown,missing_or_conflicting_required_fact
0001144204-18-015327,CWCO,928340,20171231,True,unknown,missing_period_unit_scope_or_source
0001047469-18-001779,BRKR,1109354,20171231,True,unknown,missing_period_unit_scope_or_source
0001193125-18-086046,LCUT,874396,20171231,False,unknown,missing_or_conflicting_required_fact
0000883984-18-000010,ICUI,883984,20171231,True,unknown,missing_period_unit_scope_or_source
0001683168-18-000705,RDNT,790526,20171231,True,unknown,missing_period_unit_scope_or_source
0001144204-18-015415,DRIO,1533998,20171231,True,unknown,missing_period_unit_scope_or_source
0001564590-18-006189,ZUMZ,1318008,20180131,False,unknown,missing_or_conflicting_required_fact
0001558370-18-002250,WTTR,1693256,20171231,True,unknown,missing_period_unit_scope_or_source
0001437749-18-004975,INFU,1337013,20171231,True,unknown,missing_period_unit_scope_or_source
0001564590-18-006239,FLGT,1674930,20171231,True,unknown,missing_period_unit_scope_or_source
0000039911-18-000048,GAP,39911,20180131,True,unknown,missing_period_unit_scope_or_source
0001193125-18-089128,CVR,19871,20171231,True,unknown,missing_period_unit_scope_or_source
0001047469-18-001893,LAUR,912766,20171231,False,unknown,missing_or_conflicting_required_fact
0001564590-18-006339,BURL,1579298,20180131,False,unknown,missing_or_conflicting_required_fact
0001628280-18-003401,CROX,1334036,20171231,True,unknown,missing_period_unit_scope_or_source
0001144204-18-016004,ELA,701719,20171231,True,unknown,missing_period_unit_scope_or_source
0001537435-18-000028,TGEN,1537435,20171231,True,unknown,missing_period_unit_scope_or_source
0001144204-18-016169,WYY,1034760,20171231,True,unknown,missing_period_unit_scope_or_source
0001606909-18-000033,PANL,1606909,20171231,False,unknown,missing_or_conflicting_required_fact
0001534424-18-000090,CLPT,1285550,20171231,True,unknown,missing_period_unit_scope_or_source
0001017303-18-000022,TACT,1017303,20171231,True,unknown,missing_period_unit_scope_or_source
0001437749-18-005179,METC,1687187,20171231,True,unknown,missing_period_unit_scope_or_source
0001649744-18-000009,DLTH,1649744,20180131,True,unknown,missing_period_unit_scope_or_source
0001387131-18-001191,CVU,889348,20171231,True,unknown,missing_period_unit_scope_or_source
0001654954-18-002934,WVVI,838875,20171231,True,unknown,missing_period_unit_scope_or_source
0001564590-18-006572,BOX,1372612,20180131,False,unknown,missing_or_conflicting_required_fact
0001628280-18-003489,SMTC,88941,20180131,False,unknown,missing_or_conflicting_required_fact
0000354950-18-000019,HD,354950,20180131,True,unknown,missing_period_unit_scope_or_source
0000769397-18-000011,ADSK,769397,20180131,True,unknown,missing_period_unit_scope_or_source
0001708035-18-000005,ECVT,1708035,20171231,True,unknown,missing_period_unit_scope_or_source
0001177609-18-000008,FIVE,1177609,20180131,False,unknown,missing_or_conflicting_required_fact
0001690334-18-000023,SMHI,1690334,20171231,True,unknown,missing_period_unit_scope_or_source
0001493152-18-003779,IDN,1040896,20171231,True,unknown,missing_period_unit_scope_or_source
0001654954-18-002950,ACMR,1680062,20171231,False,unknown,missing_or_conflicting_required_fact
0000771266-18-000012,KOPN,771266,20171231,True,unknown,missing_period_unit_scope_or_source
0001707925-18-000004,LIN,1707925,20171231,False,unknown,missing_or_conflicting_required_fact
0001193125-18-093873,MHH,1437226,20171231,True,unknown,missing_period_unit_scope_or_source
0001437749-18-005336,TSSI,1320760,20171231,True,unknown,missing_period_unit_scope_or_source
0001564590-18-006671,KSS,885639,20180131,True,unknown,missing_period_unit_scope_or_source
0001158172-18-000050,SCOR,1158172,20171231,True,unknown,missing_period_unit_scope_or_source
0001558370-18-002366,DG,29534,20180131,True,unknown,missing_period_unit_scope_or_source
0001683168-18-000758,PAYS,1496443,20171231,True,unknown,missing_period_unit_scope_or_source
0001493152-18-003884,ACFN,880984,20171231,True,unknown,missing_period_unit_scope_or_source
0001704720-18-000022,CNNE,1704720,20171231,True,unknown,missing_period_unit_scope_or_source
0001628280-18-003579,P,1474432,20180131,False,unknown,missing_or_conflicting_required_fact
0000935703-18-000016,DLTR,935703,20180131,True,unknown,missing_period_unit_scope_or_source
0001397187-18-000013,LULU,1397187,20180131,True,unknown,missing_period_unit_scope_or_source
0001144204-18-017176,CPHC,1672909,20171231,True,unknown,missing_period_unit_scope_or_source
0000912061-18-000015,NHTC,912061,20171231,False,unknown,missing_or_conflicting_required_fact
0001213900-18-003536,GRWG,1604868,20171231,True,unknown,missing_period_unit_scope_or_source
0000018255-18-000024,CATO,18255,20180131,True,unknown,missing_period_unit_scope_or_source
0001615774-18-002144,ONDS,1646188,20171231,True,unknown,missing_period_unit_scope_or_source
0001437749-18-005659,INTT,1036262,20171231,True,unknown,missing_period_unit_scope_or_source
0001144204-18-017461,AMS,744825,20171231,True,unknown,missing_period_unit_scope_or_source
0001428336-18-000009,HQY,1428336,20180131,True,unknown,missing_period_unit_scope_or_source
0001564590-18-006972,SSTI,1351636,20171231,False,unknown,missing_or_conflicting_required_fact
0001140361-18-015469,DXPE,1020710,20171231,True,unknown,missing_period_unit_scope_or_source
0001493152-18-004053,BSIN,101594,20171231,True,unknown,missing_period_unit_scope_or_source
0001564590-18-007026,INVE,1036044,20171231,True,unknown,missing_period_unit_scope_or_source
0000924719-18-000004,SMID,924719,20171231,True,unknown,missing_period_unit_scope_or_source
0001571996-18-000004,DELL,1571996,20180131,True,unknown,missing_period_unit_scope_or_source
0001213900-18-003621,ICCC,811641,20171231,True,unknown,missing_period_unit_scope_or_source
0001564590-18-007083,MOV,72573,20180131,False,unknown,missing_or_conflicting_required_fact
0001571123-18-000010,SAIC,1571123,20180131,True,unknown,missing_period_unit_scope_or_source
0001654954-18-003375,SNWV,1417663,20171231,True,unknown,missing_period_unit_scope_or_source
0000799288-18-000022,LE,799288,20180131,True,unknown,missing_period_unit_scope_or_source
0001654954-18-003383,HQI,1140102,20171231,True,unknown,missing_period_unit_scope_or_source
0001633978-18-000028,LITE,1633978,20170630,True,unknown,missing_period_unit_scope_or_source
0001654954-18-003385,SMTI,714256,20171231,True,unknown,missing_period_unit_scope_or_source
0001615774-18-002200,SSII,1676163,20171231,False,unknown,missing_or_conflicting_required_fact
0001193125-18-102232,WSM,719955,20180131,False,unknown,missing_or_conflicting_required_fact
0001564590-18-007158,RH,1528849,20180131,False,unknown,missing_or_conflicting_required_fact
0001564590-18-007164,VEEV,1393052,20180131,False,unknown,missing_or_conflicting_required_fact
0001089063-18-000029,DKS,1089063,20180131,False,unknown,missing_or_conflicting_required_fact
0001683168-18-000821,LWAY,814586,20171231,True,unknown,missing_period_unit_scope_or_source
0001387131-18-001319,SLSN,883107,20171231,True,unknown,missing_period_unit_scope_or_source
0000104169-18-000028,WMT,104169,20180131,True,unknown,missing_period_unit_scope_or_source
0001441816-18-000028,MDB,1441816,20180131,True,unknown,missing_period_unit_scope_or_source
0000028917-18-000159,DDS,28917,20180131,False,unknown,missing_or_conflicting_required_fact
0001437749-18-005932,ZVRA,1434647,20171231,True,unknown,missing_period_unit_scope_or_source
0001628280-18-003874,TLYS,1524025,20180131,False,unknown,missing_or_conflicting_required_fact
0001564590-18-007302,OOMA,1327688,20180131,False,unknown,missing_or_conflicting_required_fact
0001387131-18-001346,WFCF,1360565,20171231,True,unknown,missing_period_unit_scope_or_source
0001144204-18-018523,AEYE,1362190,20171231,True,unknown,missing_period_unit_scope_or_source
0001072613-18-000257,EP,887396,20171231,True,unknown,missing_period_unit_scope_or_source
0001493152-18-004462,FSI,1069394,20171231,True,unknown,missing_period_unit_scope_or_source
0001493152-18-004464,REED,1140215,20171231,True,unknown,missing_period_unit_scope_or_source
0001681459-18-000049,FTI,1681459,20171231,True,unknown,missing_period_unit_scope_or_source
0001564590-18-007408,URBN,912615,20180131,False,unknown,missing_or_conflicting_required_fact
0001174947-18-000534,SHOE,895447,20180131,True,unknown,missing_period_unit_scope_or_source
0000060667-18-000051,LOW,60667,20180131,False,unknown,missing_or_conflicting_required_fact
0001553350-18-000285,DUOT,1396536,20171231,True,unknown,missing_period_unit_scope_or_source
0001463101-18-000030,ENPH,1463101,20171231,True,unknown,missing_period_unit_scope_or_source
0001213900-18-003893,LFMD,948320,20171231,False,unknown,missing_or_conflicting_required_fact
0000075288-18-000018,OXM,75288,20180131,False,unknown,missing_or_conflicting_required_fact
0001437749-18-006069,MLSS,855683,20171231,True,unknown,missing_period_unit_scope_or_source
0001721868-18-000236,SKYX,1598981,20171231,True,unknown,missing_period_unit_scope_or_source
0001144204-18-018709,LMB,1606163,20171231,True,unknown,missing_period_unit_scope_or_source
0000764478-18-000013,BBY,764478,20180131,True,unknown,missing_period_unit_scope_or_source
0001018840-18-000018,ANF,1018840,20180131,True,unknown,missing_period_unit_scope_or_source
0001628280-18-003906,SIG,832988,20180131,True,unknown,missing_period_unit_scope_or_source
0001493152-18-004565,PROP,1162896,20171231,True,unknown,missing_period_unit_scope_or_source
0000745732-18-000004,ROST,745732,20180131,True,unknown,missing_period_unit_scope_or_source
0001558370-18-002733,ULTA,1403568,20180131,True,unknown,missing_period_unit_scope_or_source
0001495320-18-000007,VRA,1495320,20180131,True,unknown,missing_period_unit_scope_or_source
0001558370-18-002753,KR,56873,20180131,True,unknown,missing_period_unit_scope_or_source
0001493152-18-004725,PROP,1162896,20171231,True,unknown,missing_period_unit_scope_or_source
0000014707-18-000013,CAL,14707,20180131,True,unknown,missing_period_unit_scope_or_source
0001193125-18-107423,TJX,109198,20180131,False,unknown,missing_or_conflicting_required_fact
0000018498-18-000016,GCO,18498,20180131,True,unknown,missing_period_unit_scope_or_source
0000794367-18-000036,M,794367,20180131,True,unknown,missing_period_unit_scope_or_source
0000885245-18-000009,BKE,885245,20180131,False,unknown,missing_or_conflicting_required_fact
0001140361-18-017136,OLLI,1639300,20180131,True,unknown,missing_period_unit_scope_or_source
0001409171-18-000024,TITN,1409171,20180131,False,unknown,missing_or_conflicting_required_fact
0001554795-18-000086,RCAT,748268,20171231,True,unknown,missing_period_unit_scope_or_source
0001493152-18-005000,SURG,1392694,20171231,True,unknown,missing_period_unit_scope_or_source
0001079973-18-000247,POWW,1015383,20171231,True,unknown,missing_period_unit_scope_or_source
0001104659-18-023493,AGX,100591,20180131,True,unknown,missing_period_unit_scope_or_source
0001654954-18-003839,REKR,1697851,20171231,True,unknown,missing_period_unit_scope_or_source
0001185185-18-000692,HOFT,1077688,20180131,True,unknown,missing_period_unit_scope_or_source
0001628280-18-004266,MIND,926423,20180131,True,unknown,missing_period_unit_scope_or_source
0000012208-18-000014,BIO,12208,20171231,True,unknown,missing_period_unit_scope_or_source
0001144204-18-020717,LAKE,798081,20180131,True,unknown,missing_period_unit_scope_or_source
0001144204-18-020894,KULR,1662684,20171231,True,unknown,missing_period_unit_scope_or_source
0001079974-18-000213,ATLX,1540684,20171231,True,unknown,missing_period_unit_scope_or_source
0001654954-18-004031,FTLF,1374328,20171231,True,unknown,missing_period_unit_scope_or_source
0001144204-18-020953,STKS,1399520,20171231,True,unknown,missing_period_unit_scope_or_source
0001477932-18-001894,BCHT,728385,20171231,True,unknown,missing_period_unit_scope_or_source
0001193125-18-119903,PNRG,56868,20171231,False,unknown,missing_or_conflicting_required_fact
0001683168-18-001030,AGNT,1495932,20171231,True,unknown,missing_period_unit_scope_or_source
0001615774-18-002700,DTST,1419951,20171231,True,unknown,missing_period_unit_scope_or_source
0001079973-18-000264,RIOT,1167419,20171231,True,unknown,missing_period_unit_scope_or_source
0001558370-18-003051,CTRN,1318484,20180131,False,unknown,missing_or_conflicting_required_fact
0001558370-18-003055,KR,56873,20180131,True,unknown,missing_period_unit_scope_or_source
0001615774-18-002707,DTST,1419951,20171231,True,unknown,missing_period_unit_scope_or_source
0000008947-18-000045,AZZ,8947,20170228,True,unknown,missing_period_unit_scope_or_source
0000914122-18-000007,PPIH,914122,20180131,True,unknown,missing_period_unit_scope_or_source
0000016918-18-000033,STZ,16918,20180228,False,unknown,missing_or_conflicting_required_fact
0000042888-18-000024,GGG,42888,20171231,True,unknown,missing_period_unit_scope_or_source
0001170010-18-000054,KMX,1170010,20180228,False,unknown,missing_or_conflicting_required_fact
0001628280-18-005275,VIRC,751365,20180131,True,unknown,missing_period_unit_scope_or_source
0000006845-18-000009,APOG,6845,20180228,False,unknown,missing_or_conflicting_required_fact
0001558370-18-003549,HELE,916789,20180228,True,unknown,missing_period_unit_scope_or_source
0000724910-18-000008,NVEC,724910,20180331,True,unknown,missing_period_unit_scope_or_source
0001169561-18-000018,CVLT,1169561,20180331,True,unknown,missing_period_unit_scope_or_source
0001400891-18-000005,IHRT,1400891,20171231,True,unknown,missing_period_unit_scope_or_source
0001295947-18-000013,PBH,1295947,20180331,True,unknown,missing_period_unit_scope_or_source
0001564590-18-013187,EBF,33002,20180228,True,unknown,missing_period_unit_scope_or_source
0001646972-18-000017,ACI,1646972,20180228,True,unknown,missing_period_unit_scope_or_source
0001437749-18-009630,PKE,76267,20180228,True,unknown,missing_period_unit_scope_or_source
0000008947-18-000071,AZZ,8947,20180228,True,unknown,missing_period_unit_scope_or_source
0001493152-18-007220,MAMA,1520358,20180131,True,unknown,missing_period_unit_scope_or_source
0001558370-18-004844,BOOT,1610250,20180331,True,unknown,missing_period_unit_scope_or_source
0001628280-18-006877,TTWO,946581,20180331,True,unknown,missing_period_unit_scope_or_source
0001628280-18-006982,MCHP,827054,20180331,False,unknown,missing_or_conflicting_required_fact
0001604778-18-000023,QRVO,1604778,20180331,True,unknown,missing_period_unit_scope_or_source
0001032975-18-000016,LOGI,1032975,20180331,False,unknown,missing_or_conflicting_required_fact
0001628280-18-007035,NTCT,1078075,20180331,True,unknown,missing_period_unit_scope_or_source
0000313143-18-000020,HAE,313143,20180331,True,unknown,missing_period_unit_scope_or_source
0001037038-18-000007,RL,1037038,20180331,True,unknown,missing_period_unit_scope_or_source
0001564590-18-014244,EXP,918646,20180331,False,unknown,missing_or_conflicting_required_fact
0001020710-18-000005,DXPE,1020710,20171231,True,unknown,missing_period_unit_scope_or_source
0001140361-18-025479,MOD,67347,20180331,True,unknown,missing_period_unit_scope_or_source
0000929351-18-000020,STRZ,929351,20180331,True,unknown,missing_period_unit_scope_or_source
0000927653-18-000010,MCK,927653,20180331,True,unknown,missing_period_unit_scope_or_source
0001171520-18-000264,SOTK,806172,20180228,False,unknown,missing_or_conflicting_required_fact
0001022408-18-000014,PLUS,1022408,20180331,True,unknown,missing_period_unit_scope_or_source
0000733269-18-000016,RAMP,733269,20180331,False,unknown,missing_or_conflicting_required_fact
0000102037-18-000012,UVV,102037,20180331,True,unknown,missing_period_unit_scope_or_source
0000078749-18-000022,AGYS,78749,20180331,True,unknown,missing_period_unit_scope_or_source
0001443646-18-000100,BAH,1443646,20180331,True,unknown,missing_period_unit_scope_or_source
0001624794-18-000009,CSW,1624794,20180331,True,unknown,missing_period_unit_scope_or_source
0001564590-18-014641,VSAT,797721,20180331,False,unknown,missing_or_conflicting_required_fact
0000910521-18-000015,DECK,910521,20180331,True,unknown,missing_period_unit_scope_or_source
0000772406-18-000007,CRUS,772406,20180331,True,unknown,missing_period_unit_scope_or_source
0001136261-18-000158,EGHT,1023731,20180331,False,unknown,missing_or_conflicting_required_fact
0001562762-18-000183,MNRO,876427,20180331,True,unknown,missing_period_unit_scope_or_source
0001564590-18-014670,WMS,1604028,20180331,False,unknown,missing_or_conflicting_required_fact
0001615774-18-004515,RBC,1324948,20180331,True,unknown,missing_period_unit_scope_or_source
0001289308-18-000017,ENS,1289308,20180331,True,unknown,missing_period_unit_scope_or_source
0001005229-18-000202,CMCO,1005229,20180331,False,unknown,missing_or_conflicting_required_fact
0000278166-18-000019,CVCO,278166,20180331,True,unknown,missing_period_unit_scope_or_source
0000056978-18-000053,KLIC,56978,20170930,True,unknown,missing_period_unit_scope_or_source
0000046250-18-000014,HWKN,46250,20180331,True,unknown,missing_period_unit_scope_or_source
0001564590-18-014971,GHM,716314,20180331,False,unknown,missing_or_conflicting_required_fact
0001437749-18-011240,MLAB,724004,20180331,False,unknown,missing_or_conflicting_required_fact
0001437749-18-011457,NATH,69733,20180331,True,unknown,missing_period_unit_scope_or_source
0000915779-18-000017,DAKT,915779,20180430,True,unknown,missing_period_unit_scope_or_source
0001206774-18-001839,TRNS,99302,20180331,True,unknown,missing_period_unit_scope_or_source
0001409375-18-000017,OESX,1409375,20180331,True,unknown,missing_period_unit_scope_or_source
0001140361-18-028577,MPAA,918251,20180331,True,unknown,missing_period_unit_scope_or_source
0000866374-18-000007,FLEX,866374,20180331,True,unknown,missing_period_unit_scope_or_source
0001574842-18-000019,HRB,12659,20180430,True,unknown,missing_period_unit_scope_or_source
0001477932-18-003081,WKSP,1096275,20171231,True,unknown,missing_period_unit_scope_or_source
0000091419-18-000005,SJM,91419,20180430,False,unknown,missing_or_conflicting_required_fact
0001564590-18-015820,NTAP,1002047,20180430,True,unknown,missing_period_unit_scope_or_source
0001437749-18-012086,ORA,1296445,20171231,True,unknown,missing_period_unit_scope_or_source
0001564590-18-015882,SWBI,1092796,20180430,True,unknown,missing_period_unit_scope_or_source
0000065270-18-000014,MEI,65270,20180430,True,unknown,missing_period_unit_scope_or_source
0001613103-18-000024,MDT,1613103,20180430,True,unknown,missing_period_unit_scope_or_source
0001193125-18-201034,ORCL,1341439,20180531,True,unknown,missing_period_unit_scope_or_source
0001558370-18-005457,AVAV,1368622,20180430,False,unknown,missing_or_conflicting_required_fact
0001437749-18-012472,FIZZ,69891,20180430,True,unknown,missing_period_unit_scope_or_source
0001596993-18-000015,LPG,1596993,20180331,False,unknown,missing_or_conflicting_required_fact
0000079879-18-000039,PPG,79879,20171231,True,unknown,missing_period_unit_scope_or_source
0001193125-18-207569,KFY,56679,20180430,True,unknown,missing_period_unit_scope_or_source
0001564590-18-016376,MSN,32621,20180331,True,unknown,missing_period_unit_scope_or_source
0001144204-18-036362,JRSH,1696558,20180331,True,unknown,missing_period_unit_scope_or_source
0001437749-18-012627,FRD,39092,20180331,True,unknown,missing_period_unit_scope_or_source
0001144204-18-036365,TPCS,1328792,20180331,False,unknown,missing_or_conflicting_required_fact
0000726958-18-000097,CASY,726958,20180430,True,unknown,missing_period_unit_scope_or_source
0001437749-18-012675,AIRTP,353184,20180331,True,unknown,missing_period_unit_scope_or_source
0000107140-18-000021,WLY,107140,20180430,True,unknown,missing_period_unit_scope_or_source
0001193125-18-209377,GIS,40704,20180531,True,unknown,missing_period_unit_scope_or_source
0001654954-18-007180,FRHC,924805,20180331,False,unknown,missing_or_conflicting_required_fact
0001437749-18-012712,SENEB,88948,20180331,True,unknown,missing_period_unit_scope_or_source
0001477932-18-003358,ODYS,1577445,20180331,True,unknown,missing_period_unit_scope_or_source
0001438533-18-000020,TVTX,1438533,20171231,True,unknown,missing_period_unit_scope_or_source
0001047469-18-004978,AIR,1750,20180531,True,unknown,missing_period_unit_scope_or_source
0001157523-18-001419,CULP,723603,20180430,True,unknown,missing_period_unit_scope_or_source
0001144204-18-038512,UUU,102109,20180331,True,unknown,missing_period_unit_scope_or_source
0001564590-18-016877,FDX,1048911,20180531,True,unknown,missing_period_unit_scope_or_source
0001193125-18-222169,KEQU,55529,20180430,True,unknown,missing_period_unit_scope_or_source
0000023217-18-000005,CAG,23217,20180531,True,unknown,missing_period_unit_scope_or_source
0001144204-18-039152,AXR,6207,20180430,True,unknown,missing_period_unit_scope_or_source
0000940944-18-000050,DRI,940944,20180531,False,unknown,missing_or_conflicting_required_fact
0000723531-18-000026,PAYX,723531,20180531,False,unknown,missing_or_conflicting_required_fact
0001564590-18-017180,RPM,110621,20180531,True,unknown,missing_period_unit_scope_or_source
0001193125-18-223809,RGP,1084765,20180531,False,unknown,missing_or_conflicting_required_fact
0001275187-18-000011,ANGO,1275187,20180531,True,unknown,missing_period_unit_scope_or_source
0000320187-18-000142,NKE,320187,20180531,True,unknown,missing_period_unit_scope_or_source
0000866729-18-000008,SCHL,866729,20180531,True,unknown,missing_period_unit_scope_or_source
0001558370-18-005726,LW,1679273,20180531,True,unknown,missing_period_unit_scope_or_source
0000723254-18-000015,CTAS,723254,20180531,False,unknown,missing_or_conflicting_required_fact
0001193125-18-229573,NEOG,711377,20180531,True,unknown,missing_period_unit_scope_or_source
0001564590-18-017896,WOR,108516,20180531,True,unknown,missing_period_unit_scope_or_source
0001185185-18-001293,FEIM,39020,20180430,True,unknown,missing_period_unit_scope_or_source
0001628280-18-009773,CSBR,771856,20180430,True,unknown,missing_period_unit_scope_or_source
0001437749-18-014320,ETD,896156,20180630,True,unknown,missing_period_unit_scope_or_source
0001387131-18-003556,RELL,355948,20180531,True,unknown,missing_period_unit_scope_or_source
0001002638-18-000022,OTEX,1002638,20180630,True,unknown,missing_period_unit_scope_or_source
0001564590-18-019062,MSFT,789019,20180630,True,unknown,missing_period_unit_scope_or_source
0001193125-18-238271,STX,1137789,20180630,True,unknown,missing_period_unit_scope_or_source
0000008670-18-000011,ADP,8670,20180630,True,unknown,missing_period_unit_scope_or_source
0000319201-18-000045,KLAC,319201,20180630,True,unknown,missing_period_unit_scope_or_source
0001383312-18-000041,BR,1383312,20180630,False,unknown,missing_or_conflicting_required_fact
0000080424-18-000055,PG,80424,20180630,True,unknown,missing_period_unit_scope_or_source
0001558370-18-006955,PCTY,1591698,20180630,True,unknown,missing_period_unit_scope_or_source
0001262976-18-000052,CMPR,1262976,20180630,True,unknown,missing_period_unit_scope_or_source
0000055242-18-000025,KMT,55242,20180630,True,unknown,missing_period_unit_scope_or_source
0001520138-18-000178,AXIL,1718500,20180531,True,unknown,missing_period_unit_scope_or_source
0000017843-18-000047,CRS,17843,20180630,False,unknown,missing_or_conflicting_required_fact
0000021076-18-000011,CLX,21076,20180630,True,unknown,missing_period_unit_scope_or_source
0000707549-18-000115,LRCX,707549,20180630,False,unknown,missing_or_conflicting_required_fact
0001193125-18-249117,NWS,1564708,20180630,True,unknown,missing_period_unit_scope_or_source
0000849146-18-000074,LFVN,849146,20180630,True,unknown,missing_period_unit_scope_or_source
0001049521-18-000030,MRCY,1049521,20180630,True,unknown,missing_period_unit_scope_or_source
0001564590-18-021907,PFGC,1618673,20180630,True,unknown,missing_period_unit_scope_or_source
0001116132-18-000021,TPR,1116132,20180630,True,unknown,missing_period_unit_scope_or_source
0000008858-18-000047,AVT,8858,20180630,True,unknown,missing_period_unit_scope_or_source
0001636519-18-000010,MSGS,1636519,20180630,True,unknown,missing_period_unit_scope_or_source
0000109563-18-000111,AIT,109563,20180630,True,unknown,missing_period_unit_scope_or_source
0000943819-18-000013,RMD,943819,20180630,True,unknown,missing_period_unit_scope_or_source
0001564590-18-022021,CACI,16058,20180630,True,unknown,missing_period_unit_scope_or_source
0001024305-18-000026,COTY,1024305,20180630,True,unknown,missing_period_unit_scope_or_source
0001193125-18-255054,FN,1408710,20180630,True,unknown,missing_period_unit_scope_or_source
0001193125-18-255065,JBSS,880117,20180630,True,unknown,missing_period_unit_scope_or_source
0000721371-18-000077,CAH,721371,20180630,True,unknown,missing_period_unit_scope_or_source
0001564590-18-022208,UFI,100726,20180630,True,unknown,missing_period_unit_scope_or_source
0001683168-18-002477,LTRX,1114925,20180630,True,unknown,missing_period_unit_scope_or_source
0001387467-18-000046,AOSL,1387467,20180630,True,unknown,missing_period_unit_scope_or_source
0001511737-18-000012,UI,1511737,20180630,True,unknown,missing_period_unit_scope_or_source
0001144204-18-046216,CVSA,730464,20180630,True,unknown,missing_period_unit_scope_or_source
0001104659-18-053494,EL,1001250,20180630,False,unknown,missing_or_conflicting_required_fact
0000076334-18-000087,PH,76334,20180630,True,unknown,missing_period_unit_scope_or_source
0000779152-18-000060,JKHY,779152,20180630,True,unknown,missing_period_unit_scope_or_source
0001564590-18-022311,SYNA,817720,20180630,True,unknown,missing_period_unit_scope_or_source
0000106040-18-000029,WDC,106040,20180630,True,unknown,missing_period_unit_scope_or_source
0000096021-18-000126,SYY,96021,20180630,False,unknown,missing_or_conflicting_required_fact
0001437749-18-016163,TWIN,100378,20180630,True,unknown,missing_period_unit_scope_or_source
0000703351-18-000036,EAT,703351,20180630,True,unknown,missing_period_unit_scope_or_source
0001437749-18-016190,TECH,842023,20180630,True,unknown,missing_period_unit_scope_or_source
0000057515-18-000020,MZTI,57515,20180630,True,unknown,missing_period_unit_scope_or_source
0000202058-18-000063,LHX,202058,20180630,True,unknown,missing_period_unit_scope_or_source
0001377789-18-000061,AVNW,1377789,20180630,True,unknown,missing_period_unit_scope_or_source
0001633978-18-000108,LITE,1633978,20180630,True,unknown,missing_period_unit_scope_or_source
0000912093-18-000059,VIAV,912093,20180630,True,unknown,missing_period_unit_scope_or_source
0001606757-18-000050,KE,1606757,20180630,True,unknown,missing_period_unit_scope_or_source
0001564590-18-022409,COHR,820318,20180630,True,unknown,missing_period_unit_scope_or_source
0001628280-18-011503,ATEN,1580808,20171231,True,unknown,missing_period_unit_scope_or_source
0000096536-18-000022,TAYD,96536,20180531,True,unknown,missing_period_unit_scope_or_source
0001564590-18-022453,EXTR,1078271,20180630,True,unknown,missing_period_unit_scope_or_source
0001437749-18-016402,CTGO,1502377,20180630,True,unknown,missing_period_unit_scope_or_source
0001615774-18-009046,NB,1512228,20180630,True,unknown,missing_period_unit_scope_or_source
0000896878-18-000171,INTU,896878,20180731,True,unknown,missing_period_unit_scope_or_source
0000950123-18-009308,STRT,933034,20180630,True,unknown,missing_period_unit_scope_or_source
0000897101-18-000887,FLXS,37472,20180630,True,unknown,missing_period_unit_scope_or_source
0000858877-18-000011,CSCO,858877,20180731,True,unknown,missing_period_unit_scope_or_source
0001590976-18-000071,MBUU,1590976,20180630,True,unknown,missing_period_unit_scope_or_source
0001558370-18-007407,MCFT,1638290,20180630,True,unknown,missing_period_unit_scope_or_source
0001006655-18-000045,EPM,1006655,20180630,False,unknown,missing_or_conflicting_required_fact
0001564590-18-022959,PZG,1629210,20180630,True,unknown,missing_period_unit_scope_or_source
0001437749-18-016857,LYTS,763532,20180630,True,unknown,missing_period_unit_scope_or_source
0001564590-18-022989,QNST,1117297,20180630,True,unknown,missing_period_unit_scope_or_source
0001174947-18-001151,ESP,33533,20180630,True,unknown,missing_period_unit_scope_or_source
0000866273-18-000082,MTRX,866273,20180630,True,unknown,missing_period_unit_scope_or_source
0000746598-18-000086,BRC,746598,20180731,True,unknown,missing_period_unit_scope_or_source
0001553350-18-001036,PDEX,788920,20180630,True,unknown,missing_period_unit_scope_or_source
0001654954-18-010147,LPTH,889971,20180630,True,unknown,missing_period_unit_scope_or_source
0001174947-18-001160,EVI,65312,20180630,True,unknown,missing_period_unit_scope_or_source
0001628280-18-011833,ZS,1713683,20180731,True,unknown,missing_period_unit_scope_or_source
0001564590-18-023101,RLGT,1171155,20180630,True,unknown,missing_period_unit_scope_or_source
0001327567-18-000024,PANW,1327567,20180731,True,unknown,missing_period_unit_scope_or_source
0001654954-18-010155,TRAK,50471,20180630,True,unknown,missing_period_unit_scope_or_source
0001558370-18-007466,EGAN,1066194,20180630,True,unknown,missing_period_unit_scope_or_source
0001437749-18-017027,FLWS,1084869,20180630,False,unknown,missing_or_conflicting_required_fact
0001528396-18-000037,GWRE,1528396,20180731,False,unknown,missing_or_conflicting_required_fact
0000866273-18-000092,MTRX,866273,20180630,True,unknown,missing_period_unit_scope_or_source
0001193125-18-278055,THO,730263,20180731,True,unknown,missing_period_unit_scope_or_source
0001144204-18-050119,RSSS,1386301,20180630,True,unknown,missing_period_unit_scope_or_source
0001618732-18-000131,NTNX,1618732,20180731,True,unknown,missing_period_unit_scope_or_source
0001020859-18-000095,UNFI,1020859,20180731,False,unknown,missing_or_conflicting_required_fact
0001654954-18-010445,TRT,732026,20180630,True,unknown,missing_period_unit_scope_or_source
0001493152-18-013757,NTWK,1039280,20180630,True,unknown,missing_period_unit_scope_or_source
0001654954-18-010522,FLUX,1083743,20180630,False,unknown,missing_or_conflicting_required_fact
0000016732-18-000062,CPB,16732,20180731,True,unknown,missing_period_unit_scope_or_source
0001683168-18-002873,POCI,867840,20180630,True,unknown,missing_period_unit_scope_or_source
0000812011-18-000083,MTN,812011,20180731,True,unknown,missing_period_unit_scope_or_source
0000908255-18-000056,BWA,908255,20171231,True,unknown,missing_period_unit_scope_or_source
0000029644-18-000024,DCI,29644,20180731,True,unknown,missing_period_unit_scope_or_source
0000900075-18-000048,CPRT,900075,20180731,False,unknown,missing_or_conflicting_required_fact
0001576942-18-000003,SFIX,1576942,20180731,False,unknown,missing_or_conflicting_required_fact
0000103595-18-000017,VLGEA,103595,20180731,True,unknown,missing_period_unit_scope_or_source
0000074046-18-000046,ODC,74046,20180731,True,unknown,missing_period_unit_scope_or_source
0001279569-18-002013,UEC,1334933,20180731,True,unknown,missing_period_unit_scope_or_source
0000723125-18-000092,MU,723125,20180831,True,unknown,missing_period_unit_scope_or_source
0000107687-18-000026,WGO,107687,20180831,True,unknown,missing_period_unit_scope_or_source
0001193125-18-303041,JBL,898293,20180831,True,unknown,missing_period_unit_scope_or_source
0000105132-18-000035,WDFC,105132,20180831,True,unknown,missing_period_unit_scope_or_source
0001284084-18-000061,UNF,717954,20180831,True,unknown,missing_period_unit_scope_or_source
0001193125-18-306452,AZO,866787,20180831,True,unknown,missing_period_unit_scope_or_source
0001702744-18-000064,SMPL,1702744,20180831,True,unknown,missing_period_unit_scope_or_source
0001467373-18-000318,ACN,1467373,20180831,True,unknown,missing_period_unit_scope_or_source
0001144215-18-000110,AYI,1144215,20180831,True,unknown,missing_period_unit_scope_or_source
0000022444-18-000035,CMC,22444,20180831,True,unknown,missing_period_unit_scope_or_source
0001041803-18-000043,PSMT,1041803,20180831,True,unknown,missing_period_unit_scope_or_source
0000909832-18-000013,COST,909832,20180831,False,unknown,missing_or_conflicting_required_fact
0001437749-18-018853,IIIN,764401,20180930,True,unknown,missing_period_unit_scope_or_source
0001193125-18-309091,GEN,849399,20180331,True,unknown,missing_period_unit_scope_or_source
0001477932-18-005042,MRDN,1437925,20180731,True,unknown,missing_period_unit_scope_or_source
0001213900-18-014592,ZDGE,1667313,20180731,True,unknown,missing_period_unit_scope_or_source
0000006955-18-000038,EPAC,6955,20180831,True,unknown,missing_period_unit_scope_or_source
0001564590-18-025456,PENG,1616533,20180831,True,unknown,missing_period_unit_scope_or_source
0001437749-18-019028,FDS,1013237,20180831,True,unknown,missing_period_unit_scope_or_source
0001003078-18-000281,MSM,1003078,20180831,True,unknown,missing_period_unit_scope_or_source
0000320193-18-000145,AAPL,320193,20180930,True,unknown,missing_period_unit_scope_or_source
0001728949-18-000095,QCOM,804328,20180930,True,unknown,missing_period_unit_scope_or_source
0001558370-18-009048,DIT,928465,20180930,True,unknown,missing_period_unit_scope_or_source
0001024478-18-000032,ROK,1024478,20180930,False,unknown,missing_or_conflicting_required_fact
0001260221-18-000070,TDG,1260221,20180930,False,unknown,missing_or_conflicting_required_fact
0000814547-18-000010,FICO,814547,20180930,False,unknown,missing_or_conflicting_required_fact
0001193805-18-001328,GURE,885462,20171231,True,unknown,missing_period_unit_scope_or_source
0000108312-18-000023,WWD,108312,20180930,False,unknown,missing_or_conflicting_required_fact
0000731802-18-000039,ATO,731802,20180930,True,unknown,missing_period_unit_scope_or_source
0000100493-18-000108,TSN,100493,20180930,True,unknown,missing_period_unit_scope_or_source
0001140361-18-042948,PCYO,276720,20180831,True,unknown,missing_period_unit_scope_or_source
0001047469-18-007210,TEL,1385157,20180930,True,unknown,missing_period_unit_scope_or_source
0000915840-18-000052,BZH,915840,20180930,True,unknown,missing_period_unit_scope_or_source
0001171843-18-007912,NTIC,875582,20180831,True,unknown,missing_period_unit_scope_or_source
0001047469-18-007225,ACM,868857,20180930,True,unknown,missing_period_unit_scope_or_source
0000886206-18-000026,FC,886206,20180831,True,unknown,missing_period_unit_scope_or_source
0001640334-18-002165,LEXX,1348362,20180831,True,unknown,missing_period_unit_scope_or_source
0001171843-18-007950,CLFD,796505,20180930,True,unknown,missing_period_unit_scope_or_source
0000876523-18-000057,EZPW,876523,20180930,True,unknown,missing_period_unit_scope_or_source
0001683168-18-003442,SLP,1023459,20180831,True,unknown,missing_period_unit_scope_or_source
0001376986-18-000046,TVC,1376986,20180930,True,unknown,missing_period_unit_scope_or_source
0000004127-18-000046,SWKS,4127,20180930,False,unknown,missing_or_conflicting_required_fact
0001126956-18-000065,SR,1126956,20180930,True,unknown,missing_period_unit_scope_or_source
0001217160-18-000158,JCTC,885307,20180831,True,unknown,missing_period_unit_scope_or_source
0000897723-18-000031,SANM,897723,20180930,True,unknown,missing_period_unit_scope_or_source
0000857005-18-000025,PTC,857005,20180930,True,unknown,missing_period_unit_scope_or_source
0001493594-18-000034,MTSI,1493594,20180930,True,unknown,missing_period_unit_scope_or_source
0001564590-18-029718,GEOS,1001115,20180930,True,unknown,missing_period_unit_scope_or_source
0000785786-18-000051,PLXS,785786,20180930,True,unknown,missing_period_unit_scope_or_source
0000070145-18-000022,NFG,70145,20180930,False,unknown,missing_or_conflicting_required_fact
0000831641-18-000097,TTEK,831641,20180930,False,unknown,missing_or_conflicting_required_fact
0000882184-18-000120,DHI,882184,20180930,True,unknown,missing_period_unit_scope_or_source
0001403161-18-000055,V,1403161,20180930,True,unknown,missing_period_unit_scope_or_source
0000829224-18-000052,SBUX,829224,20180930,True,unknown,missing_period_unit_scope_or_source
0001558370-18-009412,HP,46765,20180930,True,unknown,missing_period_unit_scope_or_source
0000050725-18-000075,GFF,50725,20180930,False,unknown,missing_or_conflicting_required_fact
0000032604-18-000044,EMR,32604,20180930,True,unknown,missing_period_unit_scope_or_source
0001032220-18-000090,MMS,1032220,20180930,True,unknown,missing_period_unit_scope_or_source
0000056978-18-000142,KLIC,56978,20180930,True,unknown,missing_period_unit_scope_or_source
0000833444-18-000053,JCI,833444,20180930,True,unknown,missing_period_unit_scope_or_source
0000775158-18-000147,OSK,775158,20180930,False,unknown,missing_or_conflicting_required_fact
0000002969-18-000044,APD,2969,20180930,False,unknown,missing_or_conflicting_required_fact
0000063296-18-000124,MATW,63296,20180930,False,unknown,missing_or_conflicting_required_fact
0001140859-18-000053,COR,1140859,20180930,True,unknown,missing_period_unit_scope_or_source
0000356309-18-000139,NJR,356309,20180930,True,unknown,missing_period_unit_scope_or_source
0000884614-18-000033,UGI,884614,20180930,True,unknown,missing_period_unit_scope_or_source
0000807882-18-000021,JACK,807882,20180930,True,unknown,missing_period_unit_scope_or_source
0001674910-18-000131,VVV,1674910,20180930,True,unknown,missing_period_unit_scope_or_source
0001564590-18-029997,CBT,16040,20180930,True,unknown,missing_period_unit_scope_or_source
0001564590-18-029999,SPH,1005210,20180930,True,unknown,missing_period_unit_scope_or_source
0001048695-18-000031,FFIV,1048695,20180930,True,unknown,missing_period_unit_scope_or_source
0000010795-18-000036,BDX,10795,20180930,True,unknown,missing_period_unit_scope_or_source
0000854775-18-000020,DGII,854775,20180930,True,unknown,missing_period_unit_scope_or_source
0001584509-18-000226,ARMK,1584509,20180930,True,unknown,missing_period_unit_scope_or_source
0000052988-18-000036,J,52988,20180930,True,unknown,missing_period_unit_scope_or_source
0000109177-18-000052,SPB,109177,20180930,True,unknown,missing_period_unit_scope_or_source
0000006281-18-000126,ADI,6281,20181031,True,unknown,missing_period_unit_scope_or_source
0001681622-18-000045,VREX,1681622,20180930,True,unknown,missing_period_unit_scope_or_source
0000887733-18-000016,CENT,887733,20180930,True,unknown,missing_period_unit_scope_or_source
0001314727-18-000015,SONO,1314727,20180930,True,unknown,missing_period_unit_scope_or_source
0001546380-18-000030,SMG,825542,20180930,True,unknown,missing_period_unit_scope_or_source
0001144204-18-062244,ESE,866706,20180930,True,unknown,missing_period_unit_scope_or_source
0000823277-18-000065,CHSCL,823277,20180831,True,unknown,missing_period_unit_scope_or_source
0001069533-18-000048,RGCO,1069533,20180930,True,unknown,missing_period_unit_scope_or_source
0001644378-18-000038,RMR,1644378,20180930,True,unknown,missing_period_unit_scope_or_source
0001564590-18-030539,SGU,1002590,20180930,True,unknown,missing_period_unit_scope_or_source
0001437749-18-021661,NGVC,1547459,20180930,True,unknown,missing_period_unit_scope_or_source
0000003545-18-000108,ALCO,3545,20180930,True,unknown,missing_period_unit_scope_or_source
0001193125-18-344274,IESC,1048268,20180930,True,unknown,missing_period_unit_scope_or_source
0001728688-18-000027,IIIV,1728688,20180930,True,unknown,missing_period_unit_scope_or_source
0000048465-18-000046,HRL,48465,20181031,True,unknown,missing_period_unit_scope_or_source
0001140361-18-044715,JOUT,788329,20180930,True,unknown,missing_period_unit_scope_or_source
0000720500-18-000051,ASYS,720500,20180930,True,unknown,missing_period_unit_scope_or_source
0001615774-18-014163,INSE,1615063,20180930,True,unknown,missing_period_unit_scope_or_source
0001423221-18-000016,NX,1423221,20181031,False,unknown,missing_or_conflicting_required_fact
0001437749-18-021933,DJCO,783412,20180930,True,unknown,missing_period_unit_scope_or_source
0000080420-18-000036,POWL,80420,20180930,True,unknown,missing_period_unit_scope_or_source
0001615774-18-014328,AVXL,1314052,20180930,True,unknown,missing_period_unit_scope_or_source
0001628280-18-015050,DLHC,785557,20180930,False,unknown,missing_or_conflicting_required_fact
0001628280-18-015054,HPE,1645590,20181031,False,unknown,missing_or_conflicting_required_fact
0001193125-18-348654,GENC,64472,20180930,True,unknown,missing_period_unit_scope_or_source
0000047217-18-000052,HPQ,47217,20181031,True,unknown,missing_period_unit_scope_or_source
0000006951-18-000041,AMAT,6951,20181031,True,unknown,missing_period_unit_scope_or_source
0000807863-18-000115,MITK,807863,20180930,True,unknown,missing_period_unit_scope_or_source
0001718227-18-000014,ROAD,1718227,20180930,True,unknown,missing_period_unit_scope_or_source
0001564590-18-030928,NDSN,72331,20181031,True,unknown,missing_period_unit_scope_or_source
0000058361-18-000038,LEE,58361,20180930,False,unknown,missing_or_conflicting_required_fact
0000883241-18-000012,SNPS,883241,20181031,False,unknown,missing_or_conflicting_required_fact
0001047469-18-007694,DE,315189,20181031,True,unknown,missing_period_unit_scope_or_source
0001601046-18-000030,KEYS,1601046,20181031,False,unknown,missing_or_conflicting_required_fact
0001437749-18-022311,OCC,1000230,20181031,True,unknown,missing_period_unit_scope_or_source
0001564590-18-031166,WMG,1319161,20180930,True,unknown,missing_period_unit_scope_or_source
0001615774-18-014680,OPXS,1397016,20180930,True,unknown,missing_period_unit_scope_or_source
0001144204-18-065721,RFIL,740664,20181031,False,unknown,missing_or_conflicting_required_fact
0001090872-18-000019,A,1090872,20181031,False,unknown,missing_or_conflicting_required_fact
0000046619-18-000117,HEI,46619,20181031,True,unknown,missing_period_unit_scope_or_source
0000794170-18-000055,TOL,794170,20181031,False,unknown,missing_or_conflicting_required_fact
0001564590-18-031220,RJET,810332,20180930,True,unknown,missing_period_unit_scope_or_source
0000043920-18-000034,GEF,43920,20181031,True,unknown,missing_period_unit_scope_or_source
0001437749-18-022403,HOV,357294,20181031,True,unknown,missing_period_unit_scope_or_source
0000737758-18-000050,TTC,737758,20181031,False,unknown,missing_or_conflicting_required_fact
0000936395-18-000048,CIEN,936395,20181031,True,unknown,missing_period_unit_scope_or_source
0001104659-18-074460,IA,836690,20180930,False,unknown,missing_or_conflicting_required_fact
0000711404-18-000047,COO,711404,20181031,True,unknown,missing_period_unit_scope_or_source
0001730168-18-000084,AVGO,1730168,20181031,True,unknown,missing_period_unit_scope_or_source
0001437749-18-022542,GNSS,924383,20180930,True,unknown,missing_period_unit_scope_or_source
0001628280-18-015372,ABM,771497,20181031,True,unknown,missing_period_unit_scope_or_source
0001174947-18-001531,BDL,12040,20180930,True,unknown,missing_period_unit_scope_or_source
0000356037-18-000042,CSPI,356037,20180930,True,unknown,missing_period_unit_scope_or_source
0001144204-18-066521,ESOA,1357971,20180930,False,unknown,missing_or_conflicting_required_fact
0001078782-18-001472,ABAT,1576873,20180930,True,unknown,missing_period_unit_scope_or_source
0001493152-18-018121,RICK,935419,20180930,True,unknown,missing_period_unit_scope_or_source
0001144204-19-000709,HURC,315374,20181031,True,unknown,missing_period_unit_scope_or_source
0001342423-19-000005,LMNR,1342423,20181031,True,unknown,missing_period_unit_scope_or_source
0001437749-19-000960,BSET,10329,20181130,True,unknown,missing_period_unit_scope_or_source
0001493152-19-000765,BRID,14177,20181031,True,unknown,missing_period_unit_scope_or_source
0001564590-19-000928,SLB,87347,20181231,True,unknown,missing_period_unit_scope_or_source
0001067701-19-000007,URI,1067701,20181231,True,unknown,missing_period_unit_scope_or_source
0000795266-19-000005,KBH,795266,20181130,True,unknown,missing_period_unit_scope_or_source
0000063754-19-000017,MKC,63754,20181130,True,unknown,missing_period_unit_scope_or_source
0000796343-19-000019,ADBE,796343,20181130,True,unknown,missing_period_unit_scope_or_source
0001615774-19-001031,AVXL,1314052,20180930,True,unknown,missing_period_unit_scope_or_source
0000815097-19-000004,CCL,815097,20181130,True,unknown,missing_period_unit_scope_or_source
0001437749-19-001433,FUL,39368,20181130,True,unknown,missing_period_unit_scope_or_source
0001628280-19-000598,LEN,920760,20181130,True,unknown,missing_period_unit_scope_or_source
0001065280-19-000043,NFLX,1065280,20181231,True,unknown,missing_period_unit_scope_or_source
0000908937-19-000008,SIRI,908937,20181231,True,unknown,missing_period_unit_scope_or_source
0001047469-19-000300,SLAB,1038074,20181231,False,unknown,missing_or_conflicting_required_fact
0001065088-19-000006,EBAY,1065088,20181231,True,unknown,missing_period_unit_scope_or_source
0001133421-19-000007,NOC,1133421,20181231,True,unknown,missing_period_unit_scope_or_source
0001193125-19-023132,UTL,755001,20181231,True,unknown,missing_period_unit_scope_or_source
0001091667-19-000029,CHTR,1091667,20181231,True,unknown,missing_period_unit_scope_or_source
0000822416-19-000008,PHM,822416,20181231,True,unknown,missing_period_unit_scope_or_source
0001326801-19-000009,META,1326801,20181231,True,unknown,missing_period_unit_scope_or_source
0001166691-19-000005,CCZ,1166691,20181231,True,unknown,missing_period_unit_scope_or_source
0001018724-19-000004,AMZN,1018724,20181231,True,unknown,missing_period_unit_scope_or_source
0001493152-19-001229,CODA,1334325,20181031,True,unknown,missing_period_unit_scope_or_source
0000050863-19-000007,INTC,50863,20181231,False,unknown,missing_or_conflicting_required_fact
0001035267-19-000012,ISRG,1035267,20181231,True,unknown,missing_period_unit_scope_or_source
0000840489-19-000005,FCFS,840489,20181231,True,unknown,missing_period_unit_scope_or_source
0001652044-19-000004,GOOG,1652044,20181231,True,unknown,missing_period_unit_scope_or_source
0000811156-19-000003,CMS,811156,20181231,True,unknown,missing_period_unit_scope_or_source
0000092380-19-000022,LUV,92380,20181231,True,unknown,missing_period_unit_scope_or_source
0000842162-19-000006,LEA,842162,20181231,True,unknown,missing_period_unit_scope_or_source
0000094845-19-000006,LEVI,94845,20181130,True,unknown,missing_period_unit_scope_or_source
0001288469-19-000006,MXL,1288469,20181231,True,unknown,missing_period_unit_scope_or_source
0001564590-19-002053,SNAP,1564408,20181231,True,unknown,missing_period_unit_scope_or_source
0001477294-19-000011,ST,1477294,20181231,True,unknown,missing_period_unit_scope_or_source
0000815556-19-000015,FAST,815556,20181231,True,unknown,missing_period_unit_scope_or_source
0000277948-19-000011,CSX,277948,20181231,True,unknown,missing_period_unit_scope_or_source
0001125376-19-000016,ENSG,1125376,20181231,True,unknown,missing_period_unit_scope_or_source
0001467858-19-000033,GM,1467858,20181231,True,unknown,missing_period_unit_scope_or_source
0001564590-19-002166,HXL,717605,20181231,False,unknown,missing_or_conflicting_required_fact
0000875045-19-000006,BIIB,875045,20181231,True,unknown,missing_period_unit_scope_or_source
0001283699-19-000015,TMUS,1283699,20181231,True,unknown,missing_period_unit_scope_or_source
0001437749-19-001995,ULBI,875657,20181231,True,unknown,missing_period_unit_scope_or_source
0001733391-19-000005,ARW,7536,20181231,True,unknown,missing_period_unit_scope_or_source
0000310764-19-000014,SYK,310764,20181231,True,unknown,missing_period_unit_scope_or_source
0000055785-19-000013,KMB,55785,20181231,True,unknown,missing_period_unit_scope_or_source
0000936340-19-000086,DTB,936340,20181231,True,unknown,missing_period_unit_scope_or_source
0001413329-19-000007,PM,1413329,20181231,True,unknown,missing_period_unit_scope_or_source
0001558370-19-000459,CNXN,1050377,20181231,True,unknown,missing_period_unit_scope_or_source
0001532176-19-000009,REGN,872589,20181231,True,unknown,missing_period_unit_scope_or_source
0000062996-19-000011,MAS,62996,20181231,True,unknown,missing_period_unit_scope_or_source
0001306830-19-000014,CE,1306830,20181231,True,unknown,missing_period_unit_scope_or_source
0001633917-19-000043,PYPL,1633917,20181231,True,unknown,missing_period_unit_scope_or_source
0001493152-19-001558,CODA,1334325,20181031,True,unknown,missing_period_unit_scope_or_source
0001558370-19-000470,MMM,66740,20181231,True,unknown,missing_period_unit_scope_or_source
0001393883-19-000009,DHX,1393883,20181231,True,unknown,missing_period_unit_scope_or_source
0001324424-19-000006,EXPE,1324424,20181231,True,unknown,missing_period_unit_scope_or_source
0001564590-19-002328,NBIX,914475,20181231,True,unknown,missing_period_unit_scope_or_source
0001060391-19-000008,RSG,1060391,20181231,True,unknown,missing_period_unit_scope_or_source
0001058090-19-000007,CMG,1058090,20181231,True,unknown,missing_period_unit_scope_or_source
0001710366-19-000005,CNR,1710366,20181231,True,unknown,missing_period_unit_scope_or_source
0001103982-19-000005,MDLZ,1103982,20181231,True,unknown,missing_period_unit_scope_or_source
0000936468-19-000009,LMT,936468,20181231,True,unknown,missing_period_unit_scope_or_source
0000764065-19-000025,CLF,764065,20181231,True,unknown,missing_period_unit_scope_or_source
0000012927-19-000010,BA,12927,20181231,True,unknown,missing_period_unit_scope_or_source
0001037646-19-000010,MTD,1037646,20181231,True,unknown,missing_period_unit_scope_or_source
0000100885-19-000060,UNP,100885,20181231,False,unknown,missing_or_conflicting_required_fact
0001628280-19-001107,EXC,1109357,20181231,False,unknown,missing_or_conflicting_required_fact
0001564590-19-002439,MANH,1056696,20181231,True,unknown,missing_period_unit_scope_or_source
0000002488-19-000011,AMD,2488,20181231,True,unknown,missing_period_unit_scope_or_source
0000702165-19-000012,NSC,702165,20181231,False,unknown,missing_or_conflicting_required_fact
0001506307-19-000033,KMI,1506307,20181231,True,unknown,missing_period_unit_scope_or_source
0001101302-19-000010,ENTG,1101302,20181231,True,unknown,missing_period_unit_scope_or_source
0001000753-19-000007,NSP,1000753,20181231,True,unknown,missing_period_unit_scope_or_source
0000026172-19-000009,CMI,26172,20181231,False,unknown,missing_or_conflicting_required_fact
0001110803-19-000013,ILMN,1110803,20181231,True,unknown,missing_period_unit_scope_or_source
0000024545-19-000007,TAP,24545,20181231,True,unknown,missing_period_unit_scope_or_source
0000024741-19-000016,GLW,24741,20181231,True,unknown,missing_period_unit_scope_or_source
0001466258-19-000073,TT,1466258,20181231,True,unknown,missing_period_unit_scope_or_source
0000106640-19-000016,WHR,106640,20181231,True,unknown,missing_period_unit_scope_or_source
0001078782-19-000119,ZIVO,1101026,20181231,True,unknown,missing_period_unit_scope_or_source
0000029989-19-000007,OMC,29989,20181231,True,unknown,missing_period_unit_scope_or_source
0001564590-19-002699,HUBS,1404655,20181231,True,unknown,missing_period_unit_scope_or_source
0001490281-19-000014,GRPN,1490281,20181231,True,unknown,missing_period_unit_scope_or_source
0001408075-19-000007,GPK,1408075,20181231,True,unknown,missing_period_unit_scope_or_source
0000064040-19-000059,SPGI,64040,20181231,True,unknown,missing_period_unit_scope_or_source
0001141391-19-000013,MA,1141391,20181231,False,unknown,missing_or_conflicting_required_fact
0001585689-19-000034,HLT,1585689,20181231,True,unknown,missing_period_unit_scope_or_source
0000040533-19-000010,GD,40533,20181231,False,unknown,missing_or_conflicting_required_fact
0000833640-19-000046,POWI,833640,20181231,True,unknown,missing_period_unit_scope_or_source
0000045012-19-000044,HAL,45012,20181231,True,unknown,missing_period_unit_scope_or_source
0001100682-19-000004,CRL,1100682,20181231,True,unknown,missing_period_unit_scope_or_source
0001558370-19-000629,AR,1433270,20181231,False,unknown,missing_or_conflicting_required_fact
0000875320-19-000006,VRTX,875320,20181231,True,unknown,missing_period_unit_scope_or_source
0000906163-19-000029,NVR,906163,20181231,False,unknown,missing_or_conflicting_required_fact
0001558370-19-000636,APH,820313,20181231,True,unknown,missing_period_unit_scope_or_source
0001564590-19-002863,PTEN,889900,20181231,True,unknown,missing_period_unit_scope_or_source
0001558370-19-000642,AM,1623925,20181231,False,unknown,missing_or_conflicting_required_fact
0000318154-19-000008,AMGN,318154,20181231,True,unknown,missing_period_unit_scope_or_source
0001144204-19-007493,WCN,1318220,20181231,True,unknown,missing_period_unit_scope_or_source
0001140361-19-003087,NUS,1021561,20181231,True,unknown,missing_period_unit_scope_or_source
0001104659-19-008151,TXT,217346,20181231,True,unknown,missing_period_unit_scope_or_source
0000802481-19-000015,PPC,802481,20181231,True,unknown,missing_period_unit_scope_or_source
0001564590-19-002939,DNOW,1599617,20181231,True,unknown,missing_period_unit_scope_or_source
0001558370-19-000662,WM,823768,20181231,True,unknown,missing_period_unit_scope_or_source
0000922224-19-000015,PPL,922224,20181231,True,unknown,missing_period_unit_scope_or_source
0000018230-19-000034,CAT,18230,20181231,False,unknown,missing_or_conflicting_required_fact
0001558370-19-000674,SHO,1295810,20181231,False,unknown,missing_or_conflicting_required_fact
0001722684-19-000008,WH,1722684,20181231,True,unknown,missing_period_unit_scope_or_source
0001564590-19-002967,NOV,1021860,20181231,True,unknown,missing_period_unit_scope_or_source
0001501585-19-000005,HII,1501585,20181231,True,unknown,missing_period_unit_scope_or_source
0000790051-19-000070,CSL,790051,20181231,True,unknown,missing_period_unit_scope_or_source
0001504337-19-000008,LPX,60519,20181231,True,unknown,missing_period_unit_scope_or_source
0001628280-19-001394,PII,931015,20181231,True,unknown,missing_period_unit_scope_or_source
0001558370-19-000682,INCY,879169,20181231,True,unknown,missing_period_unit_scope_or_source
0000851205-19-000003,CGNX,851205,20181231,True,unknown,missing_period_unit_scope_or_source
0001564590-19-002998,PAYC,1590955,20181231,True,unknown,missing_period_unit_scope_or_source
0001193125-19-040891,MD,893949,20181231,True,unknown,missing_period_unit_scope_or_source
0001552033-19-000010,TRU,1552033,20181231,True,unknown,missing_period_unit_scope_or_source
0001166003-19-000021,XPO,1166003,20181231,True,unknown,missing_period_unit_scope_or_source
0001332349-19-000040,BKD,1332349,20181231,True,unknown,missing_period_unit_scope_or_source
0000091440-19-000003,SNA,91440,20181231,True,unknown,missing_period_unit_scope_or_source
0000055135-19-000006,KELYA,55135,20181231,True,unknown,missing_period_unit_scope_or_source
0001718512-19-000004,GTES,1718512,20181231,True,unknown,missing_period_unit_scope_or_source
0001665918-19-000012,USFD,1665918,20181231,True,unknown,missing_period_unit_scope_or_source
0000877212-19-000011,ZBRA,877212,20181231,True,unknown,missing_period_unit_scope_or_source
0001468174-19-000009,H,1468174,20181231,True,unknown,missing_period_unit_scope_or_source
0001104657-19-000007,MTRN,1104657,20181231,True,unknown,missing_period_unit_scope_or_source
0001555280-19-000041,ZTS,1555280,20181231,True,unknown,missing_period_unit_scope_or_source
0000937098-19-000030,TNET,937098,20181231,True,unknown,missing_period_unit_scope_or_source
0001193125-19-041150,TREX,1069878,20181231,True,unknown,missing_period_unit_scope_or_source
0000784977-19-000010,POR,784977,20181231,False,unknown,missing_or_conflicting_required_fact
0000895728-19-000033,ENB,895728,20181231,False,unknown,missing_or_conflicting_required_fact
0001564590-19-003060,ALKS,1520262,20181231,True,unknown,missing_period_unit_scope_or_source
0000103730-19-000008,VSH,103730,20181231,False,unknown,missing_or_conflicting_required_fact
0001628280-19-001446,HUBB,48898,20181231,True,unknown,missing_period_unit_scope_or_source
0001514705-19-000003,SXC,1514705,20181231,True,unknown,missing_period_unit_scope_or_source
0001514416-19-000011,BAND,1514416,20181231,True,unknown,missing_period_unit_scope_or_source
0000732712-19-000012,VZ,732712,20181231,True,unknown,missing_period_unit_scope_or_source
0000891014-19-000010,MTX,891014,20181231,True,unknown,missing_period_unit_scope_or_source
0000831259-19-000009,FCX,831259,20181231,False,unknown,missing_or_conflicting_required_fact
0000068505-19-000006,MSI,68505,20181231,True,unknown,missing_period_unit_scope_or_source
0000016875-19-000017,CP,16875,20181231,False,unknown,missing_or_conflicting_required_fact
0000026780-19-000004,DAN,26780,20181231,True,unknown,missing_period_unit_scope_or_source
0000874716-19-000004,IDXX,874716,20181231,False,unknown,missing_or_conflicting_required_fact
0000833079-19-000035,MTH,833079,20181231,True,unknown,missing_period_unit_scope_or_source
0001564590-19-003090,CC,1627223,20181231,True,unknown,missing_period_unit_scope_or_source
0001628280-19-001488,RHI,315213,20181231,True,unknown,missing_period_unit_scope_or_source
0001193125-19-042339,AOS,91142,20181231,True,unknown,missing_period_unit_scope_or_source
0000049826-19-000021,ITW,49826,20181231,False,unknown,missing_or_conflicting_required_fact
0001500435-19-000013,GPRO,1500435,20181231,True,unknown,missing_period_unit_scope_or_source
0000027904-19-000003,DAL,27904,20181231,True,unknown,missing_period_unit_scope_or_source
0001014473-19-000005,VRSN,1014473,20181231,False,unknown,missing_or_conflicting_required_fact
0001437749-19-002758,ULBI,875657,20181231,True,unknown,missing_period_unit_scope_or_source
0000766421-19-000008,ALK,766421,20181231,True,unknown,missing_period_unit_scope_or_source
0000077476-19-000017,PEP,77476,20181231,True,unknown,missing_period_unit_scope_or_source
0001099800-19-000004,EW,1099800,20181231,False,unknown,missing_or_conflicting_required_fact
0000098362-19-000038,TKR,98362,20181231,True,unknown,missing_period_unit_scope_or_source
0001603923-19-000025,WFRD,1603923,20181231,True,unknown,missing_period_unit_scope_or_source
0001597033-19-000018,SABR,1597033,20181231,False,unknown,missing_or_conflicting_required_fact
0000088205-19-000008,SPXC,88205,20181231,True,unknown,missing_period_unit_scope_or_source
0000029905-19-000019,DOV,29905,20181231,False,unknown,missing_or_conflicting_required_fact
0000753308-19-000039,NEE,753308,20181231,True,unknown,missing_period_unit_scope_or_source
0001596532-19-000027,ANET,1596532,20181231,True,unknown,missing_period_unit_scope_or_source
0001564590-19-003165,TSLA,1318605,20181231,True,unknown,missing_period_unit_scope_or_source
0001347178-19-000003,VNDA,1347178,20181231,False,unknown,missing_or_conflicting_required_fact
0001564590-19-003180,IQV,1478242,20181231,True,unknown,missing_period_unit_scope_or_source
0001579241-19-000006,ALLE,1579241,20181231,True,unknown,missing_period_unit_scope_or_source
0001031203-19-000007,GPI,1031203,20181231,True,unknown,missing_period_unit_scope_or_source
0001193125-19-043564,TEVA,818686,20181231,True,unknown,missing_period_unit_scope_or_source
0001282637-19-000006,NEU,1282637,20181231,True,unknown,missing_period_unit_scope_or_source
0000059478-19-000082,LLY,59478,20181231,True,unknown,missing_period_unit_scope_or_source
0001193125-19-043841,COP,1163165,20181231,True,unknown,missing_period_unit_scope_or_source
0000908255-19-000014,BWA,908255,20181231,True,unknown,missing_period_unit_scope_or_source
0001122976-19-000007,AVNT,1122976,20181231,True,unknown,missing_period_unit_scope_or_source
0000042888-19-000011,GGG,42888,20181231,True,unknown,missing_period_unit_scope_or_source
0001058290-19-000009,CTSH,1058290,20181231,True,unknown,missing_period_unit_scope_or_source
0001130464-19-000012,BKH,1130464,20181231,False,unknown,missing_or_conflicting_required_fact
0001158449-19-000043,AAP,1158449,20181231,True,unknown,missing_period_unit_scope_or_source
0001410636-19-000041,AWK,1410636,20181231,True,unknown,missing_period_unit_scope_or_source
0001442145-19-000012,VRSK,1442145,20181231,True,unknown,missing_period_unit_scope_or_source
0001573516-19-000012,MUSA,1573516,20181231,True,unknown,missing_period_unit_scope_or_source
0001603145-19-000014,XIFR,1603145,20181231,False,unknown,missing_or_conflicting_required_fact
0001720635-19-000008,NVT,1720635,20181231,True,unknown,missing_period_unit_scope_or_source
0000007084-19-000012,ADM,7084,20181231,True,unknown,missing_period_unit_scope_or_source
0001031296-19-000010,FE,1031296,20181231,True,unknown,missing_period_unit_scope_or_source
0000077360-19-000006,PNR,77360,20181231,True,unknown,missing_period_unit_scope_or_source
0001701605-19-000021,BKR,1701605,20181231,True,unknown,missing_period_unit_scope_or_source
0000014930-19-000054,BC,14930,20181231,True,unknown,missing_period_unit_scope_or_source
0001451505-19-000025,RIG,1451505,20181231,True,unknown,missing_period_unit_scope_or_source
0001069202-19-000008,LII,1069202,20181231,True,unknown,missing_period_unit_scope_or_source
0001336920-19-000004,LDOS,1336920,20181231,False,unknown,missing_or_conflicting_required_fact
0001558370-19-000738,USAC,1522727,20181231,True,unknown,missing_period_unit_scope_or_source
0000885725-19-000011,BSX,885725,20181231,False,unknown,missing_or_conflicting_required_fact
0001176334-19-000019,MMLP,1176334,20181231,True,unknown,missing_period_unit_scope_or_source
0000092122-19-000006,SO,92122,20181231,False,unknown,missing_or_conflicting_required_fact
0000104918-19-000053,AVA,104918,20181231,True,unknown,missing_period_unit_scope_or_source
0001370946-19-000012,OC,1370946,20181231,True,unknown,missing_period_unit_scope_or_source
0001615774-19-002739,GRMN,1121788,20181231,True,unknown,missing_period_unit_scope_or_source
0001628280-19-001574,LNTH,1521036,20181231,False,unknown,missing_or_conflicting_required_fact
0001193125-19-044946,IOSP,1054905,20181231,False,unknown,missing_or_conflicting_required_fact
0001739104-19-000006,ELAN,1739104,20181231,True,unknown,missing_period_unit_scope_or_source
0001111711-19-000008,NI,1111711,20181231,True,unknown,missing_period_unit_scope_or_source
0001193125-19-045025,ON,1097864,20181231,True,unknown,missing_period_unit_scope_or_source
0001564590-19-003382,DVN,1090012,20181231,False,unknown,missing_or_conflicting_required_fact
0000913142-19-000004,BDC,913142,20181231,True,unknown,missing_period_unit_scope_or_source
0001140361-19-003526,SMP,93389,20181231,True,unknown,missing_period_unit_scope_or_source
0001262823-19-000012,WLK,1262823,20181231,True,unknown,missing_period_unit_scope_or_source
0000912728-19-000047,FWRD,912728,20181231,True,unknown,missing_period_unit_scope_or_source
0000078814-19-000004,PBI,78814,20181231,True,unknown,missing_period_unit_scope_or_source
0001000228-19-000015,HSIC,1000228,20181231,True,unknown,missing_period_unit_scope_or_source
0000030625-19-000009,FLS,30625,20181231,True,unknown,missing_period_unit_scope_or_source
0001280058-19-000007,BLKB,1280058,20181231,True,unknown,missing_period_unit_scope_or_source
0001558370-19-000782,LOPE,1434588,20181231,True,unknown,missing_period_unit_scope_or_source
0001013857-19-000005,PEGA,1013857,20181231,True,unknown,missing_period_unit_scope_or_source
0001564590-19-003457,PRDO,1046568,20181231,True,unknown,missing_period_unit_scope_or_source
0000051434-19-000007,IP,51434,20181231,True,unknown,missing_period_unit_scope_or_source
0001445305-19-000032,WK,1445305,20181231,True,unknown,missing_period_unit_scope_or_source
0001587732-19-000013,OGS,1587732,20181231,True,unknown,missing_period_unit_scope_or_source
0001309402-19-000024,GPRE,1309402,20181231,True,unknown,missing_period_unit_scope_or_source
0000200406-19-000009,JNJ,200406,20181231,True,unknown,missing_period_unit_scope_or_source
0000860731-19-000009,TYL,860731,20181231,True,unknown,missing_period_unit_scope_or_source
0001598428-19-000018,MTUS,1598428,20181231,True,unknown,missing_period_unit_scope_or_source
0001653477-19-000011,NGVT,1653477,20181231,True,unknown,missing_period_unit_scope_or_source
0001558370-19-000788,MUX,314203,20181231,True,unknown,missing_period_unit_scope_or_source
0001564590-19-003468,MSTR,1050446,20181231,True,unknown,missing_period_unit_scope_or_source
0001389050-19-000021,AROC,1389050,20181231,True,unknown,missing_period_unit_scope_or_source
0001174947-19-000236,RGR,95029,20181231,True,unknown,missing_period_unit_scope_or_source
0000215466-19-000057,CDE,215466,20181231,True,unknown,missing_period_unit_scope_or_source
0000089089-19-000005,SCI,89089,20181231,True,unknown,missing_period_unit_scope_or_source
0001193125-19-045608,T,732717,20181231,True,unknown,missing_period_unit_scope_or_source
0001021635-19-000015,OGE,1021635,20181231,False,unknown,missing_or_conflicting_required_fact
0000085961-19-000033,R,85961,20181231,False,unknown,missing_or_conflicting_required_fact
0001712184-19-000039,LILAK,1712184,20181231,True,unknown,missing_period_unit_scope_or_source
0001415404-19-000003,ECHO,1415404,20181231,True,unknown,missing_period_unit_scope_or_source
0000084748-19-000006,ROG,84748,20181231,True,unknown,missing_period_unit_scope_or_source
0001558370-19-000806,NEM,1164727,20181231,True,unknown,missing_period_unit_scope_or_source
0000105634-19-000044,EME,105634,20181231,True,unknown,missing_period_unit_scope_or_source
0001193125-19-046191,DPZ,1286681,20181231,True,unknown,missing_period_unit_scope_or_source
0000049754-19-000004,DIN,49754,20181231,True,unknown,missing_period_unit_scope_or_source
0001041061-19-000010,YUM,1041061,20181231,False,unknown,missing_or_conflicting_required_fact
0001057877-19-000024,IDA,1057877,20181231,True,unknown,missing_period_unit_scope_or_source
0000107263-19-000007,WMB,107263,20181231,True,unknown,missing_period_unit_scope_or_source
0001564590-19-003562,SFM,1575515,20181231,True,unknown,missing_period_unit_scope_or_source
0001437749-19-003013,SGC,95574,20181231,True,unknown,missing_period_unit_scope_or_source
0001564590-19-003571,ALV,1034670,20181231,True,unknown,missing_period_unit_scope_or_source
0000079879-19-000008,PPG,79879,20181231,True,unknown,missing_period_unit_scope_or_source
0001558370-19-000824,ATR,896622,20181231,False,unknown,missing_or_conflicting_required_fact
0001564590-19-003587,CHD,313927,20181231,False,unknown,missing_or_conflicting_required_fact
0001489393-19-000011,LYB,1489393,20181231,True,unknown,missing_period_unit_scope_or_source
0001193125-19-046812,GOGO,1537054,20181231,True,unknown,missing_period_unit_scope_or_source
0000096943-19-000021,TFX,96943,20181231,False,unknown,missing_or_conflicting_required_fact
0001136893-19-000008,FIS,1136893,20181231,True,unknown,missing_period_unit_scope_or_source
0001193125-19-046947,AME,1037868,20181231,True,unknown,missing_period_unit_scope_or_source
0001050797-19-000007,COLM,1050797,20181231,False,unknown,missing_or_conflicting_required_fact
0000799233-19-000006,HTLD,799233,20181231,True,unknown,missing_period_unit_scope_or_source
0001558370-19-000847,SKYW,793733,20181231,False,unknown,missing_or_conflicting_required_fact
0001558370-19-000848,WU,1365135,20181231,True,unknown,missing_period_unit_scope_or_source
0001564590-19-003670,PCAR,75362,20181231,True,unknown,missing_period_unit_scope_or_source
0001564590-19-003674,STAA,718937,20181231,True,unknown,missing_period_unit_scope_or_source
0000037996-19-000012,F,37996,20181231,False,unknown,missing_or_conflicting_required_fact
0000021665-19-000003,CL,21665,20181231,True,unknown,missing_period_unit_scope_or_source
0001022079-19-000030,DGX,1022079,20181231,True,unknown,missing_period_unit_scope_or_source
0001159036-19-000006,HALO,1159036,20181231,False,unknown,missing_or_conflicting_required_fact
0001441683-19-000047,APPN,1441683,20181231,True,unknown,missing_period_unit_scope_or_source
0001534504-19-000012,PBF,1534504,20181231,True,unknown,missing_period_unit_scope_or_source
0000004904-19-000009,AEP,4904,20181231,False,unknown,missing_or_conflicting_required_fact
0000034067-19-000005,BOOM,34067,20181231,True,unknown,missing_period_unit_scope_or_source
0001617640-19-000005,Z,1617640,20181231,True,unknown,missing_period_unit_scope_or_source
0001628280-19-001658,FLR,1124198,20181231,True,unknown,missing_period_unit_scope_or_source
0001425292-19-000009,UAN,1425292,20181231,True,unknown,missing_period_unit_scope_or_source
0001558370-19-000857,FIX,1035983,20181231,True,unknown,missing_period_unit_scope_or_source
0001045810-19-000023,NVDA,1045810,20190131,True,unknown,missing_period_unit_scope_or_source
0001193125-19-047078,HCA,860730,20181231,True,unknown,missing_period_unit_scope_or_source
0001237831-19-000014,GMED,1237831,20181231,True,unknown,missing_period_unit_scope_or_source
0001376139-19-000011,CVI,1376139,20181231,True,unknown,missing_period_unit_scope_or_source
0000033185-19-000007,EFX,33185,20181231,True,unknown,missing_period_unit_scope_or_source
0001111335-19-000003,VC,1111335,20181231,True,unknown,missing_period_unit_scope_or_source
0001691303-19-000007,HCC,1691303,20181231,True,unknown,missing_period_unit_scope_or_source
0001628280-19-001674,SAH,1043509,20181231,True,unknown,missing_period_unit_scope_or_source
0000021344-19-000014,KO,21344,20181231,True,unknown,missing_period_unit_scope_or_source
0001123360-19-000008,GPN,1123360,20181231,True,unknown,missing_period_unit_scope_or_source
0001090727-19-000006,UPS,1090727,20181231,True,unknown,missing_period_unit_scope_or_source
0001564590-19-003715,DIOD,29002,20181231,True,unknown,missing_period_unit_scope_or_source
0001047862-19-000035,ED,1047862,20181231,True,unknown,missing_period_unit_scope_or_source
0000798354-19-000005,FISV,798354,20181231,False,unknown,missing_or_conflicting_required_fact
0001420800-19-000002,ENOV,1420800,20181231,True,unknown,missing_period_unit_scope_or_source
0001093557-19-000041,DXCM,1093557,20181231,True,unknown,missing_period_unit_scope_or_source
0000916365-19-000035,TSCO,916365,20181231,True,unknown,missing_period_unit_scope_or_source
0001558370-19-000861,SKYW,793733,20181231,False,unknown,missing_or_conflicting_required_fact
0000004281-19-000031,HWM,4281,20181231,True,unknown,missing_period_unit_scope_or_source
0000927003-19-000007,AEIS,927003,20181231,True,unknown,missing_period_unit_scope_or_source
0001564590-19-003727,BAX,10456,20181231,True,unknown,missing_period_unit_scope_or_source
0001609711-19-000012,GDDY,1609711,20181231,True,unknown,missing_period_unit_scope_or_source
0001711269-19-000013,EVRG,1711269,20181231,True,unknown,missing_period_unit_scope_or_source
0001274494-19-000004,FSLR,1274494,20181231,True,unknown,missing_period_unit_scope_or_source
0000864749-19-000006,TRMB,864749,20181231,False,unknown,missing_or_conflicting_required_fact
0001437749-19-003108,HL,719413,20181231,True,unknown,missing_period_unit_scope_or_source
0001564590-19-003791,GVA,861459,20181231,True,unknown,missing_period_unit_scope_or_source
0001122904-19-000060,NTGR,1122904,20181231,True,unknown,missing_period_unit_scope_or_source
0000764622-19-000019,PNW,764622,20181231,False,unknown,missing_or_conflicting_required_fact
0001047469-19-000604,CCOI,1158324,20181231,False,unknown,missing_or_conflicting_required_fact
0000063908-19-000010,MCD,63908,20181231,True,unknown,missing_period_unit_scope_or_source
0000821130-19-000014,UZD,821130,20181231,True,unknown,missing_period_unit_scope_or_source
0001524472-19-000009,XYL,1524472,20181231,True,unknown,missing_period_unit_scope_or_source
0000355811-19-000006,GNTX,355811,20181231,True,unknown,missing_period_unit_scope_or_source
0000093410-19-000008,CVX,93410,20181231,True,unknown,missing_period_unit_scope_or_source
0001140361-19-003673,SXT,310142,20181231,True,unknown,missing_period_unit_scope_or_source
0000746515-19-000004,EXPD,746515,20181231,True,unknown,missing_period_unit_scope_or_source
0001437749-19-003134,JBHT,728535,20181231,True,unknown,missing_period_unit_scope_or_source
0001564590-19-003839,TXN,97476,20181231,True,unknown,missing_period_unit_scope_or_source
0001558370-19-000893,WTS,795403,20181231,True,unknown,missing_period_unit_scope_or_source
0000917273-19-000006,RMBS,917273,20181231,True,unknown,missing_period_unit_scope_or_source
0001552275-19-000011,SUN,1552275,20181231,False,unknown,missing_or_conflicting_required_fact
0000866829-19-000006,HOS,866829,20181231,True,unknown,missing_period_unit_scope_or_source
0001534701-19-000063,PSX,1534701,20181231,True,unknown,missing_period_unit_scope_or_source
0000072903-19-000010,XEL,72903,20181231,True,unknown,missing_period_unit_scope_or_source
0000071829-19-000021,NPKI,71829,20181231,True,unknown,missing_period_unit_scope_or_source
0001276187-19-000011,ET,1276187,20181231,True,unknown,missing_period_unit_scope_or_source
0001628280-19-001744,MAT,63276,20181231,True,unknown,missing_period_unit_scope_or_source
0001047127-19-000007,AMKR,1047127,20181231,True,unknown,missing_period_unit_scope_or_source
0001558370-19-000899,TXRH,1289460,20181231,True,unknown,missing_period_unit_scope_or_source
0001437749-19-003141,PRLB,1443669,20181231,True,unknown,missing_period_unit_scope_or_source
0000089800-19-000004,SHW,89800,20181231,True,unknown,missing_period_unit_scope_or_source
0001324404-19-000006,CF,1324404,20181231,False,unknown,missing_or_conflicting_required_fact
0001618756-19-000005,QSR,1618756,20181231,False,unknown,missing_or_conflicting_required_fact
0000047111-19-000010,HSY,47111,20181231,True,unknown,missing_period_unit_scope_or_source
0001193125-19-048217,LSTR,853816,20181231,True,unknown,missing_period_unit_scope_or_source
0001558370-19-000909,BALL,9389,20181231,False,unknown,missing_or_conflicting_required_fact
0001564590-19-003885,MSCI,1408198,20181231,True,unknown,missing_period_unit_scope_or_source
0000352541-19-000013,LNT,352541,20181231,True,unknown,missing_period_unit_scope_or_source
0001161728-19-000005,MGEE,1161728,20181231,True,unknown,missing_period_unit_scope_or_source
0001437749-19-003150,OTTR,1466593,20181231,True,unknown,missing_period_unit_scope_or_source
0001144204-19-009589,ESCA,33488,20181231,True,unknown,missing_period_unit_scope_or_source
0001564590-19-003889,TRIP,1526520,20181231,True,unknown,missing_period_unit_scope_or_source
0001300514-19-000021,LVS,1300514,20181231,True,unknown,missing_period_unit_scope_or_source
0000927066-19-000025,DVA,927066,20181231,True,unknown,missing_period_unit_scope_or_source
0000939767-19-000042,EXEL,939767,20181231,True,unknown,missing_period_unit_scope_or_source
0001047469-19-000624,ABT,1800,20181231,True,unknown,missing_period_unit_scope_or_source
0001193125-19-048327,MX,1325702,20181231,True,unknown,missing_period_unit_scope_or_source
0001558370-19-000917,PAG,1019849,20181231,False,unknown,missing_or_conflicting_required_fact
0001673985-19-000010,ASIX,1673985,20181231,True,unknown,missing_period_unit_scope_or_source
0000066570-19-000010,MSA,66570,20181231,True,unknown,missing_period_unit_scope_or_source
0000216228-19-000006,ITT,216228,20181231,False,unknown,missing_or_conflicting_required_fact
0000749251-19-000005,IT,749251,20181231,True,unknown,missing_period_unit_scope_or_source
0001564590-19-003901,NSIT,932696,20181231,True,unknown,missing_period_unit_scope_or_source
0001564590-19-003903,SPSC,1092699,20181231,True,unknown,missing_period_unit_scope_or_source
0000889331-19-000015,LFUS,889331,20181231,False,unknown,missing_or_conflicting_required_fact
0000768899-19-000065,TBI,768899,20181231,True,unknown,missing_period_unit_scope_or_source
0000911177-19-000014,CWST,911177,20181231,True,unknown,missing_period_unit_scope_or_source
0001564590-19-003906,TTD,1671933,20181231,True,unknown,missing_period_unit_scope_or_source
0000811596-19-000009,KALU,811596,20181231,True,unknown,missing_period_unit_scope_or_source
0000871763-19-000050,MAN,871763,20181231,False,unknown,missing_or_conflicting_required_fact
0000884887-19-000017,RCL,884887,20181231,True,unknown,missing_period_unit_scope_or_source
0000350698-19-000047,AN,350698,20181231,True,unknown,missing_period_unit_scope_or_source
0000930420-19-000034,KFRC,930420,20181231,True,unknown,missing_period_unit_scope_or_source
0001023128-19-000042,LAD,1023128,20181231,True,unknown,missing_period_unit_scope_or_source
0001467623-19-000005,DBX,1467623,20181231,True,unknown,missing_period_unit_scope_or_source
0000783324-19-000004,VGZ,783324,20181231,True,unknown,missing_period_unit_scope_or_source
0001336917-19-000011,UAA,1336917,20181231,True,unknown,missing_period_unit_scope_or_source
0001193125-19-048576,MCO,1059556,20181231,True,unknown,missing_period_unit_scope_or_source
0001140361-19-003714,SXT,310142,20181231,True,unknown,missing_period_unit_scope_or_source
0001094285-19-000064,TDY,1094285,20181231,True,unknown,missing_period_unit_scope_or_source
0001539838-19-000008,FANG,1539838,20181231,False,unknown,missing_or_conflicting_required_fact
0000040987-19-000015,GPC,40987,20181231,True,unknown,missing_period_unit_scope_or_source
0000006201-19-000009,AAL,6201,20181231,True,unknown,missing_period_unit_scope_or_source
0001193805-19-000242,BH,1726173,20181231,False,unknown,missing_or_conflicting_required_fact
0001558370-19-000956,FND,1507079,20181231,True,unknown,missing_period_unit_scope_or_source
0001043277-19-000006,CHRW,1043277,20181231,True,unknown,missing_period_unit_scope_or_source
0001164863-19-000007,NPO,1164863,20181231,False,unknown,missing_or_conflicting_required_fact
0000882835-19-000010,ROP,882835,20181231,True,unknown,missing_period_unit_scope_or_source
0000104889-19-000013,GHC,104889,20181231,True,unknown,missing_period_unit_scope_or_source
0000097216-19-000024,TEX,97216,20181231,True,unknown,missing_period_unit_scope_or_source
0000040211-19-000020,GATX,40211,20181231,True,unknown,missing_period_unit_scope_or_source
0001558370-19-000983,VECO,103145,20181231,False,unknown,missing_or_conflicting_required_fact
0001564590-19-004083,ONTO,704532,20181231,True,unknown,missing_period_unit_scope_or_source
0001657853-19-000005,HTZ,1657853,20181231,False,unknown,missing_or_conflicting_required_fact
0001288847-19-000021,FIVN,1288847,20181231,True,unknown,missing_period_unit_scope_or_source
0001564590-19-004093,OFIX,884624,20181231,True,unknown,missing_period_unit_scope_or_source
0000074303-19-000018,OLN,74303,20181231,True,unknown,missing_period_unit_scope_or_source
0001193125-19-049951,FBIN,1519751,20181231,True,unknown,missing_period_unit_scope_or_source
0001564590-19-004096,HSTM,1095565,20181231,True,unknown,missing_period_unit_scope_or_source
0000070318-19-000017,THC,70318,20181231,False,unknown,missing_or_conflicting_required_fact
0001193125-19-049961,MLM,916076,20181231,True,unknown,missing_period_unit_scope_or_source
0001206264-19-000047,SGI,1206264,20181231,False,unknown,missing_or_conflicting_required_fact
0001558370-19-000999,INGR,1046257,20181231,True,unknown,missing_period_unit_scope_or_source
0001564590-19-004105,SAIA,1177702,20181231,True,unknown,missing_period_unit_scope_or_source
0001616707-19-000042,W,1616707,20181231,True,unknown,missing_period_unit_scope_or_source
0001486957-19-000005,BWXT,1486957,20181231,True,unknown,missing_period_unit_scope_or_source
0001060822-19-000004,CRI,1060822,20181231,True,unknown,missing_period_unit_scope_or_source
0000014272-19-000047,BMY,14272,20181231,True,unknown,missing_period_unit_scope_or_source
0001384101-19-000010,VCYT,1384101,20181231,False,unknown,missing_or_conflicting_required_fact
0001437749-19-003282,RUSHA,1012019,20181231,True,unknown,missing_period_unit_scope_or_source
0001620533-19-000010,SHAK,1620533,20181231,True,unknown,missing_period_unit_scope_or_source
0001320461-19-000009,CPS,1320461,20181231,True,unknown,missing_period_unit_scope_or_source
0001558370-19-001005,IRWD,1446847,20181231,True,unknown,missing_period_unit_scope_or_source
0001564590-19-004113,RRC,315852,20181231,True,unknown,missing_period_unit_scope_or_source
0001564590-19-004115,CRSP,1674416,20181231,True,unknown,missing_period_unit_scope_or_source
0000003570-19-000030,LNG,3570,20181231,True,unknown,missing_period_unit_scope_or_source
0001383650-19-000005,CQP,1383650,20181231,True,unknown,missing_period_unit_scope_or_source
0001140361-19-003795,KEX,56047,20181231,True,unknown,missing_period_unit_scope_or_source
0001564590-19-004128,CAPL,1538849,20181231,True,unknown,missing_period_unit_scope_or_source
0001145197-19-000003,PODD,1145197,20181231,True,unknown,missing_period_unit_scope_or_source
0001328581-19-000025,BCC,1328581,20181231,False,unknown,missing_or_conflicting_required_fact
0001628280-19-001892,CXT,25445,20181231,True,unknown,missing_period_unit_scope_or_source
0000882095-19-000006,GILD,882095,20181231,True,unknown,missing_period_unit_scope_or_source
0000816761-19-000010,TDC,816761,20181231,True,unknown,missing_period_unit_scope_or_source
0001462418-19-000009,ASPS,1462418,20181231,False,unknown,missing_or_conflicting_required_fact
0001549346-19-000008,SSTK,1549346,20181231,True,unknown,missing_period_unit_scope_or_source
0001101215-19-000048,BFH,1101215,20181231,False,unknown,missing_or_conflicting_required_fact
0001564590-19-004283,ZBH,1136869,20181231,True,unknown,missing_period_unit_scope_or_source
0001564590-19-004297,HLIO,1024795,20181231,True,unknown,missing_period_unit_scope_or_source
0001558370-19-001049,XNCR,1326732,20181231,True,unknown,missing_period_unit_scope_or_source
0001396009-19-000021,VMC,1396009,20181231,True,unknown,missing_period_unit_scope_or_source
0001692063-19-000043,SNDR,1692063,20181231,True,unknown,missing_period_unit_scope_or_source
0000093556-19-000011,SWK,93556,20181231,True,unknown,missing_period_unit_scope_or_source
0000078128-19-000002,WTRG,78128,20181231,True,unknown,missing_period_unit_scope_or_source
0000072741-19-000017,ES,72741,20181231,True,unknown,missing_period_unit_scope_or_source
0000065984-19-000082,ETR,65984,20181231,False,unknown,missing_or_conflicting_required_fact
0000764180-19-000023,MO,764180,20181231,True,unknown,missing_period_unit_scope_or_source
0000107815-19-000128,WEC,783325,20181231,False,unknown,missing_or_conflicting_required_fact
0001193125-19-051798,MKSI,1049502,20181231,True,unknown,missing_period_unit_scope_or_source
0000071691-19-000003,NYT,71691,20181231,True,unknown,missing_period_unit_scope_or_source
0000078890-19-000013,BCO,78890,20181231,True,unknown,missing_period_unit_scope_or_source
0000031791-19-000003,RVTY,31791,20181231,True,unknown,missing_period_unit_scope_or_source
0001193125-19-051872,WAT,1000697,20181231,False,unknown,missing_or_conflicting_required_fact
0001047469-19-000707,USNA,896264,20181231,True,unknown,missing_period_unit_scope_or_source
0001564590-19-004446,MGRC,752714,20181231,True,unknown,missing_period_unit_scope_or_source
0001564590-19-004451,MEDP,1668397,20181231,True,unknown,missing_period_unit_scope_or_source
0001437749-19-003397,GNRC,1474735,20181231,True,unknown,missing_period_unit_scope_or_source
0001039684-19-000016,OKE,1039684,20181231,True,unknown,missing_period_unit_scope_or_source
0001558370-19-001078,AAOI,1158114,20181231,True,unknown,missing_period_unit_scope_or_source
0001601548-19-000016,VVX,1601548,20181231,True,unknown,missing_period_unit_scope_or_source
0001564590-19-004462,INGN,1294133,20181231,True,unknown,missing_period_unit_scope_or_source
0001564590-19-004469,TNDM,1438133,20181231,True,unknown,missing_period_unit_scope_or_source
0001558370-19-001089,BGS,1278027,20181231,True,unknown,missing_period_unit_scope_or_source
0001564590-19-004479,BMI,9092,20181231,True,unknown,missing_period_unit_scope_or_source
0000821189-19-000009,EOG,821189,20181231,True,unknown,missing_period_unit_scope_or_source
0001609550-19-000013,INSP,1609550,20181231,True,unknown,missing_period_unit_scope_or_source
0001047469-19-000712,IBM,51143,20181231,True,unknown,missing_period_unit_scope_or_source
0001564590-19-004486,LXU,60714,20181231,False,unknown,missing_or_conflicting_required_fact
0001411207-19-000050,ALSN,1411207,20181231,True,unknown,missing_period_unit_scope_or_source
0000051253-19-000004,IFF,51253,20181231,True,unknown,missing_period_unit_scope_or_source
0001424929-19-000015,FOXF,1424929,20181231,True,unknown,missing_period_unit_scope_or_source
0001193125-19-052025,HAS,46080,20181231,True,unknown,missing_period_unit_scope_or_source
0001616000-19-000026,XHR,1616000,20181231,False,unknown,missing_or_conflicting_required_fact
0000040545-19-000014,GE,40545,20181231,True,unknown,missing_period_unit_scope_or_source
0001564590-19-004498,DORM,868780,20181231,True,unknown,missing_period_unit_scope_or_source
0001558370-19-001095,AXGN,805928,20181231,True,unknown,missing_period_unit_scope_or_source
0001039399-19-000010,FORM,1039399,20181231,False,unknown,missing_or_conflicting_required_fact
0000027996-19-000036,DLX,27996,20181231,False,unknown,missing_or_conflicting_required_fact
0000086521-19-000014,SRE,1032208,20181231,False,unknown,missing_or_conflicting_required_fact
0000855658-19-000022,LSCC,855658,20181231,True,unknown,missing_period_unit_scope_or_source
0001046311-19-000011,CHH,1046311,20181231,True,unknown,missing_period_unit_scope_or_source
0001564590-19-004505,THRM,903129,20181231,False,unknown,missing_or_conflicting_required_fact
0001193125-19-052075,IMAX,921582,20181231,True,unknown,missing_period_unit_scope_or_source
0001438533-19-000003,TVTX,1438533,20181231,True,unknown,missing_period_unit_scope_or_source
0001173514-19-000010,HY,1173514,20181231,True,unknown,missing_period_unit_scope_or_source
0001558370-19-001105,VYGR,1640266,20181231,True,unknown,missing_period_unit_scope_or_source
0000082811-19-000018,RRX,82811,20181231,True,unknown,missing_period_unit_scope_or_source
0001232524-19-000013,JAZZ,1232524,20181231,True,unknown,missing_period_unit_scope_or_source
0001558370-19-001106,PLOW,1287213,20181231,False,unknown,missing_or_conflicting_required_fact
0001077183-19-000008,NEO,1077183,20181231,False,unknown,missing_or_conflicting_required_fact
0001002910-19-000094,AEE,1002910,20181231,False,unknown,missing_or_conflicting_required_fact
0001564590-19-004520,TTMI,1116942,20181231,True,unknown,missing_period_unit_scope_or_source
0001653653-19-000005,RRR,1653653,20181231,True,unknown,missing_period_unit_scope_or_source
0001321732-19-000031,PEN,1321732,20181231,True,unknown,missing_period_unit_scope_or_source
0001357615-19-000030,KBR,1357615,20181231,True,unknown,missing_period_unit_scope_or_source
0001616862-19-000012,AXTA,1616862,20181231,False,unknown,missing_or_conflicting_required_fact
0001564590-19-004527,NXST,1142417,20181231,True,unknown,missing_period_unit_scope_or_source
0001564590-19-004542,CERS,1020214,20181231,True,unknown,missing_period_unit_scope_or_source
0001289848-19-000014,HURN,1289848,20181231,False,unknown,missing_or_conflicting_required_fact
0000874761-19-000012,AES,874761,20181231,True,unknown,missing_period_unit_scope_or_source
0001171759-19-000012,RRGB,1171759,20181231,True,unknown,missing_period_unit_scope_or_source
0001262039-19-000006,FTNT,1262039,20181231,True,unknown,missing_period_unit_scope_or_source
0001273441-19-000008,GTE,1273441,20181231,True,unknown,missing_period_unit_scope_or_source
0001171843-19-001243,ANIK,898437,20181231,True,unknown,missing_period_unit_scope_or_source
0001070423-19-000004,PAA,1070423,20181231,True,unknown,missing_period_unit_scope_or_source
0001564590-19-004630,RNG,1384905,20181231,True,unknown,missing_period_unit_scope_or_source
0001581990-19-000004,PAGP,1581990,20181231,True,unknown,missing_period_unit_scope_or_source
0001047469-19-000724,UTHR,1082554,20181231,False,unknown,missing_or_conflicting_required_fact
0001650729-19-000004,SITE,1650729,20181231,True,unknown,missing_period_unit_scope_or_source
0000887936-19-000011,FCN,887936,20181231,True,unknown,missing_period_unit_scope_or_source
0001373715-19-000070,NOW,1373715,20181231,True,unknown,missing_period_unit_scope_or_source
0001628280-19-002041,MGPI,835011,20181231,True,unknown,missing_period_unit_scope_or_source
0001628280-19-002045,IMMR,1058811,20181231,True,unknown,missing_period_unit_scope_or_source
0001564590-19-004717,NOVT,1076930,20181231,True,unknown,missing_period_unit_scope_or_source
0001157523-19-000468,CHE,19584,20181231,True,unknown,missing_period_unit_scope_or_source
0000822818-19-000003,CLH,822818,20181231,True,unknown,missing_period_unit_scope_or_source
0001564590-19-004755,ODFL,878927,20181231,True,unknown,missing_period_unit_scope_or_source
0000945841-19-000013,POOL,945841,20181231,True,unknown,missing_period_unit_scope_or_source
0001628280-19-002095,WAB,943452,20181231,True,unknown,missing_period_unit_scope_or_source
0001564590-19-004807,MGM,789570,20181231,True,unknown,missing_period_unit_scope_or_source
0001628280-19-002099,QLYS,1107843,20181231,True,unknown,missing_period_unit_scope_or_source
0000766829-19-000063,HTO,766829,20181231,True,unknown,missing_period_unit_scope_or_source
0000026324-19-000003,CW,26324,20181231,True,unknown,missing_period_unit_scope_or_source
0001551182-19-000045,ETN,1551182,20181231,False,unknown,missing_or_conflicting_required_fact
0000821026-19-000026,ANDE,821026,20181231,True,unknown,missing_period_unit_scope_or_source
0001558370-19-001176,UFPI,912767,20181231,True,unknown,missing_period_unit_scope_or_source
0000763744-19-000018,LCII,763744,20181231,True,unknown,missing_period_unit_scope_or_source
0000769520-19-000003,MIDD,769520,20181231,True,unknown,missing_period_unit_scope_or_source
0001144204-19-010508,NCLH,1513761,20181231,False,unknown,missing_or_conflicting_required_fact
0000813672-19-000008,CDNS,813672,20181231,True,unknown,missing_period_unit_scope_or_source
0000089439-19-000021,MLI,89439,20181231,True,unknown,missing_period_unit_scope_or_source
0001558370-19-001187,COLL,1267565,20181231,True,unknown,missing_period_unit_scope_or_source
0001546417-19-000035,BLMN,1546417,20181231,True,unknown,missing_period_unit_scope_or_source
0001047469-19-000747,AVY,8818,20181231,True,unknown,missing_period_unit_scope_or_source
0000097745-19-000007,TMO,97745,20181231,False,unknown,missing_or_conflicting_required_fact
0001564590-19-004906,CIX,1049606,20181231,True,unknown,missing_period_unit_scope_or_source
0000102729-19-000003,VMI,102729,20181231,False,unknown,missing_or_conflicting_required_fact
0001564590-19-004919,UHS,352915,20181231,True,unknown,missing_period_unit_scope_or_source
0001564590-19-004920,RGNX,1590877,20181231,True,unknown,missing_period_unit_scope_or_source
0000915913-19-000021,ALB,915913,20181231,True,unknown,missing_period_unit_scope_or_source
0000898173-19-000060,ORLY,898173,20181231,True,unknown,missing_period_unit_scope_or_source
0001042893-19-000003,INVX,1042893,20181231,True,unknown,missing_period_unit_scope_or_source
0000785161-19-000011,EHC,785161,20181231,True,unknown,missing_period_unit_scope_or_source
0000310158-19-000014,MRK,310158,20181231,True,unknown,missing_period_unit_scope_or_source
0001564590-19-004944,YUMC,1673358,20181231,True,unknown,missing_period_unit_scope_or_source
0001654954-19-002033,BKTI,2186,20181231,True,unknown,missing_period_unit_scope_or_source
0001690820-19-000024,CVNA,1690820,20181231,True,unknown,missing_period_unit_scope_or_source
0001144204-19-010579,STLD,1022671,20181231,False,unknown,missing_or_conflicting_required_fact
0000020212-19-000012,CHDN,20212,20181231,True,unknown,missing_period_unit_scope_or_source
0001193125-19-054202,IMO,49938,20181231,False,unknown,missing_or_conflicting_required_fact
0001402057-19-000046,CDW,1402057,20181231,True,unknown,missing_period_unit_scope_or_source
0001558370-19-001202,RS,861884,20181231,False,unknown,missing_or_conflicting_required_fact
0001512673-19-000003,XYZ,1512673,20181231,True,unknown,missing_period_unit_scope_or_source
0001551152-19-000008,ABBV,1551152,20181231,False,unknown,missing_or_conflicting_required_fact
0000916540-19-000004,DAR,916540,20181231,True,unknown,missing_period_unit_scope_or_source
0000059527-19-000008,LECO,59527,20181231,False,unknown,missing_or_conflicting_required_fact
0001697500-19-000009,SEI,1697500,20181231,True,unknown,missing_period_unit_scope_or_source
0001558370-19-001204,TDOC,1477449,20181231,True,unknown,missing_period_unit_scope_or_source
0001636222-19-000039,WING,1636222,20181231,True,unknown,missing_period_unit_scope_or_source
0000712034-19-000013,ACCO,712034,20181231,True,unknown,missing_period_unit_scope_or_source
0000920371-19-000027,SSD,920371,20181231,False,unknown,missing_or_conflicting_required_fact
0000915389-19-000009,EMN,915389,20181231,True,unknown,missing_period_unit_scope_or_source
0001075531-19-000009,BKNG,1075531,20181231,False,unknown,missing_or_conflicting_required_fact
0001698990-19-000006,MGY,1698990,20181231,False,unknown,missing_or_conflicting_required_fact
0001585364-19-000016,PRGO,1585364,20181231,True,unknown,missing_period_unit_scope_or_source
0000929008-19-000006,WCC,929008,20181231,True,unknown,missing_period_unit_scope_or_source
0001564590-19-005000,COKE,317540,20181231,True,unknown,missing_period_unit_scope_or_source
0001590584-19-000055,CVEO,1590584,20181231,True,unknown,missing_period_unit_scope_or_source
0001069183-19-000023,AXON,1069183,20181231,True,unknown,missing_period_unit_scope_or_source
0001140361-19-004014,IR,1699150,20181231,True,unknown,missing_period_unit_scope_or_source
0000105770-19-000012,WST,105770,20181231,False,unknown,missing_or_conflicting_required_fact
0001558370-19-001215,SRI,1043337,20181231,True,unknown,missing_period_unit_scope_or_source
0001437749-19-003504,CABO,1632127,20181231,True,unknown,missing_period_unit_scope_or_source
0001659166-19-000085,FTV,1659166,20181231,False,unknown,missing_or_conflicting_required_fact
0001564590-19-005033,BMRN,1048477,20181231,True,unknown,missing_period_unit_scope_or_source
0000824142-19-000040,AAON,824142,20181231,False,unknown,missing_or_conflicting_required_fact
0000717423-19-000020,MUR,717423,20181231,True,unknown,missing_period_unit_scope_or_source
0000788784-19-000005,PEG,788784,20181231,True,unknown,missing_period_unit_scope_or_source
0001558370-19-001235,GKOS,1192448,20181231,True,unknown,missing_period_unit_scope_or_source
0001564590-19-005146,NVCR,1645113,20181231,True,unknown,missing_period_unit_scope_or_source
0001130310-19-000016,CNP,1130310,20181231,True,unknown,missing_period_unit_scope_or_source
0001047469-19-000767,LAUR,912766,20181231,True,unknown,missing_period_unit_scope_or_source
0000064803-19-000013,CVS,64803,20181231,True,unknown,missing_period_unit_scope_or_source
0001418819-19-000005,IRDM,1418819,20181231,False,unknown,missing_or_conflicting_required_fact
0001564590-19-005179,ADTN,926282,20181231,True,unknown,missing_period_unit_scope_or_source
0000879526-19-000024,WNC,879526,20181231,True,unknown,missing_period_unit_scope_or_source
0001047469-19-000778,CRAI,1053706,20181231,True,unknown,missing_period_unit_scope_or_source
0001097149-19-000009,ALGN,1097149,20181231,True,unknown,missing_period_unit_scope_or_source
0000793952-19-000008,HOG,793952,20181231,True,unknown,missing_period_unit_scope_or_source
0001562762-19-000047,MELI,1099590,20181231,False,unknown,missing_or_conflicting_required_fact
0001692115-19-000013,SWX,1692115,20181231,True,unknown,missing_period_unit_scope_or_source
0001370637-19-000028,ETSY,1370637,20181231,True,unknown,missing_period_unit_scope_or_source
0001492691-19-000012,KNX,1492691,20181231,True,unknown,missing_period_unit_scope_or_source
0001564590-19-005284,PKG,75677,20181231,True,unknown,missing_period_unit_scope_or_source
0001739445-19-000020,ACA,1739445,20181231,True,unknown,missing_period_unit_scope_or_source
0001018963-19-000007,ATI,1018963,20181231,True,unknown,missing_period_unit_scope_or_source
0000038725-19-000046,FELE,38725,20181231,True,unknown,missing_period_unit_scope_or_source
0001334036-19-000012,CROX,1334036,20181231,True,unknown,missing_period_unit_scope_or_source
0001140361-19-004061,TROX,1530804,20181231,False,unknown,missing_or_conflicting_required_fact
0001057352-19-000017,CSGP,1057352,20181231,True,unknown,missing_period_unit_scope_or_source
0001564590-19-005358,CNK,1385280,20181231,True,unknown,missing_period_unit_scope_or_source
0001437749-19-003613,TILE,715787,20181231,True,unknown,missing_period_unit_scope_or_source
0001694028-19-000015,LBRT,1694028,20181231,True,unknown,missing_period_unit_scope_or_source
0001035201-19-000003,CWT,1035201,20181231,False,unknown,missing_or_conflicting_required_fact
0001510295-19-000014,MPC,1510295,20181231,True,unknown,missing_period_unit_scope_or_source
0001437749-19-003615,GTN,43196,20181231,True,unknown,missing_period_unit_scope_or_source
0001552000-19-000006,MPLX,1552000,20181231,True,unknown,missing_period_unit_scope_or_source
0000097134-19-000006,TNC,97134,20181231,True,unknown,missing_period_unit_scope_or_source
0000078003-19-000015,PFE,78003,20181231,True,unknown,missing_period_unit_scope_or_source
0000277509-19-000008,FSS,277509,20181231,True,unknown,missing_period_unit_scope_or_source
0001178913-19-000721,SEDG,1419612,20181231,True,unknown,missing_period_unit_scope_or_source
0000920148-19-000033,LH,920148,20181231,True,unknown,missing_period_unit_scope_or_source
0001219601-19-000005,CCK,1219601,20181231,True,unknown,missing_period_unit_scope_or_source
0001326160-19-000057,DUK,1326160,20181231,True,unknown,missing_period_unit_scope_or_source
0000921738-19-000011,PENN,921738,20181231,True,unknown,missing_period_unit_scope_or_source
0001193125-19-057343,VICR,751978,20181231,True,unknown,missing_period_unit_scope_or_source
0000091767-19-000015,SON,91767,20181231,True,unknown,missing_period_unit_scope_or_source
0000863436-19-000006,BHE,863436,20181231,True,unknown,missing_period_unit_scope_or_source
0001628280-19-002261,SHEN,354963,20181231,True,unknown,missing_period_unit_scope_or_source
0001035002-19-000008,VLO,1035002,20181231,True,unknown,missing_period_unit_scope_or_source
0001433195-19-000016,APPF,1433195,20181231,True,unknown,missing_period_unit_scope_or_source
0000949157-19-000031,CENX,949157,20181231,True,unknown,missing_period_unit_scope_or_source
0000070866-19-000007,VYX,70866,20181231,False,unknown,missing_or_conflicting_required_fact
0001560327-19-000046,RPD,1560327,20181231,True,unknown,missing_period_unit_scope_or_source
0000827052-19-000034,EIX,827052,20181231,False,unknown,missing_or_conflicting_required_fact
0001564590-19-005457,WTI,1288403,20181231,True,unknown,missing_period_unit_scope_or_source
0001600033-19-000011,ELF,1600033,20181231,True,unknown,missing_period_unit_scope_or_source
0001289945-19-000011,SPOK,1289945,20181231,True,unknown,missing_period_unit_scope_or_source
0001628280-19-002271,KTOS,1069258,20181231,False,unknown,missing_or_conflicting_required_fact
0001564590-19-005470,CHRS,1512762,20181231,True,unknown,missing_period_unit_scope_or_source
0001564590-19-005473,CARG,1494259,20181231,True,unknown,missing_period_unit_scope_or_source
0001558370-19-001320,TCMD,1027838,20181231,True,unknown,missing_period_unit_scope_or_source
0001433660-19-000006,JBTM,1433660,20181231,True,unknown,missing_period_unit_scope_or_source
0000100517-19-000009,UAL,100517,20181231,False,unknown,missing_or_conflicting_required_fact
0000886163-19-000041,LGND,886163,20181231,True,unknown,missing_period_unit_scope_or_source
0001437749-19-003639,LIND,1512499,20181231,True,unknown,missing_period_unit_scope_or_source
0001564590-19-005480,HGV,1674168,20181231,True,unknown,missing_period_unit_scope_or_source
0001590364-19-000002,FTAI,1590364,20181231,True,unknown,missing_period_unit_scope_or_source
0001651308-19-000018,ONC,1651308,20181231,True,unknown,missing_period_unit_scope_or_source
0001628280-19-002279,DCO,30305,20181231,True,unknown,missing_period_unit_scope_or_source
0001564590-19-005491,OSUR,1116463,20181231,True,unknown,missing_period_unit_scope_or_source
0001469367-19-000041,RUN,1469367,20181231,True,unknown,missing_period_unit_scope_or_source
0001013871-19-000007,NRG,1013871,20181231,True,unknown,missing_period_unit_scope_or_source
0001174922-19-000021,WYNN,1174922,20181231,True,unknown,missing_period_unit_scope_or_source
0001193125-19-057744,NUE,73309,20181231,True,unknown,missing_period_unit_scope_or_source
0001564590-19-005502,CARS,1683606,20181231,True,unknown,missing_period_unit_scope_or_source
0001297989-19-000002,EXLS,1297989,20181231,True,unknown,missing_period_unit_scope_or_source
0000851968-19-000020,MHK,851968,20181231,True,unknown,missing_period_unit_scope_or_source
0001558370-19-001329,FWONA,1560385,20181231,True,unknown,missing_period_unit_scope_or_source
0001727263-19-000003,FTDR,1727263,20181231,True,unknown,missing_period_unit_scope_or_source
0001104659-19-011581,MNST,865752,20181231,False,unknown,missing_or_conflicting_required_fact
0001558370-19-001332,ARCB,894405,20181231,True,unknown,missing_period_unit_scope_or_source
0001564590-19-005508,FRPT,1611647,20181231,True,unknown,missing_period_unit_scope_or_source
0001335258-19-000024,LYV,1335258,20181231,True,unknown,missing_period_unit_scope_or_source
0001692819-19-000005,VST,1692819,20181231,True,unknown,missing_period_unit_scope_or_source
0000277135-19-000010,GWW,277135,20181231,True,unknown,missing_period_unit_scope_or_source
0001086222-19-000066,AKAM,1086222,20181231,True,unknown,missing_period_unit_scope_or_source
0001628280-19-002288,BCPC,9326,20181231,True,unknown,missing_period_unit_scope_or_source
0000081362-19-000002,KWR,81362,20181231,False,unknown,missing_or_conflicting_required_fact
0001590714-19-000040,ESI,1590714,20181231,False,unknown,missing_or_conflicting_required_fact
0001558370-19-001338,ATNI,879585,20181231,False,unknown,missing_or_conflicting_required_fact
0000076605-19-000040,PATK,76605,20181231,True,unknown,missing_period_unit_scope_or_source
0001193125-19-057858,WSO,105016,20181231,True,unknown,missing_period_unit_scope_or_source
0001144204-19-011298,REI,1384195,20181231,True,unknown,missing_period_unit_scope_or_source
0001564590-19-005524,CBZ,944148,20181231,True,unknown,missing_period_unit_scope_or_source
0001672013-19-000009,GOLF,1672013,20181231,True,unknown,missing_period_unit_scope_or_source
0001567683-19-000014,CWEN,1567683,20181231,False,unknown,missing_or_conflicting_required_fact
0001050915-19-000014,PWR,1050915,20181231,False,unknown,missing_or_conflicting_required_fact
0001279569-19-000456,RBA,1046102,20181231,True,unknown,missing_period_unit_scope_or_source
0001193125-19-057931,IBP,1580905,20181231,True,unknown,missing_period_unit_scope_or_source
0001193125-19-057924,D,715957,20181231,True,unknown,missing_period_unit_scope_or_source
0000832101-19-000005,IEX,832101,20181231,True,unknown,missing_period_unit_scope_or_source
0001016281-19-000042,CSV,1016281,20181231,False,unknown,missing_or_conflicting_required_fact
0001362468-19-000010,ALGT,1362468,20181231,False,unknown,missing_or_conflicting_required_fact
0000015615-19-000011,MTZ,15615,20181231,True,unknown,missing_period_unit_scope_or_source
0000780571-19-000007,ITRI,780571,20181231,False,unknown,missing_or_conflicting_required_fact
0001564590-19-005545,TDW,98222,20181231,True,unknown,missing_period_unit_scope_or_source
0001061219-19-000007,EPD,1061219,20181231,True,unknown,missing_period_unit_scope_or_source
0000008063-19-000009,ATRO,8063,20181231,False,unknown,missing_or_conflicting_required_fact
0001062993-19-001105,BYRN,1354866,20181130,True,unknown,missing_period_unit_scope_or_source
0001158172-19-000017,SCOR,1158172,20181231,True,unknown,missing_period_unit_scope_or_source
0001628280-19-002312,YELP,1345016,20181231,True,unknown,missing_period_unit_scope_or_source
0001193125-19-058622,ACIW,935036,20181231,True,unknown,missing_period_unit_scope_or_source
0000837465-19-000002,CALY,837465,20181231,True,unknown,missing_period_unit_scope_or_source
0001227654-19-000037,CMP,1227654,20181231,True,unknown,missing_period_unit_scope_or_source
0001564590-19-005640,CZR,1590895,20181231,True,unknown,missing_period_unit_scope_or_source
0001047469-19-000807,TWLO,1447669,20181231,True,unknown,missing_period_unit_scope_or_source
0001140361-19-004145,TROX,1530804,20181231,False,unknown,missing_or_conflicting_required_fact
0001558370-19-001379,ECL,31462,20181231,False,unknown,missing_or_conflicting_required_fact
0000897077-19-000012,ALG,897077,20181231,True,unknown,missing_period_unit_scope_or_source
0001437749-19-003693,MRTN,799167,20181231,True,unknown,missing_period_unit_scope_or_source
0001723128-19-000028,AMRX,1723128,20181231,True,unknown,missing_period_unit_scope_or_source
0001514991-19-000007,AMCX,1514991,20181231,False,unknown,missing_or_conflicting_required_fact
0000917225-19-000003,XPL,917225,20181231,False,unknown,missing_or_conflicting_required_fact
0001558370-19-001395,TR,98677,20181231,True,unknown,missing_period_unit_scope_or_source
0000880266-19-000009,AGCO,880266,20181231,True,unknown,missing_period_unit_scope_or_source
0001604665-19-000007,WLKP,1604665,20181231,True,unknown,missing_period_unit_scope_or_source
0001193125-19-059974,TER,97210,20181231,True,unknown,missing_period_unit_scope_or_source
0001628280-19-002337,MAR,1048286,20181231,True,unknown,missing_period_unit_scope_or_source
0001437107-19-000013,WBD,1437107,20181231,True,unknown,missing_period_unit_scope_or_source
0001206774-19-000648,CASS,708781,20181231,True,unknown,missing_period_unit_scope_or_source
0001108426-19-000020,TXNM,1108426,20181231,False,unknown,missing_or_conflicting_required_fact
0001437749-19-003743,WULF,1083301,20181231,True,unknown,missing_period_unit_scope_or_source
0001564590-19-005736,KOP,1315257,20181231,True,unknown,missing_period_unit_scope_or_source
0001047469-19-000828,SUPN,1356576,20181231,True,unknown,missing_period_unit_scope_or_source
0001564590-19-005750,ACHC,1520697,20181231,True,unknown,missing_period_unit_scope_or_source
0000793074-19-000014,WERN,793074,20181231,True,unknown,missing_period_unit_scope_or_source
0001564590-19-005753,SSNC,1402436,20181231,True,unknown,missing_period_unit_scope_or_source
0001564590-19-005767,G,1398659,20181231,True,unknown,missing_period_unit_scope_or_source
0000874015-19-000045,IONS,874015,20181231,True,unknown,missing_period_unit_scope_or_source
0001564590-19-005770,BLDR,1316835,20181231,True,unknown,missing_period_unit_scope_or_source
0001564590-19-005778,HUBG,940942,20181231,True,unknown,missing_period_unit_scope_or_source
0001007587-19-000007,KVHI,1007587,20181231,True,unknown,missing_period_unit_scope_or_source
0000856982-19-000016,MMSI,856982,20181231,True,unknown,missing_period_unit_scope_or_source
0001193125-19-060645,RGEN,730272,20181231,True,unknown,missing_period_unit_scope_or_source
0001065696-19-000010,LKQ,1065696,20181231,True,unknown,missing_period_unit_scope_or_source
0001437749-19-003760,ORA,1296445,20181231,True,unknown,missing_period_unit_scope_or_source
0000832428-19-000007,SSP,832428,20181231,False,unknown,missing_or_conflicting_required_fact
0001597672-19-000008,RYAM,1597672,20181231,True,unknown,missing_period_unit_scope_or_source
0000933036-19-000007,UPBD,933036,20181231,True,unknown,missing_period_unit_scope_or_source
0001193125-19-060858,WAT,1000697,20181231,False,unknown,missing_or_conflicting_required_fact
0001576427-19-000014,CRTO,1576427,20181231,True,unknown,missing_period_unit_scope_or_source
0001486159-19-000006,CHRD,1486159,20181231,True,unknown,missing_period_unit_scope_or_source
0001628280-19-002370,OPTU,1702780,20181231,True,unknown,missing_period_unit_scope_or_source
0001564590-19-005805,CRK,23194,20181231,False,unknown,missing_or_conflicting_required_fact
0000813762-19-000006,IEP,813762,20181231,True,unknown,missing_period_unit_scope_or_source
0001459200-19-000007,ALRM,1459200,20181231,True,unknown,missing_period_unit_scope_or_source
0001558370-19-001424,WTTR,1693256,20181231,True,unknown,missing_period_unit_scope_or_source
0000906553-19-000009,BYD,906553,20181231,True,unknown,missing_period_unit_scope_or_source
0001047469-19-000839,BRKR,1109354,20181231,True,unknown,missing_period_unit_scope_or_source
0001406666-19-000029,CALX,1406666,20181231,False,unknown,missing_or_conflicting_required_fact
0001000623-19-000048,MATV,1000623,20181231,True,unknown,missing_period_unit_scope_or_source
0001615774-19-003459,IPAR,822663,20181231,True,unknown,missing_period_unit_scope_or_source
0001200375-19-000005,CDXS,1200375,20181231,True,unknown,missing_period_unit_scope_or_source
0001175454-19-000004,CPAY,1175454,20181231,True,unknown,missing_period_unit_scope_or_source
0000816761-19-000012,TDC,816761,20181231,True,unknown,missing_period_unit_scope_or_source
0001171200-19-000087,ROL,84839,20181231,False,unknown,missing_or_conflicting_required_fact
0001564590-19-005824,GTX,1735707,20181231,True,unknown,missing_period_unit_scope_or_source
0001047469-19-000845,SCCO,1001838,20181231,False,unknown,missing_or_conflicting_required_fact
0001564590-19-005829,ROKU,1428439,20181231,True,unknown,missing_period_unit_scope_or_source
0001437749-19-003789,ZVRA,1434647,20181231,True,unknown,missing_period_unit_scope_or_source
0001708035-19-000005,ECVT,1708035,20181231,True,unknown,missing_period_unit_scope_or_source
0001705110-19-000002,ANGI,1705110,20181231,False,unknown,missing_or_conflicting_required_fact
0001694426-19-000021,DK,1694426,20181231,True,unknown,missing_period_unit_scope_or_source
0001084048-19-000002,ZD,1084048,20181231,True,unknown,missing_period_unit_scope_or_source
0001558370-19-001434,URG,1375205,20181231,True,unknown,missing_period_unit_scope_or_source
0000891103-19-000006,MTCH,891103,20181231,False,unknown,missing_or_conflicting_required_fact
0001628280-19-002382,WKC,789460,20181231,True,unknown,missing_period_unit_scope_or_source
0001437749-19-003798,MPWR,1280452,20181231,True,unknown,missing_period_unit_scope_or_source
0001144204-19-011678,MED,910329,20181231,True,unknown,missing_period_unit_scope_or_source
0001660280-19-000012,TENB,1660280,20181231,True,unknown,missing_period_unit_scope_or_source
0001733998-19-000004,NWN,1733998,20181231,True,unknown,missing_period_unit_scope_or_source
0000883984-19-000007,ICUI,883984,20181231,True,unknown,missing_period_unit_scope_or_source
0001674335-19-000023,JELD,1674335,20181231,True,unknown,missing_period_unit_scope_or_source
0001564590-19-005924,IRTC,1388658,20181231,True,unknown,missing_period_unit_scope_or_source
0001558370-19-001448,MATX,3453,20181231,True,unknown,missing_period_unit_scope_or_source
0000067215-19-000008,DY,67215,20190131,True,unknown,missing_period_unit_scope_or_source
0001193125-19-061714,NWL,814453,20181231,True,unknown,missing_period_unit_scope_or_source
0001193125-19-062355,GRC,42682,20181231,True,unknown,missing_period_unit_scope_or_source
0001144204-19-011981,CLAR,913277,20181231,True,unknown,missing_period_unit_scope_or_source
0001193125-19-062501,RAIL,1320854,20181231,True,unknown,missing_period_unit_scope_or_source
0000216085-19-000005,HVT,216085,20181231,True,unknown,missing_period_unit_scope_or_source
0001708055-19-000005,RBBN,1708055,20181231,False,unknown,missing_or_conflicting_required_fact
0001437749-19-003949,CEVA,1173489,20181231,True,unknown,missing_period_unit_scope_or_source
0001104659-19-012501,CAKE,887596,20181231,False,unknown,missing_or_conflicting_required_fact
0001564590-19-006063,SSTI,1351636,20181231,True,unknown,missing_period_unit_scope_or_source
0001161697-19-000090,KRMD,704440,20181231,True,unknown,missing_period_unit_scope_or_source
0001708055-19-000007,RBBN,1708055,20181231,False,unknown,missing_or_conflicting_required_fact
0000874238-19-000044,STRL,874238,20181231,False,unknown,missing_or_conflicting_required_fact
0000076282-19-000021,PKOH,76282,20181231,True,unknown,missing_period_unit_scope_or_source
0001564590-19-006263,KURA,1422143,20181231,True,unknown,missing_period_unit_scope_or_source
0001400891-19-000006,IHRT,1400891,20181231,True,unknown,missing_period_unit_scope_or_source
0001437749-19-004069,TCX,909494,20181231,True,unknown,missing_period_unit_scope_or_source
0001564590-19-006295,BBSI,902791,20181231,True,unknown,missing_period_unit_scope_or_source
0001469367-19-000047,RUN,1469367,20181231,True,unknown,missing_period_unit_scope_or_source
0001654954-19-002316,CXDO,1075736,20181231,True,unknown,missing_period_unit_scope_or_source
0001010086-19-000007,SIGA,1010086,20181231,True,unknown,missing_period_unit_scope_or_source
0001615774-19-003677,RILYG,1464790,20181231,True,unknown,missing_period_unit_scope_or_source
0001437749-19-004169,APT,884269,20181231,True,unknown,missing_period_unit_scope_or_source
0001144204-19-012547,MYRG,700923,20181231,True,unknown,missing_period_unit_scope_or_source
0001144204-19-012559,MLR,924822,20181231,True,unknown,missing_period_unit_scope_or_source
0001709164-19-000004,HBB,1709164,20181231,True,unknown,missing_period_unit_scope_or_source
0001558370-19-001597,TTEC,1013880,20181231,True,unknown,missing_period_unit_scope_or_source
0001699039-19-000012,RNGR,1699039,20181231,True,unknown,missing_period_unit_scope_or_source
0000102752-19-000013,VSEC,102752,20181231,True,unknown,missing_period_unit_scope_or_source
0000899751-19-000016,TWI,899751,20181231,True,unknown,missing_period_unit_scope_or_source
0001104659-19-013242,IRMD,1325618,20181231,True,unknown,missing_period_unit_scope_or_source
0001564590-19-006619,CECO,3197,20181231,True,unknown,missing_period_unit_scope_or_source
0001425450-19-000027,KIDS,1425450,20181231,True,unknown,missing_period_unit_scope_or_source
0001434728-19-000051,GWRS,1434728,20181231,True,unknown,missing_period_unit_scope_or_source
0001171486-19-000011,NRP,1171486,20181231,True,unknown,missing_period_unit_scope_or_source
0001558370-19-001659,OCUL,1393434,20181231,True,unknown,missing_period_unit_scope_or_source
0001654954-19-002417,WRAP,1702924,20181231,True,unknown,missing_period_unit_scope_or_source
0001627475-19-000007,UPWK,1627475,20181231,True,unknown,missing_period_unit_scope_or_source
0001421517-19-000026,ERII,1421517,20181231,True,unknown,missing_period_unit_scope_or_source
0001437749-19-004374,PDFS,1120914,20181231,True,unknown,missing_period_unit_scope_or_source
0001564590-19-006884,ASPN,1145986,20181231,True,unknown,missing_period_unit_scope_or_source
0001373670-19-000005,GRBK,1373670,20181231,True,unknown,missing_period_unit_scope_or_source
0001108524-19-000009,CRM,1108524,20190131,True,unknown,missing_period_unit_scope_or_source
0000818479-19-000010,XRAY,818479,20181231,True,unknown,missing_period_unit_scope_or_source
0000908315-19-000008,WINA,908315,20181231,True,unknown,missing_period_unit_scope_or_source
0001437749-19-004393,NRC,70487,20181231,False,unknown,missing_or_conflicting_required_fact
0001558370-19-001698,RYTM,1649904,20181231,False,unknown,missing_or_conflicting_required_fact
0001564590-19-006987,FORR,1023313,20181231,True,unknown,missing_period_unit_scope_or_source
0001564590-19-006988,ICHR,1652535,20181231,True,unknown,missing_period_unit_scope_or_source
0001615774-19-003800,AUID,1534154,20181231,True,unknown,missing_period_unit_scope_or_source
0001020710-19-000023,DXPE,1020710,20181231,True,unknown,missing_period_unit_scope_or_source
0000894627-19-000010,EGY,894627,20181231,True,unknown,missing_period_unit_scope_or_source
0001558370-19-001722,PZZA,901491,20181231,True,unknown,missing_period_unit_scope_or_source
0001174947-19-000334,MSEX,66004,20181231,True,unknown,missing_period_unit_scope_or_source
0000729580-19-000007,BELFA,729580,20181231,True,unknown,missing_period_unit_scope_or_source
0001210708-19-000005,STRRP,1210708,20181231,True,unknown,missing_period_unit_scope_or_source
0001628280-19-002700,NATR,275053,20181231,False,unknown,missing_or_conflicting_required_fact
0001564590-19-007041,PLPC,80035,20181231,True,unknown,missing_period_unit_scope_or_source
0001564590-19-007043,HCKT,1057379,20181231,True,unknown,missing_period_unit_scope_or_source
0001606366-19-000007,LOCO,1606366,20181231,True,unknown,missing_period_unit_scope_or_source
0001133311-19-000008,TZOO,1133311,20181231,True,unknown,missing_period_unit_scope_or_source
0001564590-19-007178,HGBL,849145,20181231,True,unknown,missing_period_unit_scope_or_source
0001683168-19-000596,ATOM,1420520,20181231,True,unknown,missing_period_unit_scope_or_source
0001558370-19-001765,AXTI,1051627,20181231,True,unknown,missing_period_unit_scope_or_source
0001564590-19-007183,KRO,1257640,20181231,True,unknown,missing_period_unit_scope_or_source
0001564590-19-007189,VHI,59255,20181231,True,unknown,missing_period_unit_scope_or_source
0000700841-19-000008,RCMT,700841,20181231,True,unknown,missing_period_unit_scope_or_source
0001493152-19-003087,OFLX,1317945,20181231,True,unknown,missing_period_unit_scope_or_source
0001681459-19-000011,FTI,1681459,20181231,True,unknown,missing_period_unit_scope_or_source
0000821483-19-000014,PARR,821483,20181231,True,unknown,missing_period_unit_scope_or_source
0001564590-19-007207,NL,72162,20181231,True,unknown,missing_period_unit_scope_or_source
0001558370-19-001791,ACLS,1113232,20181231,False,unknown,missing_or_conflicting_required_fact
0001144204-19-013338,HNRG,788965,20181231,True,unknown,missing_period_unit_scope_or_source
0001628280-19-002781,CVGI,1290900,20181231,True,unknown,missing_period_unit_scope_or_source
0001437749-19-004574,LMAT,1158895,20181231,True,unknown,missing_period_unit_scope_or_source
0001096056-19-000015,LXFR,1096056,20181231,True,unknown,missing_period_unit_scope_or_source
0001437749-19-004584,SMHI,1690334,20181231,True,unknown,missing_period_unit_scope_or_source
0001499832-19-000018,TSQ,1499832,20181231,True,unknown,missing_period_unit_scope_or_source
0001385849-19-000032,UUUU,1385849,20181231,True,unknown,missing_period_unit_scope_or_source
0001493152-19-003127,NEPH,1196298,20181231,True,unknown,missing_period_unit_scope_or_source
0001558370-19-001822,KRP,1657788,20181231,False,unknown,missing_or_conflicting_required_fact
0001683168-19-000607,PAYS,1496443,20181231,True,unknown,missing_period_unit_scope_or_source
0001144204-19-013398,INSW,1679049,20181231,True,unknown,missing_period_unit_scope_or_source
0001474903-19-000010,BGSF,1474903,20181231,True,unknown,missing_period_unit_scope_or_source
0000108985-19-000026,YORW,108985,20181231,True,unknown,missing_period_unit_scope_or_source
0001437749-19-004644,PAMT,798287,20181231,True,unknown,missing_period_unit_scope_or_source
0001144204-19-013491,MCS,62234,20181231,True,unknown,missing_period_unit_scope_or_source
0001564590-19-007329,AVD,5981,20181231,True,unknown,missing_period_unit_scope_or_source
0001055726-19-000012,INO,1055726,20181231,False,unknown,missing_or_conflicting_required_fact
0001213900-19-003962,OPRX,1448431,20181231,True,unknown,missing_period_unit_scope_or_source
0001022652-19-000012,INSG,1022652,20181231,True,unknown,missing_period_unit_scope_or_source
0001368265-19-000004,CLNE,1368265,20181231,False,unknown,missing_or_conflicting_required_fact
0001558370-19-001857,KNSA,1730430,20181231,True,unknown,missing_period_unit_scope_or_source
0001185348-19-000009,PRAA,1185348,20181231,True,unknown,missing_period_unit_scope_or_source
0001421517-19-000030,ERII,1421517,20181231,True,unknown,missing_period_unit_scope_or_source
0001567619-19-006729,LINC,1286613,20181231,True,unknown,missing_period_unit_scope_or_source
0001618034-19-000004,MOS,1285785,20181231,True,unknown,missing_period_unit_scope_or_source
0001558370-19-001882,PRTS,1378950,20181231,True,unknown,missing_period_unit_scope_or_source
0001008886-19-000055,CVLG,928658,20181231,True,unknown,missing_period_unit_scope_or_source
0000895456-19-000017,RCKY,895456,20181231,True,unknown,missing_period_unit_scope_or_source
0001104659-19-014558,ALNT,46129,20181231,False,unknown,missing_or_conflicting_required_fact
0001078782-19-000220,VNRX,93314,20181231,True,unknown,missing_period_unit_scope_or_source
0000027419-19-000006,TGT,27419,20190131,False,unknown,missing_or_conflicting_required_fact
0001558370-19-001929,PLUG,1093691,20181231,True,unknown,missing_period_unit_scope_or_source
0001564590-19-007586,TALO,1724965,20181231,True,unknown,missing_period_unit_scope_or_source
0001301787-19-000013,BXC,1301787,20181231,True,unknown,missing_period_unit_scope_or_source
0001385849-19-000038,UUUU,1385849,20181231,True,unknown,missing_period_unit_scope_or_source
0000771266-19-000020,KOPN,771266,20181231,True,unknown,missing_period_unit_scope_or_source
0001529628-19-000019,SND,1529628,20181231,True,unknown,missing_period_unit_scope_or_source
0001615774-19-004030,CELH,1341766,20181231,True,unknown,missing_period_unit_scope_or_source
0001140361-19-004934,AQST,1398733,20181231,True,unknown,missing_period_unit_scope_or_source
0000031107-19-000011,EML,31107,20181231,True,unknown,missing_period_unit_scope_or_source
0001104659-19-014838,AMPY,1533924,20181231,True,unknown,missing_period_unit_scope_or_source
0000105418-19-000010,WMK,105418,20181231,True,unknown,missing_period_unit_scope_or_source
0001564590-19-007828,AEO,919012,20190131,True,unknown,missing_period_unit_scope_or_source
0001437749-19-004933,COHU,21535,20181231,True,unknown,missing_period_unit_scope_or_source
0001625101-19-000008,PLSE,1625101,20181231,True,unknown,missing_period_unit_scope_or_source
0001558370-19-002010,MCRI,907242,20181231,True,unknown,missing_period_unit_scope_or_source
0001096906-19-000100,UTMD,706698,20181231,False,unknown,missing_or_conflicting_required_fact
0001564590-19-007834,SCYX,1178253,20181231,True,unknown,missing_period_unit_scope_or_source
0001654954-19-002737,ACMR,1680062,20181231,False,unknown,missing_or_conflicting_required_fact
0001459839-19-000011,SIBN,1459839,20181231,True,unknown,missing_period_unit_scope_or_source
0001144204-19-013992,WEYS,106532,20181231,True,unknown,missing_period_unit_scope_or_source
0001635282-19-000016,RMNI,1635282,20181231,True,unknown,missing_period_unit_scope_or_source
0001487952-19-000008,VPG,1487952,20181231,True,unknown,missing_period_unit_scope_or_source
0001558370-19-002025,WLFC,1018164,20181231,True,unknown,missing_period_unit_scope_or_source
0001660134-19-000006,OKTA,1660134,20190131,True,unknown,missing_period_unit_scope_or_source
0000891482-19-000006,FLL,891482,20181231,True,unknown,missing_period_unit_scope_or_source
0001193125-19-075025,LCUT,874396,20181231,True,unknown,missing_period_unit_scope_or_source
0001558370-19-002047,CWH,1669779,20181231,True,unknown,missing_period_unit_scope_or_source
0000101984-19-000012,UEIC,101984,20181231,True,unknown,missing_period_unit_scope_or_source
0001558370-19-002063,WHD,1699136,20181231,True,unknown,missing_period_unit_scope_or_source
0001297184-19-000013,AMPH,1297184,20181231,True,unknown,missing_period_unit_scope_or_source
0001279569-19-000594,THM,1134115,20181231,True,unknown,missing_period_unit_scope_or_source
0001144204-19-014093,VUZI,1463972,20181231,True,unknown,missing_period_unit_scope_or_source
0001437749-19-004980,BLFS,834365,20181231,True,unknown,missing_period_unit_scope_or_source
0001275158-19-000010,NDLS,1275158,20181231,True,unknown,missing_period_unit_scope_or_source
0001171843-19-001752,UFPT,914156,20181231,True,unknown,missing_period_unit_scope_or_source
0000863110-19-000004,ARTNA,863110,20181231,True,unknown,missing_period_unit_scope_or_source
0001463101-19-000033,ENPH,1463101,20181231,True,unknown,missing_period_unit_scope_or_source
0001558370-19-002121,III,1371489,20181231,True,unknown,missing_period_unit_scope_or_source
0001185185-19-000363,STEX,1530766,20181231,True,unknown,missing_period_unit_scope_or_source
0001558370-19-002131,NTRA,1604821,20181231,True,unknown,missing_period_unit_scope_or_source
0001558370-19-002135,SENS,1616543,20181231,True,unknown,missing_period_unit_scope_or_source
0000080172-19-000007,NPK,80172,20181231,True,unknown,missing_period_unit_scope_or_source
0001144204-19-014293,SGA,886136,20181231,True,unknown,missing_period_unit_scope_or_source
0001564590-19-008020,SPSC,1092699,20181231,True,unknown,missing_period_unit_scope_or_source
0001614178-19-000075,YEXT,1614178,20190131,True,unknown,missing_period_unit_scope_or_source
0001437749-19-005063,FF,1337298,20181231,True,unknown,missing_period_unit_scope_or_source
0001193805-19-000291,GURE,885462,20181231,True,unknown,missing_period_unit_scope_or_source
0001638833-19-000006,SGRY,1638833,20181231,True,unknown,missing_period_unit_scope_or_source
0001124796-19-000032,LASR,1124796,20181231,True,unknown,missing_period_unit_scope_or_source
0001026608-19-000011,ACU,2098,20181231,True,unknown,missing_period_unit_scope_or_source
0001564590-19-008048,INVE,1036044,20181231,True,unknown,missing_period_unit_scope_or_source
0001564590-19-008052,QUIK,882508,20181231,True,unknown,missing_period_unit_scope_or_source
0001558370-19-002169,OSPN,1044777,20181231,True,unknown,missing_period_unit_scope_or_source
0001558370-19-002175,MRAM,1438423,20181231,True,unknown,missing_period_unit_scope_or_source
0001437749-19-005087,NWPX,1001385,20181231,True,unknown,missing_period_unit_scope_or_source
0001628280-19-003017,ATEN,1580808,20181231,True,unknown,missing_period_unit_scope_or_source
0001679268-19-000008,TUSK,1679268,20181231,True,unknown,missing_period_unit_scope_or_source
0001144204-19-014413,CWCO,928340,20181231,True,unknown,missing_period_unit_scope_or_source
0001564590-19-008098,ADUS,1468328,20181231,True,unknown,missing_period_unit_scope_or_source
0000792987-19-000019,ASTE,792987,20181231,True,unknown,missing_period_unit_scope_or_source
0001436126-19-000014,MG,1436126,20181231,True,unknown,missing_period_unit_scope_or_source
0001130713-19-000016,NXH,1130713,20181231,True,unknown,missing_period_unit_scope_or_source
0001104485-19-000059,NOG,1104485,20181231,False,unknown,missing_or_conflicting_required_fact
0001144204-19-014464,PLX,1006281,20181231,True,unknown,missing_period_unit_scope_or_source
0001628280-19-003040,JAKK,1009829,20181231,True,unknown,missing_period_unit_scope_or_source
0001639691-19-000035,LIVN,1639691,20181231,True,unknown,missing_period_unit_scope_or_source
0000352825-19-000012,FSTR,352825,20181231,True,unknown,missing_period_unit_scope_or_source
0001628280-19-003050,LIN,1707925,20181231,False,unknown,missing_or_conflicting_required_fact
0000095953-19-000043,ACNT,95953,20181231,True,unknown,missing_period_unit_scope_or_source
0001704720-19-000012,CNNE,1704720,20181231,True,unknown,missing_period_unit_scope_or_source
0001017303-19-000020,TACT,1017303,20181231,True,unknown,missing_period_unit_scope_or_source
0000727273-19-000004,CDZI,727273,20181231,True,unknown,missing_period_unit_scope_or_source
0001564590-19-008247,AP,6176,20181231,False,unknown,missing_or_conflicting_required_fact
0001553350-19-000222,LWLG,1325964,20181231,True,unknown,missing_period_unit_scope_or_source
0001564590-19-008261,VERI,1615165,20181231,True,unknown,missing_period_unit_scope_or_source
0001493761-19-000015,TBCH,1493761,20181231,True,unknown,missing_period_unit_scope_or_source
0001564590-19-008264,MCHX,1224133,20181231,True,unknown,missing_period_unit_scope_or_source
0001564590-19-008267,ZUMZ,1318008,20190131,True,unknown,missing_period_unit_scope_or_source
0001144204-19-014617,FBIO,1429260,20181231,True,unknown,missing_period_unit_scope_or_source
0001327811-19-000038,WDAY,1327811,20190131,True,unknown,missing_period_unit_scope_or_source
0001564590-19-008280,REZI,1740332,20181231,True,unknown,missing_period_unit_scope_or_source
0001026655-19-000012,CMT,1026655,20181231,True,unknown,missing_period_unit_scope_or_source
0000850429-19-000008,TG,850429,20181231,True,unknown,missing_period_unit_scope_or_source
0001628280-19-003083,CLW,1441236,20181231,True,unknown,missing_period_unit_scope_or_source
0001460329-19-000011,FLNT,1460329,20181231,True,unknown,missing_period_unit_scope_or_source
0001564590-19-008323,ULH,1308208,20181231,True,unknown,missing_period_unit_scope_or_source
0001628280-19-003087,RDNT,790526,20181231,True,unknown,missing_period_unit_scope_or_source
0001558370-19-002250,CLMB,945983,20181231,True,unknown,missing_period_unit_scope_or_source
0001309108-19-000020,WEX,1309108,20181231,False,unknown,missing_or_conflicting_required_fact
0000716634-19-000007,RDI,716634,20181231,True,unknown,missing_period_unit_scope_or_source
0000708821-19-000017,PAR,708821,20181231,True,unknown,missing_period_unit_scope_or_source
0001084991-19-000013,NGS,1084991,20181231,True,unknown,missing_period_unit_scope_or_source
0001213900-19-004396,GNE,1528356,20181231,True,unknown,missing_period_unit_scope_or_source
0000039911-19-000023,GAP,39911,20190131,True,unknown,missing_period_unit_scope_or_source
0001437749-19-005272,DMAC,1401040,20181231,True,unknown,missing_period_unit_scope_or_source
0001437749-19-005299,METC,1687187,20181231,True,unknown,missing_period_unit_scope_or_source
0001185185-19-000390,ASUR,884144,20181231,True,unknown,missing_period_unit_scope_or_source
0001615774-19-004224,ONDS,1646188,20181231,True,unknown,missing_period_unit_scope_or_source
0001628280-19-003139,GH,1576280,20181231,True,unknown,missing_period_unit_scope_or_source
0001193125-19-080761,CVR,19871,20181231,True,unknown,missing_period_unit_scope_or_source
0001570562-19-000038,EOLS,1570562,20181231,True,unknown,missing_period_unit_scope_or_source
0001564590-19-008656,BURL,1579298,20190131,True,unknown,missing_period_unit_scope_or_source
0001564590-19-008669,BOX,1372612,20190131,True,unknown,missing_period_unit_scope_or_source
0001606909-19-000010,PANL,1606909,20181231,True,unknown,missing_period_unit_scope_or_source
0001564590-19-008790,OSS,1394056,20181231,True,unknown,missing_period_unit_scope_or_source
0001437749-19-005421,TSSI,1320760,20181231,True,unknown,missing_period_unit_scope_or_source
0001493152-19-003707,IDN,1040896,20181231,True,unknown,missing_period_unit_scope_or_source
0001628280-19-003241,SMTC,88941,20190131,False,unknown,missing_or_conflicting_required_fact
0001664703-19-000008,BE,1664703,20181231,True,unknown,missing_period_unit_scope_or_source
0001213900-19-004653,ICCC,811641,20181231,True,unknown,missing_period_unit_scope_or_source
0001564590-19-008991,FLGT,1674930,20181231,True,unknown,missing_period_unit_scope_or_source
0001171843-19-001915,CAPS,887151,20181231,True,unknown,missing_period_unit_scope_or_source
0001564590-19-009005,KSS,885639,20190131,True,unknown,missing_period_unit_scope_or_source
0001140361-19-005471,IMXI,1683695,20181231,True,unknown,missing_period_unit_scope_or_source
0001654954-19-003087,FTLF,1374328,20181231,True,unknown,missing_period_unit_scope_or_source
0001558370-19-002383,DG,29534,20190131,True,unknown,missing_period_unit_scope_or_source
0001654954-19-003090,WYY,1034760,20181231,True,unknown,missing_period_unit_scope_or_source
0001437749-19-005538,INFU,1337013,20181231,True,unknown,missing_period_unit_scope_or_source
0001144204-19-015691,DRIO,1533998,20181231,True,unknown,missing_period_unit_scope_or_source
0000769397-19-000016,ADSK,769397,20190131,True,unknown,missing_period_unit_scope_or_source
0001531152-19-000010,BJ,1531152,20190131,True,unknown,missing_period_unit_scope_or_source
0001654954-19-003343,SMID,924719,20181231,True,unknown,missing_period_unit_scope_or_source
0001628280-19-003437,P,1474432,20190131,False,unknown,missing_or_conflicting_required_fact
0001193125-19-086735,MGTX,1735438,20181231,True,unknown,missing_period_unit_scope_or_source
0001261333-19-000012,DOCU,1261333,20190131,True,unknown,missing_period_unit_scope_or_source
0001437749-19-005715,INTT,1036262,20181231,True,unknown,missing_period_unit_scope_or_source
0001402829-19-000010,ORN,1402829,20181231,True,unknown,missing_period_unit_scope_or_source
0001493152-19-003972,ACFN,880984,20181231,True,unknown,missing_period_unit_scope_or_source
0000018255-19-000010,CATO,18255,20190131,True,unknown,missing_period_unit_scope_or_source
0001397187-19-000011,LULU,1397187,20190131,True,unknown,missing_period_unit_scope_or_source
0001144204-19-016348,AEYE,1362190,20181231,True,unknown,missing_period_unit_scope_or_source
0000935703-19-000024,DLTR,935703,20190131,True,unknown,missing_period_unit_scope_or_source
0001564590-19-009741,MOV,72573,20190131,True,unknown,missing_period_unit_scope_or_source
0001177609-19-000010,FIVE,1177609,20190131,False,unknown,missing_or_conflicting_required_fact
0001428336-19-000006,HQY,1428336,20190131,True,unknown,missing_period_unit_scope_or_source
0001564590-19-009853,VEEV,1393052,20190131,True,unknown,missing_period_unit_scope_or_source
0000799288-19-000030,LE,799288,20190131,True,unknown,missing_period_unit_scope_or_source
0000354950-19-000010,HD,354950,20190131,True,unknown,missing_period_unit_scope_or_source
0000764478-19-000009,BBY,764478,20190131,True,unknown,missing_period_unit_scope_or_source
0000104169-19-000016,WMT,104169,20190131,True,unknown,missing_period_unit_scope_or_source
0001144204-19-016710,STKS,1399520,20181231,True,unknown,missing_period_unit_scope_or_source
0001537435-19-000016,TGEN,1537435,20181231,True,unknown,missing_period_unit_scope_or_source
0001193125-19-091669,MHH,1437226,20181231,True,unknown,missing_period_unit_scope_or_source
0001089063-19-000017,DKS,1089063,20190131,False,unknown,missing_or_conflicting_required_fact
0001672909-19-000006,CPHC,1672909,20181231,True,unknown,missing_period_unit_scope_or_source
0001140361-19-006044,OLLI,1639300,20190131,True,unknown,missing_period_unit_scope_or_source
0001564590-19-010132,RH,1528849,20190131,True,unknown,missing_period_unit_scope_or_source
0001571123-19-000004,SAIC,1571123,20190131,True,unknown,missing_period_unit_scope_or_source
0001144204-19-016999,AMS,744825,20181231,True,unknown,missing_period_unit_scope_or_source
0001387131-19-002315,WFCF,1360565,20181231,True,unknown,missing_period_unit_scope_or_source
0001477932-19-001284,LTBR,1084554,20181231,True,unknown,missing_period_unit_scope_or_source
0001144204-19-017012,KULR,1662684,20181231,True,unknown,missing_period_unit_scope_or_source
0001628280-19-003666,PRTH,1653558,20181231,True,unknown,missing_period_unit_scope_or_source
0001571996-19-000008,DELL,1571996,20190131,True,unknown,missing_period_unit_scope_or_source
0000028917-19-000078,DDS,28917,20190131,False,unknown,missing_or_conflicting_required_fact
0001628280-19-003678,TLYS,1524025,20190131,False,unknown,missing_or_conflicting_required_fact
0001213900-19-005312,LFMD,948320,20181231,True,unknown,missing_period_unit_scope_or_source
0001564590-19-010253,STRO,1382101,20181231,True,unknown,missing_period_unit_scope_or_source
0000012208-19-000014,BIO,12208,20181231,True,unknown,missing_period_unit_scope_or_source
0001052918-19-000061,IDR,1030192,20181231,True,unknown,missing_period_unit_scope_or_source
0001441816-19-000067,MDB,1441816,20190131,True,unknown,missing_period_unit_scope_or_source
0001493152-19-004430,REED,1140215,20181231,True,unknown,missing_period_unit_scope_or_source
0001493152-19-004464,PESI,891532,20181231,True,unknown,missing_period_unit_scope_or_source
0001437749-19-006198,HFFG,1680873,20181231,True,unknown,missing_period_unit_scope_or_source
0001493152-19-004471,SURG,1392694,20181231,True,unknown,missing_period_unit_scope_or_source
0000075288-19-000024,OXM,75288,20190131,False,unknown,missing_or_conflicting_required_fact
0001213900-19-005471,GRWG,1604868,20181231,True,unknown,missing_period_unit_scope_or_source
0001534424-19-000092,CLPT,1285550,20181231,True,unknown,missing_period_unit_scope_or_source
0001493152-19-004521,PROP,1162896,20181231,True,unknown,missing_period_unit_scope_or_source
0001437749-19-006239,MLSS,855683,20181231,True,unknown,missing_period_unit_scope_or_source
0001564590-19-010433,URBN,912615,20190131,True,unknown,missing_period_unit_scope_or_source
0001387131-19-002402,CVU,889348,20181231,True,unknown,missing_period_unit_scope_or_source
0001193125-19-094588,EVER,1640428,20181231,True,unknown,missing_period_unit_scope_or_source
0001731122-19-000152,DTST,1419951,20181231,True,unknown,missing_period_unit_scope_or_source
0001654954-19-003872,SNWV,1417663,20181231,True,unknown,missing_period_unit_scope_or_source
0001018840-19-000018,ANF,1018840,20190131,False,unknown,missing_or_conflicting_required_fact
0001654954-19-003880,SMTI,714256,20181231,True,unknown,missing_period_unit_scope_or_source
0001554795-19-000079,RCAT,748268,20181231,True,unknown,missing_period_unit_scope_or_source
0001072613-19-000158,EP,887396,20181231,True,unknown,missing_period_unit_scope_or_source
0000745732-19-000009,ROST,745732,20190131,True,unknown,missing_period_unit_scope_or_source
0000060667-19-000042,LOW,60667,20190131,False,unknown,missing_or_conflicting_required_fact
0001558370-19-002739,ULTA,1403568,20190131,True,unknown,missing_period_unit_scope_or_source
0001493152-19-004706,FSI,1069394,20181231,True,unknown,missing_period_unit_scope_or_source
0001495320-19-000010,VRA,1495320,20190131,True,unknown,missing_period_unit_scope_or_source
0001564590-19-010585,SHOE,895447,20190131,True,unknown,missing_period_unit_scope_or_source
0001558370-19-002756,KR,56873,20190131,True,unknown,missing_period_unit_scope_or_source
0001079973-19-000197,RIOT,1167419,20181231,True,unknown,missing_period_unit_scope_or_source
0000014707-19-000020,CAL,14707,20190131,True,unknown,missing_period_unit_scope_or_source
0001564590-19-010638,OOMA,1327688,20190131,True,unknown,missing_period_unit_scope_or_source
0000794367-19-000038,M,794367,20190131,True,unknown,missing_period_unit_scope_or_source
0001628280-19-003834,TJX,109198,20190131,True,unknown,missing_period_unit_scope_or_source
0000885245-19-000007,BKE,885245,20190131,False,unknown,missing_or_conflicting_required_fact
0000018498-19-000016,GCO,18498,20190131,True,unknown,missing_period_unit_scope_or_source
0000832988-19-000003,SIG,832988,20190131,True,unknown,missing_period_unit_scope_or_source
0001387131-19-002520,SLSN,883107,20181231,True,unknown,missing_period_unit_scope_or_source
0001193125-19-097973,WSM,719955,20190131,True,unknown,missing_period_unit_scope_or_source
0001409171-19-000016,TITN,1409171,20190131,False,unknown,missing_or_conflicting_required_fact
0001628280-19-003963,MIND,926423,20190131,True,unknown,missing_period_unit_scope_or_source
0001654954-19-004201,HQI,1140102,20181231,True,unknown,missing_period_unit_scope_or_source
0001434728-19-000095,GWRS,1434728,20181231,True,unknown,missing_period_unit_scope_or_source
0001104659-19-020681,AGX,100591,20190131,True,unknown,missing_period_unit_scope_or_source
0001477932-19-001664,BCHT,728385,20181231,True,unknown,missing_period_unit_scope_or_source
0001654954-19-004295,REKR,1697851,20181231,True,unknown,missing_period_unit_scope_or_source
0001493152-19-005209,ELA,701719,20181231,True,unknown,missing_period_unit_scope_or_source
0001505952-19-000016,HUCK,1505952,20190131,True,unknown,missing_period_unit_scope_or_source
0001553350-19-000375,DUOT,1396536,20181231,True,unknown,missing_period_unit_scope_or_source
0001079974-19-000195,ATLX,1540684,20181231,True,unknown,missing_period_unit_scope_or_source
0001144204-19-019702,LMB,1606163,20181231,True,unknown,missing_period_unit_scope_or_source
0001683168-19-001051,LWAY,814586,20181231,True,unknown,missing_period_unit_scope_or_source
0001144204-19-019750,GTE,1273441,20181231,True,unknown,missing_period_unit_scope_or_source
0001615774-19-005795,SSII,1676163,20181231,True,unknown,missing_period_unit_scope_or_source
0001437749-19-007256,PPIH,914122,20190131,True,unknown,missing_period_unit_scope_or_source
0001193125-19-107681,PNRG,56868,20181231,True,unknown,missing_period_unit_scope_or_source
0001654954-19-004479,LAKE,798081,20190131,True,unknown,missing_period_unit_scope_or_source
0001558370-19-003051,CTRN,1318484,20190131,False,unknown,missing_or_conflicting_required_fact
0001437749-19-007482,BBW,1113809,20190131,True,unknown,missing_period_unit_scope_or_source
0001683168-19-001125,LWAY,814586,20181231,True,unknown,missing_period_unit_scope_or_source
0001170010-19-000040,KMX,1170010,20190228,False,unknown,missing_or_conflicting_required_fact
0001185185-19-000568,HOFT,1077688,20190131,True,unknown,missing_period_unit_scope_or_source
0001649744-19-000010,DLTH,1649744,20190131,True,unknown,missing_period_unit_scope_or_source
0000016918-19-000024,STZ,16918,20190228,False,unknown,missing_or_conflicting_required_fact
0001493152-19-005779,MAMA,1520358,20190131,True,unknown,missing_period_unit_scope_or_source
0001646972-19-000036,ACI,1646972,20190228,True,unknown,missing_period_unit_scope_or_source
0000006845-19-000012,APOG,6845,20190228,False,unknown,missing_or_conflicting_required_fact
0000912061-19-000029,NHTC,912061,20181231,True,unknown,missing_period_unit_scope_or_source
0000916789-19-000008,HELE,916789,20190228,True,unknown,missing_period_unit_scope_or_source
0000724910-19-000010,NVEC,724910,20190331,True,unknown,missing_period_unit_scope_or_source
0001628280-19-005502,VIRC,751365,20190131,True,unknown,missing_period_unit_scope_or_source
0001558370-19-003746,VECO,103145,20181231,False,unknown,missing_or_conflicting_required_fact
0001169561-19-000022,CVLT,1169561,20190331,True,unknown,missing_period_unit_scope_or_source
0001213900-19-007792,LOVE,1701758,20190131,True,unknown,missing_period_unit_scope_or_source
0001564590-19-015928,EBF,33002,20190228,True,unknown,missing_period_unit_scope_or_source
0001558370-19-004247,PZZA,901491,20181231,True,unknown,missing_period_unit_scope_or_source
0001295947-19-000015,PBH,1295947,20190331,True,unknown,missing_period_unit_scope_or_source
0001493152-19-006941,WKSP,1096275,20181231,True,unknown,missing_period_unit_scope_or_source
0001628280-19-006691,TTWO,946581,20190331,True,unknown,missing_period_unit_scope_or_source
0000927653-19-000009,MCK,927653,20190331,True,unknown,missing_period_unit_scope_or_source
0001137091-19-000016,PSIX,1137091,20171231,True,unknown,missing_period_unit_scope_or_source
0001037038-19-000005,RL,1037038,20190331,True,unknown,missing_period_unit_scope_or_source
0001375365-19-000039,SMCI,1375365,20170630,True,unknown,missing_period_unit_scope_or_source
0001493152-19-007713,FSI,1069394,20181231,True,unknown,missing_period_unit_scope_or_source
0000008947-19-000058,AZZ,8947,20190228,True,unknown,missing_period_unit_scope_or_source
0001032975-19-000027,LOGI,1032975,20190331,False,unknown,missing_or_conflicting_required_fact
0001604778-19-000031,QRVO,1604778,20190331,True,unknown,missing_period_unit_scope_or_source
0001437749-19-010516,PKE,76267,20190228,True,unknown,missing_period_unit_scope_or_source
0000866374-19-000006,FLEX,866374,20190331,True,unknown,missing_period_unit_scope_or_source
0001023731-19-000037,EGHT,1023731,20190331,True,unknown,missing_period_unit_scope_or_source
0001624794-19-000021,CSW,1624794,20190331,True,unknown,missing_period_unit_scope_or_source
0000313143-19-000022,HAE,313143,20190331,True,unknown,missing_period_unit_scope_or_source
0001022408-19-000012,PLUS,1022408,20190331,True,unknown,missing_period_unit_scope_or_source
0001140361-19-009735,MOD,67347,20190331,True,unknown,missing_period_unit_scope_or_source
0001564590-19-020324,SKY,90896,20190331,True,unknown,missing_period_unit_scope_or_source
0000929351-19-000014,STRZ,929351,20190331,True,unknown,missing_period_unit_scope_or_source
0000046250-19-000017,HWKN,46250,20190331,True,unknown,missing_period_unit_scope_or_source
0001615774-19-008334,RBC,1324948,20190331,True,unknown,missing_period_unit_scope_or_source
0001564590-19-020349,EXP,918646,20190331,True,unknown,missing_period_unit_scope_or_source
0001558370-19-005281,BOOT,1610250,20190331,True,unknown,missing_period_unit_scope_or_source
0000102037-19-000022,UVV,102037,20190331,True,unknown,missing_period_unit_scope_or_source
0000078749-19-000021,AGYS,78749,20190331,True,unknown,missing_period_unit_scope_or_source
0000103379-19-000006,VFC,103379,20190331,True,unknown,missing_period_unit_scope_or_source
0000849399-19-000005,GEN,849399,20190331,True,unknown,missing_period_unit_scope_or_source
0000772406-19-000008,CRUS,772406,20190331,True,unknown,missing_period_unit_scope_or_source
0001443646-19-000093,BAH,1443646,20190331,True,unknown,missing_period_unit_scope_or_source
0001628280-19-007252,NTCT,1078075,20190331,True,unknown,missing_period_unit_scope_or_source
0001171520-19-000214,SOTK,806172,20190228,False,unknown,missing_or_conflicting_required_fact
0000278166-19-000053,CVCO,278166,20190331,True,unknown,missing_period_unit_scope_or_source
0000733269-19-000022,RAMP,733269,20190331,False,unknown,missing_or_conflicting_required_fact
0001564590-19-020649,VSAT,797721,20190331,False,unknown,missing_or_conflicting_required_fact
0001562762-19-000139,MNRO,876427,20190331,True,unknown,missing_period_unit_scope_or_source
0001005229-19-000153,CMCO,1005229,20190331,False,unknown,missing_or_conflicting_required_fact
0001289308-19-000028,ENS,1289308,20190331,True,unknown,missing_period_unit_scope_or_source
0001596993-19-000010,LPG,1596993,20190331,False,unknown,missing_or_conflicting_required_fact
0001757898-19-000005,STE,1757898,20190331,True,unknown,missing_period_unit_scope_or_source
0000910521-19-000011,DECK,910521,20190331,True,unknown,missing_period_unit_scope_or_source
0001564590-19-020937,WMS,1604028,20190331,True,unknown,missing_period_unit_scope_or_source
0000827054-19-000143,MCHP,827054,20190331,False,unknown,missing_or_conflicting_required_fact
0001564590-19-021076,GHM,716314,20190331,True,unknown,missing_period_unit_scope_or_source
0001528396-19-000016,GWRE,1528396,20180731,False,unknown,missing_or_conflicting_required_fact
0001437749-19-011234,MLAB,724004,20190331,False,unknown,missing_or_conflicting_required_fact
0001564590-19-021688,OESX,1409375,20190331,True,unknown,missing_period_unit_scope_or_source
0000915779-19-000017,DAKT,915779,20190430,True,unknown,missing_period_unit_scope_or_source
0001206774-19-001847,TRNS,99302,20190331,True,unknown,missing_period_unit_scope_or_source
0001637459-19-000049,KHC,1637459,20181231,True,unknown,missing_period_unit_scope_or_source
0001437749-19-011972,SENEB,88948,20190331,True,unknown,missing_period_unit_scope_or_source
0001437749-19-012012,NATH,69733,20190331,True,unknown,missing_period_unit_scope_or_source
0001574842-19-000022,HRB,12659,20190430,True,unknown,missing_period_unit_scope_or_source
0000091419-19-000005,SJM,91419,20190430,False,unknown,missing_or_conflicting_required_fact
0001564590-19-022779,NTAP,1002047,20190430,True,unknown,missing_period_unit_scope_or_source
0001564590-19-022862,SWBI,1092796,20190430,True,unknown,missing_period_unit_scope_or_source
0000065270-19-000019,MEI,65270,20190430,True,unknown,missing_period_unit_scope_or_source
0001613103-19-000028,MDT,1613103,20190430,True,unknown,missing_period_unit_scope_or_source
0001564590-19-023119,ORCL,1341439,20190531,True,unknown,missing_period_unit_scope_or_source
0001558370-19-005898,AVAV,1368622,20190430,False,unknown,missing_or_conflicting_required_fact
0001564590-19-023597,MSN,32621,20190331,True,unknown,missing_period_unit_scope_or_source
0001437749-19-012816,FIZZ,69891,20190430,True,unknown,missing_period_unit_scope_or_source
0001694426-19-000103,DK,1694426,20181231,True,unknown,missing_period_unit_scope_or_source
0001144204-19-032723,TPCS,1328792,20190331,False,unknown,missing_or_conflicting_required_fact
0001193125-19-184675,GIS,40704,20190531,True,unknown,missing_period_unit_scope_or_source
0001564590-19-024039,KFY,56679,20190430,True,unknown,missing_period_unit_scope_or_source
0001140361-19-011947,MPAA,918251,20190331,True,unknown,missing_period_unit_scope_or_source
0001564590-19-024066,ESTC,1707753,20190430,True,unknown,missing_period_unit_scope_or_source
0001437749-19-013061,AIRTP,353184,20190331,True,unknown,missing_period_unit_scope_or_source
0000726958-19-000078,CASY,726958,20190430,True,unknown,missing_period_unit_scope_or_source
0001144204-19-033096,JRSH,1696558,20190331,True,unknown,missing_period_unit_scope_or_source
0000107140-19-000026,WLY,107140,20190430,True,unknown,missing_period_unit_scope_or_source
0001493152-19-010007,POWW,1015383,20190331,True,unknown,missing_period_unit_scope_or_source
0001437749-19-013251,FRD,39092,20190331,True,unknown,missing_period_unit_scope_or_source
0001558891-19-000058,ODYS,1577445,20190331,True,unknown,missing_period_unit_scope_or_source
0000055529-19-000040,KEQU,55529,20190430,True,unknown,missing_period_unit_scope_or_source
0001157523-19-001520,CULP,723603,20190430,False,unknown,missing_or_conflicting_required_fact
0001144204-19-034727,UUU,102109,20190331,True,unknown,missing_period_unit_scope_or_source
0001564590-19-025065,FDX,1048911,20190531,True,unknown,missing_period_unit_scope_or_source
0001520138-19-000241,AXIL,1718500,20190531,True,unknown,missing_period_unit_scope_or_source
0001047469-19-004266,AIR,1750,20190531,True,unknown,missing_period_unit_scope_or_source
0000023217-19-000006,CAG,23217,20190531,True,unknown,missing_period_unit_scope_or_source
0001084765-19-000011,RGP,1084765,20190531,True,unknown,missing_period_unit_scope_or_source
0001520138-19-000249,AXIL,1718500,20190531,True,unknown,missing_period_unit_scope_or_source
0000940944-19-000025,DRI,940944,20190531,False,unknown,missing_or_conflicting_required_fact
0000320187-19-000051,NKE,320187,20190531,True,unknown,missing_period_unit_scope_or_source
0001564590-19-025795,RPM,110621,20190531,True,unknown,missing_period_unit_scope_or_source
0000723531-19-000032,PAYX,723531,20190531,False,unknown,missing_or_conflicting_required_fact
0001275187-19-000017,ANGO,1275187,20190531,True,unknown,missing_period_unit_scope_or_source
0001558370-19-006311,LW,1679273,20190531,True,unknown,missing_period_unit_scope_or_source
0001697500-19-000042,SEI,1697500,20181231,True,unknown,missing_period_unit_scope_or_source
0000723254-19-000021,CTAS,723254,20190531,True,unknown,missing_period_unit_scope_or_source
0001185185-19-001020,FEIM,39020,20190430,True,unknown,missing_period_unit_scope_or_source
0001144204-19-036278,AXR,6207,20190430,True,unknown,missing_period_unit_scope_or_source
0001628280-19-009139,CSBR,771856,20190430,True,unknown,missing_period_unit_scope_or_source
0000866729-19-000009,SCHL,866729,20190531,True,unknown,missing_period_unit_scope_or_source
0001193125-19-206929,NEOG,711377,20190531,True,unknown,missing_period_unit_scope_or_source
0001564590-19-027053,WOR,108516,20190531,True,unknown,missing_period_unit_scope_or_source
0001564590-19-027952,MSFT,789019,20190630,True,unknown,missing_period_unit_scope_or_source
0001002638-19-000014,OTEX,1002638,20190630,True,unknown,missing_period_unit_scope_or_source
0001164863-19-000035,NPO,1164863,20181231,False,unknown,missing_or_conflicting_required_fact
0000096536-19-000026,TAYD,96536,20190531,True,unknown,missing_period_unit_scope_or_source
0001193125-19-212028,STX,1137789,20190630,True,unknown,missing_period_unit_scope_or_source
0001564590-19-028701,RELL,355948,20190531,True,unknown,missing_period_unit_scope_or_source
0001383312-19-000042,BR,1383312,20190630,False,unknown,missing_or_conflicting_required_fact
0000080424-19-000050,PG,80424,20190630,True,unknown,missing_period_unit_scope_or_source
0000943819-19-000017,RMD,943819,20190630,True,unknown,missing_period_unit_scope_or_source
0001262976-19-000053,CMPR,1262976,20190630,True,unknown,missing_period_unit_scope_or_source
0001558370-19-007859,PCTY,1591698,20190630,True,unknown,missing_period_unit_scope_or_source
0000008670-19-000021,ADP,8670,20190630,True,unknown,missing_period_unit_scope_or_source
0001564590-19-031285,FOX,1754301,20190630,False,unknown,missing_or_conflicting_required_fact
0001437749-19-016263,ETD,896156,20190630,True,unknown,missing_period_unit_scope_or_source
0001193125-19-219463,NWS,1564708,20190630,True,unknown,missing_period_unit_scope_or_source
0000055242-19-000019,KMT,55242,20190630,True,unknown,missing_period_unit_scope_or_source
0000021076-19-000012,CLX,21076,20190630,False,unknown,missing_or_conflicting_required_fact
0000849146-19-000063,LFVN,849146,20190630,True,unknown,missing_period_unit_scope_or_source
0001049521-19-000033,MRCY,1049521,20190630,True,unknown,missing_period_unit_scope_or_source
0000008858-19-000035,AVT,8858,20190630,True,unknown,missing_period_unit_scope_or_source
0001116132-19-000016,TPR,1116132,20190630,True,unknown,missing_period_unit_scope_or_source
0001564590-19-032384,PFGC,1618673,20190630,True,unknown,missing_period_unit_scope_or_source
0001564590-19-032471,COHR,820318,20190630,True,unknown,missing_period_unit_scope_or_source
0000109563-19-000095,AIT,109563,20190630,True,unknown,missing_period_unit_scope_or_source
0000319201-19-000031,KLAC,319201,20190630,True,unknown,missing_period_unit_scope_or_source
0001193125-19-225268,FN,1408710,20190630,True,unknown,missing_period_unit_scope_or_source
0000707549-19-000124,LRCX,707549,20190630,True,unknown,missing_period_unit_scope_or_source
0000721371-19-000090,CAH,721371,20190630,True,unknown,missing_period_unit_scope_or_source
0001636519-19-000019,MSGS,1636519,20190630,True,unknown,missing_period_unit_scope_or_source
0001564590-19-032721,CACI,16058,20190630,True,unknown,missing_period_unit_scope_or_source
0001511737-19-000026,UI,1511737,20190630,True,unknown,missing_period_unit_scope_or_source
0001193125-19-226039,JBSS,880117,20190630,True,unknown,missing_period_unit_scope_or_source
0000202058-19-000090,LHX,202058,20190630,False,unknown,missing_or_conflicting_required_fact
0000703351-19-000037,EAT,703351,20190630,True,unknown,missing_period_unit_scope_or_source
0000076334-19-000096,PH,76334,20190630,True,unknown,missing_period_unit_scope_or_source
0001104659-19-047085,EL,1001250,20190630,False,unknown,missing_or_conflicting_required_fact
0001387467-19-000040,AOSL,1387467,20190630,True,unknown,missing_period_unit_scope_or_source
0001564590-19-032908,SYNA,817720,20190630,True,unknown,missing_period_unit_scope_or_source
0000096021-19-000093,SYY,96021,20190630,False,unknown,missing_or_conflicting_required_fact
0000779152-19-000048,JKHY,779152,20190630,True,unknown,missing_period_unit_scope_or_source
0000057515-19-000021,MZTI,57515,20190630,True,unknown,missing_period_unit_scope_or_source
0000912093-19-000023,VIAV,912093,20190630,True,unknown,missing_period_unit_scope_or_source
0000106040-19-000058,WDC,106040,20190630,True,unknown,missing_period_unit_scope_or_source
0001377789-19-000061,AVNW,1377789,20190630,True,unknown,missing_period_unit_scope_or_source
0001633978-19-000069,LITE,1633978,20190630,True,unknown,missing_period_unit_scope_or_source
0001606757-19-000048,KE,1606757,20190630,True,unknown,missing_period_unit_scope_or_source
0001558370-19-008351,CVSA,730464,20190630,True,unknown,missing_period_unit_scope_or_source
0001437749-19-017565,TECH,842023,20190630,True,unknown,missing_period_unit_scope_or_source
0001024305-19-000097,COTY,1024305,20190630,True,unknown,missing_period_unit_scope_or_source
0001437749-19-017573,CTGO,1502377,20190630,True,unknown,missing_period_unit_scope_or_source
0001437749-19-017591,TWIN,100378,20190630,True,unknown,missing_period_unit_scope_or_source
0000017843-19-000058,CRS,17843,20190630,False,unknown,missing_or_conflicting_required_fact
0001590976-19-000073,MBUU,1590976,20190630,True,unknown,missing_period_unit_scope_or_source
0001564590-19-033600,UFI,100726,20190630,True,unknown,missing_period_unit_scope_or_source
0001564590-19-033605,QNST,1117297,20190630,True,unknown,missing_period_unit_scope_or_source
0001564590-19-033615,EXTR,1078271,20190630,True,unknown,missing_period_unit_scope_or_source
0000896878-19-000132,INTU,896878,20190731,True,unknown,missing_period_unit_scope_or_source
0001748790-19-000003,AMCR,1748790,20190630,True,unknown,missing_period_unit_scope_or_source
0001213900-19-017175,NB,1512228,20190630,True,unknown,missing_period_unit_scope_or_source
0000866273-19-000094,MTRX,866273,20190630,True,unknown,missing_period_unit_scope_or_source
0001564590-19-034111,STRT,933034,20190630,True,unknown,missing_period_unit_scope_or_source
0000858877-19-000012,CSCO,858877,20190731,True,unknown,missing_period_unit_scope_or_source
0000746598-19-000128,BRC,746598,20190731,True,unknown,missing_period_unit_scope_or_source
0001437749-19-018000,LYTS,763532,20190630,True,unknown,missing_period_unit_scope_or_source
0001327567-19-000032,PANW,1327567,20190731,True,unknown,missing_period_unit_scope_or_source
0001683168-19-002888,LTRX,1114925,20190630,True,unknown,missing_period_unit_scope_or_source
0001553350-19-000942,PDEX,788920,20190630,True,unknown,missing_period_unit_scope_or_source
0001654954-19-010669,LPTH,889971,20190630,True,unknown,missing_period_unit_scope_or_source
0001654954-19-010672,TRAK,50471,20190630,True,unknown,missing_period_unit_scope_or_source
0001564590-19-034613,RLGT,1171155,20190630,True,unknown,missing_period_unit_scope_or_source
0001558370-19-008598,EGAN,1066194,20190630,True,unknown,missing_period_unit_scope_or_source
0001654954-19-010687,FLUX,1083743,20190630,False,unknown,missing_or_conflicting_required_fact
0001006655-19-000033,EPM,1006655,20190630,True,unknown,missing_period_unit_scope_or_source
0001437749-19-018360,FLWS,1084869,20190630,True,unknown,missing_period_unit_scope_or_source
0001564590-19-034678,MCFT,1638290,20190630,True,unknown,missing_period_unit_scope_or_source
0000897101-19-000829,FLXS,37472,20190630,True,unknown,missing_period_unit_scope_or_source
0001174947-19-001060,EVI,65312,20190630,True,unknown,missing_period_unit_scope_or_source
0001174947-19-001066,ESP,33533,20190630,True,unknown,missing_period_unit_scope_or_source
0001564590-19-034803,PZG,1629210,20190630,True,unknown,missing_period_unit_scope_or_source
0001493152-19-014181,BSIN,101594,20181231,True,unknown,missing_period_unit_scope_or_source
0001713683-19-000030,ZS,1713683,20190731,True,unknown,missing_period_unit_scope_or_source
0001144204-19-045246,RSSS,1386301,20190630,True,unknown,missing_period_unit_scope_or_source
0001654954-19-011016,TRT,732026,20190630,True,unknown,missing_period_unit_scope_or_source
0001493152-19-014421,NTWK,1039280,20190630,True,unknown,missing_period_unit_scope_or_source
0001618732-19-000114,NTNX,1618732,20190731,True,unknown,missing_period_unit_scope_or_source
0000016732-19-000070,CPB,16732,20190731,True,unknown,missing_period_unit_scope_or_source
0000812011-19-000077,MTN,812011,20190731,True,unknown,missing_period_unit_scope_or_source
0001683168-19-003062,POCI,867840,20190630,True,unknown,missing_period_unit_scope_or_source
0000029644-19-000023,DCI,29644,20190731,True,unknown,missing_period_unit_scope_or_source
0001528396-19-000032,GWRE,1528396,20190731,False,unknown,missing_or_conflicting_required_fact
0001193125-19-258022,THO,730263,20190731,True,unknown,missing_period_unit_scope_or_source
0000900075-19-000022,CPRT,900075,20190731,True,unknown,missing_period_unit_scope_or_source
0001528396-19-000036,GWRE,1528396,20190731,False,unknown,missing_or_conflicting_required_fact
0001020859-19-000116,UNFI,1020859,20190731,True,unknown,missing_period_unit_scope_or_source
0001576942-19-000013,SFIX,1576942,20190731,True,unknown,missing_period_unit_scope_or_source
0001437749-19-019836,TECH,842023,20190630,True,unknown,missing_period_unit_scope_or_source
0000103595-19-000015,VLGEA,103595,20190731,True,unknown,missing_period_unit_scope_or_source
0000074046-19-000049,ODC,74046,20190731,True,unknown,missing_period_unit_scope_or_source
0000909832-19-000019,COST,909832,20190831,True,unknown,missing_period_unit_scope_or_source
0001437749-19-020004,UEC,1334933,20190731,True,unknown,missing_period_unit_scope_or_source
0000723125-19-000094,MU,723125,20190831,True,unknown,missing_period_unit_scope_or_source
0001193125-19-271646,JBL,898293,20190831,True,unknown,missing_period_unit_scope_or_source
0000105132-19-000050,WDFC,105132,20190831,True,unknown,missing_period_unit_scope_or_source
0001477932-19-006002,MRDN,1437925,20190731,True,unknown,missing_period_unit_scope_or_source
0000022444-19-000042,CMC,22444,20190831,True,unknown,missing_period_unit_scope_or_source
0000107687-19-000024,WGO,107687,20190831,True,unknown,missing_period_unit_scope_or_source
0001003078-19-000232,MSM,1003078,20190831,True,unknown,missing_period_unit_scope_or_source
0001437749-19-020623,IIIN,764401,20190930,True,unknown,missing_period_unit_scope_or_source
0001193125-19-276201,AZO,866787,20190831,True,unknown,missing_period_unit_scope_or_source
0001213900-19-021279,ZDGE,1667313,20190731,True,unknown,missing_period_unit_scope_or_source
0000006955-19-000033,EPAC,6955,20190831,True,unknown,missing_period_unit_scope_or_source
0001467373-19-000339,ACN,1467373,20190831,True,unknown,missing_period_unit_scope_or_source
0001144215-19-000114,AYI,1144215,20190831,True,unknown,missing_period_unit_scope_or_source
0001041803-19-000042,PSMT,1041803,20190831,True,unknown,missing_period_unit_scope_or_source
0001564590-19-038460,UNF,717954,20190831,True,unknown,missing_period_unit_scope_or_source
0001437749-19-020894,FDS,1013237,20190831,True,unknown,missing_period_unit_scope_or_source
0001702744-19-000048,SMPL,1702744,20190831,True,unknown,missing_period_unit_scope_or_source
0000320193-19-000119,AAPL,320193,20190930,True,unknown,missing_period_unit_scope_or_source
0001728949-19-000072,QCOM,804328,20190930,True,unknown,missing_period_unit_scope_or_source
0001437749-19-021760,TECH,842023,20190630,True,unknown,missing_period_unit_scope_or_source
0000823277-19-000036,CHSCL,823277,20190831,True,unknown,missing_period_unit_scope_or_source
0001564590-19-041109,PENG,1616533,20190831,True,unknown,missing_period_unit_scope_or_source
0000771266-19-000102,KOPN,771266,20181231,True,unknown,missing_period_unit_scope_or_source
0000897723-19-000034,SANM,897723,20190930,True,unknown,missing_period_unit_scope_or_source
0000814547-19-000016,FICO,814547,20190930,True,unknown,missing_period_unit_scope_or_source
0001558370-19-010602,DIT,928465,20190930,True,unknown,missing_period_unit_scope_or_source
0000100493-19-000118,TSN,100493,20190930,True,unknown,missing_period_unit_scope_or_source
0001024478-19-000044,ROK,1024478,20190930,True,unknown,missing_period_unit_scope_or_source
0001140361-19-020266,PCYO,276720,20190831,True,unknown,missing_period_unit_scope_or_source
0000731802-19-000037,ATO,731802,20190930,True,unknown,missing_period_unit_scope_or_source
0001558370-19-010758,TEL,1385157,20190930,True,unknown,missing_period_unit_scope_or_source
0001628280-19-013975,MAT,63276,20181231,True,unknown,missing_period_unit_scope_or_source
0001217160-19-000103,JCTC,885307,20190831,True,unknown,missing_period_unit_scope_or_source
0001104659-19-063367,ACM,868857,20190930,True,unknown,missing_period_unit_scope_or_source
0000915840-19-000058,BZH,915840,20190930,True,unknown,missing_period_unit_scope_or_source
0001171843-19-007508,NTIC,875582,20190831,True,unknown,missing_period_unit_scope_or_source
0001683168-19-003572,SLP,1023459,20190831,True,unknown,missing_period_unit_scope_or_source
0001640334-19-002303,LEXX,1348362,20190831,True,unknown,missing_period_unit_scope_or_source
0000004127-19-000049,SWKS,4127,20190930,True,unknown,missing_period_unit_scope_or_source
0000886206-19-000036,FC,886206,20190831,True,unknown,missing_period_unit_scope_or_source
0001403161-19-000050,V,1403161,20190930,False,unknown,missing_or_conflicting_required_fact
0001376986-19-000037,TVC,1376986,20190930,True,unknown,missing_period_unit_scope_or_source
0000056978-19-000130,KLIC,56978,20190930,True,unknown,missing_period_unit_scope_or_source
0000785786-19-000059,PLXS,785786,20190930,True,unknown,missing_period_unit_scope_or_source
0001376986-19-000040,TVC,1376986,20190930,True,unknown,missing_period_unit_scope_or_source
0001171843-19-007586,CLFD,796505,20190930,True,unknown,missing_period_unit_scope_or_source
0000070145-19-000030,NFG,70145,20190930,True,unknown,missing_period_unit_scope_or_source
0000829224-19-000051,SBUX,829224,20190930,True,unknown,missing_period_unit_scope_or_source
0000109177-19-000050,SPB,109177,20190930,True,unknown,missing_period_unit_scope_or_source
0001048695-19-000034,FFIV,1048695,20190930,True,unknown,missing_period_unit_scope_or_source
0001562762-19-000302,NPK,80172,20181231,True,unknown,missing_period_unit_scope_or_source
0000046765-19-000019,HP,46765,20190930,True,unknown,missing_period_unit_scope_or_source
0000857005-19-000040,PTC,857005,20190930,True,unknown,missing_period_unit_scope_or_source
0000032604-19-000048,EMR,32604,20190930,True,unknown,missing_period_unit_scope_or_source
0001260221-19-000043,TDG,1260221,20190930,True,unknown,missing_period_unit_scope_or_source
0000950123-19-011559,OSK,775158,20190930,False,unknown,missing_or_conflicting_required_fact
0001140859-19-000040,COR,1140859,20190930,True,unknown,missing_period_unit_scope_or_source
0001744489-19-000225,DIS,1744489,20190930,False,unknown,missing_or_conflicting_required_fact
0001564590-19-044022,ASYS,720500,20190930,True,unknown,missing_period_unit_scope_or_source
0000833444-19-000051,JCI,833444,20190930,True,unknown,missing_period_unit_scope_or_source
0000807882-19-000023,JACK,807882,20190930,True,unknown,missing_period_unit_scope_or_source
0000050725-19-000077,GFF,50725,20190930,False,unknown,missing_or_conflicting_required_fact
0001564590-19-044161,GEOS,1001115,20190930,True,unknown,missing_period_unit_scope_or_source
0001564590-19-044207,CBT,16040,20190930,True,unknown,missing_period_unit_scope_or_source
0001644378-19-000036,RMR,1644378,20190930,True,unknown,missing_period_unit_scope_or_source
0000063296-19-000119,MATW,63296,20190930,True,unknown,missing_period_unit_scope_or_source
0000356309-19-000133,NJR,356309,20190930,True,unknown,missing_period_unit_scope_or_source
0001728688-19-000108,IIIV,1728688,20190930,True,unknown,missing_period_unit_scope_or_source
0001674910-19-000209,VVV,1674910,20190930,True,unknown,missing_period_unit_scope_or_source
0000052988-19-000069,J,52988,20190930,True,unknown,missing_period_unit_scope_or_source
0000882184-19-000147,DHI,882184,20190930,True,unknown,missing_period_unit_scope_or_source
0000108312-19-000017,WWD,108312,20190930,True,unknown,missing_period_unit_scope_or_source
0001314727-19-000038,SONO,1314727,20190930,True,unknown,missing_period_unit_scope_or_source
0001493594-19-000064,MTSI,1493594,20190930,True,unknown,missing_period_unit_scope_or_source
0001564590-19-044464,SR,1126956,20190930,True,unknown,missing_period_unit_scope_or_source
0000002969-19-000051,APD,2969,20190930,False,unknown,missing_or_conflicting_required_fact
0001032220-19-000105,MMS,1032220,20190930,True,unknown,missing_period_unit_scope_or_source
0001584509-19-000237,ARMK,1584509,20190930,True,unknown,missing_period_unit_scope_or_source
0000884614-19-000059,UGI,884614,20190930,True,unknown,missing_period_unit_scope_or_source
0000006281-19-000144,ADI,6281,20191031,True,unknown,missing_period_unit_scope_or_source
0000887733-19-000016,CENT,887733,20190930,True,unknown,missing_period_unit_scope_or_source
0001319161-19-000010,WMG,1319161,20190930,True,unknown,missing_period_unit_scope_or_source
0001546380-19-000034,SMG,825542,20190930,True,unknown,missing_period_unit_scope_or_source
0001564590-19-044639,SPH,1005210,20190930,True,unknown,missing_period_unit_scope_or_source
0000854775-19-000022,DGII,854775,20190930,True,unknown,missing_period_unit_scope_or_source
0000010795-19-000044,BDX,10795,20190930,True,unknown,missing_period_unit_scope_or_source
0000831641-19-000193,TTEK,831641,20190930,False,unknown,missing_or_conflicting_required_fact
0001104659-19-068679,ESE,866706,20190930,True,unknown,missing_period_unit_scope_or_source
0001069533-19-000048,RGCO,1069533,20190930,True,unknown,missing_period_unit_scope_or_source
0000080420-19-000039,POWL,80420,20190930,True,unknown,missing_period_unit_scope_or_source
0000876523-19-000069,EZPW,876523,20190930,True,unknown,missing_period_unit_scope_or_source
0001437749-19-023923,NGVC,1547459,20190930,True,unknown,missing_period_unit_scope_or_source
0000003545-19-000143,ALCO,3545,20190930,True,unknown,missing_period_unit_scope_or_source
0001564590-19-045389,SGU,1002590,20190930,True,unknown,missing_period_unit_scope_or_source
0001048268-19-000007,IESC,1048268,20190930,True,unknown,missing_period_unit_scope_or_source
0000048465-19-000057,HRL,48465,20191031,True,unknown,missing_period_unit_scope_or_source
0001140361-19-022062,JOUT,788329,20190930,True,unknown,missing_period_unit_scope_or_source
0000807863-19-000080,MITK,807863,20190930,True,unknown,missing_period_unit_scope_or_source
0001437749-19-024099,GNSS,924383,20190930,True,unknown,missing_period_unit_scope_or_source
0000356037-19-000049,CSPI,356037,20190930,True,unknown,missing_period_unit_scope_or_source
0001193125-19-310985,GENC,64472,20190930,True,unknown,missing_period_unit_scope_or_source
0001628280-19-014978,DLHC,785557,20190930,False,unknown,missing_or_conflicting_required_fact
0001437749-19-024290,DJCO,783412,20190930,True,unknown,missing_period_unit_scope_or_source
0001423221-19-000018,NX,1423221,20191031,True,unknown,missing_period_unit_scope_or_source
0000047217-19-000071,HPQ,47217,20191031,True,unknown,missing_period_unit_scope_or_source
0001645590-19-000044,HPE,1645590,20191031,True,unknown,missing_period_unit_scope_or_source
0001193125-19-313115,TWST,1581280,20190930,True,unknown,missing_period_unit_scope_or_source
0001718227-19-000098,ROAD,1718227,20190930,True,unknown,missing_period_unit_scope_or_source
0001564590-19-045927,NDSN,72331,20191031,True,unknown,missing_period_unit_scope_or_source
0000006951-19-000046,AMAT,6951,20191031,True,unknown,missing_period_unit_scope_or_source
0001437749-19-024425,LEE,58361,20190930,True,unknown,missing_period_unit_scope_or_source
0001493152-19-019283,OPXS,1397016,20190930,True,unknown,missing_period_unit_scope_or_source
0001731122-19-000784,AVXL,1314052,20190930,True,unknown,missing_period_unit_scope_or_source
0001564590-19-046104,RJET,810332,20190930,True,unknown,missing_period_unit_scope_or_source
0000043920-19-000063,GEF,43920,20191031,True,unknown,missing_period_unit_scope_or_source
0001601046-19-000110,KEYS,1601046,20191031,False,unknown,missing_or_conflicting_required_fact
0001558370-19-011614,DE,315189,20191031,True,unknown,missing_period_unit_scope_or_source
0000046619-19-000095,HEI,46619,20191031,True,unknown,missing_period_unit_scope_or_source
0001090872-19-000022,A,1090872,20191031,False,unknown,missing_or_conflicting_required_fact
0001437749-19-024673,HOV,357294,20191031,False,unknown,missing_or_conflicting_required_fact
0001375365-19-000079,SMCI,1375365,20190630,True,unknown,missing_period_unit_scope_or_source
0000711404-19-000051,COO,711404,20191031,True,unknown,missing_period_unit_scope_or_source
0001104659-19-074753,ESOA,1357971,20190930,False,unknown,missing_or_conflicting_required_fact
0000936395-19-000056,CIEN,936395,20191031,True,unknown,missing_period_unit_scope_or_source
0000737758-19-000028,TTC,737758,20191031,False,unknown,missing_or_conflicting_required_fact
0001628280-19-015259,ABM,771497,20191031,True,unknown,missing_period_unit_scope_or_source
0001104659-19-074978,RFIL,740664,20191031,False,unknown,missing_or_conflicting_required_fact
0001730168-19-000144,AVGO,1730168,20191031,False,unknown,missing_or_conflicting_required_fact
0001174947-19-001315,BDL,12040,20190930,True,unknown,missing_period_unit_scope_or_source
0000883241-19-000019,SNPS,883241,20191031,True,unknown,missing_period_unit_scope_or_source
0001681622-19-000083,VREX,1681622,20190930,True,unknown,missing_period_unit_scope_or_source
0001104659-19-075583,IA,836690,20190930,False,unknown,missing_or_conflicting_required_fact
0000794170-19-000067,TOL,794170,20191031,False,unknown,missing_or_conflicting_required_fact
0001078782-19-000954,ABAT,1576873,20190930,True,unknown,missing_period_unit_scope_or_source
0001628280-19-015322,PSIX,1137091,20181231,True,unknown,missing_period_unit_scope_or_source
0001104659-20-000756,HURC,315374,20191031,True,unknown,missing_period_unit_scope_or_source
0001342423-20-000006,LMNR,1342423,20191031,True,unknown,missing_period_unit_scope_or_source
0001437749-20-000638,BBCP,1703956,20191031,True,unknown,missing_period_unit_scope_or_source
0000796343-20-000013,ADBE,796343,20191130,True,unknown,missing_period_unit_scope_or_source
0001564590-20-001578,SLB,87347,20191231,True,unknown,missing_period_unit_scope_or_source
0001437749-20-001052,BSET,10329,20191130,True,unknown,missing_period_unit_scope_or_source
0000050863-20-000011,INTC,50863,20191231,True,unknown,missing_period_unit_scope_or_source
0001437749-20-001155,FUL,39368,20191130,True,unknown,missing_period_unit_scope_or_source
0001493152-20-001049,BRID,14177,20191031,True,unknown,missing_period_unit_scope_or_source
0000795266-20-000007,KBH,795266,20191130,True,unknown,missing_period_unit_scope_or_source
0001437749-20-001224,OCC,1000230,20191031,True,unknown,missing_period_unit_scope_or_source
0001628280-20-000559,LEN,920760,20191130,True,unknown,missing_period_unit_scope_or_source
0001493152-20-001193,CODA,1334325,20191031,True,unknown,missing_period_unit_scope_or_source
0000815097-20-000003,CCL,815097,20191130,False,unknown,missing_or_conflicting_required_fact
0000063754-20-000022,MKC,63754,20191130,True,unknown,missing_period_unit_scope_or_source
0001104659-20-007928,SLAB,1038074,20191231,False,unknown,missing_or_conflicting_required_fact
0001065280-20-000040,NFLX,1065280,20191231,True,unknown,missing_period_unit_scope_or_source
0001067701-20-000008,URI,1067701,20191231,True,unknown,missing_period_unit_scope_or_source
0001326801-20-000013,META,1326801,20191231,True,unknown,missing_period_unit_scope_or_source
0001133421-20-000006,NOC,1133421,20191231,True,unknown,missing_period_unit_scope_or_source
0001193125-20-019075,UTL,755001,20191231,True,unknown,missing_period_unit_scope_or_source
0000822416-20-000007,PHM,822416,20191231,True,unknown,missing_period_unit_scope_or_source
0000094845-20-000008,LEVI,94845,20191130,True,unknown,missing_period_unit_scope_or_source
0001166691-20-000008,CCZ,1166691,20191231,True,unknown,missing_period_unit_scope_or_source
0001018724-20-000004,AMZN,1018724,20191231,True,unknown,missing_period_unit_scope_or_source
0001091667-20-000024,CHTR,1091667,20191231,True,unknown,missing_period_unit_scope_or_source
0000012927-20-000014,BA,12927,20191231,True,unknown,missing_period_unit_scope_or_source
0001065088-20-000006,EBAY,1065088,20191231,True,unknown,missing_period_unit_scope_or_source
0000840489-20-000020,FCFS,840489,20191231,True,unknown,missing_period_unit_scope_or_source
0000092380-20-000024,LUV,92380,20191231,True,unknown,missing_period_unit_scope_or_source
0001652044-20-000008,GOOG,1652044,20191231,True,unknown,missing_period_unit_scope_or_source
0000842162-20-000006,LEA,842162,20191231,True,unknown,missing_period_unit_scope_or_source
0000908937-20-000011,SIRI,908937,20191231,True,unknown,missing_period_unit_scope_or_source
0000002488-20-000008,AMD,2488,20191231,True,unknown,missing_period_unit_scope_or_source
0001564590-20-003323,SNAP,1564408,20191231,True,unknown,missing_period_unit_scope_or_source
0001058090-20-000010,CMG,1058090,20191231,True,unknown,missing_period_unit_scope_or_source
0000037996-20-000010,F,37996,20191231,False,unknown,missing_or_conflicting_required_fact
0000936340-20-000127,DTB,936340,20191231,True,unknown,missing_period_unit_scope_or_source
0001467858-20-000028,GM,1467858,20191231,True,unknown,missing_period_unit_scope_or_source
0001288469-20-000013,MXL,1288469,20191231,True,unknown,missing_period_unit_scope_or_source
0001125376-20-000018,ENSG,1125376,20191231,True,unknown,missing_period_unit_scope_or_source
0001437749-20-001842,ULBI,875657,20191231,True,unknown,missing_period_unit_scope_or_source
0000811156-20-000004,CMS,811156,20191231,True,unknown,missing_period_unit_scope_or_source
0000310764-20-000014,SYK,310764,20191231,True,unknown,missing_period_unit_scope_or_source
0000702165-20-000011,NSC,702165,20191231,True,unknown,missing_period_unit_scope_or_source
0000815556-20-000011,FAST,815556,20191231,True,unknown,missing_period_unit_scope_or_source
0001558370-20-000576,CNXN,1050377,20191231,True,unknown,missing_period_unit_scope_or_source
0001283699-20-000026,TMUS,1283699,20191231,True,unknown,missing_period_unit_scope_or_source
0001558370-20-000581,MMM,66740,20191231,True,unknown,missing_period_unit_scope_or_source
0001393883-20-000011,DHX,1393883,20191231,True,unknown,missing_period_unit_scope_or_source
0001306830-20-000018,CE,1306830,20191231,True,unknown,missing_period_unit_scope_or_source
0001633917-20-000028,PYPL,1633917,20191231,True,unknown,missing_period_unit_scope_or_source
0000875045-20-000005,BIIB,875045,20191231,True,unknown,missing_period_unit_scope_or_source
0001506293-20-000013,PINS,1506293,20191231,True,unknown,missing_period_unit_scope_or_source
0001564590-20-003773,NBIX,914475,20191231,True,unknown,missing_period_unit_scope_or_source
0000833640-20-000044,POWI,833640,20191231,True,unknown,missing_period_unit_scope_or_source
0001413329-20-000007,PM,1413329,20191231,True,unknown,missing_period_unit_scope_or_source
0001532176-20-000008,REGN,872589,20191231,True,unknown,missing_period_unit_scope_or_source
0001751788-20-000007,DOW,1751788,20191231,False,unknown,missing_or_conflicting_required_fact
0001101302-20-000013,ENTG,1101302,20191231,True,unknown,missing_period_unit_scope_or_source
0001103982-20-000003,MDLZ,1103982,20191231,True,unknown,missing_period_unit_scope_or_source
0000936468-20-000016,LMT,936468,20191231,True,unknown,missing_period_unit_scope_or_source
0000100885-20-000065,UNP,100885,20191231,True,unknown,missing_period_unit_scope_or_source
0001037646-20-000005,MTD,1037646,20191231,True,unknown,missing_period_unit_scope_or_source
0001300514-20-000011,LVS,1300514,20191231,True,unknown,missing_period_unit_scope_or_source
0001035267-20-000032,ISRG,1035267,20191231,True,unknown,missing_period_unit_scope_or_source
0001564590-20-003915,MANH,1056696,20191231,True,unknown,missing_period_unit_scope_or_source
0001437749-20-002109,HL,719413,20191231,True,unknown,missing_period_unit_scope_or_source
0001031296-20-000008,FE,1031296,20191231,True,unknown,missing_period_unit_scope_or_source
0000040533-20-000015,GD,40533,20191231,True,unknown,missing_period_unit_scope_or_source
0000790051-20-000071,CSL,790051,20191231,True,unknown,missing_period_unit_scope_or_source
0001166003-20-000028,XPO,1166003,20191231,True,unknown,missing_period_unit_scope_or_source
0000064040-20-000055,SPGI,64040,20191231,True,unknown,missing_period_unit_scope_or_source
0001408075-20-000009,GPK,1408075,20191231,True,unknown,missing_period_unit_scope_or_source
0001110803-20-000018,ILMN,1110803,20191231,True,unknown,missing_period_unit_scope_or_source
0001477294-20-000009,ST,1477294,20191231,True,unknown,missing_period_unit_scope_or_source
0001585689-20-000013,HLT,1585689,20191231,True,unknown,missing_period_unit_scope_or_source
0000106640-20-000017,WHR,106640,20191231,True,unknown,missing_period_unit_scope_or_source
0000026172-20-000009,CMI,26172,20191231,False,unknown,missing_or_conflicting_required_fact
0000062996-20-000006,MAS,62996,20191231,True,unknown,missing_period_unit_scope_or_source
0001109357-20-000053,EXC,1109357,20191231,False,unknown,missing_or_conflicting_required_fact
0000913142-20-000008,BDC,913142,20191231,True,unknown,missing_period_unit_scope_or_source
0000029989-20-000005,OMC,29989,20191231,True,unknown,missing_period_unit_scope_or_source
0000045012-20-000031,HAL,45012,20191231,True,unknown,missing_period_unit_scope_or_source
0001100682-20-000005,CRL,1100682,20191231,False,unknown,missing_or_conflicting_required_fact
0001564590-20-004248,DIOD,29002,20191231,True,unknown,missing_period_unit_scope_or_source
0001000753-20-000013,NSP,1000753,20191231,True,unknown,missing_period_unit_scope_or_source
0001506307-20-000022,KMI,1506307,20191231,True,unknown,missing_period_unit_scope_or_source
0000024545-20-000005,TAP,24545,20191231,True,unknown,missing_period_unit_scope_or_source
0000766421-20-000013,ALK,766421,20191231,True,unknown,missing_period_unit_scope_or_source
0001564590-20-004355,CRSP,1674416,20191231,True,unknown,missing_period_unit_scope_or_source
0000277948-20-000008,CSX,277948,20191231,True,unknown,missing_period_unit_scope_or_source
0001013857-20-000007,PEGA,1013857,20191231,True,unknown,missing_period_unit_scope_or_source
0001558370-20-000723,AM,1623925,20191231,False,unknown,missing_or_conflicting_required_fact
0001558370-20-000726,AR,1433270,20191231,False,unknown,missing_or_conflicting_required_fact
0001558370-20-000728,APH,820313,20191231,True,unknown,missing_period_unit_scope_or_source
0001564590-20-004381,HUBS,1404655,20191231,True,unknown,missing_period_unit_scope_or_source
0000318154-20-000017,AMGN,318154,20191231,True,unknown,missing_period_unit_scope_or_source
0001140361-20-002997,NUS,1021561,20191231,True,unknown,missing_period_unit_scope_or_source
0000027904-20-000004,DAL,27904,20191231,True,unknown,missing_period_unit_scope_or_source
0000077476-20-000015,PEP,77476,20191231,True,unknown,missing_period_unit_scope_or_source
0001558370-20-000746,WCN,1318220,20191231,True,unknown,missing_period_unit_scope_or_source
0001549346-20-000007,SSTK,1549346,20191231,True,unknown,missing_period_unit_scope_or_source
0001564590-20-004475,TSLA,1318605,20191231,True,unknown,missing_period_unit_scope_or_source
0001775474-20-000003,ARW,7536,20191231,True,unknown,missing_period_unit_scope_or_source
0001564590-20-004489,ALKS,1520262,20191231,True,unknown,missing_period_unit_scope_or_source
0001558370-20-000762,WM,823768,20191231,True,unknown,missing_period_unit_scope_or_source
0000908255-20-000014,BWA,908255,20191231,True,unknown,missing_period_unit_scope_or_source
0001564590-20-004552,NOV,1021860,20191231,True,unknown,missing_period_unit_scope_or_source
0001555280-20-000054,ZTS,1555280,20191231,True,unknown,missing_period_unit_scope_or_source
0001104657-20-000013,MTRN,1104657,20191231,True,unknown,missing_period_unit_scope_or_source
0000055135-20-000006,KELYA,55135,20191231,True,unknown,missing_period_unit_scope_or_source
0000877212-20-000006,ZBRA,877212,20191231,True,unknown,missing_period_unit_scope_or_source
0001564590-20-004584,PTEN,889900,20191231,True,unknown,missing_period_unit_scope_or_source
0001558370-20-000774,INCY,879169,20191231,True,unknown,missing_period_unit_scope_or_source
0000851205-20-000002,CGNX,851205,20191231,True,unknown,missing_period_unit_scope_or_source
0001493152-20-002216,RICK,935419,20190930,True,unknown,missing_period_unit_scope_or_source
0001793498-20-000014,LPX,60519,20191231,True,unknown,missing_period_unit_scope_or_source
0001701605-20-000019,BKR,1701605,20191231,True,unknown,missing_period_unit_scope_or_source
0001558370-20-000779,IRWD,1446847,20191231,True,unknown,missing_period_unit_scope_or_source
0000055785-20-000016,KMB,55785,20191231,True,unknown,missing_period_unit_scope_or_source
0001722684-20-000007,WH,1722684,20191231,True,unknown,missing_period_unit_scope_or_source
0001501585-20-000011,HII,1501585,20191231,True,unknown,missing_period_unit_scope_or_source
0000091440-20-000004,SNA,91440,20191231,True,unknown,missing_period_unit_scope_or_source
0001031203-20-000006,GPI,1031203,20191231,True,unknown,missing_period_unit_scope_or_source
0000875320-20-000007,VRTX,875320,20191231,True,unknown,missing_period_unit_scope_or_source
0001665918-20-000012,USFD,1665918,20191231,True,unknown,missing_period_unit_scope_or_source
0000937098-20-000067,TNET,937098,20191231,True,unknown,missing_period_unit_scope_or_source
0001564590-20-004636,PAYC,1590955,20191231,True,unknown,missing_period_unit_scope_or_source
0001093557-20-000029,DXCM,1093557,20191231,True,unknown,missing_period_unit_scope_or_source
0001628280-20-001541,PII,931015,20191231,True,unknown,missing_period_unit_scope_or_source
0000784977-20-000005,POR,784977,20191231,False,unknown,missing_or_conflicting_required_fact
0001596532-20-000024,ANET,1596532,20191231,True,unknown,missing_period_unit_scope_or_source
0000068505-20-000006,MSI,68505,20191231,True,unknown,missing_period_unit_scope_or_source
0001324424-20-000009,EXPE,1324424,20191231,True,unknown,missing_period_unit_scope_or_source
0001564590-20-004679,MSTR,1050446,20191231,True,unknown,missing_period_unit_scope_or_source
0000088205-20-000008,SPXC,88205,20191231,True,unknown,missing_period_unit_scope_or_source
0001060391-20-000016,RSG,1060391,20191231,True,unknown,missing_period_unit_scope_or_source
0000895728-20-000009,ENB,895728,20191231,False,unknown,missing_or_conflicting_required_fact
0000103730-20-000013,VSH,103730,20191231,True,unknown,missing_period_unit_scope_or_source
0001755672-20-000006,CTVA,1755672,20191231,True,unknown,missing_period_unit_scope_or_source
0001628280-20-001557,HUBB,48898,20191231,True,unknown,missing_period_unit_scope_or_source
0000026780-20-000006,DAN,26780,20191231,True,unknown,missing_period_unit_scope_or_source
0001722482-20-000029,AVTR,1722482,20191231,True,unknown,missing_period_unit_scope_or_source
0001058290-20-000008,CTSH,1058290,20191231,True,unknown,missing_period_unit_scope_or_source
0001141391-20-000032,MA,1141391,20191231,False,unknown,missing_or_conflicting_required_fact
0000891014-20-000010,MTX,891014,20191231,True,unknown,missing_period_unit_scope_or_source
0000097216-20-000027,TEX,97216,20191231,False,unknown,missing_or_conflicting_required_fact
0001710366-20-000006,CNR,1710366,20191231,True,unknown,missing_period_unit_scope_or_source
0000049826-20-000020,ITW,49826,20191231,False,unknown,missing_or_conflicting_required_fact
0000098362-20-000045,TKR,98362,20191231,True,unknown,missing_period_unit_scope_or_source
0000753308-20-000021,NEE,753308,20191231,True,unknown,missing_period_unit_scope_or_source
0000315213-20-000029,RHI,315213,20191231,True,unknown,missing_period_unit_scope_or_source
0000831259-20-000004,FCX,831259,20191231,False,unknown,missing_or_conflicting_required_fact
0001130464-20-000006,BKH,1130464,20191231,True,unknown,missing_period_unit_scope_or_source
0001500435-20-000013,GPRO,1500435,20191231,True,unknown,missing_period_unit_scope_or_source
0001564590-20-004805,CARG,1494259,20191231,True,unknown,missing_period_unit_scope_or_source
0001014473-20-000006,VRSN,1014473,20191231,False,unknown,missing_or_conflicting_required_fact
0000922224-20-000005,PPL,922224,20191231,True,unknown,missing_period_unit_scope_or_source
0001099800-20-000005,EW,1099800,20191231,False,unknown,missing_or_conflicting_required_fact
0001176334-20-000023,MMLP,1176334,20191231,True,unknown,missing_period_unit_scope_or_source
0000029905-20-000011,DOV,29905,20191231,False,unknown,missing_or_conflicting_required_fact
0001564590-20-004829,CC,1627223,20191231,True,unknown,missing_period_unit_scope_or_source
0001628280-20-001613,OPTU,1702780,20191231,True,unknown,missing_period_unit_scope_or_source
0000874716-20-000006,IDXX,874716,20191231,True,unknown,missing_period_unit_scope_or_source
0001562762-20-000055,MELI,1099590,20191231,True,unknown,missing_period_unit_scope_or_source
0001637459-20-000027,KHC,1637459,20191231,True,unknown,missing_period_unit_scope_or_source
0000024741-20-000014,GLW,24741,20191231,True,unknown,missing_period_unit_scope_or_source
0000030625-20-000007,FLS,30625,20191231,True,unknown,missing_period_unit_scope_or_source
0000064803-20-000007,CVS,64803,20191231,True,unknown,missing_period_unit_scope_or_source
0001579241-20-000013,ALLE,1579241,20191231,True,unknown,missing_period_unit_scope_or_source
0001552033-20-000014,TRU,1552033,20191231,True,unknown,missing_period_unit_scope_or_source
0001564590-20-004901,IQV,1478242,20191231,True,unknown,missing_period_unit_scope_or_source
0001466258-20-000064,TT,1466258,20191231,True,unknown,missing_period_unit_scope_or_source
0001282637-20-000005,NEU,1282637,20191231,True,unknown,missing_period_unit_scope_or_source
0001564590-20-004956,CHD,313927,20191231,True,unknown,missing_period_unit_scope_or_source
0000042888-20-000015,GGG,42888,20191231,True,unknown,missing_period_unit_scope_or_source
0000833079-20-000026,MTH,833079,20191231,True,unknown,missing_period_unit_scope_or_source
0001193125-20-039954,COP,1163165,20191231,True,unknown,missing_period_unit_scope_or_source
0001564590-20-004992,MSCI,1408198,20191231,True,unknown,missing_period_unit_scope_or_source
0001336920-20-000023,LDOS,1336920,20191231,True,unknown,missing_period_unit_scope_or_source
0000014930-20-000027,BC,14930,20191231,True,unknown,missing_period_unit_scope_or_source
0000007084-20-000009,ADM,7084,20191231,True,unknown,missing_period_unit_scope_or_source
0001558370-20-000911,SKYW,793733,20191231,False,unknown,missing_or_conflicting_required_fact
0001564590-20-005037,HXL,717605,20191231,False,unknown,missing_or_conflicting_required_fact
0001490281-20-000021,GRPN,1490281,20191231,True,unknown,missing_period_unit_scope_or_source
0001522727-20-000005,USAC,1522727,20191231,True,unknown,missing_period_unit_scope_or_source
0000200406-20-000010,JNJ,200406,20191231,True,unknown,missing_period_unit_scope_or_source
0001158449-20-000035,AAP,1158449,20191231,True,unknown,missing_period_unit_scope_or_source
0001410636-20-000040,AWK,1410636,20191231,True,unknown,missing_period_unit_scope_or_source
0001573516-20-000007,MUSA,1573516,20191231,True,unknown,missing_period_unit_scope_or_source
0001442145-20-000012,VRSK,1442145,20191231,True,unknown,missing_period_unit_scope_or_source
0001603145-20-000006,XIFR,1603145,20191231,True,unknown,missing_period_unit_scope_or_source
0000350698-20-000042,AN,350698,20191231,True,unknown,missing_period_unit_scope_or_source
0001564590-20-005056,NTGR,1122904,20191231,True,unknown,missing_period_unit_scope_or_source
0001451505-20-000020,RIG,1451505,20191231,True,unknown,missing_period_unit_scope_or_source
0001069202-20-000004,LII,1069202,20191231,True,unknown,missing_period_unit_scope_or_source
0000089089-20-000010,SCI,89089,20191231,True,unknown,missing_period_unit_scope_or_source
0001122976-20-000015,AVNT,1122976,20191231,True,unknown,missing_period_unit_scope_or_source
0001697500-20-000006,SEI,1697500,20191231,True,unknown,missing_period_unit_scope_or_source
0001370946-20-000015,OC,1370946,20191231,True,unknown,missing_period_unit_scope_or_source
0001564590-20-005133,GRMN,1121788,20191231,True,unknown,missing_period_unit_scope_or_source
0000006201-20-000023,AAL,6201,20191231,True,unknown,missing_period_unit_scope_or_source
0001193125-20-041516,IOSP,1054905,20191231,False,unknown,missing_or_conflicting_required_fact
0001564590-20-005159,DNOW,1599617,20191231,True,unknown,missing_period_unit_scope_or_source
0001564590-20-005182,DVN,1090012,20191231,False,unknown,missing_or_conflicting_required_fact
0001558370-20-000962,SHO,1295810,20191231,False,unknown,missing_or_conflicting_required_fact
0000059478-20-000057,LLY,59478,20191231,True,unknown,missing_period_unit_scope_or_source
0001692063-20-000032,SNDR,1692063,20191231,True,unknown,missing_period_unit_scope_or_source
0000793952-20-000008,HOG,793952,20191231,True,unknown,missing_period_unit_scope_or_source
0001262823-20-000007,WLK,1262823,20191231,True,unknown,missing_period_unit_scope_or_source
0000018230-20-000056,CAT,18230,20191231,False,unknown,missing_or_conflicting_required_fact
0001193125-20-041751,ON,1097864,20191231,True,unknown,missing_period_unit_scope_or_source
0000051434-20-000011,IP,51434,20191231,True,unknown,missing_period_unit_scope_or_source
0001047127-20-000006,AMKR,1047127,20191231,True,unknown,missing_period_unit_scope_or_source
0001558370-20-000978,INGR,1046257,20191231,True,unknown,missing_period_unit_scope_or_source
0000906163-20-000026,NVR,906163,20191231,True,unknown,missing_period_unit_scope_or_source
0001043277-20-000016,CHRW,1043277,20191231,True,unknown,missing_period_unit_scope_or_source
0001564590-20-005269,TRIP,1526520,20191231,True,unknown,missing_period_unit_scope_or_source
0001564590-20-005276,PCAR,75362,20191231,True,unknown,missing_period_unit_scope_or_source
0001564590-20-005289,PRDO,1046568,20191231,True,unknown,missing_period_unit_scope_or_source
0001712184-20-000027,LILAK,1712184,20191231,True,unknown,missing_period_unit_scope_or_source
0001332349-20-000045,BKD,1332349,20191231,True,unknown,missing_period_unit_scope_or_source
0001617640-20-000015,Z,1617640,20191231,True,unknown,missing_period_unit_scope_or_source
0001616862-20-000012,AXTA,1616862,20191231,True,unknown,missing_period_unit_scope_or_source
0001691303-20-000014,HCC,1691303,20191231,True,unknown,missing_period_unit_scope_or_source
0000215466-20-000032,CDE,215466,20191231,True,unknown,missing_period_unit_scope_or_source
0000749251-20-000008,IT,749251,20191231,True,unknown,missing_period_unit_scope_or_source
0000860731-20-000008,TYL,860731,20191231,True,unknown,missing_period_unit_scope_or_source
0001564590-20-005319,IMAX,921582,20191231,True,unknown,missing_period_unit_scope_or_source
0000040211-20-000017,GATX,40211,20191231,True,unknown,missing_period_unit_scope_or_source
0001558370-20-001005,BALL,9389,20191231,False,unknown,missing_or_conflicting_required_fact
0001636222-20-000036,WING,1636222,20191231,True,unknown,missing_period_unit_scope_or_source
0000092122-20-000017,SO,92122,20191231,False,unknown,missing_or_conflicting_required_fact
0001174947-20-000190,RGR,95029,20191231,True,unknown,missing_period_unit_scope_or_source
0001558370-20-001013,LOPE,1434588,20191231,True,unknown,missing_period_unit_scope_or_source
0001562762-20-000064,T,732717,20191231,True,unknown,missing_period_unit_scope_or_source
0001193125-20-042622,MD,893949,20191231,True,unknown,missing_period_unit_scope_or_source
0001558370-20-001041,NEM,1164727,20191231,True,unknown,missing_period_unit_scope_or_source
0001111335-20-000003,VC,1111335,20191231,True,unknown,missing_period_unit_scope_or_source
0001041061-20-000015,YUM,1041061,20191231,True,unknown,missing_period_unit_scope_or_source
0001193125-20-042675,DPZ,1286681,20191231,True,unknown,missing_period_unit_scope_or_source
0001373715-20-000072,NOW,1373715,20191231,True,unknown,missing_period_unit_scope_or_source
0000277135-20-000007,GWW,277135,20191231,True,unknown,missing_period_unit_scope_or_source
0001415404-20-000005,ECHO,1415404,20191231,True,unknown,missing_period_unit_scope_or_source
0001057877-20-000040,IDA,1057877,20191231,True,unknown,missing_period_unit_scope_or_source
0001437749-20-003101,SGC,95574,20191231,True,unknown,missing_period_unit_scope_or_source
0001280058-20-000011,BLKB,1280058,20191231,True,unknown,missing_period_unit_scope_or_source
0000004904-20-000007,AEP,4904,20191231,False,unknown,missing_or_conflicting_required_fact
0000078814-20-000009,PBI,78814,20191231,True,unknown,missing_period_unit_scope_or_source
0000764065-20-000041,CLF,764065,20191231,True,unknown,missing_period_unit_scope_or_source
0000079879-20-000008,PPG,79879,20191231,True,unknown,missing_period_unit_scope_or_source
0000097476-20-000009,TXN,97476,20191231,True,unknown,missing_period_unit_scope_or_source
0000016875-20-000007,CP,16875,20191231,False,unknown,missing_or_conflicting_required_fact
0001193125-20-043133,AME,1037868,20191231,True,unknown,missing_period_unit_scope_or_source
0001558370-20-001062,WTS,795403,20191231,True,unknown,missing_period_unit_scope_or_source
0001564590-20-005507,THRM,903129,20191231,False,unknown,missing_or_conflicting_required_fact
0001326160-20-000034,DUK,1326160,20191231,True,unknown,missing_period_unit_scope_or_source
0001587732-20-000017,OGS,1587732,20191231,True,unknown,missing_period_unit_scope_or_source
0001309402-20-000006,GPRE,1309402,20191231,True,unknown,missing_period_unit_scope_or_source
0001000228-20-000018,HSIC,1000228,20191231,True,unknown,missing_period_unit_scope_or_source
0001468174-20-000015,H,1468174,20191231,True,unknown,missing_period_unit_scope_or_source
0000047111-20-000007,HSY,47111,20191231,True,unknown,missing_period_unit_scope_or_source
0001558370-20-001079,METC,1687187,20191231,True,unknown,missing_period_unit_scope_or_source
0001564590-20-005552,SFM,1575515,20191231,True,unknown,missing_period_unit_scope_or_source
0001437749-20-003157,OTTR,1466593,20191231,True,unknown,missing_period_unit_scope_or_source
0001078782-20-000134,VNRX,93314,20191231,True,unknown,missing_period_unit_scope_or_source
0001425292-20-000006,UAN,1425292,20191231,True,unknown,missing_period_unit_scope_or_source
0001193125-20-043524,HCA,860730,20191231,True,unknown,missing_period_unit_scope_or_source
0001376139-20-000015,CVI,1376139,20191231,True,unknown,missing_period_unit_scope_or_source
0001558370-20-001086,FND,1507079,20191231,True,unknown,missing_period_unit_scope_or_source
0001445305-20-000037,WK,1445305,20191231,True,unknown,missing_period_unit_scope_or_source
0000033185-20-000011,EFX,33185,20191231,True,unknown,missing_period_unit_scope_or_source
0001628280-20-001898,DCO,30305,20191231,True,unknown,missing_period_unit_scope_or_source
0001441683-20-000020,APPN,1441683,20191231,True,unknown,missing_period_unit_scope_or_source
0001489393-20-000009,LYB,1489393,20191231,True,unknown,missing_period_unit_scope_or_source
0001558370-20-001090,WU,1365135,20191231,True,unknown,missing_period_unit_scope_or_source
0000916365-20-000050,TSCO,916365,20191231,True,unknown,missing_period_unit_scope_or_source
0001045810-20-000010,NVDA,1045810,20200131,True,unknown,missing_period_unit_scope_or_source
0001514705-20-000003,SXC,1514705,20191231,True,unknown,missing_period_unit_scope_or_source
0001022079-20-000017,DGX,1022079,20191231,True,unknown,missing_period_unit_scope_or_source
0001609804-20-000086,OEC,1609804,20191231,True,unknown,missing_period_unit_scope_or_source
0001140361-20-003721,SMP,93389,20191231,True,unknown,missing_period_unit_scope_or_source
0001534504-20-000030,PBF,1534504,20191231,True,unknown,missing_period_unit_scope_or_source
0001090727-20-000005,UPS,1090727,20191231,True,unknown,missing_period_unit_scope_or_source
0001047862-20-000041,ED,1047862,20191231,True,unknown,missing_period_unit_scope_or_source
0001136893-20-000032,FIS,1136893,20191231,True,unknown,missing_period_unit_scope_or_source
0000066570-20-000005,MSA,66570,20191231,True,unknown,missing_period_unit_scope_or_source
0001618034-20-000003,MOS,1285785,20191231,True,unknown,missing_period_unit_scope_or_source
0001237831-20-000010,GMED,1237831,20191231,True,unknown,missing_period_unit_scope_or_source
0001609711-20-000022,GDDY,1609711,20191231,True,unknown,missing_period_unit_scope_or_source
0000084748-20-000009,ROG,84748,20191231,True,unknown,missing_period_unit_scope_or_source
0001628280-20-001914,NVST,1757073,20191231,True,unknown,missing_period_unit_scope_or_source
0001274494-20-000011,FSLR,1274494,20191231,True,unknown,missing_period_unit_scope_or_source
0001104659-20-023597,ESCA,33488,20191231,True,unknown,missing_period_unit_scope_or_source
0001564590-20-005646,CNK,1385280,20191231,True,unknown,missing_period_unit_scope_or_source
0001514416-20-000027,BAND,1514416,20191231,True,unknown,missing_period_unit_scope_or_source
0000802481-20-000009,PPC,802481,20191231,True,unknown,missing_period_unit_scope_or_source
0000764622-20-000017,PNW,764622,20191231,False,unknown,missing_or_conflicting_required_fact
0001564590-20-005657,ZBH,1136869,20191231,True,unknown,missing_period_unit_scope_or_source
0001193125-20-044221,TEVA,818686,20191231,True,unknown,missing_period_unit_scope_or_source
0001564590-20-005667,ALV,1034670,20191231,True,unknown,missing_period_unit_scope_or_source
0001551152-20-000007,ABBV,1551152,20191231,True,unknown,missing_period_unit_scope_or_source
0001140361-20-003752,SXT,310142,20191231,True,unknown,missing_period_unit_scope_or_source
0000732712-20-000014,VZ,732712,20191231,False,unknown,missing_or_conflicting_required_fact
0000093410-20-000010,CVX,93410,20191231,True,unknown,missing_period_unit_scope_or_source
0000096943-20-000017,TFX,96943,20191231,False,unknown,missing_or_conflicting_required_fact
0000065984-20-000069,ETR,65984,20191231,True,unknown,missing_period_unit_scope_or_source
0000889331-20-000014,LFUS,889331,20191231,False,unknown,missing_or_conflicting_required_fact
0001389050-20-000028,AROC,1389050,20191231,True,unknown,missing_period_unit_scope_or_source
0000040987-20-000010,GPC,40987,20191231,True,unknown,missing_period_unit_scope_or_source
0000093556-20-000006,SWK,93556,20191231,True,unknown,missing_period_unit_scope_or_source
0000071829-20-000009,NPKI,71829,20191231,True,unknown,missing_period_unit_scope_or_source
0001552275-20-000007,SUN,1552275,20191231,False,unknown,missing_or_conflicting_required_fact
0001276187-20-000011,ET,1276187,20191231,False,unknown,missing_or_conflicting_required_fact
0000216228-20-000005,ITT,216228,20191231,False,unknown,missing_or_conflicting_required_fact
0000352541-20-000021,LNT,352541,20191231,True,unknown,missing_period_unit_scope_or_source
0001564590-20-005707,BMI,9092,20191231,True,unknown,missing_period_unit_scope_or_source
0000832101-20-000007,IEX,832101,20191231,True,unknown,missing_period_unit_scope_or_source
0001718512-20-000013,GTES,1718512,20191231,True,unknown,missing_period_unit_scope_or_source
0001564590-20-005717,BLDR,1316835,20191231,True,unknown,missing_period_unit_scope_or_source
0001618756-20-000004,QSR,1618756,20191231,False,unknown,missing_or_conflicting_required_fact
0001564590-20-005719,EXPD,746515,20191231,True,unknown,missing_period_unit_scope_or_source
0000089800-20-000005,SHW,89800,20191231,True,unknown,missing_period_unit_scope_or_source
0001534701-20-000070,PSX,1534701,20191231,True,unknown,missing_period_unit_scope_or_source
0000072903-20-000011,XEL,72903,20191231,True,unknown,missing_period_unit_scope_or_source
0000027996-20-000022,DLX,27996,20191231,True,unknown,missing_period_unit_scope_or_source
0001564590-20-005741,NSIT,932696,20191231,True,unknown,missing_period_unit_scope_or_source
0000927066-20-000014,DVA,927066,20191231,True,unknown,missing_period_unit_scope_or_source
0000930420-20-000033,KFRC,930420,20191231,True,unknown,missing_period_unit_scope_or_source
0001193125-20-044746,MX,1325702,20191231,True,unknown,missing_period_unit_scope_or_source
0001564590-20-005754,HESM,1789832,20191231,True,unknown,missing_period_unit_scope_or_source
0001123360-20-000009,GPN,1123360,20191231,True,unknown,missing_period_unit_scope_or_source
0001564590-20-005756,CERS,1020214,20191231,True,unknown,missing_period_unit_scope_or_source
0001193125-20-044766,LSTR,853816,20191231,True,unknown,missing_period_unit_scope_or_source
0001104659-20-023904,ABT,1800,20191231,True,unknown,missing_period_unit_scope_or_source
0001564590-20-005762,MAN,871763,20191231,False,unknown,missing_or_conflicting_required_fact
0001653653-20-000005,RRR,1653653,20191231,True,unknown,missing_period_unit_scope_or_source
0001467623-20-000011,DBX,1467623,20191231,True,unknown,missing_period_unit_scope_or_source
0001673985-20-000009,ASIX,1673985,20191231,True,unknown,missing_period_unit_scope_or_source
0001023128-20-000018,LAD,1023128,20191231,True,unknown,missing_period_unit_scope_or_source
0001628280-20-001963,QLYS,1107843,20191231,True,unknown,missing_period_unit_scope_or_source
0001628280-20-001968,BCPC,9326,20191231,True,unknown,missing_period_unit_scope_or_source
0001558370-20-001163,PAG,1019849,20191231,False,unknown,missing_or_conflicting_required_fact
0001406666-20-000018,CALX,1406666,20191231,False,unknown,missing_or_conflicting_required_fact
0000021665-20-000004,CL,21665,20191231,True,unknown,missing_period_unit_scope_or_source
0001039399-20-000011,FORM,1039399,20191231,True,unknown,missing_period_unit_scope_or_source
0001564590-20-005784,MLM,916076,20191231,True,unknown,missing_period_unit_scope_or_source
0000911177-20-000010,CWST,911177,20191231,True,unknown,missing_period_unit_scope_or_source
0001043509-20-000006,SAH,1043509,20191231,True,unknown,missing_period_unit_scope_or_source
0001558370-20-001167,VECO,103145,20191231,False,unknown,missing_or_conflicting_required_fact
0001463101-20-000021,ENPH,1463101,20191231,True,unknown,missing_period_unit_scope_or_source
0001420800-20-000005,ENOV,1420800,20191231,True,unknown,missing_period_unit_scope_or_source
0001206264-20-000079,SGI,1206264,20191231,False,unknown,missing_or_conflicting_required_fact
0001059556-20-000005,MCO,1059556,20191231,True,unknown,missing_period_unit_scope_or_source
0000105770-20-000015,WST,105770,20191231,False,unknown,missing_or_conflicting_required_fact
0001094285-20-000045,TDY,1094285,20191231,True,unknown,missing_period_unit_scope_or_source
0001140361-20-003820,KEX,56047,20191231,True,unknown,missing_period_unit_scope_or_source
0001193805-20-000256,BH,1726173,20191231,False,unknown,missing_or_conflicting_required_fact
0000034067-20-000009,BOOM,34067,20191231,True,unknown,missing_period_unit_scope_or_source
0000049754-20-000007,DIN,49754,20191231,True,unknown,missing_period_unit_scope_or_source
0000912728-20-000033,FWRD,912728,20191231,True,unknown,missing_period_unit_scope_or_source
0001558370-20-001217,ATR,896622,20191231,False,unknown,missing_or_conflicting_required_fact
0001104659-20-024194,MCS,62234,20191231,True,unknown,missing_period_unit_scope_or_source
0001324404-20-000006,CF,1324404,20191231,False,unknown,missing_or_conflicting_required_fact
0001628280-20-002098,WAB,943452,20191231,True,unknown,missing_period_unit_scope_or_source
0000021344-20-000006,KO,21344,20191231,True,unknown,missing_period_unit_scope_or_source
0000014272-20-000082,BMY,14272,20191231,True,unknown,missing_period_unit_scope_or_source
0001438133-20-000014,TNDM,1438133,20191231,True,unknown,missing_period_unit_scope_or_source
0001159036-20-000013,HALO,1159036,20191231,True,unknown,missing_period_unit_scope_or_source
0001564590-20-006037,OFIX,884624,20191231,True,unknown,missing_period_unit_scope_or_source
0000107263-20-000005,WMB,107263,20191231,True,unknown,missing_period_unit_scope_or_source
0000768899-20-000063,TBI,768899,20191231,True,unknown,missing_period_unit_scope_or_source
0000070318-20-000014,THC,70318,20191231,False,unknown,missing_or_conflicting_required_fact
0000040545-20-000009,GE,40545,20191231,True,unknown,missing_period_unit_scope_or_source
0001558370-20-001238,AXGN,805928,20191231,True,unknown,missing_period_unit_scope_or_source
0001069258-20-000006,KTOS,1069258,20191231,False,unknown,missing_or_conflicting_required_fact
0001486957-20-000006,BWXT,1486957,20191231,True,unknown,missing_period_unit_scope_or_source
0001438533-20-000004,TVTX,1438533,20191231,True,unknown,missing_period_unit_scope_or_source
0001060822-20-000004,CRI,1060822,20191231,True,unknown,missing_period_unit_scope_or_source
0001357615-20-000034,KBR,1357615,20191231,True,unknown,missing_period_unit_scope_or_source
0000855658-20-000025,LSCC,855658,20191231,True,unknown,missing_period_unit_scope_or_source
0001328581-20-000024,BCC,1328581,20191231,False,unknown,missing_or_conflicting_required_fact
0000929008-20-000013,WCC,929008,20191231,True,unknown,missing_period_unit_scope_or_source
0001620533-20-000006,SHAK,1620533,20191231,True,unknown,missing_period_unit_scope_or_source
0001193125-20-046696,TREX,1069878,20191231,True,unknown,missing_period_unit_scope_or_source
0000813672-20-000007,CDNS,813672,20191231,True,unknown,missing_period_unit_scope_or_source
0001674335-20-000033,JELD,1674335,20191231,True,unknown,missing_period_unit_scope_or_source
0001193125-20-046736,AOS,91142,20191231,True,unknown,missing_period_unit_scope_or_source
0000882095-20-000006,GILD,882095,20191231,True,unknown,missing_period_unit_scope_or_source
0001628280-20-002133,CXT,25445,20191231,True,unknown,missing_period_unit_scope_or_source
0000074303-20-000072,OLN,74303,20191231,True,unknown,missing_period_unit_scope_or_source
0000003570-20-000043,LNG,3570,20191231,True,unknown,missing_period_unit_scope_or_source
0001383650-20-000006,CQP,1383650,20191231,True,unknown,missing_period_unit_scope_or_source
0001558370-20-001256,XNCR,1326732,20191231,True,unknown,missing_period_unit_scope_or_source
0000100517-20-000010,UAL,100517,20191231,True,unknown,missing_period_unit_scope_or_source
0001564590-20-006185,FRPT,1611647,20191231,True,unknown,missing_period_unit_scope_or_source
0000811596-20-000010,KALU,811596,20191231,True,unknown,missing_period_unit_scope_or_source
0001418819-20-000004,IRDM,1418819,20191231,True,unknown,missing_period_unit_scope_or_source
0000887936-20-000017,FCN,887936,20191231,True,unknown,missing_period_unit_scope_or_source
0000821130-20-000018,UZD,821130,20191231,False,unknown,missing_or_conflicting_required_fact
0001564590-20-006215,HLIO,1024795,20191231,True,unknown,missing_period_unit_scope_or_source
0001018963-20-000004,ATI,1018963,20191231,True,unknown,missing_period_unit_scope_or_source
0000031791-20-000003,RVTY,31791,20191231,True,unknown,missing_period_unit_scope_or_source
0001562762-20-000071,USNA,896264,20191231,True,unknown,missing_period_unit_scope_or_source
0001564590-20-006357,ONTO,704532,20191231,True,unknown,missing_period_unit_scope_or_source
0001193125-20-048303,WAT,1000697,20191231,False,unknown,missing_or_conflicting_required_fact
0001564590-20-006373,MGRC,752714,20191231,True,unknown,missing_period_unit_scope_or_source
0000879526-20-000021,WNC,879526,20191231,True,unknown,missing_period_unit_scope_or_source
0000038725-20-000053,FELE,38725,20191231,True,unknown,missing_period_unit_scope_or_source
0001564590-20-006380,LXU,60714,20191231,False,unknown,missing_or_conflicting_required_fact
0001564590-20-006382,SAIA,1177702,20191231,True,unknown,missing_period_unit_scope_or_source
0001564590-20-006385,MEDP,1668397,20191231,True,unknown,missing_period_unit_scope_or_source
0001570562-20-000061,EOLS,1570562,20191231,True,unknown,missing_period_unit_scope_or_source
0001039684-20-000012,OKE,1039684,20191231,True,unknown,missing_period_unit_scope_or_source
0001564590-20-006391,KURA,1422143,20191231,True,unknown,missing_period_unit_scope_or_source
0001104659-20-024773,TXT,217346,20191231,True,unknown,missing_period_unit_scope_or_source
0001628280-20-002192,MAT,63276,20191231,True,unknown,missing_period_unit_scope_or_source
0000939767-20-000035,EXEL,939767,20191231,True,unknown,missing_period_unit_scope_or_source
0001657853-20-000007,HTZ,1657853,20191231,True,unknown,missing_period_unit_scope_or_source
0001628280-20-002197,LNTH,1521036,20191231,True,unknown,missing_period_unit_scope_or_source
0001564590-20-006402,INGN,1294133,20191231,True,unknown,missing_period_unit_scope_or_source
0000920371-20-000054,SSD,920371,20191231,True,unknown,missing_period_unit_scope_or_source
0001598428-20-000017,MTUS,1598428,20191231,True,unknown,missing_period_unit_scope_or_source
0001609550-20-000011,INSP,1609550,20191231,True,unknown,missing_period_unit_scope_or_source
0001384101-20-000015,VCYT,1384101,20191231,False,unknown,missing_or_conflicting_required_fact
0000764180-20-000018,MO,764180,20191231,True,unknown,missing_period_unit_scope_or_source
0001558370-20-001327,WTTR,1693256,20191231,True,unknown,missing_period_unit_scope_or_source
0001558370-20-001328,PLOW,1287213,20191231,False,unknown,missing_or_conflicting_required_fact
0000916540-20-000007,DAR,916540,20191231,True,unknown,missing_period_unit_scope_or_source
0001564590-20-006422,DDOG,1561550,20191231,True,unknown,missing_period_unit_scope_or_source
0001720635-20-000009,NVT,1720635,20191231,True,unknown,missing_period_unit_scope_or_source
0001564590-20-006425,ADTN,926282,20191231,True,unknown,missing_period_unit_scope_or_source
0000885725-20-000012,BSX,885725,20191231,False,unknown,missing_or_conflicting_required_fact
0001437749-20-003516,GNRC,1474735,20191231,True,unknown,missing_period_unit_scope_or_source
0001564590-20-006432,COKE,317540,20191231,True,unknown,missing_period_unit_scope_or_source
0001616000-20-000023,XHR,1616000,20191231,True,unknown,missing_period_unit_scope_or_source
0001173514-20-000015,HY,1173514,20191231,True,unknown,missing_period_unit_scope_or_source
0001171759-20-000008,RRGB,1171759,20191231,True,unknown,missing_period_unit_scope_or_source
0001232524-20-000016,JAZZ,1232524,20191231,True,unknown,missing_period_unit_scope_or_source
0000799233-20-000007,HTLD,799233,20191231,True,unknown,missing_period_unit_scope_or_source
0000884887-20-000009,RCL,884887,20191231,True,unknown,missing_period_unit_scope_or_source
0000077360-20-000006,PNR,77360,20191231,True,unknown,missing_period_unit_scope_or_source
0001564590-20-006450,SPSC,1092699,20191231,True,unknown,missing_period_unit_scope_or_source
0001321732-20-000047,PEN,1321732,20191231,True,unknown,missing_period_unit_scope_or_source
0001459200-20-000005,ALRM,1459200,20191231,True,unknown,missing_period_unit_scope_or_source
0001564590-20-006477,TTMI,1116942,20191231,True,unknown,missing_period_unit_scope_or_source
0001289848-20-000006,HURN,1289848,20191231,True,unknown,missing_period_unit_scope_or_source
0000104918-20-000036,AVA,104918,20191231,True,unknown,missing_period_unit_scope_or_source
0001145197-20-000004,PODD,1145197,20191231,True,unknown,missing_period_unit_scope_or_source
0001529628-20-000020,SND,1529628,20191231,True,unknown,missing_period_unit_scope_or_source
0001564590-20-006520,CAPL,1538849,20191231,True,unknown,missing_period_unit_scope_or_source
0001262039-20-000011,FTNT,1262039,20191231,True,unknown,missing_period_unit_scope_or_source
0001650729-20-000004,SITE,1650729,20191231,True,unknown,missing_period_unit_scope_or_source
0001104659-20-025009,UTHR,1082554,20191231,False,unknown,missing_or_conflicting_required_fact
0001347178-20-000003,VNDA,1347178,20191231,True,unknown,missing_period_unit_scope_or_source
0001558370-20-001393,PZZA,901491,20191231,True,unknown,missing_period_unit_scope_or_source
0001628280-20-002244,MGPI,835011,20191231,True,unknown,missing_period_unit_scope_or_source
0001384905-20-000008,RNG,1384905,20191231,True,unknown,missing_period_unit_scope_or_source
0001564590-20-006601,NOVT,1076930,20191231,True,unknown,missing_period_unit_scope_or_source
0001396009-20-000006,VMC,1396009,20191231,True,unknown,missing_period_unit_scope_or_source
0000822818-20-000002,CLH,822818,20191231,True,unknown,missing_period_unit_scope_or_source
0001564590-20-006626,ODFL,878927,20191231,True,unknown,missing_period_unit_scope_or_source
0001437749-20-003547,PRLB,1443669,20191231,True,unknown,missing_period_unit_scope_or_source
0000063908-20-000022,MCD,63908,20191231,True,unknown,missing_period_unit_scope_or_source
0000915913-20-000040,ALB,915913,20191231,True,unknown,missing_period_unit_scope_or_source
0001551182-20-000050,ETN,1551182,20191231,False,unknown,missing_or_conflicting_required_fact
0000917273-20-000005,RMBS,917273,20191231,True,unknown,missing_period_unit_scope_or_source
0000355811-20-000007,GNTX,355811,20191231,True,unknown,missing_period_unit_scope_or_source
0001035002-20-000007,VLO,1035002,20191231,True,unknown,missing_period_unit_scope_or_source
0000019584-20-000006,CHE,19584,20191231,True,unknown,missing_period_unit_scope_or_source
0000104889-20-000007,GHC,104889,20191231,True,unknown,missing_period_unit_scope_or_source
0001564590-20-006734,DORM,868780,20191231,True,unknown,missing_period_unit_scope_or_source
0000097745-20-000009,TMO,97745,20191231,False,unknown,missing_or_conflicting_required_fact
0001558370-20-001453,BGS,1278027,20191231,True,unknown,missing_period_unit_scope_or_source
0001437749-20-003589,RUSHA,1012019,20191231,True,unknown,missing_period_unit_scope_or_source
0001140361-20-004146,IR,1699150,20191231,True,unknown,missing_period_unit_scope_or_source
0001336917-20-000010,UAA,1336917,20191231,True,unknown,missing_period_unit_scope_or_source
0001564590-20-006774,PKG,75677,20191231,True,unknown,missing_period_unit_scope_or_source
0001564590-20-006776,CARS,1683606,20191231,True,unknown,missing_period_unit_scope_or_source
0001546417-20-000032,BLMN,1546417,20191231,True,unknown,missing_period_unit_scope_or_source
0001698990-20-000004,MGY,1698990,20191231,True,unknown,missing_period_unit_scope_or_source
0001558370-20-001467,TCMD,1027838,20191231,True,unknown,missing_period_unit_scope_or_source
0001437749-20-003599,LIND,1512499,20191231,True,unknown,missing_period_unit_scope_or_source
0001057352-20-000036,CSGP,1057352,20191231,True,unknown,missing_period_unit_scope_or_source
0001628280-20-002303,XYZ,1512673,20191231,True,unknown,missing_period_unit_scope_or_source
0001564590-20-006791,STAA,718937,20191231,True,unknown,missing_period_unit_scope_or_source
0000915389-20-000016,EMN,915389,20191231,True,unknown,missing_period_unit_scope_or_source
0001653477-20-000014,NGVT,1653477,20191231,True,unknown,missing_period_unit_scope_or_source
0000769520-20-000004,MIDD,769520,20191231,True,unknown,missing_period_unit_scope_or_source
0001564590-20-006793,UHS,352915,20191231,True,unknown,missing_period_unit_scope_or_source
0001558370-20-001473,TDOC,1477449,20191231,True,unknown,missing_period_unit_scope_or_source
0000102729-20-000004,VMI,102729,20191231,False,unknown,missing_or_conflicting_required_fact
0001564590-20-006804,CIX,1049606,20191231,True,unknown,missing_period_unit_scope_or_source
0001597033-20-000026,SABR,1597033,20191231,False,unknown,missing_or_conflicting_required_fact
0000089439-20-000016,MLI,89439,20191231,True,unknown,missing_period_unit_scope_or_source
0001628280-20-002311,SHEN,354963,20191231,True,unknown,missing_period_unit_scope_or_source
0001564590-20-006812,FBIN,1519751,20191231,True,unknown,missing_period_unit_scope_or_source
0000310158-20-000005,MRK,310158,20191231,True,unknown,missing_period_unit_scope_or_source
0001193125-20-050136,RGEN,730272,20191231,True,unknown,missing_period_unit_scope_or_source
0001227654-20-000044,CMP,1227654,20191231,True,unknown,missing_period_unit_scope_or_source
0001564590-20-006826,RGNX,1590877,20191231,True,unknown,missing_period_unit_scope_or_source
0001709164-20-000007,HBB,1709164,20191231,False,unknown,missing_or_conflicting_required_fact
0001564590-20-006830,ADPT,1478320,20191231,True,unknown,missing_period_unit_scope_or_source
0000715787-20-000009,TILE,715787,20191231,True,unknown,missing_period_unit_scope_or_source
0001558370-20-001491,FIX,1035983,20191231,True,unknown,missing_period_unit_scope_or_source
0000020212-20-000019,CHDN,20212,20191231,True,unknown,missing_period_unit_scope_or_source
0001075531-20-000011,BKNG,1075531,20191231,False,unknown,missing_or_conflicting_required_fact
0000788784-20-000004,PEG,788784,20191231,True,unknown,missing_period_unit_scope_or_source
0001275158-20-000014,NDLS,1275158,20191231,True,unknown,missing_period_unit_scope_or_source
0001320461-20-000009,CPS,1320461,20191231,True,unknown,missing_period_unit_scope_or_source
0001690820-20-000052,CVNA,1690820,20191231,True,invalid,scope_mismatch
0000082811-20-000035,RRX,82811,20191231,True,unknown,missing_period_unit_scope_or_source
0001558370-20-001494,FWONA,1560385,20191231,True,unknown,missing_period_unit_scope_or_source
0001564590-20-006848,CBZ,944148,20191231,True,unknown,missing_period_unit_scope_or_source
0001564590-20-006849,HSTM,1095565,20191231,True,unknown,missing_period_unit_scope_or_source
0001193125-20-050268,IMO,49938,20191231,False,unknown,missing_or_conflicting_required_fact
0001514991-20-000010,AMCX,1514991,20191231,True,unknown,missing_period_unit_scope_or_source
0000004281-20-000038,HWM,4281,20191231,True,unknown,missing_period_unit_scope_or_source
0000717423-20-000008,MUR,717423,20191231,True,unknown,missing_period_unit_scope_or_source
0001021635-20-000016,OGE,1021635,20191231,False,unknown,missing_or_conflicting_required_fact
0001486159-20-000018,CHRD,1486159,20191231,True,unknown,missing_period_unit_scope_or_source
0000783324-20-000009,VGZ,783324,20191231,True,unknown,missing_period_unit_scope_or_source
0001539838-20-000021,FANG,1539838,20191231,True,unknown,missing_period_unit_scope_or_source
0000072741-20-000008,ES,72741,20191231,True,unknown,missing_period_unit_scope_or_source
0001694028-20-000019,LBRT,1694028,20191231,True,unknown,missing_period_unit_scope_or_source
0000780571-20-000004,ITRI,780571,20191231,True,unknown,missing_period_unit_scope_or_source
0000824142-20-000025,AAON,824142,20191231,True,unknown,missing_period_unit_scope_or_source
0001161728-20-000016,MGEE,1161728,20191231,True,unknown,missing_period_unit_scope_or_source
0001273441-20-000007,GTE,1273441,20191231,True,unknown,missing_period_unit_scope_or_source
0001370637-20-000046,ETSY,1370637,20191231,True,unknown,missing_period_unit_scope_or_source
0001564590-20-006973,KOP,1315257,20191231,True,unknown,missing_period_unit_scope_or_source
0001130310-20-000016,CNP,1130310,20191231,True,unknown,missing_period_unit_scope_or_source
0001628280-20-002350,LAUR,912766,20191231,True,unknown,missing_period_unit_scope_or_source
0001645113-20-000025,NVCR,1645113,20191231,True,unknown,missing_period_unit_scope_or_source
0000105634-20-000043,EME,105634,20191231,True,unknown,missing_period_unit_scope_or_source
0001047469-20-001076,CRAI,1053706,20191231,True,unknown,missing_period_unit_scope_or_source
0001739445-20-000026,ACA,1739445,20191231,True,unknown,missing_period_unit_scope_or_source
0001564590-20-007105,REZI,1740332,20191231,True,unknown,missing_period_unit_scope_or_source
0000107815-20-000089,WEC,783325,20191231,False,unknown,missing_or_conflicting_required_fact
0001628280-20-002376,MAR,1048286,20191231,True,unknown,missing_period_unit_scope_or_source
0000352825-20-000008,FSTR,352825,20191231,True,unknown,missing_period_unit_scope_or_source
0001492691-20-000013,KNX,1492691,20191231,True,unknown,missing_period_unit_scope_or_source
0001585364-20-000013,PRGO,1585364,20191231,True,unknown,missing_period_unit_scope_or_source
0001334036-20-000010,CROX,1334036,20191231,True,unknown,missing_period_unit_scope_or_source
0000945841-20-000041,POOL,945841,20191231,True,unknown,missing_period_unit_scope_or_source
0000046080-20-000028,HAS,46080,20191231,True,unknown,missing_period_unit_scope_or_source
0001174947-20-000248,MSEX,66004,20191231,True,unknown,missing_period_unit_scope_or_source
0000059527-20-000007,LECO,59527,20191231,False,unknown,missing_or_conflicting_required_fact
0000026324-20-000004,CW,26324,20191231,True,unknown,missing_period_unit_scope_or_source
0001070423-20-000004,PAA,1070423,20191231,True,unknown,missing_period_unit_scope_or_source
0001581990-20-000005,PAGP,1581990,20191231,True,unknown,missing_period_unit_scope_or_source
0000078003-20-000014,PFE,78003,20191231,False,unknown,missing_or_conflicting_required_fact
0001437749-20-003706,GTN,43196,20191231,True,unknown,missing_period_unit_scope_or_source
0000277509-20-000006,FSS,277509,20191231,True,unknown,missing_period_unit_scope_or_source
0000935036-20-000009,ACIW,935036,20191231,True,unknown,missing_period_unit_scope_or_source
0001437107-20-000006,WBD,1437107,20191231,True,unknown,missing_period_unit_scope_or_source
0000071691-20-000003,NYT,71691,20191231,True,unknown,missing_period_unit_scope_or_source
0001035201-20-000002,CWT,1035201,20191231,True,unknown,missing_period_unit_scope_or_source
0001032208-20-000006,SRE,1032208,20191231,False,unknown,missing_or_conflicting_required_fact
0001564590-20-007355,ALSN,1411207,20191231,True,unknown,missing_period_unit_scope_or_source
0000793074-20-000014,WERN,793074,20191231,True,unknown,missing_period_unit_scope_or_source
0001193125-20-052640,TXG,1770787,20191231,True,unknown,missing_period_unit_scope_or_source
0001289945-20-000017,SPOK,1289945,20191231,True,unknown,missing_period_unit_scope_or_source
0001493152-20-003069,NEPH,1196298,20191231,True,unknown,missing_period_unit_scope_or_source
0001050797-20-000012,COLM,1050797,20191231,False,unknown,missing_or_conflicting_required_fact
0001178913-20-000672,SEDG,1419612,20191231,True,unknown,missing_period_unit_scope_or_source
0001558370-20-001625,COLL,1267565,20191231,True,unknown,missing_period_unit_scope_or_source
0000827052-20-000026,EIX,827052,20191231,True,unknown,missing_period_unit_scope_or_source
0000949157-20-000023,CENX,949157,20191231,True,unknown,missing_period_unit_scope_or_source
0001065696-20-000008,LKQ,1065696,20191231,True,unknown,missing_period_unit_scope_or_source
0001469367-20-000061,RUN,1469367,20191231,True,unknown,missing_period_unit_scope_or_source
0001558370-20-001637,RS,861884,20191231,False,unknown,missing_or_conflicting_required_fact
0001564590-20-007393,MGM,789570,20191231,True,unknown,missing_period_unit_scope_or_source
0000785161-20-000011,EHC,785161,20191231,True,unknown,missing_period_unit_scope_or_source
0001193125-20-052757,IBP,1580905,20191231,True,unknown,missing_period_unit_scope_or_source
0000921738-20-000009,PENN,921738,20191231,True,unknown,missing_period_unit_scope_or_source
0001335258-20-000028,LYV,1335258,20191231,True,unknown,missing_period_unit_scope_or_source
0001558370-20-001641,STLD,1022671,20191231,False,unknown,missing_or_conflicting_required_fact
0001564590-20-007403,YUMC,1673358,20191231,True,unknown,missing_period_unit_scope_or_source
0001564590-20-007405,GTX,1735707,20191231,True,unknown,missing_period_unit_scope_or_source
0001590584-20-000029,CVEO,1590584,20191231,True,unknown,missing_period_unit_scope_or_source
0001708035-20-000009,ECVT,1708035,20191231,True,unknown,missing_period_unit_scope_or_source
0001437749-20-003765,BYD,906553,20191231,False,unknown,missing_or_conflicting_required_fact
0001288847-20-000028,FIVN,1288847,20191231,True,unknown,missing_period_unit_scope_or_source
0001413447-20-000009,NXPI,1413447,20191231,True,unknown,missing_period_unit_scope_or_source
0001564590-20-007416,CHRS,1512762,20191231,True,unknown,missing_period_unit_scope_or_source
0001362468-20-000011,ALGT,1362468,20191231,False,unknown,missing_or_conflicting_required_fact
0001297989-20-000003,EXLS,1297989,20191231,True,unknown,missing_period_unit_scope_or_source
0001400891-20-000009,IHRT,1400891,20191231,False,unknown,missing_or_conflicting_required_fact
0000712034-20-000013,ACCO,712034,20191231,True,unknown,missing_period_unit_scope_or_source
0000821189-20-000010,EOG,821189,20191231,True,unknown,missing_period_unit_scope_or_source
0001672013-20-000008,GOLF,1672013,20191231,True,unknown,missing_period_unit_scope_or_source
0001048477-20-000009,BMRN,1048477,20191231,True,unknown,missing_period_unit_scope_or_source
0001564590-20-007447,INVX,1042893,20191231,True,unknown,missing_period_unit_scope_or_source
0001013871-20-000013,NRG,1013871,20191231,True,unknown,missing_period_unit_scope_or_source
0001558370-20-001657,SRI,1043337,20191231,True,unknown,missing_period_unit_scope_or_source
0000076605-20-000046,PATK,76605,20191231,True,unknown,missing_period_unit_scope_or_source
0001558370-20-001661,NCLH,1513761,20191231,True,unknown,missing_period_unit_scope_or_source
0001564590-20-007459,RRC,315852,20191231,True,unknown,missing_period_unit_scope_or_source
0001659166-20-000071,FTV,1659166,20191231,False,unknown,missing_or_conflicting_required_fact
0000798354-20-000006,FISV,798354,20191231,False,unknown,missing_or_conflicting_required_fact
0001104659-20-026287,RBA,1046102,20191231,True,unknown,missing_period_unit_scope_or_source
0000886163-20-000025,LGND,886163,20191231,True,unknown,missing_period_unit_scope_or_source
0000866829-20-000007,HOS,866829,20191231,True,unknown,missing_period_unit_scope_or_source
0000763744-20-000030,LCII,763744,20191231,True,unknown,missing_period_unit_scope_or_source
0000097134-20-000008,TNC,97134,20191231,True,unknown,missing_period_unit_scope_or_source
0001171486-20-000006,NRP,1171486,20191231,True,unknown,missing_period_unit_scope_or_source
0000015615-20-000005,MTZ,15615,20191231,True,unknown,missing_period_unit_scope_or_source
0000085961-20-000089,R,85961,20191231,True,unknown,missing_period_unit_scope_or_source
0000821026-20-000011,ANDE,821026,20191231,True,unknown,missing_period_unit_scope_or_source
0001705110-20-000003,ANGI,1705110,20191231,False,unknown,missing_or_conflicting_required_fact
0001562762-20-000077,FTDR,1727263,20191231,True,unknown,missing_period_unit_scope_or_source
0001628280-20-002471,SPCE,1706946,20191231,True,unknown,missing_period_unit_scope_or_source
0001437749-20-003799,CABO,1632127,20191231,True,unknown,missing_period_unit_scope_or_source
0000874761-20-000012,AES,874761,20191231,True,unknown,missing_period_unit_scope_or_source
0000891103-20-000004,MTCH,891103,20191231,False,unknown,missing_or_conflicting_required_fact
0001564590-20-007498,TTD,1671933,20191231,True,unknown,missing_period_unit_scope_or_source
0001069183-20-000016,AXON,1069183,20191231,True,unknown,missing_period_unit_scope_or_source
0001636422-20-000016,HCAT,1636422,20191231,True,unknown,missing_period_unit_scope_or_source
0001694426-20-000011,DK,1694426,20191231,True,unknown,missing_period_unit_scope_or_source
0001111711-20-000013,NI,1111711,20191231,False,unknown,missing_or_conflicting_required_fact
0001158172-20-000021,SCOR,1158172,20191231,True,unknown,missing_period_unit_scope_or_source
0001564590-20-007599,CZR,1590895,20191231,True,unknown,missing_period_unit_scope_or_source
0001061219-20-000014,EPD,1061219,20191231,True,unknown,missing_period_unit_scope_or_source
0001558370-20-001706,KRP,1657788,20191231,False,unknown,missing_or_conflicting_required_fact
0000897077-20-000011,ALG,897077,20191231,True,unknown,missing_period_unit_scope_or_source
0001590714-20-000023,ESI,1590714,20191231,False,unknown,missing_or_conflicting_required_fact
0001437749-20-003828,MRTN,799167,20191231,True,unknown,missing_period_unit_scope_or_source
0001101215-20-000049,BFH,1101215,20191231,True,unknown,missing_period_unit_scope_or_source
0001193125-20-054469,D,715957,20191231,True,unknown,missing_period_unit_scope_or_source
0001692819-20-000005,VST,1692819,20191231,True,unknown,missing_period_unit_scope_or_source
0001104659-20-026777,CCOI,1158324,20191231,False,unknown,missing_or_conflicting_required_fact
0001739104-20-000005,ELAN,1739104,20191231,True,unknown,missing_period_unit_scope_or_source
0001558370-20-001734,TXRH,1289460,20191231,True,unknown,missing_period_unit_scope_or_source
0001564590-20-007695,SSNC,1402436,20191231,True,unknown,missing_period_unit_scope_or_source
0001604665-20-000007,WLKP,1604665,20191231,True,unknown,missing_period_unit_scope_or_source
0001524472-20-000006,XYL,1524472,20191231,True,unknown,missing_period_unit_scope_or_source
0001206774-20-000650,CASS,708781,20191231,True,unknown,missing_period_unit_scope_or_source
0000078890-20-000010,BCO,78890,20191231,True,unknown,missing_period_unit_scope_or_source
0000880266-20-000006,AGCO,880266,20191231,True,unknown,missing_period_unit_scope_or_source
0001219601-20-000006,CCK,1219601,20191231,True,unknown,missing_period_unit_scope_or_source
0001356576-20-000010,SUPN,1356576,20191231,True,unknown,missing_period_unit_scope_or_source
0000882835-20-000006,ROP,882835,20191231,True,unknown,missing_period_unit_scope_or_source
0001402829-20-000007,ORN,1402829,20191231,True,unknown,missing_period_unit_scope_or_source
0000832428-20-000007,SSP,832428,20191231,False,unknown,missing_or_conflicting_required_fact
0000920148-20-000011,LH,920148,20191231,True,unknown,missing_period_unit_scope_or_source
0001023128-20-000030,LAD,1023128,20191231,True,unknown,missing_period_unit_scope_or_source
0001558370-20-001757,MATX,3453,20191231,True,unknown,missing_period_unit_scope_or_source
0001193125-20-056004,WSO,105016,20191231,True,unknown,missing_period_unit_scope_or_source
0001016281-20-000035,CSV,1016281,20191231,True,unknown,missing_period_unit_scope_or_source
0001193125-20-056028,MKSI,1049502,20191231,True,unknown,missing_period_unit_scope_or_source
0001564590-20-007769,ACHC,1520697,20191231,True,unknown,missing_period_unit_scope_or_source
0000864749-20-000029,TRMB,864749,20191231,True,unknown,missing_period_unit_scope_or_source
0001564590-20-007787,HUBG,940942,20191231,True,unknown,missing_period_unit_scope_or_source
0001558370-20-001773,TR,98677,20191231,True,unknown,missing_period_unit_scope_or_source
0001590364-20-000002,FTAI,1590364,20191231,True,unknown,missing_period_unit_scope_or_source
0000070866-20-000007,VYX,70866,20191231,True,unknown,missing_period_unit_scope_or_source
0000816761-20-000008,TDC,816761,20191231,True,unknown,missing_period_unit_scope_or_source
0001437749-20-003909,AAOI,1158114,20191231,True,unknown,missing_period_unit_scope_or_source
0001708055-20-000019,RBBN,1708055,20191231,False,unknown,missing_or_conflicting_required_fact
0001564590-20-007794,NUE,73309,20191231,True,unknown,missing_period_unit_scope_or_source
0001660280-20-000012,TENB,1660280,20191231,True,unknown,missing_period_unit_scope_or_source
0001759509-20-000009,LYFT,1759509,20191231,True,unknown,missing_period_unit_scope_or_source
0001007587-20-000004,KVHI,1007587,20191231,True,unknown,missing_period_unit_scope_or_source
0001616707-20-000025,W,1616707,20191231,True,unknown,missing_period_unit_scope_or_source
0001560327-20-000046,RPD,1560327,20191231,True,unknown,missing_period_unit_scope_or_source
0000813762-20-000008,IEP,813762,20191231,True,unknown,missing_period_unit_scope_or_source
0001086222-20-000045,AKAM,1086222,20191231,True,unknown,missing_period_unit_scope_or_source
0001097149-20-000008,ALGN,1097149,20191231,True,unknown,missing_period_unit_scope_or_source
0001510295-20-000006,MPC,1510295,20191231,True,unknown,missing_period_unit_scope_or_source
0001558370-20-001781,SCCO,1001838,20191231,False,unknown,missing_or_conflicting_required_fact
0000078128-20-000005,WTRG,78128,20191231,True,unknown,missing_period_unit_scope_or_source
0000898173-20-000007,ORLY,898173,20191231,True,unknown,missing_period_unit_scope_or_source
0001437749-20-003932,CEVA,1173489,20191231,True,unknown,missing_period_unit_scope_or_source
0001174922-20-000024,WYNN,1174922,20191231,True,unknown,missing_period_unit_scope_or_source
0001309108-20-000024,WEX,1309108,20191231,True,unknown,missing_period_unit_scope_or_source
0001402057-20-000042,CDW,1402057,20191231,True,unknown,missing_period_unit_scope_or_source
0001552000-20-000007,MPLX,1552000,20191231,True,unknown,missing_period_unit_scope_or_source
0001558370-20-001788,ECL,31462,20191231,False,unknown,missing_or_conflicting_required_fact
0001770450-20-000012,XRX,1770450,20191231,True,unknown,missing_period_unit_scope_or_source
0000851968-20-000020,MHK,851968,20191231,True,unknown,missing_period_unit_scope_or_source
0001558370-20-001794,CWH,1669779,20191231,True,unknown,missing_period_unit_scope_or_source
0001558370-20-001796,ARCB,894405,20191231,True,unknown,missing_period_unit_scope_or_source
0001437749-20-003943,MPWR,1280452,20191231,True,unknown,missing_period_unit_scope_or_source
0001200375-20-000008,CDXS,1200375,20191231,True,unknown,missing_period_unit_scope_or_source
0001699039-20-000008,RNGR,1699039,20191231,True,unknown,missing_period_unit_scope_or_source
0001171200-20-000103,ROL,84839,20191231,False,unknown,missing_or_conflicting_required_fact
0001104659-20-027209,MNST,865752,20191231,False,unknown,missing_or_conflicting_required_fact
0001558370-20-001802,URG,1375205,20191231,True,unknown,missing_period_unit_scope_or_source
0001050915-20-000020,PWR,1050915,20191231,True,unknown,missing_period_unit_scope_or_source
0000091767-20-000033,SON,91767,20191231,True,unknown,missing_period_unit_scope_or_source
0001345016-20-000009,YELP,1345016,20191231,True,unknown,missing_period_unit_scope_or_source
0001437749-20-003965,ZVRA,1434647,20191231,True,unknown,missing_period_unit_scope_or_source
0001193125-20-057067,VICR,751978,20191231,True,unknown,missing_period_unit_scope_or_source
0001077183-20-000022,NEO,1077183,20191231,True,unknown,missing_period_unit_scope_or_source
0001558370-20-001806,WHD,1699136,20191231,True,unknown,missing_period_unit_scope_or_source
0001002910-20-000077,AEE,1002910,20191231,False,unknown,missing_or_conflicting_required_fact
0001628280-20-002590,WKC,789460,20191231,True,unknown,missing_period_unit_scope_or_source
0001704720-20-000017,CNNE,1704720,20191231,True,unknown,missing_period_unit_scope_or_source
0001679268-20-000005,TUSK,1679268,20191231,True,unknown,missing_period_unit_scope_or_source
0000933036-20-000010,UPBD,933036,20191231,True,unknown,missing_period_unit_scope_or_source
0001564590-20-007916,ROKU,1428439,20191231,True,unknown,missing_period_unit_scope_or_source
0001558370-20-001821,NTRA,1604821,20191231,True,unknown,missing_period_unit_scope_or_source
0001447669-20-000045,TWLO,1447669,20191231,True,unknown,missing_period_unit_scope_or_source
0001711269-20-000012,EVRG,1711269,20191231,True,unknown,missing_period_unit_scope_or_source
0000818479-20-000006,XRAY,818479,20191231,True,unknown,missing_period_unit_scope_or_source
0000012208-20-000012,BIO,12208,20191231,True,unknown,missing_period_unit_scope_or_source
0000067215-20-000012,DY,67215,20200131,True,unknown,missing_period_unit_scope_or_source
0000883984-20-000014,ICUI,883984,20191231,True,unknown,missing_period_unit_scope_or_source
0001628280-20-002613,GH,1576280,20191231,True,unknown,missing_period_unit_scope_or_source
0001692115-20-000016,SWX,1692115,20191231,False,unknown,missing_or_conflicting_required_fact
0001185348-20-000004,PRAA,1185348,20191231,True,unknown,missing_period_unit_scope_or_source
0001437749-20-004072,ORA,1296445,20191231,True,unknown,missing_period_unit_scope_or_source
0001433660-20-000008,JBTM,1433660,20191231,True,unknown,missing_period_unit_scope_or_source
0001567683-20-000008,CWEN,1567683,20191231,True,unknown,missing_period_unit_scope_or_source
0000008063-20-000013,ATRO,8063,20191231,True,unknown,missing_period_unit_scope_or_source
0001733998-20-000006,NWN,1733998,20191231,True,unknown,missing_period_unit_scope_or_source
0001654954-20-002140,XPL,917225,20191231,False,unknown,missing_or_conflicting_required_fact
0001639691-20-000018,LIVN,1639691,20191231,True,unknown,missing_period_unit_scope_or_source
0001140361-20-004500,IONS,874015,20191231,True,unknown,missing_period_unit_scope_or_source
0001564590-20-008081,CRK,23194,20191231,True,unknown,missing_period_unit_scope_or_source
0001558370-20-001858,ACLS,1113232,20191231,False,unknown,missing_or_conflicting_required_fact
0001558370-20-001862,GKOS,1192448,20191231,True,unknown,missing_period_unit_scope_or_source
0001193125-20-058676,TER,97210,20191231,True,unknown,missing_period_unit_scope_or_source
0001193125-20-058694,GRC,42682,20191231,True,unknown,missing_period_unit_scope_or_source
0000821483-20-000009,PARR,821483,20191231,True,unknown,missing_period_unit_scope_or_source
0001558370-20-001867,ATNI,879585,20191231,False,unknown,missing_or_conflicting_required_fact
0001084048-20-000012,ZD,1084048,20191231,True,unknown,missing_period_unit_scope_or_source
0000837465-20-000002,CALY,837465,20191231,True,unknown,missing_period_unit_scope_or_source
0001564590-20-008097,HGV,1674168,20191231,True,unknown,missing_period_unit_scope_or_source
0001437749-20-004119,JBHT,728535,20191231,True,unknown,missing_period_unit_scope_or_source
0001046311-20-000011,CHH,1046311,20191231,True,unknown,missing_period_unit_scope_or_source
0001707925-20-000015,LIN,1707925,20191231,False,unknown,missing_or_conflicting_required_fact
0001564590-20-008129,NXST,1142417,20191231,True,unknown,missing_period_unit_scope_or_source
0001433195-20-000019,APPF,1433195,20191231,True,unknown,missing_period_unit_scope_or_source
0001175454-20-000008,CPAY,1175454,20191231,True,unknown,missing_period_unit_scope_or_source
0001564590-20-008145,SITM,1451809,20191231,True,unknown,missing_period_unit_scope_or_source
0001543151-20-000010,UBER,1543151,20191231,True,unknown,missing_period_unit_scope_or_source
0000766829-20-000055,HTO,766829,20191231,True,unknown,missing_period_unit_scope_or_source
0001108426-20-000014,TXNM,1108426,20191231,False,unknown,missing_or_conflicting_required_fact
0001213900-20-005153,IPAR,822663,20191231,True,unknown,missing_period_unit_scope_or_source
0001558370-20-001889,MED,910329,20191231,True,unknown,missing_period_unit_scope_or_source
0001576427-20-000011,CRTO,1576427,20191231,True,unknown,missing_period_unit_scope_or_source
0001564590-20-008158,G,1398659,20191231,True,unknown,missing_period_unit_scope_or_source
0001558370-20-001892,AEIS,927003,20191231,True,unknown,missing_period_unit_scope_or_source
0000863436-20-000009,BHE,863436,20191231,True,unknown,missing_period_unit_scope_or_source
0000814453-20-000078,NWL,814453,20191231,True,unknown,missing_period_unit_scope_or_source
0001558370-20-001896,RYTM,1649904,20191231,True,unknown,missing_period_unit_scope_or_source
0001388658-20-000034,IRTC,1388658,20191231,True,unknown,missing_period_unit_scope_or_source
0001564590-20-008179,AMRX,1723128,20191231,True,unknown,missing_period_unit_scope_or_source
0001000623-20-000048,MATV,1000623,20191231,True,unknown,missing_period_unit_scope_or_source
0001237831-20-000015,GMED,1237831,20191231,True,unknown,missing_period_unit_scope_or_source
0000856982-20-000011,MMSI,856982,20191231,True,unknown,missing_period_unit_scope_or_source
0001564590-20-008191,TDW,98222,20191231,True,unknown,missing_period_unit_scope_or_source
0001564590-20-008195,OSUR,1116463,20191231,True,unknown,missing_period_unit_scope_or_source
0001627475-20-000006,UPWK,1627475,20191231,True,unknown,missing_period_unit_scope_or_source
0001651308-20-000020,ONC,1651308,20191231,True,unknown,missing_period_unit_scope_or_source
0001597672-20-000005,RYAM,1597672,20191231,True,unknown,missing_period_unit_scope_or_source
0001104659-20-028012,ASLE,1754170,20191231,True,unknown,missing_period_unit_scope_or_source
0001564590-20-008206,MEC,1766368,20191231,True,unknown,missing_period_unit_scope_or_source
0001681459-20-000004,FTI,1681459,20191231,False,unknown,missing_or_conflicting_required_fact
0001564590-20-008249,BBSI,902791,20191231,True,unknown,missing_period_unit_scope_or_source
0001558370-20-001928,INSW,1679049,20191231,True,unknown,missing_period_unit_scope_or_source
0001437749-20-004236,NWPX,1001385,20191231,True,unknown,missing_period_unit_scope_or_source
0000874238-20-000033,STRL,874238,20191231,False,unknown,missing_or_conflicting_required_fact
0001601548-20-000016,VVX,1601548,20191231,True,unknown,missing_period_unit_scope_or_source
0001437749-20-004241,WULF,1083301,20191231,True,unknown,missing_period_unit_scope_or_source
0001327811-20-000022,WDAY,1327811,20200131,True,unknown,missing_period_unit_scope_or_source
0001424929-20-000014,FOXF,1424929,20191231,True,unknown,missing_period_unit_scope_or_source
0001558370-20-001974,VYGR,1640266,20191231,True,unknown,missing_period_unit_scope_or_source
0001654954-20-002213,CXDO,1075736,20191231,True,unknown,missing_period_unit_scope_or_source
0000051253-20-000007,IFF,51253,20191231,False,unknown,missing_or_conflicting_required_fact
0000899751-20-000005,TWI,899751,20191231,True,unknown,missing_period_unit_scope_or_source
0001517413-20-000043,FSLY,1517413,20191231,True,unknown,missing_period_unit_scope_or_source
0001729149-20-000005,VMD,1729149,20191231,True,unknown,missing_period_unit_scope_or_source
0001564590-20-008551,CECO,3197,20191231,False,unknown,missing_or_conflicting_required_fact
0001437749-20-004330,TCX,909494,20191231,True,unknown,missing_period_unit_scope_or_source
0001213900-20-005395,GDYN,1743725,20191231,True,unknown,missing_period_unit_scope_or_source
0001477333-20-000010,NET,1477333,20191231,True,unknown,missing_period_unit_scope_or_source
0001564590-20-008689,SMHI,1690334,20191231,False,unknown,missing_or_conflicting_required_fact
0001558370-20-002020,CLMB,945983,20191231,True,unknown,missing_period_unit_scope_or_source
0001654954-20-002248,BKTI,2186,20191231,True,unknown,missing_period_unit_scope_or_source
0000924822-20-000010,MLR,924822,20191231,True,unknown,missing_period_unit_scope_or_source
0001193125-20-061709,RAIL,1320854,20191231,True,unknown,missing_period_unit_scope_or_source
0001161697-20-000108,KRMD,704440,20191231,True,unknown,missing_period_unit_scope_or_source
0001104659-20-029253,MYRG,700923,20191231,True,unknown,missing_period_unit_scope_or_source
0001558370-20-002033,TTEC,1013880,20191231,True,unknown,missing_period_unit_scope_or_source
0001434728-20-000077,GWRS,1434728,20191231,True,unknown,missing_period_unit_scope_or_source
0000216085-20-000011,HVT,216085,20191231,True,unknown,missing_period_unit_scope_or_source
0001387131-20-002583,WFCF,1360565,20191231,True,unknown,missing_period_unit_scope_or_source
0001437749-20-004434,WTI,1288403,20191231,True,unknown,missing_period_unit_scope_or_source
0001564590-20-008959,AMPY,1533924,20191231,True,unknown,missing_period_unit_scope_or_source
0001462418-20-000016,ASPS,1462418,20191231,False,unknown,missing_or_conflicting_required_fact
0000700841-20-000006,RCMT,700841,20191231,True,unknown,missing_period_unit_scope_or_source
0000031107-20-000008,EML,31107,20191231,True,unknown,missing_period_unit_scope_or_source
0001108524-20-000014,CRM,1108524,20200131,True,unknown,missing_period_unit_scope_or_source
0001564590-20-008982,HCKT,1057379,20191231,True,unknown,missing_period_unit_scope_or_source
0001425450-20-000023,KIDS,1425450,20191231,True,unknown,missing_period_unit_scope_or_source
0001558370-20-002081,KNSA,1730430,20191231,True,unknown,missing_period_unit_scope_or_source
0001010086-20-000006,SIGA,1010086,20191231,True,unknown,missing_period_unit_scope_or_source
0001660134-20-000006,OKTA,1660134,20200131,True,unknown,missing_period_unit_scope_or_source
0001171843-20-001536,ANIK,898437,20191231,True,unknown,missing_period_unit_scope_or_source
0001104659-20-029891,IRMD,1325618,20191231,True,unknown,missing_period_unit_scope_or_source
0001628280-20-003100,IMMR,1058811,20191231,True,unknown,missing_period_unit_scope_or_source
0001373670-20-000005,GRBK,1373670,20191231,True,unknown,missing_period_unit_scope_or_source
0001564590-20-009069,ICHR,1652535,20191231,True,unknown,missing_period_unit_scope_or_source
0001206774-20-000716,CASS,708781,20191231,True,unknown,missing_period_unit_scope_or_source
0001437749-20-004493,NRC,70487,20191231,False,unknown,missing_or_conflicting_required_fact
0001606366-20-000004,LOCO,1606366,20191231,True,unknown,missing_period_unit_scope_or_source
0000095953-20-000021,ACNT,95953,20191231,True,unknown,missing_period_unit_scope_or_source
0001564590-20-009181,ASPN,1145986,20191231,True,unknown,missing_period_unit_scope_or_source
0001421517-20-000011,ERII,1421517,20191231,True,unknown,missing_period_unit_scope_or_source
0001558370-20-002146,AHCO,1725255,20191231,True,unknown,missing_period_unit_scope_or_source
0000895456-20-000010,RCKY,895456,20191231,True,unknown,missing_period_unit_scope_or_source
0001564590-20-009196,PLPC,80035,20191231,True,unknown,missing_period_unit_scope_or_source
0001140361-20-005108,LINC,1286613,20191231,True,unknown,missing_period_unit_scope_or_source
0001628280-20-003186,CLW,1441236,20191231,True,unknown,missing_period_unit_scope_or_source
0000102752-20-000016,VSEC,102752,20191231,True,unknown,missing_period_unit_scope_or_source
0001124796-20-000037,LASR,1124796,20191231,True,unknown,missing_period_unit_scope_or_source
0001493152-20-003592,OFLX,1317945,20191231,True,unknown,missing_period_unit_scope_or_source
0001564590-20-009356,HGBL,849145,20191231,True,unknown,missing_period_unit_scope_or_source
0000912061-20-000014,NHTC,912061,20191231,True,unknown,missing_period_unit_scope_or_source
0001104659-20-030817,CLAR,913277,20191231,True,unknown,missing_period_unit_scope_or_source
0001008886-20-000028,CVLG,928658,20191231,True,unknown,missing_period_unit_scope_or_source
0001558370-20-002242,HNRG,788965,20191231,True,unknown,missing_period_unit_scope_or_source
0001096056-20-000019,LXFR,1096056,20191231,True,unknown,missing_period_unit_scope_or_source
0001213900-20-005801,RILYG,1464790,20191231,True,unknown,missing_period_unit_scope_or_source
0000894627-20-000014,EGY,894627,20191231,True,unknown,missing_period_unit_scope_or_source
0001558370-20-002258,PGNY,1551306,20191231,True,unknown,missing_period_unit_scope_or_source
0001558370-20-002264,PRTS,1378950,20191231,True,unknown,missing_period_unit_scope_or_source
0001558370-20-002267,PLUG,1093691,20191231,True,unknown,missing_period_unit_scope_or_source
0001104659-20-030970,THM,1134115,20191231,True,unknown,missing_period_unit_scope_or_source
0001558370-20-002278,BCYC,1761612,20191231,True,unknown,missing_period_unit_scope_or_source
0000908315-20-000009,WINA,908315,20191231,True,unknown,missing_period_unit_scope_or_source
0000108985-20-000027,YORW,108985,20191231,True,unknown,missing_period_unit_scope_or_source
0001437749-20-004678,APT,884269,20191231,True,unknown,missing_period_unit_scope_or_source
0001564590-20-009724,AVD,5981,20191231,True,unknown,missing_period_unit_scope_or_source
0001654954-20-002439,WRAP,1702924,20191231,True,unknown,missing_period_unit_scope_or_source
0001558370-20-002326,CLNE,1368265,20191231,False,unknown,missing_or_conflicting_required_fact
0001437749-20-004691,COHU,21535,20191231,True,unknown,missing_period_unit_scope_or_source
0001580808-20-000014,ATEN,1580808,20191231,True,unknown,missing_period_unit_scope_or_source
0001564590-20-009791,PSN,275880,20191231,True,unknown,missing_period_unit_scope_or_source
0001437749-20-004708,PDFS,1120914,20191231,True,unknown,missing_period_unit_scope_or_source
0001562762-20-000111,NPK,80172,20191231,True,unknown,missing_period_unit_scope_or_source
0001760965-20-000010,KTB,1760965,20191231,True,unknown,missing_period_unit_scope_or_source
0001564590-20-009875,SCYX,1178253,20191231,True,unknown,missing_period_unit_scope_or_source
0001487952-20-000007,VPG,1487952,20191231,True,unknown,missing_period_unit_scope_or_source
0001628280-20-003396,IMXI,1683695,20191231,True,unknown,missing_period_unit_scope_or_source
0001104659-20-031928,ALNT,46129,20191231,False,unknown,missing_or_conflicting_required_fact
0000027419-20-000008,TGT,27419,20200131,False,unknown,missing_or_conflicting_required_fact
0001558370-20-002405,III,1371489,20191231,True,unknown,missing_period_unit_scope_or_source
0001564590-20-010067,KRO,1257640,20191231,True,unknown,missing_period_unit_scope_or_source
0000275053-20-000009,NATR,275053,20191231,False,unknown,missing_or_conflicting_required_fact
0001140361-20-005499,AQST,1398733,20191231,True,unknown,missing_period_unit_scope_or_source
0001459839-20-000031,SIBN,1459839,20191231,True,unknown,missing_period_unit_scope_or_source
0001164863-20-000012,NPO,1164863,20191231,False,unknown,missing_or_conflicting_required_fact
0001564590-20-010117,NL,72162,20191231,True,unknown,missing_period_unit_scope_or_source
0001564590-20-010119,VERI,1615165,20191231,True,unknown,missing_period_unit_scope_or_source
0001301787-20-000010,BXC,1301787,20191231,True,unknown,missing_period_unit_scope_or_source
0001564590-20-010131,REAL,1573221,20191231,True,unknown,missing_period_unit_scope_or_source
0001558370-20-002429,MGTX,1735438,20191231,True,unknown,missing_period_unit_scope_or_source
0001199835-20-000018,WVVI,838875,20191231,True,unknown,missing_period_unit_scope_or_source
0000771266-20-000008,KOPN,771266,20191231,True,unknown,missing_period_unit_scope_or_source
0001104659-20-032031,CAKE,887596,20191231,False,unknown,missing_or_conflicting_required_fact
0001104659-20-032055,VRT,1674101,20191231,True,unknown,missing_period_unit_scope_or_source
0001437749-20-004836,LMAT,1158895,20191231,True,unknown,missing_period_unit_scope_or_source
0001213900-20-006069,CELH,1341766,20191231,True,unknown,missing_period_unit_scope_or_source
0001474903-20-000011,BGSF,1474903,20191231,True,unknown,missing_period_unit_scope_or_source
0000076282-20-000012,PKOH,76282,20191231,True,unknown,missing_period_unit_scope_or_source
0000105418-20-000007,WMK,105418,20191231,True,unknown,missing_period_unit_scope_or_source
0001104659-20-032373,WEYS,106532,20191231,True,unknown,missing_period_unit_scope_or_source
0001537435-20-000004,TGEN,1537435,20191231,True,unknown,missing_period_unit_scope_or_source
0001558370-20-002525,MCRI,907242,20191231,True,unknown,missing_period_unit_scope_or_source
0001055726-20-000012,INO,1055726,20191231,True,unknown,missing_period_unit_scope_or_source
0001558370-20-002537,OCUL,1393434,20191231,True,unknown,missing_period_unit_scope_or_source
0001564590-20-010469,AEO,919012,20200131,True,unknown,missing_period_unit_scope_or_source
0001564590-20-010472,VHI,59255,20191231,True,unknown,missing_period_unit_scope_or_source
0001654954-20-002560,XPL,917225,20191231,False,unknown,missing_or_conflicting_required_fact
0001564590-20-010495,TALO,1724965,20191231,True,unknown,missing_period_unit_scope_or_source
0001018164-20-000008,WLFC,1018164,20191231,True,unknown,missing_period_unit_scope_or_source
0001104485-20-000025,NOG,1104485,20191231,True,unknown,missing_period_unit_scope_or_source
0001104659-20-032540,PLX,1006281,20191231,True,unknown,missing_period_unit_scope_or_source
0001558370-20-002561,AXTI,1051627,20191231,True,unknown,missing_period_unit_scope_or_source
0001558370-20-002576,MRAM,1438423,20191231,True,unknown,missing_period_unit_scope_or_source
0001564590-20-010617,FLGT,1674930,20191231,True,unknown,missing_period_unit_scope_or_source
0001564590-20-010636,SSTI,1351636,20191231,True,unknown,missing_period_unit_scope_or_source
0001130713-20-000014,NXH,1130713,20191231,True,unknown,missing_period_unit_scope_or_source
0001437749-20-005057,FLNT,1460329,20191231,True,unknown,missing_period_unit_scope_or_source
0001564590-20-010647,FORR,1023313,20191231,True,unknown,missing_period_unit_scope_or_source
0001171843-20-001695,UFPT,914156,20191231,True,unknown,missing_period_unit_scope_or_source
0001193125-20-072378,EVER,1640428,20191231,True,unknown,missing_period_unit_scope_or_source
0001213900-20-006218,ONDS,1646188,20191231,True,unknown,missing_period_unit_scope_or_source
0000863110-20-000009,ARTNA,863110,20191231,True,unknown,missing_period_unit_scope_or_source
0001747079-20-000038,BALY,1747079,20191231,True,unknown,missing_period_unit_scope_or_source
0001193125-20-072797,GOGO,1537054,20191231,True,unknown,missing_period_unit_scope_or_source
0001564590-20-010784,TBCH,1493761,20191231,True,unknown,missing_period_unit_scope_or_source
0000727273-20-000011,CDZI,727273,20191231,True,unknown,missing_period_unit_scope_or_source
0001437749-20-005139,PAMT,798287,20191231,True,unknown,missing_period_unit_scope_or_source
0001104659-20-033098,SGA,886136,20191231,True,unknown,missing_period_unit_scope_or_source
0001683168-20-000799,ATOM,1420520,20191231,True,unknown,missing_period_unit_scope_or_source
0001564590-20-010835,BURL,1579298,20200131,True,unknown,missing_period_unit_scope_or_source
0001564590-20-010836,QUIK,882508,20191231,True,unknown,missing_period_unit_scope_or_source
0001638833-20-000012,SGRY,1638833,20191231,True,unknown,missing_period_unit_scope_or_source
0001564590-20-010850,ACU,2098,20191231,True,unknown,missing_period_unit_scope_or_source
0001020710-20-000015,DXPE,1020710,20191231,True,unknown,missing_period_unit_scope_or_source
0001564590-20-010853,MCHX,1224133,20191231,True,unknown,missing_period_unit_scope_or_source
0001026655-20-000013,CMT,1026655,20191231,True,unknown,missing_period_unit_scope_or_source
0001628280-20-003560,LCUT,874396,20191231,True,unknown,missing_period_unit_scope_or_source
0001185185-20-000296,STEX,1530766,20191231,True,unknown,missing_period_unit_scope_or_source
0001437749-20-005193,FF,1337298,20191231,True,unknown,missing_period_unit_scope_or_source
0001564590-20-010890,STRO,1382101,20191231,True,unknown,missing_period_unit_scope_or_source
0001104659-20-033398,CWCO,928340,20191231,True,unknown,missing_period_unit_scope_or_source
0000101984-20-000009,UEIC,101984,20191231,False,unknown,missing_or_conflicting_required_fact
0001698991-20-000006,ACEL,1698991,20191231,True,unknown,missing_period_unit_scope_or_source
0001709682-20-000017,CTOS,1709682,20191231,True,unknown,missing_period_unit_scope_or_source
0001022652-20-000007,INSG,1022652,20191231,True,unknown,missing_period_unit_scope_or_source
0001104659-20-033613,VUZI,1463972,20191231,True,unknown,missing_period_unit_scope_or_source
0000850429-20-000014,TG,850429,20191231,True,unknown,missing_period_unit_scope_or_source
0001530804-20-000011,TROX,1530804,20191231,False,unknown,missing_or_conflicting_required_fact
0001213900-20-006416,GNE,1528356,20191231,True,unknown,missing_period_unit_scope_or_source
0001437749-20-005276,HFFG,1680873,20191231,True,unknown,missing_period_unit_scope_or_source
0001558370-20-002752,OSPN,1044777,20191231,True,unknown,missing_period_unit_scope_or_source
0001558370-20-002758,SENS,1616543,20191231,True,unknown,missing_period_unit_scope_or_source
0001635282-20-000014,RMNI,1635282,20191231,True,unknown,missing_period_unit_scope_or_source
0001553350-20-000225,LWLG,1325964,20191231,True,unknown,missing_period_unit_scope_or_source
0001564590-20-011155,ZUMZ,1318008,20200131,True,unknown,missing_period_unit_scope_or_source
0001603923-20-000017,WFRD,1603923,20191231,False,unknown,missing_or_conflicting_required_fact
0001493152-20-004026,ODYS,1577445,20191231,True,unknown,missing_period_unit_scope_or_source
0000716634-20-000003,RDI,716634,20191231,True,unknown,missing_period_unit_scope_or_source
0001564590-20-011172,ULH,1308208,20191231,True,unknown,missing_period_unit_scope_or_source
0001564590-20-011183,RPAY,1720592,20191231,False,unknown,missing_or_conflicting_required_fact
0000790526-20-000003,RDNT,790526,20191231,True,unknown,missing_period_unit_scope_or_source
0001297184-20-000007,AMPH,1297184,20191231,True,unknown,missing_period_unit_scope_or_source
0001625101-20-000011,PLSE,1625101,20191231,True,unknown,missing_period_unit_scope_or_source
0000708821-20-000018,PAR,708821,20191231,True,unknown,missing_period_unit_scope_or_source
0001104659-20-034133,FBIO,1429260,20191231,True,unknown,missing_period_unit_scope_or_source
0000884144-20-000022,ASUR,884144,20191231,True,unknown,missing_period_unit_scope_or_source
0001628280-20-003659,CVGI,1290900,20191231,True,unknown,missing_period_unit_scope_or_source
0001017303-20-000012,TACT,1017303,20191231,True,unknown,missing_period_unit_scope_or_source
0001096906-20-000111,UTMD,706698,20191231,False,unknown,missing_or_conflicting_required_fact
0001558370-20-002800,MUX,314203,20191231,True,unknown,missing_period_unit_scope_or_source
0001104659-20-034179,REI,1384195,20191231,True,unknown,missing_period_unit_scope_or_source
0001564590-20-011218,AP,6176,20191231,False,unknown,missing_or_conflicting_required_fact
0001385849-20-000032,UUUU,1385849,20191231,True,unknown,missing_period_unit_scope_or_source
0001104659-20-034195,DRIO,1533998,20191231,True,unknown,missing_period_unit_scope_or_source
0001628280-20-003690,PACK,1712463,20191231,False,unknown,missing_or_conflicting_required_fact
0001628280-20-003693,BAX,10456,20191231,True,unknown,missing_period_unit_scope_or_source
0001564590-20-011409,TMDX,1756262,20191231,True,unknown,missing_period_unit_scope_or_source
0000039911-20-000019,GAP,39911,20200131,True,unknown,missing_period_unit_scope_or_source
0001017303-20-000016,TACT,1017303,20191231,True,unknown,missing_period_unit_scope_or_source
0001140361-20-006100,ASTE,792987,20191231,True,unknown,missing_period_unit_scope_or_source
0001564590-20-011497,INVE,1036044,20191231,True,unknown,missing_period_unit_scope_or_source
0001564590-20-011512,KSS,885639,20200131,True,unknown,missing_period_unit_scope_or_source
0001493152-20-004211,REED,1140215,20191231,True,unknown,missing_period_unit_scope_or_source
0001558370-20-002895,EPSN,1726126,20191231,True,unknown,missing_period_unit_scope_or_source
0001477932-20-001403,LTBR,1084554,20191231,True,unknown,missing_period_unit_scope_or_source
0001493152-20-004295,IDN,1040896,20191231,True,unknown,missing_period_unit_scope_or_source
0001558370-20-002915,DG,29534,20200131,True,unknown,missing_period_unit_scope_or_source
0001531152-20-000014,BJ,1531152,20200131,True,unknown,missing_period_unit_scope_or_source
0001177609-20-000009,FIVE,1177609,20200131,True,unknown,missing_period_unit_scope_or_source
0000769397-20-000013,ADSK,769397,20200131,True,unknown,missing_period_unit_scope_or_source
0001564590-20-011799,BOX,1372612,20200131,True,unknown,missing_period_unit_scope_or_source
0001493152-20-004372,QXL,797542,20191231,True,unknown,missing_period_unit_scope_or_source
0000081362-20-000002,KWR,81362,20191231,True,unknown,missing_period_unit_scope_or_source
0000935703-20-000006,DLTR,935703,20200131,True,unknown,missing_period_unit_scope_or_source
0001089063-20-000014,DKS,1089063,20200131,False,unknown,missing_or_conflicting_required_fact
0001649744-20-000008,DLTH,1649744,20200131,True,unknown,missing_period_unit_scope_or_source
0001193125-20-080625,CVR,19871,20191231,True,unknown,missing_period_unit_scope_or_source
0000088941-20-000003,SMTC,88941,20200131,False,unknown,missing_or_conflicting_required_fact
0001585521-20-000095,ZM,1585521,20200131,True,unknown,missing_period_unit_scope_or_source
0000104169-20-000011,WMT,104169,20200131,True,unknown,missing_period_unit_scope_or_source
0001614178-20-000078,YEXT,1614178,20200131,True,unknown,missing_period_unit_scope_or_source
0001493152-20-004463,PESI,891532,20191231,True,unknown,missing_period_unit_scope_or_source
0001133311-20-000011,TZOO,1133311,20191231,True,unknown,missing_period_unit_scope_or_source
0001052918-20-000059,IDR,1030192,20191231,True,unknown,missing_period_unit_scope_or_source
0001535527-20-000006,CRWD,1535527,20200131,True,unknown,missing_period_unit_scope_or_source
0001437749-20-005906,DMAC,1401040,20191231,True,unknown,missing_period_unit_scope_or_source
0001606909-20-000018,PANL,1606909,20191231,True,unknown,missing_period_unit_scope_or_source
0000764478-20-000017,BBY,764478,20200131,True,unknown,missing_period_unit_scope_or_source
0001564590-20-012223,LE,799288,20200131,True,unknown,missing_period_unit_scope_or_source
0001437749-20-005921,INTT,1036262,20191231,True,unknown,missing_period_unit_scope_or_source
0000060667-20-000036,LOW,60667,20200131,False,unknown,missing_or_conflicting_required_fact
0001564590-20-012501,IDYA,1676725,20191231,True,unknown,missing_period_unit_scope_or_source
0001654954-20-003103,WYY,1034760,20191231,True,unknown,missing_period_unit_scope_or_source
0001437749-20-006028,TSSI,1320760,20191231,True,unknown,missing_period_unit_scope_or_source
0001140361-20-006743,ACMR,1680062,20191231,True,unknown,missing_period_unit_scope_or_source
0001437749-20-006060,BELFA,729580,20191231,True,unknown,missing_period_unit_scope_or_source
0001140361-20-006788,OLLI,1639300,20200131,True,unknown,missing_period_unit_scope_or_source
0001493152-20-004708,ACFN,880984,20191231,True,unknown,missing_period_unit_scope_or_source
0000354950-20-000015,HD,354950,20200131,True,unknown,missing_period_unit_scope_or_source
0001213900-20-007376,ALTG,1759824,20191231,True,unknown,missing_period_unit_scope_or_source
0001771515-20-000005,GO,1771515,20191231,True,unknown,missing_period_unit_scope_or_source
0001274737-20-000026,XGN,1274737,20191231,True,unknown,missing_period_unit_scope_or_source
0001079973-20-000216,RIOT,1167419,20191231,True,unknown,missing_period_unit_scope_or_source
0001654954-20-003266,SMID,924719,20191231,True,unknown,missing_period_unit_scope_or_source
0001564590-20-013004,MOV,72573,20200131,True,unknown,missing_period_unit_scope_or_source
0000832988-20-000018,SIG,832988,20200131,True,unknown,missing_period_unit_scope_or_source
0001672909-20-000007,CPHC,1672909,20191231,True,unknown,missing_period_unit_scope_or_source
0001078782-20-000199,ZIVO,1101026,20191231,True,unknown,missing_period_unit_scope_or_source
0001213900-20-007491,OPRX,1448431,20191231,True,unknown,missing_period_unit_scope_or_source
0001564590-20-013194,VIR,1706431,20191231,True,unknown,missing_period_unit_scope_or_source
0001564590-20-013196,OSS,1394056,20191231,True,unknown,missing_period_unit_scope_or_source
0001397187-20-000012,LULU,1397187,20200131,True,unknown,missing_period_unit_scope_or_source
0001558370-20-003189,STKS,1399520,20191231,True,unknown,missing_period_unit_scope_or_source
0001493152-20-004823,ELA,701719,20191231,True,unknown,missing_period_unit_scope_or_source
0001654954-20-003345,SMTI,714256,20191231,False,unknown,missing_or_conflicting_required_fact
0001571123-20-000013,SAIC,1571123,20200131,True,unknown,missing_period_unit_scope_or_source
0001628280-20-004133,P,1474432,20200131,True,unknown,missing_period_unit_scope_or_source
0001571996-20-000017,DELL,1571996,20200131,True,unknown,missing_period_unit_scope_or_source
0001213900-20-007584,GRWG,1604868,20191231,True,unknown,missing_period_unit_scope_or_source
0000018255-20-000005,CATO,18255,20200131,True,unknown,missing_period_unit_scope_or_source
0000109198-20-000004,TJX,109198,20200131,True,unknown,missing_period_unit_scope_or_source
0001213900-20-007650,ICCC,811641,20191231,True,unknown,missing_period_unit_scope_or_source
0001171520-20-000159,CLPT,1285550,20191231,True,unknown,missing_period_unit_scope_or_source
0001261333-20-000033,DOCU,1261333,20200131,True,unknown,missing_period_unit_scope_or_source
0001558370-20-003272,ULTA,1403568,20200131,True,unknown,missing_period_unit_scope_or_source
0001104659-20-039645,BRKR,1109354,20191231,True,unknown,missing_period_unit_scope_or_source
0001441816-20-000067,MDB,1441816,20200131,True,unknown,missing_period_unit_scope_or_source
0001193125-20-088937,WSM,719955,20200131,True,unknown,missing_period_unit_scope_or_source
0001436126-20-000018,MG,1436126,20191231,True,unknown,missing_period_unit_scope_or_source
0001437749-20-006370,INFU,1337013,20191231,True,unknown,missing_period_unit_scope_or_source
0001654954-20-003419,FTLF,1374328,20191231,True,unknown,missing_period_unit_scope_or_source
0001193125-20-090186,MHH,1437226,20191231,True,unknown,missing_period_unit_scope_or_source
0001387131-20-003364,SLSN,883107,20191231,True,unknown,missing_period_unit_scope_or_source
0001104659-20-040172,AEYE,1362190,20191231,True,unknown,missing_period_unit_scope_or_source
0001558370-20-003346,TELA,1561921,20191231,True,unknown,missing_period_unit_scope_or_source
0001213900-20-007957,AUID,1534154,20191231,True,unknown,missing_period_unit_scope_or_source
0001493152-20-005194,BSIN,101594,20191231,True,unknown,missing_period_unit_scope_or_source
0001493152-20-005195,FSI,1069394,20191231,True,unknown,missing_period_unit_scope_or_source
0001654954-20-003486,HQI,1140102,20191231,True,unknown,missing_period_unit_scope_or_source
0001213900-20-007980,INSE,1615063,20191231,True,unknown,missing_period_unit_scope_or_source
0001654954-20-003502,REKR,1697851,20191231,True,unknown,missing_period_unit_scope_or_source
0000891482-20-000011,FLL,891482,20191231,True,unknown,missing_period_unit_scope_or_source
0001437749-20-006563,MLSS,855683,20191231,True,unknown,missing_period_unit_scope_or_source
0000794367-20-000040,M,794367,20200131,True,unknown,missing_period_unit_scope_or_source
0001564590-20-014267,OSW,1758488,20191231,False,unknown,missing_or_conflicting_required_fact
0001558370-20-003379,OXM,75288,20200131,True,unknown,missing_period_unit_scope_or_source
0001558370-20-003380,LEGH,1436208,20191231,True,unknown,missing_period_unit_scope_or_source
0001493152-20-005280,PROP,1162896,20191231,True,unknown,missing_period_unit_scope_or_source
0001653558-20-000015,PRTH,1653558,20191231,True,unknown,missing_period_unit_scope_or_source
0001558370-20-003383,RH,1528849,20200131,True,unknown,missing_period_unit_scope_or_source
0001493152-20-005288,LFMD,948320,20191231,True,unknown,missing_period_unit_scope_or_source
0001628280-20-004385,VEEV,1393052,20200131,True,unknown,missing_period_unit_scope_or_source
0001104659-20-040587,NXGL,1468929,20191231,True,unknown,missing_period_unit_scope_or_source
0001654954-20-003538,SNWV,1417663,20191231,True,unknown,missing_period_unit_scope_or_source
0001072613-20-000149,EP,887396,20191231,True,unknown,missing_period_unit_scope_or_source
0001210708-20-000006,STRRP,1210708,20191231,True,unknown,missing_period_unit_scope_or_source
0000745732-20-000016,ROST,745732,20200131,True,unknown,missing_period_unit_scope_or_source
0001018840-20-000021,ANF,1018840,20200131,False,unknown,missing_or_conflicting_required_fact
0001564590-20-014397,URBN,912615,20200131,True,unknown,missing_period_unit_scope_or_source
0001553350-20-000282,DUOT,1396536,20191231,True,unknown,missing_period_unit_scope_or_source
0001564590-20-014433,SHOE,895447,20200131,True,unknown,missing_period_unit_scope_or_source
0001437749-20-006641,CAL,14707,20200131,True,unknown,missing_period_unit_scope_or_source
0001428336-20-000012,HQY,1428336,20200131,True,unknown,missing_period_unit_scope_or_source
0000028917-20-000041,DDS,28917,20200131,True,unknown,missing_period_unit_scope_or_source
0001495320-20-000010,VRA,1495320,20200131,True,unknown,missing_period_unit_scope_or_source
0001084991-20-000011,NGS,1084991,20191231,True,unknown,missing_period_unit_scope_or_source
0001664703-20-000013,BE,1664703,20191231,True,unknown,missing_period_unit_scope_or_source
0001628280-20-004436,TLYS,1524025,20200131,True,unknown,missing_period_unit_scope_or_source
0001558370-20-003501,KR,56873,20200131,True,unknown,missing_period_unit_scope_or_source
0000885245-20-000011,BKE,885245,20200131,True,unknown,missing_period_unit_scope_or_source
0001193125-20-094235,VFF,1584549,20191231,True,unknown,missing_period_unit_scope_or_source
0000018498-20-000016,GCO,18498,20200131,True,unknown,missing_period_unit_scope_or_source
0001766502-20-000007,CHWY,1766502,20200131,True,unknown,missing_period_unit_scope_or_source
0001683168-20-001096,PAYS,1496443,20191231,True,unknown,missing_period_unit_scope_or_source
0001104659-20-043077,NXGL,1468929,20191231,True,unknown,missing_period_unit_scope_or_source
0000744825-20-000024,AMS,744825,20191231,True,unknown,missing_period_unit_scope_or_source
0001070235-20-000025,BB,1070235,20200229,True,unknown,missing_period_unit_scope_or_source
0001409171-20-000015,TITN,1409171,20200131,False,unknown,missing_or_conflicting_required_fact
0001493152-20-006032,AIOT,1774170,20191231,False,unknown,missing_or_conflicting_required_fact
0001505952-20-000018,HUCK,1505952,20200131,True,unknown,missing_period_unit_scope_or_source
0001564590-20-016484,OOMA,1327688,20200131,True,unknown,missing_period_unit_scope_or_source
0001079974-20-000156,ATLX,1540684,20191231,True,unknown,missing_period_unit_scope_or_source
0001683168-20-001179,LWAY,814586,20191231,True,unknown,missing_period_unit_scope_or_source
0001731122-20-000381,DTST,1419951,20191231,True,unknown,missing_period_unit_scope_or_source
0001104659-20-046386,AGX,100591,20200131,True,unknown,missing_period_unit_scope_or_source
0001193805-20-000481,GURE,885462,20191231,True,unknown,missing_period_unit_scope_or_source
0001654954-20-004107,LAKE,798081,20200131,True,unknown,missing_period_unit_scope_or_source
0001437749-20-007818,BBW,1113809,20200131,True,unknown,missing_period_unit_scope_or_source
0001185185-20-000497,HOFT,1077688,20200131,True,unknown,missing_period_unit_scope_or_source
0001437749-20-008088,PPIH,914122,20200131,True,unknown,missing_period_unit_scope_or_source
0000016918-20-000078,STZ,16918,20200229,True,unknown,missing_period_unit_scope_or_source
0001170010-20-000033,KMX,1170010,20200229,True,unknown,missing_period_unit_scope_or_source
0001493152-20-006975,MAMA,1520358,20200131,True,unknown,missing_period_unit_scope_or_source
0001412408-20-000010,PHR,1412408,20200131,True,unknown,missing_period_unit_scope_or_source
0000006845-20-000008,APOG,6845,20200229,True,unknown,missing_period_unit_scope_or_source
0001628280-20-005760,MIND,926423,20200131,True,unknown,missing_period_unit_scope_or_source
0000008947-20-000045,AZZ,8947,20200229,True,unknown,missing_period_unit_scope_or_source
0000916789-20-000024,HELE,916789,20200229,True,unknown,missing_period_unit_scope_or_source
0001213900-20-010439,LOVE,1701758,20200131,True,unknown,missing_period_unit_scope_or_source
0001628280-20-005961,VIRC,751365,20200131,True,unknown,missing_period_unit_scope_or_source
0001564590-20-020699,EBF,33002,20200229,True,unknown,missing_period_unit_scope_or_source
0001628280-20-006265,PSIX,1137091,20191231,True,unknown,missing_period_unit_scope_or_source
0001564590-20-020954,RPAY,1720592,20191231,False,unknown,missing_or_conflicting_required_fact
0001193125-20-134616,PNRG,56868,20191231,True,unknown,missing_period_unit_scope_or_source
0000724910-20-000015,NVEC,724910,20200331,True,unknown,missing_period_unit_scope_or_source
0001193125-20-136001,VTRS,1792044,20191231,False,unknown,nonpositive_assets
0001295947-20-000018,PBH,1295947,20200331,True,unknown,missing_period_unit_scope_or_source
0001493152-20-008367,ODYS,1577445,20191231,True,unknown,missing_period_unit_scope_or_source
0001628280-20-007572,LMB,1606163,20191231,True,unknown,missing_period_unit_scope_or_source
0001493152-20-008410,SURG,1392694,20191231,True,unknown,missing_period_unit_scope_or_source
0001628280-20-007624,JAKK,1009829,20191231,True,unknown,missing_period_unit_scope_or_source
0001646972-20-000022,ACI,1646972,20200229,True,unknown,missing_period_unit_scope_or_source
0001437749-20-010729,PKE,76267,20200229,True,unknown,missing_period_unit_scope_or_source
0001493152-20-008723,WKSP,1096275,20191231,True,unknown,missing_period_unit_scope_or_source
0001104659-20-061643,KULR,1662684,20191231,True,unknown,missing_period_unit_scope_or_source
0001558370-20-006617,CTRN,1318484,20200131,False,unknown,missing_or_conflicting_required_fact
0001477932-20-002679,BCHT,728385,20191231,True,unknown,missing_period_unit_scope_or_source
0001169561-20-000018,CVLT,1169561,20200331,True,unknown,missing_period_unit_scope_or_source
0001437749-20-011046,BLFS,834365,20191231,True,unknown,missing_period_unit_scope_or_source
0001062993-20-002511,BYRN,1354866,20191130,True,unknown,missing_period_unit_scope_or_source
0001023731-20-000049,EGHT,1023731,20200331,True,unknown,missing_period_unit_scope_or_source
0001624794-20-000051,CSW,1624794,20200331,True,unknown,missing_period_unit_scope_or_source
0000772406-20-000007,CRUS,772406,20200331,True,unknown,missing_period_unit_scope_or_source
0001213900-20-013096,RBC,1324948,20200331,True,unknown,missing_period_unit_scope_or_source
0001628280-20-008116,NTCT,1078075,20200331,True,unknown,missing_period_unit_scope_or_source
0000046250-20-000027,HWKN,46250,20200331,True,unknown,missing_period_unit_scope_or_source
0000313143-20-000028,HAE,313143,20200331,True,unknown,missing_period_unit_scope_or_source
0001604778-20-000030,QRVO,1604778,20200331,True,unknown,missing_period_unit_scope_or_source
0001564590-20-026572,SKY,90896,20200331,True,unknown,missing_period_unit_scope_or_source
0001140361-20-012223,PLUS,1022408,20200331,True,unknown,missing_period_unit_scope_or_source
0000827054-20-000119,MCHP,827054,20200331,True,unknown,missing_period_unit_scope_or_source
0000927653-20-000033,MCK,927653,20200331,True,unknown,missing_period_unit_scope_or_source
0001564590-20-026737,AGYS,78749,20200331,True,unknown,missing_period_unit_scope_or_source
0001628280-20-008291,TTWO,946581,20200331,True,unknown,missing_period_unit_scope_or_source
0001558370-20-006925,BOOT,1610250,20200331,True,unknown,missing_period_unit_scope_or_source
0001564590-20-026773,EXP,918646,20200331,True,unknown,missing_period_unit_scope_or_source
0000733269-20-000028,RAMP,733269,20200331,False,unknown,missing_or_conflicting_required_fact
0001443646-20-000086,BAH,1443646,20200331,True,unknown,missing_period_unit_scope_or_source
0001493152-20-009845,FSI,1069394,20191231,True,unknown,missing_period_unit_scope_or_source
0000278166-20-000028,CVCO,278166,20200331,True,unknown,missing_period_unit_scope_or_source
0001037038-20-000014,RL,1037038,20200331,True,unknown,missing_period_unit_scope_or_source
0000103379-20-000006,VFC,103379,20200331,True,unknown,missing_period_unit_scope_or_source
0001773383-20-000053,DT,1773383,20200331,True,unknown,missing_period_unit_scope_or_source
0001005229-20-000171,CMCO,1005229,20200331,False,unknown,missing_or_conflicting_required_fact
0000929351-20-000013,STRZ,929351,20200331,True,unknown,missing_period_unit_scope_or_source
0001032975-20-000015,LOGI,1032975,20200331,False,unknown,missing_or_conflicting_required_fact
0000849399-20-000004,GEN,849399,20200331,True,unknown,missing_period_unit_scope_or_source
0000102037-20-000024,UVV,102037,20200331,True,unknown,missing_period_unit_scope_or_source
0000866374-20-000009,FLEX,866374,20200331,True,unknown,missing_period_unit_scope_or_source
0001600033-20-000023,ELF,1600033,20200331,True,unknown,missing_period_unit_scope_or_source
0001564590-20-027420,VSAT,797721,20200331,False,unknown,missing_or_conflicting_required_fact
0001757898-20-000012,STE,1757898,20200331,True,unknown,missing_period_unit_scope_or_source
0001140361-20-012690,MOD,67347,20200331,True,unknown,missing_period_unit_scope_or_source
0001171520-20-000252,SOTK,806172,20200229,False,unknown,missing_or_conflicting_required_fact
0001600033-20-000036,ELF,1600033,20200331,True,unknown,missing_period_unit_scope_or_source
0001437749-20-012142,MLAB,724004,20200331,False,unknown,missing_or_conflicting_required_fact
0000910521-20-000016,DECK,910521,20200331,True,unknown,missing_period_unit_scope_or_source
0001564590-20-027846,WMS,1604028,20200331,True,unknown,missing_period_unit_scope_or_source
0001289308-20-000029,ENS,1289308,20200331,True,unknown,missing_period_unit_scope_or_source
0001564590-20-027897,CGC,1737927,20200331,False,unknown,missing_or_conflicting_required_fact
0001564590-20-028509,OESX,1409375,20200331,True,unknown,missing_period_unit_scope_or_source
0001206774-20-001786,TRNS,99302,20200331,True,unknown,missing_period_unit_scope_or_source
0001499832-20-000033,TSQ,1499832,20191231,True,unknown,missing_period_unit_scope_or_source
0001104659-20-072425,TPCS,1328792,20200331,False,unknown,missing_or_conflicting_required_fact
0001596993-20-000019,LPG,1596993,20200331,False,unknown,missing_or_conflicting_required_fact
0001437749-20-012966,NATH,69733,20200331,True,unknown,missing_period_unit_scope_or_source
0000915779-20-000028,DAKT,915779,20200430,True,unknown,missing_period_unit_scope_or_source
0001562762-20-000223,MNRO,876427,20200331,True,unknown,missing_period_unit_scope_or_source
0001564590-20-029237,GHM,716314,20200331,True,unknown,missing_period_unit_scope_or_source
0001564590-20-029349,NTAP,1002047,20200430,True,unknown,missing_period_unit_scope_or_source
0001140361-20-013784,MPAA,918251,20200331,True,unknown,missing_period_unit_scope_or_source
0001574842-20-000021,HRB,12659,20200430,True,unknown,missing_period_unit_scope_or_source
0000091419-20-000065,SJM,91419,20200430,True,unknown,missing_period_unit_scope_or_source
0001613103-20-000021,MDT,1613103,20200430,True,unknown,missing_period_unit_scope_or_source
0001564590-20-029954,SWBI,1092796,20200430,True,unknown,missing_period_unit_scope_or_source
0001104659-20-075634,CAKE,887596,20191231,False,unknown,missing_or_conflicting_required_fact
0001564590-20-030125,ORCL,1341439,20200531,True,unknown,missing_period_unit_scope_or_source
0001558370-20-007720,AVAV,1368622,20200430,False,unknown,missing_or_conflicting_required_fact
0000107140-20-000034,WLY,107140,20200430,True,unknown,missing_period_unit_scope_or_source
0000353184-20-000035,AIRTP,353184,20200331,True,unknown,missing_period_unit_scope_or_source
0001564590-20-030804,MSN,32621,20200331,True,unknown,missing_period_unit_scope_or_source
0001628280-20-009982,ESTC,1707753,20200430,True,unknown,missing_period_unit_scope_or_source
0000726958-20-000085,CASY,726958,20200430,True,unknown,missing_period_unit_scope_or_source
0001213900-20-016032,JRSH,1696558,20200331,True,unknown,missing_period_unit_scope_or_source
0001437749-20-014128,FRD,39092,20200331,True,unknown,missing_period_unit_scope_or_source
0001564590-20-031145,MEI,65270,20200430,True,unknown,missing_period_unit_scope_or_source
0001437749-20-014395,FIZZ,69891,20200430,True,unknown,missing_period_unit_scope_or_source
0001193125-20-186469,GIS,40704,20200531,True,unknown,missing_period_unit_scope_or_source
0001437749-20-014526,SENEB,88948,20200331,True,unknown,missing_period_unit_scope_or_source
0001564590-20-032398,KFY,56679,20200430,True,unknown,missing_period_unit_scope_or_source
0001564590-20-032587,CULP,723603,20200430,False,unknown,missing_or_conflicting_required_fact
0000723531-20-000048,PAYX,723531,20200531,False,unknown,missing_or_conflicting_required_fact
0001564590-20-032775,FDX,1048911,20200531,True,unknown,missing_period_unit_scope_or_source
0000799233-20-000037,HTLD,799233,20191231,True,unknown,missing_period_unit_scope_or_source
0001104659-20-085310,AIR,1750,20200531,True,unknown,missing_period_unit_scope_or_source
0001709164-20-000032,HBB,1709164,20191231,False,unknown,missing_or_conflicting_required_fact
0001564590-20-033366,CAG,23217,20200531,True,unknown,missing_period_unit_scope_or_source
0000320187-20-000047,NKE,320187,20200531,True,unknown,missing_period_unit_scope_or_source
0000940944-20-000046,DRI,940944,20200531,False,unknown,missing_or_conflicting_required_fact
0001104659-20-086542,AXR,6207,20200430,True,unknown,missing_period_unit_scope_or_source
0000055529-20-000010,KEQU,55529,20200430,True,unknown,missing_period_unit_scope_or_source
0001084765-20-000007,RGP,1084765,20200531,True,unknown,missing_period_unit_scope_or_source
0001564590-20-033611,RPM,110621,20200531,True,unknown,missing_period_unit_scope_or_source
0000866729-20-000010,SCHL,866729,20200531,True,unknown,missing_period_unit_scope_or_source
0001558370-20-008501,LW,1679273,20200531,True,unknown,missing_period_unit_scope_or_source
0001628280-20-010734,CSBR,771856,20200430,True,unknown,missing_period_unit_scope_or_source
0000723254-20-000025,CTAS,723254,20200531,True,unknown,missing_period_unit_scope_or_source
0001185185-20-001054,FEIM,39020,20200430,True,unknown,missing_period_unit_scope_or_source
0001193125-20-204007,NEOG,711377,20200531,True,unknown,missing_period_unit_scope_or_source
0001564590-20-034944,MSFT,789019,20200630,True,unknown,missing_period_unit_scope_or_source
0001564590-20-034955,WOR,108516,20200531,True,unknown,missing_period_unit_scope_or_source
0001564590-20-035424,RELL,355948,20200531,True,unknown,missing_period_unit_scope_or_source
0000008670-20-000032,ADP,8670,20200630,True,unknown,missing_period_unit_scope_or_source
0000080424-20-000053,PG,80424,20200630,True,unknown,missing_period_unit_scope_or_source
0001002638-20-000026,OTEX,1002638,20200630,True,unknown,missing_period_unit_scope_or_source
0000096536-20-000013,TAYD,96536,20200531,True,unknown,missing_period_unit_scope_or_source
0001137789-20-000057,STX,1137789,20200630,True,unknown,missing_period_unit_scope_or_source
0001646972-20-000038,ACI,1646972,20200229,True,unknown,missing_period_unit_scope_or_source
0000319201-20-000047,KLAC,319201,20200630,True,unknown,missing_period_unit_scope_or_source
0001558370-20-009960,PCTY,1591698,20200630,True,unknown,missing_period_unit_scope_or_source
0000080424-20-000059,PG,80424,20200630,True,unknown,missing_period_unit_scope_or_source
0001275187-20-000024,ANGO,1275187,20200531,True,unknown,missing_period_unit_scope_or_source
0001564590-20-038909,ADUS,1468328,20191231,True,unknown,missing_period_unit_scope_or_source
0001564590-20-038975,FOX,1754301,20200630,False,unknown,missing_or_conflicting_required_fact
0001564708-20-000022,NWS,1564708,20200630,True,unknown,missing_period_unit_scope_or_source
0001262976-20-000060,CMPR,1262976,20200630,True,unknown,missing_period_unit_scope_or_source
0001383312-20-000055,BR,1383312,20200630,True,unknown,missing_period_unit_scope_or_source
0001104659-20-093207,UUU,102109,20200331,True,unknown,missing_period_unit_scope_or_source
0000943819-20-000013,RMD,943819,20200630,True,unknown,missing_period_unit_scope_or_source
0000721371-20-000089,CAH,721371,20200630,True,unknown,missing_period_unit_scope_or_source
0000021076-20-000016,CLX,21076,20200630,True,unknown,missing_period_unit_scope_or_source
0001116132-20-000022,TPR,1116132,20200630,True,unknown,missing_period_unit_scope_or_source
0001554795-20-000206,RCAT,748268,20200430,True,unknown,missing_period_unit_scope_or_source
0000008858-20-000025,AVT,8858,20200630,True,unknown,missing_period_unit_scope_or_source
0001564590-20-040205,CACI,16058,20200630,True,unknown,missing_period_unit_scope_or_source
0000109563-20-000083,AIT,109563,20200630,True,unknown,missing_period_unit_scope_or_source
0001564590-20-040455,PFGC,1618673,20200630,True,unknown,missing_period_unit_scope_or_source
0001049521-20-000034,MRCY,1049521,20200630,True,unknown,missing_period_unit_scope_or_source
0000849146-20-000115,LFVN,849146,20200630,True,unknown,missing_period_unit_scope_or_source
0001558370-20-010728,CVSA,730464,20200630,True,unknown,missing_period_unit_scope_or_source
0000707549-20-000138,LRCX,707549,20200630,True,unknown,missing_period_unit_scope_or_source
0001193125-20-223682,FN,1408710,20200630,True,unknown,missing_period_unit_scope_or_source
0001493152-20-016303,POWW,1015383,20200331,True,unknown,missing_period_unit_scope_or_source
0001193125-20-224715,JBSS,880117,20200630,True,unknown,missing_period_unit_scope_or_source
0000055242-20-000026,KMT,55242,20200630,True,unknown,missing_period_unit_scope_or_source
0001511737-20-000022,UI,1511737,20200630,True,unknown,missing_period_unit_scope_or_source
0001564590-20-040946,SYNA,817720,20200630,True,unknown,missing_period_unit_scope_or_source
0001520138-20-000409,AXIL,1718500,20200531,True,unknown,missing_period_unit_scope_or_source
0000703351-20-000059,EAT,703351,20200630,True,unknown,missing_period_unit_scope_or_source
0000912093-20-000057,VIAV,912093,20200630,True,unknown,missing_period_unit_scope_or_source
0000779152-20-000064,JKHY,779152,20200630,True,unknown,missing_period_unit_scope_or_source
0001633978-20-000011,LITE,1633978,20200630,True,unknown,missing_period_unit_scope_or_source
0001387131-20-007877,CVU,889348,20191231,True,unknown,missing_period_unit_scope_or_source
0000096021-20-000100,SYY,96021,20200630,False,unknown,missing_or_conflicting_required_fact
0001437749-20-018707,TWIN,100378,20200630,True,unknown,missing_period_unit_scope_or_source
0000076334-20-000099,PH,76334,20200630,True,unknown,missing_period_unit_scope_or_source
0000820318-20-000023,COHR,820318,20200630,True,unknown,missing_period_unit_scope_or_source
0001564590-20-041350,UFI,100726,20200630,True,unknown,missing_period_unit_scope_or_source
0001437749-20-018754,TECH,842023,20200630,True,unknown,missing_period_unit_scope_or_source
0000057515-20-000024,MZTI,57515,20200630,True,unknown,missing_period_unit_scope_or_source
0001748790-20-000025,AMCR,1748790,20200630,True,unknown,missing_period_unit_scope_or_source
0001024305-20-000084,COTY,1024305,20200630,True,unknown,missing_period_unit_scope_or_source
0001377789-20-000062,AVNW,1377789,20200630,True,unknown,missing_period_unit_scope_or_source
0001193125-20-233145,RCEL,1762303,20200630,True,unknown,missing_period_unit_scope_or_source
0001437749-20-018839,ETD,896156,20200630,True,unknown,missing_period_unit_scope_or_source
0001606757-20-000051,KE,1606757,20200630,True,unknown,missing_period_unit_scope_or_source
0000106040-20-000049,WDC,106040,20200630,True,unknown,missing_period_unit_scope_or_source
0001564590-20-041697,QNST,1117297,20200630,True,unknown,missing_period_unit_scope_or_source
0001001250-20-000065,EL,1001250,20200630,True,unknown,missing_period_unit_scope_or_source
0000037472-20-000043,FLXS,37472,20200630,True,unknown,missing_period_unit_scope_or_source
0001795250-20-000011,SPHR,1795250,20200630,True,unknown,missing_period_unit_scope_or_source
0001636519-20-000025,MSGS,1636519,20200630,True,unknown,missing_period_unit_scope_or_source
0001564590-20-041865,BILL,1786352,20200630,True,unknown,missing_period_unit_scope_or_source
0001375365-20-000064,SMCI,1375365,20200630,True,unknown,missing_period_unit_scope_or_source
0001590976-20-000069,MBUU,1590976,20200630,True,unknown,missing_period_unit_scope_or_source
0000896878-20-000148,INTU,896878,20200731,True,unknown,missing_period_unit_scope_or_source
0001564590-20-042032,EXTR,1078271,20200630,True,unknown,missing_period_unit_scope_or_source
0001387467-20-000047,AOSL,1387467,20200630,True,unknown,missing_period_unit_scope_or_source
0001564590-20-042414,STRT,933034,20200630,True,unknown,missing_period_unit_scope_or_source
0000866273-20-000109,MTRX,866273,20200630,False,unknown,missing_or_conflicting_required_fact
0000858877-20-000010,CSCO,858877,20200731,True,unknown,missing_period_unit_scope_or_source
0001327567-20-000032,PANW,1327567,20200731,True,unknown,missing_period_unit_scope_or_source
0000017843-20-000071,CRS,17843,20200630,True,unknown,missing_period_unit_scope_or_source
0001006655-20-000015,EPM,1006655,20200630,True,unknown,missing_period_unit_scope_or_source
0001553350-20-000854,PDEX,788920,20200630,True,unknown,missing_period_unit_scope_or_source
0001654954-20-009993,LPTH,889971,20200630,True,unknown,missing_period_unit_scope_or_source
0001639825-20-000122,PTON,1639825,20200630,True,unknown,missing_period_unit_scope_or_source
0001683168-20-003098,LTRX,1114925,20200630,True,unknown,missing_period_unit_scope_or_source
0001437749-20-019622,FLWS,1084869,20200630,True,unknown,missing_period_unit_scope_or_source
0001564590-20-043257,MCFT,1638290,20200630,True,unknown,missing_period_unit_scope_or_source
0001437749-20-019630,LYTS,763532,20200630,True,unknown,missing_period_unit_scope_or_source
0001558370-20-011132,EGAN,1066194,20200630,True,unknown,missing_period_unit_scope_or_source
0001174947-20-000945,EVI,65312,20200630,True,unknown,missing_period_unit_scope_or_source
0000746598-20-000097,BRC,746598,20200731,True,unknown,missing_period_unit_scope_or_source
0001785982-20-000846,NB,1512228,20200630,True,unknown,missing_period_unit_scope_or_source
0001713683-20-000163,ZS,1713683,20200731,True,unknown,missing_period_unit_scope_or_source
0001174947-20-000957,ESP,33533,20200630,True,unknown,missing_period_unit_scope_or_source
0001654954-20-010351,TRT,732026,20200630,True,unknown,missing_period_unit_scope_or_source
0001618732-20-000112,NTNX,1618732,20200731,True,unknown,missing_period_unit_scope_or_source
0000016732-20-000111,CPB,16732,20200731,True,unknown,missing_period_unit_scope_or_source
0001683168-20-003264,POCI,867840,20200630,True,unknown,missing_period_unit_scope_or_source
0001104659-20-108295,RSSS,1386301,20200630,True,unknown,missing_period_unit_scope_or_source
0000812011-20-000059,MTN,812011,20200731,True,unknown,missing_period_unit_scope_or_source
0001628280-20-013900,FLR,1124198,20191231,True,unknown,missing_period_unit_scope_or_source
0000029644-20-000046,DCI,29644,20200731,False,unknown,missing_or_conflicting_required_fact
0001576942-20-000077,SFIX,1576942,20200731,True,unknown,missing_period_unit_scope_or_source
0001437749-20-020272,CTGO,1502377,20200630,True,unknown,missing_period_unit_scope_or_source
0001564590-20-044687,PZG,1629210,20200630,True,unknown,missing_period_unit_scope_or_source
0001528396-20-000053,GWRE,1528396,20200731,False,unknown,missing_or_conflicting_required_fact
0000730263-20-000019,THO,730263,20200731,True,unknown,missing_period_unit_scope_or_source
0001493152-20-018417,NTWK,1039280,20200630,True,unknown,missing_period_unit_scope_or_source
0000900075-20-000021,CPRT,900075,20200731,True,unknown,missing_period_unit_scope_or_source
0001564590-20-044824,RLGT,1171155,20200630,True,unknown,missing_period_unit_scope_or_source
0001654954-20-010541,TRAK,50471,20200630,True,unknown,missing_period_unit_scope_or_source
0001493152-20-018485,FLUX,1083743,20200630,True,unknown,missing_period_unit_scope_or_source
0001020859-20-000064,UNFI,1020859,20200731,True,unknown,missing_period_unit_scope_or_source
0000909832-20-000017,COST,909832,20200831,True,unknown,missing_period_unit_scope_or_source
0000103595-20-000033,VLGEA,103595,20200731,True,unknown,missing_period_unit_scope_or_source
0000074046-20-000052,ODC,74046,20200731,True,unknown,missing_period_unit_scope_or_source
0001640334-20-002561,LEXX,1348362,20200831,True,unknown,missing_period_unit_scope_or_source
0000022444-20-000047,CMC,22444,20200831,True,unknown,missing_period_unit_scope_or_source
0000723125-20-000082,MU,723125,20200831,True,unknown,missing_period_unit_scope_or_source
0000107687-20-000035,WGO,107687,20200831,True,unknown,missing_period_unit_scope_or_source
0000105132-20-000046,WDFC,105132,20200831,True,unknown,missing_period_unit_scope_or_source
0001193125-20-274411,JBL,898293,20200831,True,unknown,missing_period_unit_scope_or_source
0001467373-20-000376,ACN,1467373,20200831,True,unknown,missing_period_unit_scope_or_source
0001564590-20-047291,PENG,1616533,20200831,True,unknown,missing_period_unit_scope_or_source
0001144215-20-000125,AYI,1144215,20200831,True,unknown,missing_period_unit_scope_or_source
0000006955-20-000046,EPAC,6955,20200831,True,unknown,missing_period_unit_scope_or_source
0001558370-20-011748,AZO,866787,20200831,True,unknown,missing_period_unit_scope_or_source
0001003078-20-000283,MSM,1003078,20200831,True,unknown,missing_period_unit_scope_or_source
0001702744-20-000100,SMPL,1702744,20200831,True,unknown,missing_period_unit_scope_or_source
0001213900-20-033714,ZDGE,1667313,20200731,True,unknown,missing_period_unit_scope_or_source
0001564590-20-048412,UNF,717954,20200831,True,unknown,missing_period_unit_scope_or_source
0001437749-20-021877,UEC,1334933,20200731,True,unknown,missing_period_unit_scope_or_source
0001013237-20-000153,FDS,1013237,20200831,True,unknown,missing_period_unit_scope_or_source
0001437749-20-021957,IIIN,764401,20200930,True,unknown,missing_period_unit_scope_or_source
0000320193-20-000096,AAPL,320193,20200930,True,unknown,missing_period_unit_scope_or_source
0001041803-20-000047,PSMT,1041803,20200831,True,unknown,missing_period_unit_scope_or_source
0001728949-20-000067,QCOM,804328,20200930,True,unknown,missing_period_unit_scope_or_source
0000823277-20-000034,CHSCL,823277,20200831,True,unknown,missing_period_unit_scope_or_source
0001558370-20-013380,DIT,928465,20200930,True,unknown,missing_period_unit_scope_or_source
0001140361-20-025088,PCYO,276720,20200831,True,unknown,missing_period_unit_scope_or_source
0001024478-20-000038,ROK,1024478,20200930,True,unknown,missing_period_unit_scope_or_source
0001558370-20-013511,TEL,1385157,20200930,True,unknown,missing_period_unit_scope_or_source
0000814547-20-000012,FICO,814547,20200930,True,unknown,missing_period_unit_scope_or_source
0001260221-20-000099,TDG,1260221,20200930,True,unknown,missing_period_unit_scope_or_source
0001217160-20-000094,JCTC,885307,20200831,True,unknown,missing_period_unit_scope_or_source
0001171843-20-007946,CLFD,796505,20200930,True,unknown,missing_period_unit_scope_or_source
0000915840-20-000068,BZH,915840,20200930,True,unknown,missing_period_unit_scope_or_source
0000829224-20-000078,SBUX,829224,20200930,True,unknown,missing_period_unit_scope_or_source
0000050725-20-000063,GFF,50725,20200930,False,unknown,missing_or_conflicting_required_fact
0000731802-20-000040,ATO,731802,20200930,True,unknown,missing_period_unit_scope_or_source
0000897723-20-000034,SANM,897723,20200930,True,unknown,missing_period_unit_scope_or_source
0001171843-20-007980,NTIC,875582,20200831,True,unknown,missing_period_unit_scope_or_source
0000100493-20-000132,TSN,100493,20200930,True,unknown,missing_period_unit_scope_or_source
0000833444-20-000048,JCI,833444,20200930,True,unknown,missing_period_unit_scope_or_source
0000886206-20-000029,FC,886206,20200831,True,unknown,missing_period_unit_scope_or_source
0000032604-20-000041,EMR,32604,20200930,True,unknown,missing_period_unit_scope_or_source
0001683168-20-003974,SLP,1023459,20200831,True,unknown,missing_period_unit_scope_or_source
0001376986-20-000030,TVC,1376986,20200930,True,unknown,missing_period_unit_scope_or_source
0000004127-20-000058,SWKS,4127,20200930,True,unknown,missing_period_unit_scope_or_source
0001564590-20-054401,KRUS,1772177,20200831,True,unknown,missing_period_unit_scope_or_source
0001564590-20-054448,SR,1126956,20200930,True,unknown,missing_period_unit_scope_or_source
0000807882-20-000018,JACK,807882,20200930,True,unknown,missing_period_unit_scope_or_source
0001493594-20-000063,MTSI,1493594,20200930,True,unknown,missing_period_unit_scope_or_source
0001564590-20-054491,OSK,775158,20200930,False,unknown,missing_or_conflicting_required_fact
0000109177-20-000058,SPB,109177,20200930,True,unknown,missing_period_unit_scope_or_source
0001104659-20-126988,ACM,868857,20200930,True,unknown,missing_period_unit_scope_or_source
0001140859-20-000050,COR,1140859,20200930,True,unknown,missing_period_unit_scope_or_source
0001032220-20-000102,MMS,1032220,20200930,True,unknown,missing_period_unit_scope_or_source
0001048695-20-000041,FFIV,1048695,20200930,True,unknown,missing_period_unit_scope_or_source
0000002969-20-000049,APD,2969,20200930,False,unknown,missing_or_conflicting_required_fact
0001403161-20-000070,V,1403161,20200930,False,unknown,missing_or_conflicting_required_fact
0001564590-20-054663,ASYS,720500,20200930,False,unknown,missing_or_conflicting_required_fact
0001031296-20-000043,FE,1031296,20191231,True,unknown,missing_period_unit_scope_or_source
0000882184-20-000143,DHI,882184,20200930,True,unknown,missing_period_unit_scope_or_source
0000056978-20-000146,KLIC,56978,20200930,True,unknown,missing_period_unit_scope_or_source
0000785786-20-000102,PLXS,785786,20200930,True,unknown,missing_period_unit_scope_or_source
0001564590-20-054742,GEOS,1001115,20200930,True,unknown,missing_period_unit_scope_or_source
0001772016-20-000070,BRBR,1772016,20200930,True,unknown,missing_period_unit_scope_or_source
0000063296-20-000098,MATW,63296,20200930,True,unknown,missing_period_unit_scope_or_source
0001644378-20-000044,RMR,1644378,20200930,True,unknown,missing_period_unit_scope_or_source
0000070145-20-000032,NFG,70145,20200930,True,unknown,missing_period_unit_scope_or_source
0001564590-20-054803,PTC,857005,20200930,True,unknown,missing_period_unit_scope_or_source
0000884614-20-000052,UGI,884614,20200930,True,unknown,missing_period_unit_scope_or_source
0000046765-20-000032,HP,46765,20200930,True,unknown,missing_period_unit_scope_or_source
0001564590-20-054809,WWD,108312,20200930,True,unknown,missing_period_unit_scope_or_source
0001319161-20-000032,WMG,1319161,20200930,True,unknown,missing_period_unit_scope_or_source
0000831641-20-000154,TTEK,831641,20200930,False,unknown,missing_or_conflicting_required_fact
0001314727-20-000052,SONO,1314727,20200930,True,unknown,missing_period_unit_scope_or_source
0001728688-20-000086,IIIV,1728688,20200930,True,unknown,missing_period_unit_scope_or_source
0000052988-20-000070,J,52988,20200930,True,unknown,missing_period_unit_scope_or_source
0000006281-20-000156,ADI,6281,20201031,True,unknown,missing_period_unit_scope_or_source
0000887733-20-000014,CENT,887733,20200930,True,unknown,missing_period_unit_scope_or_source
0001584509-20-000230,ARMK,1584509,20200930,True,unknown,missing_period_unit_scope_or_source
0001674910-20-000221,VVV,1674910,20200930,True,unknown,missing_period_unit_scope_or_source
0001546380-20-000045,SMG,825542,20200930,True,unknown,missing_period_unit_scope_or_source
0001564590-20-055186,SPH,1005210,20200930,True,unknown,missing_period_unit_scope_or_source
0001564590-20-055198,CBT,16040,20200930,True,unknown,missing_period_unit_scope_or_source
0000010795-20-000055,BDX,10795,20200930,True,unknown,missing_period_unit_scope_or_source
0000854775-20-000032,DGII,854775,20200930,True,unknown,missing_period_unit_scope_or_source
0001744489-20-000197,DIS,1744489,20200930,False,unknown,missing_or_conflicting_required_fact
0001193125-20-303904,TWST,1581280,20200930,True,unknown,missing_period_unit_scope_or_source
0000356309-20-000098,NJR,356309,20200930,True,unknown,missing_period_unit_scope_or_source
0001104659-20-130486,ESE,866706,20200930,True,unknown,missing_period_unit_scope_or_source
0001681622-20-000116,VREX,1681622,20200930,True,unknown,missing_period_unit_scope_or_source
0001140361-20-027245,ONEW,1772921,20200930,True,unknown,missing_period_unit_scope_or_source
0001069533-20-000046,RGCO,1069533,20200930,True,unknown,missing_period_unit_scope_or_source
0000048465-20-000043,HRL,48465,20201031,True,unknown,missing_period_unit_scope_or_source
0001048268-20-000033,IESC,1048268,20200930,True,unknown,missing_period_unit_scope_or_source
0000785557-20-000016,DLHC,785557,20200930,False,unknown,missing_or_conflicting_required_fact
0001564590-20-056309,SGU,1002590,20200930,True,unknown,missing_period_unit_scope_or_source
0000807863-20-000136,MITK,807863,20200930,True,unknown,missing_period_unit_scope_or_source
0001564590-20-056379,ALCO,3545,20200930,True,unknown,missing_period_unit_scope_or_source
0000080420-20-000036,POWL,80420,20200930,True,unknown,missing_period_unit_scope_or_source
0001437749-20-025049,GNSS,924383,20200930,True,unknown,missing_period_unit_scope_or_source
0000047217-20-000045,HPQ,47217,20201031,True,unknown,missing_period_unit_scope_or_source
0001437749-20-025108,NGVC,1547459,20200930,True,unknown,missing_period_unit_scope_or_source
0001645590-20-000056,HPE,1645590,20201031,True,unknown,missing_period_unit_scope_or_source
0001718227-20-000093,ROAD,1718227,20200930,True,unknown,missing_period_unit_scope_or_source
0001140361-20-028143,JOUT,788329,20200930,True,unknown,missing_period_unit_scope_or_source
0000006951-20-000048,AMAT,6951,20201031,True,unknown,missing_period_unit_scope_or_source
0001437749-20-025193,LEE,58361,20200930,True,unknown,missing_period_unit_scope_or_source
0001423221-20-000021,NX,1423221,20201031,True,unknown,missing_period_unit_scope_or_source
0000711404-20-000042,COO,711404,20201031,True,unknown,missing_period_unit_scope_or_source
0001493152-20-023525,RICK,935419,20200930,True,unknown,missing_period_unit_scope_or_source
0001564590-20-057000,RJET,810332,20200930,True,unknown,missing_period_unit_scope_or_source
0000876523-20-000059,EZPW,876523,20200930,True,unknown,missing_period_unit_scope_or_source
0000883241-20-000015,SNPS,883241,20201031,True,unknown,missing_period_unit_scope_or_source
0001558370-20-014436,DE,315189,20201031,True,unknown,missing_period_unit_scope_or_source
0001437749-20-025531,DJCO,783412,20200930,True,unknown,missing_period_unit_scope_or_source
0000771497-20-000018,ABM,771497,20201031,True,unknown,missing_period_unit_scope_or_source
0001601046-20-000154,KEYS,1601046,20201031,False,unknown,missing_or_conflicting_required_fact
0001493152-20-023848,OPXS,1397016,20200930,True,unknown,missing_period_unit_scope_or_source
0000043920-20-000074,GEF,43920,20201031,True,unknown,missing_period_unit_scope_or_source
0001090872-20-000020,A,1090872,20201031,False,unknown,missing_or_conflicting_required_fact
0001193125-20-320959,GENC,64472,20200930,True,unknown,missing_period_unit_scope_or_source
0000072331-20-000024,NDSN,72331,20201031,True,unknown,missing_period_unit_scope_or_source
0000737758-20-000029,TTC,737758,20201031,True,unknown,missing_period_unit_scope_or_source
0000936395-20-000042,CIEN,936395,20201031,True,unknown,missing_period_unit_scope_or_source
0001730168-20-000226,AVGO,1730168,20201031,False,unknown,missing_or_conflicting_required_fact
0001437749-20-025692,OCC,1000230,20201031,True,unknown,missing_period_unit_scope_or_source
0001437749-20-025763,HOV,357294,20201031,False,unknown,missing_or_conflicting_required_fact
0000794170-20-000066,TOL,794170,20201031,False,unknown,missing_or_conflicting_required_fact
0001104659-20-138570,IA,836690,20200930,False,unknown,missing_or_conflicting_required_fact
0000046619-20-000078,HEI,46619,20201031,True,unknown,missing_period_unit_scope_or_source
0001562762-20-000435,MELI,1099590,20191231,True,unknown,missing_period_unit_scope_or_source
0000356037-20-000023,CSPI,356037,20200930,True,unknown,missing_period_unit_scope_or_source
0001731122-20-001338,AVXL,1314052,20200930,True,unknown,missing_period_unit_scope_or_source
0001437749-20-026051,RFIL,740664,20201031,True,unknown,missing_period_unit_scope_or_source
