sym,ticker,startDate,endDate
AA-W,AA-W,2016-10-18,2016-11-08
AAAP,AAAP,2015-11-11,2018-02-20
AABA,AABA,1996-04-12,2019-11-06
AAC,AAC,2014-10-02,2021-04-19
AAC-U,AAC-U,2021-02-02,2026-06-30
AACBR,AACBR,2025-04-07,2026-08-19
AACC,AACC,2004-02-05,2013-10-17
AACIU,AACIU,2021-08-13,2024-08-15
AACQU,AACQU,2020-07-14,2021-06-24
AACT-U,AACT-U,2023-04-21,2025-09-24
AAGR,AAGR,2023-12-07,2024-10-24
AAGRW,AAGRW,2023-12-07,2026-05-28
AAI,AAI,2001-09-17,2011-11-30
AAIC,AAIC,1997-12-23,2023-12-14
AAIN,AAIN,2021-07-19,2024-01-30
AAM,AAM,2024-09-16,2026-02-02
AAM-U,AAM-U,2024-08-01,2026-02-02
AAM-WS,AAM-WS,2024-09-16,2026-02-02
AAMRQ,AAMRQ,2001-01-02,2013-12-17
AAN,AAN,2020-11-25,2024-10-03
AAN-W,AAN-W,2020-11-25,2020-11-30
AAPC,AAPC,2015-04-29,2017-10-04
AAQC,AAQC,2021-05-10,2022-12-15
AAQC-U,AAQC-U,2021-03-18,2022-12-15
AATI,AATI,2005-08-04,2012-01-27
AAV,AAV,2004-03-31,2018-12-14
AAWW,AAWW,2005-11-09,2023-04-03
ABAX,ABAX,1992-01-23,2018-08-01
ABBC,ABBC,2004-12-17,2011-10-10
ABCD,ABCD,2009-12-09,2018-12-18
ABCM,ABCM,2010-12-03,2026-08-07
ABCO,ABCO,2001-11-13,2017-11-17
ABCW,ABCW,2016-01-04,2016-05-09
ABDC,ABDC,2014-05-09,2020-01-31
ABEOW,ABEOW,2015-06-22,2019-12-20
ABFS,ABFS,1992-05-13,2014-05-13
ABGB,ABGB,2016-01-04,2016-05-05
ABGBY,ABGBY,2016-05-02,2016-05-13
ABGI,ABGI,2021-02-17,2023-02-27
ABI,ABI,2009-05-11,2014-05-15
ABII,ABII,2007-11-15,2010-10-25
ABILW,ABILW,2016-01-04,2016-04-07
ABLLW,ABLLW,2020-09-14,2025-08-14
ABLX,ABLX,2017-10-20,2018-06-22
ABMD,ABMD,1987-07-30,2023-01-03
ABRN,ABRN,2014-05-15,2018-04-26
ABST,ABST,2007-07-13,2020-10-28
ABTL,ABTL,1999-03-26,2017-10-06
ABTX,ABTX,2015-10-08,2022-09-30
ABVA,ABVA,2001-12-05,2013-01-07
ABVT,ABVT,2010-12-02,2013-07-10
ABXL,ABXL,2025-12-30,2026-01-27
ABY,ABY,2014-06-13,2017-11-13
ACAB,ACAB,2022-03-09,2024-11-12
ACABU,ACABU,2022-01-14,2024-11-12
ACAC,ACAC,2022-08-08,2024-09-26
ACACU,ACACU,2020-10-23,2021-06-21
ACACW,ACACW,2020-12-15,2024-10-04
ACAH,ACAH,2021-04-28,2024-03-05
ACAHU,ACAHU,2021-03-04,2024-03-05
ACAHW,ACAHW,2021-04-29,2024-02-23
ACAMU,ACAMU,2019-02-22,2021-01-21
ACAP,ACAP,2001-01-02,2010-11-01
ACAQ,ACAQ,2021-12-13,2023-10-19
ACAQ-U,ACAQ-U,2021-10-20,2023-10-19
ACAQ-WS,ACAQ-WS,2021-12-10,2023-10-19
ACAS,ACAS,1997-09-02,2017-01-11
ACAT,ACAT,2001-01-02,2017-03-07
ACAX,ACAX,2022-03-24,2024-01-08
ACAXR,ACAXR,2022-03-24,2024-01-08
ACAXU,ACAXU,2022-02-01,2024-01-08
ACAXW,ACAXW,2022-03-24,2024-01-08
ACB,ACB,2007-03-07,2021-05-26
ACBA,ACBA,2021-05-26,2024-05-30
ACBAU,ACBAU,2021-04-06,2024-05-30
ACBAW,ACBAW,2021-05-21,2024-05-23
ACBI,ACBI,2015-11-02,2022-02-28
ACC,ACC,2004-08-12,2022-08-09
ACCD,ACCD,2020-07-02,2025-04-08
ACCL,ACCL,1995-12-06,2014-05-06
ACDCW,ACDCW,2022-11-02,2023-11-07
ACDI,ACDI,2021-12-31,2023-02-15
ACDI-U,ACDI-U,2021-11-10,2023-02-15
ACEL-WS,ACEL-WS,2019-11-21,2020-07-15
ACER,ACER,2017-09-22,2023-11-20
ACERW,ACERW,2015-04-14,2018-04-05
ACETQ,ACETQ,1990-03-26,2019-10-01
ACEVU,ACEVU,2020-07-28,2022-11-22
ACF,ACF,2010-09-30,2011-10-10
ACFC,ACFC,2004-10-05,2018-05-29
ACGLP,ACGLP,2016-09-23,2021-09-29
ACGN,ACGN,1996-01-25,2023-09-01
ACHN,ACHN,2006-11-09,2020-01-28
ACHR-WS,ACHR-WS,2020-12-18,2022-12-23
ACI,ACI,1988-08-12,2020-09-15
ACIA,ACIA,2016-05-13,2021-03-01
ACIC-U,ACIC-U,2020-10-28,2021-09-16
ACII,ACII,2025-09-25,2026-05-28
ACII-U,ACII-U,2021-02-04,2022-12-01
ACKIT,ACKIT,2021-02-04,2022-08-31
ACKIU,ACKIU,2020-12-21,2022-08-31
ACKIW,ACKIW,2021-02-04,2022-08-31
ACLI,ACLI,2006-12-28,2010-12-31
ACLX,ACLX,2022-02-04,2026-04-28
ACME,ACME,2016-01-08,2017-01-11
ACMP,ACMP,2010-07-29,2015-02-02
ACND-U,ACND-U,2020-07-24,2021-07-21
ACND-WS,ACND-WS,2020-09-14,2021-07-21
ACO,ACO,1987-08-13,2014-05-12
ACOM,ACOM,2009-11-05,2013-01-14
ACP-R,ACP-R,2019-10-14,2021-06-15
ACQR,ACQR,2021-05-19,2023-03-10
ACQRU,ACQRU,2021-03-09,2023-03-10
ACQRW,ACQRW,2021-05-17,2023-03-10
ACRO,ACRO,2021-08-30,2023-12-18
ACRO-U,ACRO-U,2021-07-09,2023-12-18
ACRO-WS,ACRO-WS,2021-08-30,2023-12-18
ACS,ACS,2010-02-05,2011-02-14
ACSF,ACSF,2014-01-16,2018-09-19
ACST,ACST,2011-05-06,2024-10-07
ACTA,ACTA,1999-08-05,2018-04-20
ACTC,ACTC,2020-11-25,2021-06-14
ACTCU,ACTCU,2020-09-23,2021-06-14
ACTD,ACTD,2021-05-24,2022-07-21
ACTDU,ACTDU,2021-03-23,2022-07-21
ACTDW,ACTDW,2021-05-21,2022-07-21
ACTI,ACTI,1995-10-26,2011-02-17
ACTS,ACTS,2005-11-30,2016-12-20
ACTT,ACTT,2019-05-14,2020-06-24
ACTTU,ACTTU,2019-04-26,2020-06-24
ACTTW,ACTTW,2019-05-14,2020-06-24
ACW,ACW,2010-03-03,2016-11-28
ACXM,ACXM,1984-09-07,2018-10-01
ADAL,ADAL,2021-12-29,2023-05-02
ADALU,ADALU,2021-10-28,2023-05-02
ADALW,ADALW,2021-12-27,2023-05-02
ADCC,ADCC,2018-02-07,2018-12-12
ADCT,ADCT,2001-01-02,2010-12-20
ADEP,ADEP,1995-12-15,2015-10-26
ADER,ADER,2021-03-08,2023-09-25
ADERU,ADERU,2021-01-15,2023-09-25
ADERW,ADERW,2021-03-09,2023-09-25
ADF-U,ADF-U,2021-04-09,2021-12-02
ADGE,ADGE,2007-12-27,2017-07-14
ADGF,ADGF,1998-07-10,2012-06-11
ADHD,ADHD,2013-05-22,2017-11-15
ADILW,ADILW,2018-07-27,2023-07-27
ADK,ADK,2006-12-21,2017-10-02
ADLR,ADLR,2000-11-14,2011-12-22
ADMS,ADMS,2014-04-10,2021-11-24
ADNC,ADNC,2012-05-11,2015-07-09
ADNT-W,ADNT-W,2016-10-17,2016-10-28
ADOC,ADOC,2020-12-10,2024-03-21
ADOCR,ADOCR,2020-12-10,2024-03-21
ADOCU,ADOCU,2020-11-10,2020-12-09
ADPI,ADPI,2012-02-09,2012-02-28
ADPT,ADPT,2014-06-25,2017-04-20
ADPTQ,ADPTQ,2014-06-25,2017-11-01
ADRAU,ADRAU,2021-02-09,2023-03-17
ADRT,ADRT,2022-02-09,2024-10-10
ADRT-U,ADRT-U,2021-12-16,2024-10-10
ADS-W,ADS-W,2021-11-05,2021-11-05
ADSE,ADSE,2021-03-10,2021-12-23
ADSW,ADSW,2016-10-06,2021-11-05
ADT,ADT,2012-09-28,2020-05-01
ADTH,ADTH,2021-12-23,2024-06-21
ADTHW,ADTHW,2021-04-20,2024-06-21
ADVNQ,ADVNQ,1990-01-02,2012-03-14
ADVS,ADVS,1995-11-16,2015-07-16
ADXSW,ADXSW,2013-10-17,2018-10-18
ADY,ADY,2006-05-26,2013-10-17
AE,AE,1984-09-07,2025-02-04
AEA,AEA,2005-08-26,2013-05-01
AEAC,AEAC,2021-03-08,2023-01-20
AEACU,AEACU,2021-01-15,2023-01-20
AEACW,AEACW,2021-03-08,2023-01-20
AEAE,AEAE,2021-12-13,2026-05-28
AEAEU,AEAEU,2021-10-29,2026-05-28
AEAEW,AEAEW,2021-12-13,2026-05-28
AEB,AEB,2005-11-23,2021-09-14
AEBIV,AEBIV,2025-07-01,2025-07-01
AEC,AEC,1993-11-11,2015-08-14
AED,AED,2005-11-23,2019-06-14
AED-CL,AED-CL,2019-05-08,2019-06-14
AEGN,AEGN,1989-04-24,2021-05-17
AEGR,AEGR,2010-10-21,2016-12-07
AEH,AEH,2005-06-15,2019-12-13
AEH-CL,AEH-CL,2019-10-25,2019-12-13
AEHA,AEHA,2021-11-08,2026-05-28
AEHAU,AEHAU,2021-09-15,2023-02-14
AEK,AEK,2012-02-07,2018-05-14
AEL,AEL,2003-12-04,2024-05-02
AENZ,AENZ,2013-07-24,2023-12-14
AEON-WS,AEON-WS,2023-07-24,2023-07-31
AEPI,AEPI,2001-01-02,2017-01-30
AEPPL,AEPPL,2019-03-15,2022-03-14
AEPPZ,AEPPZ,2020-10-01,2023-08-24
AERI,AERI,2013-10-25,2023-01-03
AERO,AERO,2007-01-08,2021-02-26
AERT,AERT,2001-01-02,2023-11-09
AERTW,AERTW,2021-12-21,2026-05-28
AESC,AESC,2021-03-05,2024-02-14
AET,AET,1977-01-03,2018-11-28
AEUA,AEUA,2015-06-11,2018-06-07
AEVAW,AEVAW,2020-02-27,2026-03-11
AEZ,AEZ,2003-01-21,2010-12-30
AF,AF,1993-11-18,2017-10-02
AFA,AFA,2012-08-28,2017-08-24
AFAC,AFAC,2022-01-04,2022-12-08
AFACU,AFACU,2021-11-10,2022-12-08
AFACW,AFACW,2022-01-03,2022-12-08
AFAM,AFAM,1993-02-19,2018-04-02
AFAQ,AFAQ,2021-05-27,2022-12-29
AFAQU,AFAQU,2021-03-19,2022-12-22
AFAQW,AFAQW,2021-05-21,2022-12-22
AFC,AFC,2007-04-17,2021-03-24
AFCB,AFCB,2010-01-07,2018-09-28
AFCO,AFCO,2015-10-20,2017-07-10
AFFMQ,AFFMQ,2012-05-31,2018-07-30
AFFX,AFFX,2016-01-04,2016-04-01
AFGC,AFGC,2011-08-04,2019-08-29
AFGE-CL,AFGE-CL,2019-11-27,2019-12-20
AFGH,AFGH,2015-11-18,2020-11-13
AFM,AFM,2012-10-16,2015-10-29
AFOP,AFOP,2000-11-30,2016-06-07
AFQ,AFQ,2010-09-30,2015-10-07
AFSD,AFSD,2012-09-27,2018-01-10
AFSI,AFSI,2006-11-13,2018-11-29
AFTR,AFTR,2021-10-04,2023-08-15
AFTR-U,AFTR-U,2021-08-16,2023-08-15
AFTR-WS,AFTR-WS,2021-10-05,2023-08-15
AFW,AFW,2012-06-14,2017-06-23
AFW-CL,AFW-CL,2017-05-30,2017-06-23
AGAC,AGAC,2021-03-25,2023-09-14
AGAM,AGAM,2009-10-21,2010-11-29
AGBAR,AGBAR,2019-07-18,2022-11-14
AGBAU,AGBAU,2019-05-14,2022-11-14
AGCB,AGCB,2021-01-07,2022-12-20
AGCUU,AGCUU,2020-10-01,2021-12-01
AGFS,AGFS,2015-08-03,2023-03-31
AGFSW,AGFSW,2015-08-03,2020-08-04
AGGR,AGGR,2021-05-19,2023-03-10
AGGRU,AGGRU,2021-03-10,2023-03-10
AGGRW,AGGRW,2021-05-05,2023-03-10
AGII,AGII,1986-11-14,2018-05-04
AGIIL,AGIIL,2012-09-25,2018-05-04
AGIXQ,AGIXQ,2000-08-09,2009-07-06
AGN,AGN,1989-06-22,2020-05-08
AGNCB,AGNCB,2014-05-09,2019-11-25
AGNCP,AGNCP,2012-04-02,2017-09-18
AGP,AGP,2006-12-28,2012-12-21
AGRZ,AGRZ,2025-10-01,2026-07-20
AGS,AGS,2018-01-26,2025-06-30
AGTC,AGTC,2014-03-27,2022-12-01
AGTI,AGTI,2024-05-07,2024-05-07
AGU,AGU,1995-05-05,2017-12-29
AHAC,AHAC,2020-12-01,2021-08-26
AHACU,AHACU,2020-09-18,2021-08-26
AHGP,AHGP,2006-05-10,2018-06-01
AHL,AHL,2003-12-05,2019-02-15
AHP,AHP,2013-11-06,2018-04-23
AHPA,AHPA,2021-09-30,2022-11-01
AHPAU,AHPAU,2021-08-10,2022-11-01
AHRN,AHRN,2022-02-08,2023-06-16
AHRNU,AHRNU,2021-12-15,2023-06-16
AHRNW,AHRNW,2022-02-04,2023-06-16
AHRT,AHRT,2023-09-11,2026-05-28
AHS,AHS,2001-11-13,2016-10-26
AIB,AIB,2012-11-08,2026-03-20
AIBBR,AIBBR,2022-02-23,2024-05-08
AIC,AIC,2015-03-20,2024-01-30
AIFC,AIFC,1991-11-07,2026-05-28
AIFE,AIFE,2025-03-12,2025-08-07
AIFU,AIFU,2007-11-01,2025-05-20
AIG-WS,AIG-WS,1973-01-02,2021-01-13
AIII,AIII,1997-12-10,2017-08-17
AILE,AILE,2024-04-17,2024-12-31
AIMC,AIMC,2006-12-15,2023-03-27
AIMCV,AIMCV,2006-12-15,2018-10-01
AIMT,AIMT,2015-08-06,2020-10-13
AINC,AINC,2014-11-13,2024-07-26
AIP,AIP,2011-12-27,2023-03-28
AIQ,AIQ,2001-07-27,2017-08-31
AIRC,AIRC,2020-12-15,2024-06-28
AIRM,AIRM,1987-08-31,2017-04-24
AIRTW,AIRTW,2019-06-12,2021-08-30
AIW,AIW,2013-05-06,2021-08-05
AIXG,AIXG,2005-03-11,2017-07-18
AIY,AIY,2013-06-26,2019-08-19
AIZP,AIZP,2018-03-08,2021-03-12
AJAX-WS,AJAX-WS,2020-12-18,2021-08-26
AJAXU,AJAXU,2020-10-28,2021-08-26
AJRD,AJRD,1981-02-02,2023-07-27
AJXA,AJXA,2017-04-28,2024-04-29
AKCA,AKCA,2017-07-14,2020-10-12
AKIC,AKIC,2021-02-26,2022-12-29
AKICU,AKICU,2021-01-06,2022-12-28
AKICW,AKICW,2021-02-26,2022-12-28
AKRO,AKRO,2019-06-20,2025-12-09
AKS,AKS,1994-03-30,2020-03-13
AKUS,AKUS,2020-06-26,2023-01-03
AKYA,AKYA,2021-04-16,2025-07-08
ALAC,ALAC,2018-11-21,2022-05-25
ALACR,ALACR,2018-11-21,2022-04-26
ALACU,ALACU,2018-10-24,2022-05-05
ALACW,ALACW,2018-11-21,2022-04-26
ALBO,ALBO,2007-05-11,2023-03-02
ALC,ALC,2006-11-10,2013-10-17
ALDR,ALDR,2014-05-08,2019-10-22
ALDW,ALDW,2012-11-20,2018-02-08
ALEX,ALEX,2012-06-14,2026-03-12
ALGI,ALGI,2016-01-06,2019-06-26
ALGR,ALGR,2018-08-13,2020-04-20
ALGRR,ALGRR,2018-08-13,2020-04-20
ALGRU,ALGRU,2018-07-03,2020-04-20
ALGRW,ALGRW,2018-08-13,2020-04-20
ALIT-WS,ALIT-WS,2021-07-06,2021-07-06
ALJ,ALJ,2005-07-28,2017-07-10
ALKSV,ALKSV,2023-11-14,2023-11-15
ALLG-WS,ALLG-WS,2022-03-24,2023-09-22
ALLK,ALLK,2018-07-19,2025-05-15
ALN,ALN,2009-09-14,2018-09-28
ALNC,ALNC,2006-12-28,2013-03-08
ALO,ALO,2006-11-24,2020-07-01
ALOG,ALOG,1984-09-07,2018-06-22
ALOR,ALOR,2022-01-13,2023-11-14
ALORU,ALORU,2021-11-19,2023-11-14
ALORW,ALORW,2022-01-11,2023-11-14
ALPAU,ALPAU,2021-07-27,2023-07-14
ALPS,ALPS,2022-09-28,2023-07-20
ALR,ALR,1996-08-06,2017-10-19
ALSK,ALSK,1999-11-18,2021-07-22
ALTA,ALTA,2015-06-11,2021-09-30
ALTG-WS,ALTG-WS,2019-04-26,2021-04-09
ALTI,ALTI,1999-07-06,2016-11-17
ALTIW,ALTIW,2023-01-04,2023-06-23
ALTM,ALTM,2024-01-03,2025-03-05
ALTMW,ALTMW,2017-05-01,2023-11-07
ALTR,ALTR,1988-04-04,2017-10-31
ALTU,ALTU,2021-01-29,2024-03-20
ALTUQ,ALTUQ,2010-01-04,2013-08-30
ALTUU,ALTUU,2020-12-09,2024-03-20
ALTUW,ALTUW,2021-01-29,2024-03-20
ALTV,ALTV,1998-04-28,2015-12-21
ALU,ALU,2006-11-30,2016-03-03
ALUS,ALUS,2010-01-04,2021-07-07
ALUS-U,ALUS-U,2019-11-26,2021-07-07
ALUS-WS,ALUS-WS,2020-01-10,2021-07-07
ALXA,ALXA,2016-01-04,2016-06-21
ALXN,ALXN,1996-02-28,2021-07-28
ALY,ALY,2007-03-22,2011-02-23
AMAG,AMAG,1986-06-12,2020-11-16
AMAM,AMAM,2021-06-18,2024-03-07
AMAO,AMAO,2021-05-05,2023-11-03
AMAOU,AMAOU,2021-03-18,2023-11-03
AMAOW,AMAOW,2021-04-30,2023-11-03
AMBC-WS,AMBC-WS,2013-08-22,2023-04-25
AMBP-WS,AMBP-WS,2021-08-05,2025-11-28
AMBR,AMBR,2014-03-21,2019-07-29
AMBTQ,AMBTQ,2016-01-12,2018-06-18
AMCC,AMCC,2001-01-02,2017-02-03
AMCIU,AMCIU,2018-11-16,2023-02-09
AMED,AMED,1994-08-18,2025-08-14
AMEH,AMEH,2024-02-26,2024-02-26
AMFW,AMFW,2014-11-13,2017-10-09
AMGP,AMGP,2017-05-04,2019-03-12
AMHC,AMHC,2020-01-10,2021-09-24
AMHCU,AMHCU,2019-11-20,2021-09-24
AMIC,AMIC,2016-01-04,2016-09-01
AMID,AMID,2011-07-27,2019-07-22
AMIEQ,AMIEQ,2011-04-13,2016-04-01
AMK,AMK,2019-07-18,2024-09-05
AMNB,AMNB,1999-04-13,2024-04-01
AMND,AMND,2020-07-16,2024-12-11
AMOV,AMOV,2001-02-07,2023-03-15
AMPGW,AMPGW,2021-02-17,2026-02-18
AMPI,AMPI,2021-04-22,2022-12-14
AMPI-U,AMPI-U,2021-03-02,2022-12-14
AMPIW,AMPIW,2021-04-23,2022-11-03
AMPS,AMPS,2021-02-01,2025-04-15
AMPS-WS,AMPS-WS,2021-12-10,2021-12-10
AMRB,AMRB,1999-01-04,2021-09-15
AMRE,AMRE,2012-07-27,2015-02-18
AMRHW,AMRHW,2017-11-17,2020-12-30
AMRI,AMRI,1999-02-04,2017-09-01
AMRK,AMRK,2014-03-17,2025-12-01
AMRS,AMRS,2023-08-18,2023-08-18
AMSG,AMSG,2016-01-04,2016-12-09
AMSGP,AMSGP,2016-01-04,2016-12-09
AMSWA,AMSWA,1984-09-07,2024-10-01
AMTBB,AMTBB,2018-08-29,2021-11-22
AMTD,AMTD,1997-03-04,2020-10-07
AMTG,AMTG,2011-07-21,2016-09-08
AMTI,AMTI,2020-06-05,2023-12-28
AMTM-W,AMTM-W,2024-09-24,2024-09-27
AMTR,AMTR,2020-10-21,2024-12-11
AMWD,AMWD,1986-07-21,2026-05-28
AMYT,AMYT,2019-12-31,2023-04-12
ANAC,ANAC,2016-01-04,2016-06-27
ANAC-U,ANAC-U,2021-02-23,2023-02-24
ANAC-WS,ANAC-WS,2021-04-15,2023-02-24
ANAD,ANAD,2016-01-04,2016-03-16
ANAT,ANAT,1984-09-07,2022-09-08
ANCB,ANCB,2011-01-26,2018-11-15
ANCI,ANCI,2005-12-21,2015-09-17
ANCX,ANCX,2004-07-19,2019-01-31
ANDAR,ANDAR,2019-03-06,2021-07-20
ANDAU,ANDAU,2015-11-25,2020-09-30
ANDV,ANDV,1983-04-06,2018-09-28
ANDX,ANDX,2011-04-20,2019-08-07
ANH,ANH,1998-03-12,2021-03-19
ANN,ANN,1991-05-17,2015-08-31
ANNB,ANNB,2006-12-22,2013-04-05
ANR,ANR,2005-02-15,2015-07-16
ANRZQ,ANRZQ,2005-02-15,2016-07-27
ANSCW,ANSCW,2024-01-03,2026-08-12
ANTE,ANTE,2007-11-07,2025-09-18
ANTX,ANTX,2015-05-14,2018-04-30
ANV,ANV,2007-05-10,2015-03-09
ANVGQ,ANVGQ,2015-03-10,2016-10-25
ANVS,ANVS,2010-02-12,2020-11-25
ANZUU,ANZUU,2021-03-02,2023-09-29
AOGSQ,AOGSQ,2009-05-11,2009-12-30
AOL,AOL,2009-11-24,2015-06-22
AONE-U,AONE-U,2020-08-18,2021-07-14
AOUTV,AOUTV,2020-08-21,2020-08-24
AP-WS,AP-WS,2020-09-24,2025-07-30
APAC,APAC,2021-09-14,2024-04-02
APACU,APACU,2021-07-16,2024-04-02
APAGF,APAGF,1981-07-21,2015-01-28
APC,APC,1986-09-09,2019-08-08
APCA,APCA,2022-02-07,2024-06-21
APCA-U,APCA-U,2021-12-17,2024-06-21
APCA-WS,APCA-WS,2022-02-07,2024-06-21
APD-W,APD-W,2016-09-23,2016-09-30
APDNW,APDNW,2014-11-17,2019-11-18
APE,APE,2022-08-22,2023-08-24
APFH,APFH,2016-07-15,2017-06-08
APGB,APGB,2021-04-05,2023-11-27
APGB-U,APGB-U,2021-02-10,2023-11-27
APGB-WS,APGB-WS,2021-04-06,2023-11-27
APGE,APGE,2023-07-14,2026-09-04
APGN,APGN,2021-02-22,2023-09-01
APGNW,APGNW,2021-06-17,2023-08-23
APHA,APHA,2015-03-18,2021-05-07
API,API,1991-02-12,2020-08-21
APIC,APIC,2016-01-04,2016-11-11
APL,APL,2000-01-28,2015-02-27
APLP,APLP,2015-11-04,2018-05-07
APLS,APLS,2017-11-09,2026-05-14
APM,APM,2018-12-18,2026-07-17
APMI,APMI,2021-10-06,2023-08-25
APMIU,APMIU,2021-08-13,2023-08-14
APMIW,APMIW,2021-10-12,2023-08-17
APOL,APOL,2016-01-04,2017-02-09
APOP,APOP,2021-10-28,2021-10-28
APOPW,APOPW,2016-07-29,2021-08-03
APR,APR,2021-02-11,2022-03-29
APRN,APRN,2017-06-29,2023-11-13
APSG-U,APSG-U,2020-10-02,2022-05-27
APTI,APTI,2016-09-23,2019-01-10
APTM,APTM,2023-12-28,2024-02-09
APTS,APTS,2011-04-01,2022-06-23
APU,APU,1995-04-12,2019-08-21
APXTU,APXTU,2019-09-17,2021-07-01
AQ,AQ,2017-11-03,2019-10-14
AQNA,AQNA,2018-10-23,2023-11-03
AQNU,AQNU,2021-06-18,2024-06-14
AQUA,AQUA,2017-11-02,2023-05-24
ARA,ARA,2016-04-21,2021-01-25
ARBG,ARBG,2021-01-11,2023-08-11
ARBGU,ARBGU,2020-11-20,2023-08-03
ARBGW,ARBGW,2021-01-11,2023-08-03
ARC,ARC,2005-02-04,2024-11-22
ARCE,ARCE,2018-09-26,2023-12-07
ARCH,ARCH,2016-10-05,2025-01-14
ARCK,ARCK,2021-12-20,2023-02-02
ARCKU,ARCKU,2021-10-29,2023-01-23
ARCKW,ARCKW,2021-12-20,2023-01-23
ARCP,ARCP,2011-09-09,2015-07-30
ARCPP,ARCPP,2014-01-06,2015-07-30
AREN,AREN,2007-07-13,2026-08-28
ARG,ARG,1986-12-22,2016-05-31
ARGD,ARGD,2002-12-10,2019-10-25
ARGO,ARGO,2007-08-07,2023-11-16
ARGSQ,ARGSQ,2014-02-07,2019-10-10
ARGU,ARGU,2021-11-15,2022-12-20
ARGUU,ARGUU,2021-09-22,2022-12-20
ARGUW,ARGUW,2021-11-12,2022-12-20
ARIA,ARIA,2001-01-02,2017-02-17
ARII,ARII,2006-01-23,2018-12-04
ARIS,ARIS,2021-10-22,2025-10-15
ARIZ,ARIZ,2021-12-09,2024-02-29
ARIZR,ARIZR,2021-12-09,2024-02-29
ARIZU,ARIZU,2021-11-18,2024-02-29
ARIZW,ARIZW,2021-12-09,2024-02-29
ARLZ,ARLZ,2016-02-08,2018-08-21
ARMH,ARMH,1998-04-17,2026-05-28
ARMK-W,ARMK-W,2023-09-27,2023-09-29
ARMO,ARMO,2018-01-26,2018-06-22
ARNA,ARNA,2000-07-28,2022-03-15
ARNC,ARNC,2020-04-01,2023-08-17
ARO,ARO,2002-05-16,2016-04-21
ARPI,ARPI,2013-05-08,2016-03-08
ARQL,ARQL,1996-10-16,2020-01-16
ARQQW,ARQQW,2021-04-06,2026-09-02
ARRS,ARRS,1993-09-17,2019-04-04
ARRWU,ARRWU,2021-03-02,2024-04-16
ARRY,ARRY,2000-11-30,2019-07-30
ARS,ARS,2006-12-19,2006-12-29
ARSD,ARSD,2006-07-31,2014-06-17
ART,ART,2009-09-24,2013-10-17
ARTA,ARTA,2021-07-16,2022-05-24
ARTAU,ARTAU,2021-05-14,2022-05-17
ARTAW,ARTAW,2021-07-19,2022-05-17
ARTC,ARTC,1996-02-05,2014-05-29
ARTE,ARTE,2021-11-23,2023-11-03
ARTEU,ARTEU,2021-09-30,2023-11-03
ARTEW,ARTEW,2021-11-22,2023-11-03
ARTLW,ARTLW,2019-06-21,2024-06-17
ARTX,ARTX,1994-02-24,2019-12-19
ARU,ARU,2012-10-08,2017-06-21
ARU-CL,ARU-CL,2017-05-23,2017-06-20
ARUN,ARUN,2007-03-27,2015-05-18
ARVLW,ARVLW,2021-03-25,2021-07-16
ARWA,ARWA,2015-05-27,2017-01-05
ARWAR,ARWAR,2015-05-18,2017-01-05
ARWAU,ARWAU,2015-05-01,2017-01-05
ARWAW,ARWAW,2015-05-18,2017-01-05
ARX,ARX,2010-11-19,2014-09-12
ARY,ARY,2010-11-15,2015-09-28
ARYA,ARYA,2018-12-12,2021-06-09
ARYAU,ARYAU,2018-10-05,2020-07-01
ARYAW,ARYAW,2018-12-12,2020-07-01
ARYB,ARYB,2020-07-30,2020-10-27
ARYBU,ARYBU,2020-06-05,2020-10-27
ARYBW,ARYBW,2020-07-30,2020-10-27
ARYD,ARYD,2021-02-26,2024-07-31
ARYE,ARYE,2021-07-12,2023-07-14
ASAI-W,ASAI-W,2021-03-02,2021-03-03
ASAQ,ASAQ,2020-10-15,2022-10-05
ASAQ-U,ASAQ-U,2020-10-02,2022-10-05
ASAQ-WS,ASAQ-WS,2020-10-15,2022-10-05
ASAX,ASAX,2021-03-15,2022-12-29
ASAXU,ASAXU,2021-02-04,2022-12-29
ASAXW,ASAXW,2021-03-15,2022-12-29
ASB-WS,ASB-WS,2014-12-23,2018-11-16
ASBB,ASBB,2011-10-12,2017-09-29
ASBC,ASBC,1984-09-07,2014-12-22
ASBI,ASBI,1987-02-26,2015-12-31
ASCA,ASCA,2022-03-18,2024-04-03
ASCAR,ASCAR,2022-03-18,2024-04-03
ASCAU,ASCAU,2022-02-15,2024-04-03
ASCAW,ASCAW,2022-03-17,2024-04-03
ASCMA,ASCMA,2008-09-18,2019-08-30
ASEI,ASEI,1984-09-06,2016-09-12
ASFI,ASFI,1995-11-14,2020-09-29
ASFN,ASFN,2011-01-31,2013-10-17
ASH-W,ASH-W,1983-04-06,2017-05-12
ASI,ASI,2006-12-28,2013-10-01
ASIX-W,ASIX-W,2016-09-15,2016-09-30
ASLEW,ASLEW,2019-02-28,2021-12-29
ASMI,ASMI,1984-09-07,2015-08-20
ASNS,ASNS,2017-11-16,2019-03-13
ASPAU,ASPAU,2021-08-10,2023-11-02
ASPAW,ASPAW,2021-09-03,2023-11-06
ASPC,ASPC,2021-04-14,2022-08-03
ASPCU,ASPCU,2021-02-19,2022-08-03
ASPCW,ASPCW,2021-04-16,2022-08-03
ASPL-U,ASPL-U,2020-09-23,2021-07-13
ASPX,ASPX,2014-02-05,2015-05-04
ASRT,ASRT,2003-12-17,2026-06-17
ASRVP,ASRVP,2021-06-01,2021-10-01
AST,AST,2014-07-21,2019-04-02
AST-WS,AST-WS,2016-04-26,2017-09-26
ASTRW,ASTRW,2020-10-05,2021-12-27
ASV,ASV,2017-05-12,2019-09-11
ASXC,ASXC,1992-11-12,2024-08-22
ASZ,ASZ,2021-04-19,2022-11-22
ASZ-U,ASZ-U,2021-02-26,2022-11-22
AT,AT,2009-12-03,2021-05-14
ATA,ATA,2021-01-28,2022-12-16
ATA-U,ATA-U,2020-12-15,2022-12-16
ATA-WS,ATA-WS,2021-01-28,2022-12-16
ATAC,ATAC,2017-09-07,2018-08-22
ATAC-U,ATAC-U,2020-10-23,2021-05-19
ATAC-WS,ATAC-WS,2020-12-14,2021-05-19
ATACR,ATACR,2017-09-07,2018-08-22
ATACU,ATACU,2017-09-20,2018-08-22
ATAI,ATAI,2021-06-18,2026-09-11
ATAKR,ATAKR,2022-03-21,2024-01-18
ATAKU,ATAKU,2022-02-07,2024-01-26
ATAQ,ATAQ,2021-04-26,2023-09-08
ATAQ-U,ATAQ-U,2021-03-04,2023-09-08
ATAQ-WS,ATAQ-WS,2021-04-26,2021-05-07
ATB,ATB,1995-09-12,2009-12-24
ATCO,ATCO,2020-02-28,2023-03-28
ATCX,ATCX,2019-01-23,2023-04-19
ATCXW,ATCXW,2019-02-13,2020-12-02
ATEST-Z,ATEST-Z,2020-08-11,2020-08-11
ATGI,ATGI,2017-11-24,2018-05-02
ATH,ATH,2016-12-09,2021-12-31
ATHL,ATHL,2013-08-02,2014-11-13
ATHN,ATHN,2007-09-20,2019-02-11
ATHN-U,ATHN-U,2021-03-17,2021-12-30
ATHN-WS,ATHN-WS,2021-05-07,2021-05-14
ATIP-WS,ATIP-WS,2021-06-17,2023-06-09
ATISW,ATISW,2017-01-25,2020-03-06
ATK,ATK,1990-10-03,2015-02-09
ATML,ATML,2016-01-04,2016-04-12
ATMR-U,ATMR-U,2021-02-05,2021-12-23
ATMVR,ATMVR,2023-01-25,2025-12-09
ATMVU,ATMVU,2022-12-19,2025-12-09
ATN,ATN,1993-04-27,2010-10-07
ATNY,ATNY,2016-01-04,2016-04-25
ATRI,ATRI,1984-09-07,2024-08-21
ATRS,ATRS,1996-10-03,2022-05-24
ATSG,ATSG,2003-07-23,2025-04-11
ATSPT,ATSPT,2021-04-23,2022-04-27
ATSPU,ATSPU,2021-03-11,2022-04-27
ATTU,ATTU,1993-01-26,2019-05-06
ATTY,ATTY,2016-06-22,2017-07-03
ATV,ATV,2007-05-03,2021-01-29
ATVI,ATVI,1993-10-25,2023-10-13
ATW,ATW,1984-09-07,2017-10-19
ATX,ATX,2006-12-28,2014-01-31
ATXS,ATXS,2015-06-25,2026-01-23
AUGX,AUGX,2021-03-31,2024-10-02
AULT,AULT,1997-05-05,2024-09-09
AUQ,AUQ,2003-09-04,2015-07-02
AURC,AURC,2021-04-30,2023-08-23
AURCU,AURCU,2021-03-04,2023-08-24
AUS,AUS,2021-04-19,2022-11-22
AUS-U,AUS-U,2021-02-26,2022-11-22
AUTO,AUTO,2001-01-02,2022-08-31
AUUDW,AUUDW,2021-02-17,2026-02-18
AUXL,AUXL,2004-07-26,2015-01-29
AUXO,AUXO,2012-07-24,2017-09-07
AUY,AUY,2004-01-12,2023-03-31
AVAC,AVAC,2021-12-03,2023-06-07
AVACU,AVACU,2021-10-06,2023-06-07
AVACW,AVACW,2021-12-03,2023-06-07
AVAN,AVAN,2020-11-23,2022-10-19
AVAN-WS,AVAN-WS,2020-11-23,2022-10-06
AVB,AVB,1994-03-11,2026-08-17
AVCT,AVCT,2017-08-08,2023-05-31
AVCTW,AVCTW,2017-08-08,2023-05-30
AVDL,AVDL,1996-06-07,2026-02-12
AVDR,AVDR,2019-02-14,2019-11-21
AVDX,AVDX,2021-10-13,2025-10-15
AVEO,AVEO,2010-03-12,2023-01-19
AVH,AVH,2013-11-06,2020-06-10
AVHI,AVHI,2003-05-23,2026-05-28
AVID,AVID,1993-03-12,2023-11-07
AVIR,AVIR,2016-01-04,2018-02-13
AVIV,AVIV,2013-03-21,2015-04-01
AVK-R,AVK-R,2024-09-23,2024-10-16
AVL,AVL,2009-01-08,2015-12-17
AVLR,AVLR,2018-06-15,2022-10-28
AVNR,AVNR,1990-05-08,2015-01-12
AVNU,AVNU,2016-01-04,2016-07-08
AVOL,AVOL,2014-12-12,2016-01-19
AVP,AVP,1972-06-01,2020-01-03
AVRO,AVRO,2024-06-21,2024-06-21
AVTA,AVTA,1998-12-15,2023-11-27
AVV,AVV,2011-11-25,2016-11-08
AVV-CL,AVV-CL,2016-11-01,2016-12-07
AVX,AVX,1995-08-15,2020-03-27
AVXS,AVXS,2016-02-11,2018-05-15
AVYA,AVYA,2017-12-19,2023-05-01
AVZAQ,AVZAQ,2005-12-02,2013-10-17
AWBCQ,AWBCQ,2010-03-15,2013-10-08
AWH,AWH,2006-07-12,2017-08-28
AWI-W,AWI-W,2016-03-17,2016-04-01
AXAC-R,AXAC-R,2022-03-25,2023-05-19
AXAC-U,AXAC-U,2022-02-16,2022-03-24
AXAC-WS,AXAC-WS,2022-03-25,2023-05-19
AXAR,AXAR,2014-10-31,2017-10-06
AXARU,AXARU,2014-10-02,2017-09-27
AXARW,AXARW,2014-10-29,2017-09-27
AXE,AXE,1984-07-19,2020-06-19
AXIA,AXIA,2008-11-19,2026-08-07
AXIN,AXIN,2025-08-01,2025-08-05
AXINR,AXINR,2025-08-01,2025-08-05
AXLL,AXLL,2013-01-25,2016-09-08
AXN,AXN,2006-08-23,2017-10-16
AXNX,AXNX,2018-10-31,2024-11-15
AXO,AXO,2018-10-01,2021-03-30
AXU,AXU,2006-09-08,2022-09-06
AY,AY,2014-06-13,2024-12-12
AYA,AYA,2010-10-15,2017-09-18
AYE,AYE,2006-12-28,2011-11-30
AYLA,AYLA,2020-05-08,2023-01-19
AYN,AYN,2002-01-29,2015-08-05
AYR,AYR,2006-08-08,2020-03-27
AYX,AYX,2017-03-24,2024-03-18
AZ,AZ,2022-01-05,2022-01-05
AZEK,AZEK,2020-06-12,2025-07-01
AZPN,AZPN,1994-10-26,2025-03-12
B,B,1984-09-07,2025-01-27
BAA,BAA,2005-03-28,2018-02-02
BACA-U,BACA-U,2021-09-28,2023-03-10
BACC,BACC,2025-08-04,2025-08-05
BACCR,BACCR,2025-08-04,2025-08-05
BACQ,BACQ,2024-12-02,2026-03-16
BACQR,BACQR,2024-12-02,2026-03-17
BAGL,BAGL,2007-06-08,2014-11-06
BAGR,BAGR,2008-11-19,2015-11-06
BALT,BALT,2010-03-10,2015-07-17
BALY-T,BALY-T,2024-11-21,2025-02-07
BAM,BAM,2022-12-01,2022-12-16
BAM-W,BAM-W,2016-06-01,2022-12-09
BAMM,BAMM,1992-11-04,2015-12-09
BARK-WS,BARK-WS,2021-06-02,2025-12-15
BASE,BASE,2021-07-22,2025-09-24
BATRR,BATRR,2016-05-18,2016-06-17
BATS,BATS,2016-04-15,2017-03-08
BAYN,BAYN,2000-06-15,2021-07-21
BBAI,BBAI,2021-04-05,2021-12-16
BBAI-WS,BBAI-WS,2021-04-01,2021-12-16
BBBY-WS,BBBY-WS,2025-10-13,2026-08-14
BBEPP,BBEPP,2014-05-15,2016-06-01
BBG,BBG,2004-12-10,2018-03-19
BBIGV,BBIGV,2022-05-17,2022-06-29
BBL,BBL,2003-06-25,2022-01-28
BBLN,BBLN,2021-04-01,2023-06-29
BBLN-WS,BBLN-WS,2021-10-22,2022-06-21
BBLUQ,BBLUQ,2016-01-04,2016-08-02
BBNK,BBNK,2003-01-27,2015-06-30
BBOX,BBOX,1992-12-17,2019-01-07
BBQ,BBQ,1996-11-04,2022-09-27
BBRG,BBRG,2010-10-21,2018-05-25
BBU,BBU,2016-06-17,2026-03-31
BBU-W,BBU-W,2022-03-04,2022-03-07
BBUC-W,BBUC-W,2022-03-04,2022-03-09
BBWI-W,BBWI-W,2021-07-21,2021-08-02
BCACR,BCACR,2017-07-18,2019-05-14
BCACU,BCACU,2021-01-29,2022-07-29
BCAR,BCAR,2025-08-20,2026-08-27
BCARU,BCARU,2025-07-31,2026-08-27
BCDAW,BCDAW,2019-08-02,2024-08-02
BCF,BCF,2006-09-27,2014-12-10
BCONQ,BCONQ,2011-11-10,2016-07-19
BCOV,BCOV,2012-02-17,2025-02-04
BCR,BCR,1983-04-06,2017-12-29
BCRH,BCRH,2013-11-06,2020-03-30
BCSAW,BCSAW,2021-12-31,2024-11-12
BCSB,BCSB,2008-05-14,2014-02-11
BCSF-R,BCSF-R,2020-05-11,2020-06-04
BCTX,BCTX,2021-02-24,2022-12-30
BCTXW,BCTXW,2021-02-24,2026-02-27
BCYPU,BCYPU,2021-01-12,2021-10-22
BDBD,BDBD,2007-05-01,2016-01-19
BDCY,BDCY,2019-10-25,2020-12-09
BDE,BDE,1998-05-27,2017-08-11
BDSI,BDSI,2002-07-25,2022-03-22
BDXA,BDXA,2017-05-11,2020-04-30
BDXB,BDXB,2020-05-21,2023-05-31
BEAM,BEAM,1977-01-03,2020-04-24
BEAT,BEAT,2008-03-19,2021-02-09
BEAV,BEAV,1990-04-25,2017-04-21
BECN,BECN,2004-09-23,2025-04-29
BEDU,BEDU,2017-05-18,2025-12-15
BEE,BEE,2004-07-26,2015-12-11
BEEMW,BEEMW,2019-04-16,2024-04-17
BEL,BEL,2000-08-03,2019-04-17
BENE,BENE,2021-01-28,2022-10-31
BENER,BENER,2021-01-28,2022-10-31
BENEU,BENEU,2021-01-05,2022-10-31
BENEW,BENEW,2021-01-28,2022-10-31
BEP-W,BEP-W,2020-07-24,2020-07-29
BEPC,BEPC,2020-07-24,2024-12-23
BEPCW,BEPCW,2020-07-24,2020-07-29
BEPW,BEPW,2020-07-24,2020-07-29
BERY,BERY,2012-10-04,2025-04-29
BEST,BEST,2017-09-20,2025-03-07
BETR,BETR,2015-08-05,2023-08-29
BFA,BFA,2017-09-08,2018-10-29
BFAC,BFAC,2022-02-04,2024-12-16
BFAC-U,BFAC-U,2021-12-15,2024-12-16
BFAC-WS,BFAC-WS,2022-02-04,2024-12-16
BFIN,BFIN,2005-06-28,2026-01-02
BFLY-WS,BFLY-WS,2021-02-16,2026-01-13
BFRA,BFRA,2018-02-14,2022-03-15
BFT-U,BFT-U,2020-10-09,2021-03-30
BFT-WS,BFT-WS,2020-10-09,2021-03-30
BFX,BFX,2023-11-01,2024-03-05
BFYT,BFYT,2013-02-08,2020-08-21
BGC,BGC,1997-05-16,2018-06-06
BGCA,BGCA,2012-07-03,2018-09-04
BGCP,BGCP,1999-12-10,2023-06-30
BGCPV,BGCPV,2018-11-20,2018-11-30
BGD,BGD,2017-01-25,2017-02-01
BGG,BGG,1984-09-07,2020-07-20
BGRY,BGRY,2021-02-11,2023-08-14
BGRYW,BGRYW,2021-02-12,2023-07-20
BGSX,BGSX,2021-05-07,2023-03-16
BGSX-U,BGSX-U,2021-03-17,2023-03-16
BHAC,BHAC,2015-03-17,2026-05-28
BHACR,BHACR,2015-03-06,2018-10-31
BHBK,BHBK,2014-07-22,2019-03-29
BHI,BHI,1987-04-06,2017-07-05
BHIL-WS,BHIL-WS,2021-09-30,2023-12-19
BHK-R,BHK-R,2025-05-30,2025-06-17
BHM-W,BHM-W,2022-09-28,2022-10-05
BHS,BHS,2003-01-07,2011-11-30
BHSE,BHSE,2022-10-28,2022-10-28
BHSEU,BHSEU,2020-10-30,2022-10-28
BHVN,BHVN,2017-05-04,2022-10-03
BHVN-W,BHVN-W,2022-09-23,2022-10-03
BID,BID,1988-05-13,2019-10-14
BIDZ,BIDZ,2012-11-13,2012-11-26
BIIBV,BIIBV,2017-01-23,2017-02-09
BINDQ,BINDQ,2016-01-04,2016-10-11
BIOA,BIOA,2013-05-10,2018-05-07
BIOA-WS,BIOA-WS,2013-05-10,2017-05-12
BIOP,BIOP,2003-01-24,2017-10-18
BIOS,BIOS,2022-01-28,2023-10-06
BIOSU,BIOSU,2021-12-03,2023-10-06
BIOSW,BIOSW,2022-01-25,2023-10-06
BIOT,BIOT,2021-03-22,2023-02-02
BIOTU,BIOTU,2021-01-26,2023-02-02
BIOTW,BIOTW,2021-03-18,2023-02-02
BIOX-WS,BIOX-WS,2018-03-22,2020-08-27
BIP-W,BIP-W,2020-03-30,2020-03-30
BIPC,BIPC,2020-03-31,2024-12-26
BIQI,BIQI,2010-07-20,2019-08-08
BIRT,BIRT,1998-07-17,2015-01-16
BIT-R,BIT-R,2025-08-25,2025-09-08
BITA,BITA,2010-11-18,2020-11-06
BITE,BITE,2021-04-06,2024-06-28
BITE-U,BITE-U,2021-02-12,2024-06-28
BITE-WS,BITE-WS,2021-04-06,2024-06-28
BITI,BITI,2016-01-04,2016-06-13
BIVV,BIVV,2017-01-12,2018-03-19
BJS,BJS,2006-12-28,2011-05-09
BKCC,BKCC,2007-06-27,2024-03-18
BKDT,BKDT,2022-11-17,2025-03-28
BKEPP,BKEPP,2012-03-05,2022-09-07
BKFS,BKFS,2015-05-20,2017-09-29
BKHU,BKHU,2015-11-30,2018-10-31
BKI,BKI,2015-05-20,2023-09-05
BKJ,BKJ,2008-06-03,2019-12-31
BKKT-WS,BKKT-WS,2020-11-20,2022-12-23
BKMU,BKMU,2001-01-02,2018-02-01
BKS,BKS,1993-09-28,2019-08-19
BKSY-WS,BKSY-WS,2021-09-10,2026-08-10
BKW,BKW,2012-06-20,2014-12-12
BKYF,BKYF,1999-02-25,2015-06-19
BLC,BLC,2006-12-28,2013-12-23
BLCT,BLCT,2020-07-08,2022-09-08
BLD,BLD,2015-07-01,2026-07-01
BLDE,BLDE,2019-11-05,2025-08-28
BLDEW,BLDEW,2020-01-03,2025-08-28
BLMT,BLMT,2011-10-05,2019-03-29
BLMZ,BLMZ,2024-07-24,2025-12-12
BLNG,BLNG,2021-09-20,2023-07-26
BLNGU,BLNGU,2021-07-23,2023-07-26
BLNGW,BLNGW,2021-09-17,2023-07-26
BLNKW,BLNKW,2018-02-14,2023-02-16
BLOX,BLOX,2012-04-19,2025-09-24
BLSA,BLSA,2020-10-22,2022-10-26
BLT,BLT,1999-08-19,2016-04-20
BLTS,BLTS,2021-03-01,2022-12-20
BLTSU,BLTSU,2021-01-07,2022-12-12
BLTSW,BLTSW,2021-03-01,2022-12-12
BLU,BLU,2008-12-29,2023-06-28
BLUD,BLUD,2001-01-02,2011-08-18
BLUE,BLUE,2013-06-19,2025-06-02
BLUW,BLUW,2021-02-09,2021-09-09
BLUWU,BLUWU,2020-12-15,2021-09-09
BLVD,BLVD,2014-09-25,2017-12-21
BLVDU,BLVDU,2014-02-13,2017-12-21
BLVDW,BLVDW,2014-09-24,2017-12-21
BMAQ,BMAQ,2021-11-04,2023-04-24
BMAQR,BMAQR,2021-11-04,2023-04-24
BMAQU,BMAQU,2021-10-19,2023-04-24
BMAQW,BMAQW,2021-11-04,2023-04-24
BMCH,BMCH,2016-01-04,2021-01-04
BMLP,BMLP,2016-12-21,2021-03-24
BMR,BMR,2004-08-06,2016-02-04
BMRG-U,BMRG-U,2020-05-20,2020-11-16
BMS,BMS,1984-09-07,2019-06-28
BMTC,BMTC,1985-08-08,2021-12-31
BMTX-WS,BMTX-WS,2018-09-21,2022-12-23
BMYR,BMYR,2019-11-21,2020-06-30
BMYRT,BMYRT,2019-11-21,2021-01-04
BN-W,BN-W,2022-12-01,2022-12-09
BNCL,BNCL,2007-07-16,2019-02-28
BNFT,BNFT,2013-09-18,2023-01-24
BNGOU,BNGOU,2018-08-21,2018-09-20
BNGOW,BNGOW,2018-09-21,2023-08-17
BNH,BNH,2020-10-21,2026-05-28
BNIXR,BNIXR,2021-10-28,2025-07-14
BNIXU,BNIXU,2021-09-10,2021-11-01
BNK,BNK,2014-08-13,2016-07-29
BNKKW,BNKKW,2020-10-30,2025-11-03
BNL,BNL,2020-09-17,2021-03-19
BNNR,BNNR,2021-10-29,2023-05-12
BNNRU,BNNRU,2021-09-08,2023-05-12
BNNRW,BNNRW,2021-11-01,2023-05-12
BNNX,BNNX,2007-11-27,2013-07-15
BNNY,BNNY,2012-03-28,2014-10-20
BNRE-A,BNRE-A,2023-11-20,2024-08-29
BNTCW,BNTCW,2015-08-18,2020-04-14
BNV,BNV,2001-01-02,2009-11-19
BOAC,BOAC,2020-12-18,2023-10-30
BOAC-U,BOAC-U,2020-10-28,2023-10-30
BOAC-WS,BOAC-WS,2020-12-18,2023-10-30
BOAS,BOAS,2021-04-06,2022-10-28
BOAS-U,BOAS-U,2021-02-24,2022-10-26
BOBE,BOBE,1984-09-05,2018-01-16
BOCA,BOCA,2016-01-04,2016-03-21
BOCA-CL,BOCA-CL,2016-03-14,2016-04-14
BOCH,BOCH,1999-11-03,2021-09-30
BODI,BODI,2021-01-15,2024-03-01
BODY,BODY,2010-10-15,2016-09-22
BODY-WS,BODY-WS,2021-06-28,2023-10-27
BOFI,BOFI,2005-03-15,2018-09-28
BOFIL,BOFIL,2016-03-04,2018-09-28
BOJA,BOJA,2015-05-08,2019-01-28
BOKFL,BOKFL,2016-06-28,2021-08-20
BOLD,BOLD,2016-07-20,2020-01-15
BOLT,BOLT,1995-02-01,2014-11-18
BON,BON,2021-06-24,2025-02-26
BONA,BONA,2010-12-08,2016-04-11
BORL,BORL,1990-01-02,2009-08-12
BOWL-WS,BOWL-WS,2021-05-03,2022-05-13
BOWXU,BOWXU,2020-08-05,2021-10-20
BOXC,BOXC,2012-01-09,2017-06-30
BOXD-WS,BOXD-WS,2021-12-09,2023-03-17
BPAC,BPAC,2022-01-25,2023-06-05
BPACU,BPACU,2021-12-03,2023-06-05
BPACW,BPACW,2022-01-24,2023-06-05
BPFH,BPFH,1994-02-14,2021-06-30
BPFHP,BPFHP,2013-04-19,2018-06-14
BPFHW,BPFHW,2011-02-02,2018-11-19
BPL,BPL,1986-12-17,2019-11-27
BPMC,BPMC,2015-04-30,2025-07-18
BPMP,BPMP,2017-10-26,2022-04-05
BPOPN,BPOPN,2004-05-05,2021-10-29
BPY,BPY,2013-03-22,2021-11-22
BPYU,BPYU,2018-08-28,2021-07-26
BPYUP,BPYUP,2018-08-29,2021-08-18
BPZ,BPZ,2003-10-07,2015-03-02
BPZRQ,BPZRQ,2016-01-04,2016-03-03
BRACR,BRACR,2017-10-25,2019-08-09
BRACU,BRACU,2017-10-05,2019-08-09
BRAG,BRAG,2017-04-24,2021-08-27
BRBR-W,BRBR-W,2022-02-25,2022-03-10
BRCC-WS,BRCC-WS,2021-04-26,2022-05-03
BRCD,BRCD,1999-05-25,2017-11-20
BRCM,BRCM,2016-01-04,2016-02-09
BRD,BRD,2022-01-14,2023-12-11
BRD-U,BRD-U,2021-11-24,2023-12-11
BRD-WS,BRD-WS,2022-01-14,2023-12-11
BRDG,BRDG,2021-07-16,2025-08-29
BRDR,BRDR,2014-03-21,2015-06-09
BRDS-WS,BRDS-WS,2021-11-04,2023-09-22
BREW,BREW,1995-08-18,2020-09-30
BREZU,BREZU,2020-11-23,2020-12-22
BRFS,BRFS,2001-01-02,2025-09-22
BRG,BRG,2014-03-28,2022-10-06
BRIV,BRIV,2021-07-06,2023-05-04
BRIVU,BRIVU,2021-05-07,2023-05-04
BRIVW,BRIVW,2021-06-29,2023-05-04
BRKB,BRKB,2017-09-08,2017-09-27
BRKHU,BRKHU,2021-12-13,2026-05-20
BRKL,BRKL,1998-03-25,2025-09-02
BRL,BRL,2006-12-28,2008-12-22
BRLI,BRLI,2020-07-22,2023-12-22
BRLIR,BRLIR,2020-07-22,2023-12-22
BRLIU,BRLIU,2020-06-24,2023-12-22
BRLIW,BRLIW,2020-07-22,2023-12-22
BRMK,BRMK,2019-11-15,2023-05-31
BRNC,BRNC,2005-08-16,2011-06-23
BROGR,BROGR,2018-07-13,2019-12-20
BROGU,BROGU,2018-06-20,2019-12-20
BROGW,BROGW,2018-07-13,2024-12-19
BRPAR,BRPAR,2017-12-01,2021-05-24
BRPAU,BRPAU,2017-11-20,2021-05-24
BRPM-U,BRPM-U,2019-04-09,2020-02-13
BRPMU,BRPMU,2021-02-19,2022-07-19
BRQSW,BRQSW,2015-10-30,2022-08-18
BRR,BRR,2025-07-30,2025-12-05
BRSS,BRSS,2013-05-23,2019-08-07
BRSWQ,BRSWQ,1990-03-26,2019-10-31
BRW-R,BRW-R,2025-10-08,2025-10-27
BRY,BRY,2006-12-28,2013-12-16
BSA,BSA,2018-03-26,2022-01-14
BSAQ,BSAQ,2021-09-07,2023-08-14
BSAQ-U,BSAQ-U,2021-07-16,2023-08-14
BSAQ-WS,BSAQ-WS,2021-09-07,2023-08-14
BSF,BSF,1996-05-06,2018-04-23
BSFT,BSFT,2010-06-16,2018-02-02
BSGAR,BSGAR,2021-07-28,2023-04-13
BSGAU,BSGAU,2021-06-10,2023-04-13
BSKY,BSKY,2021-07-01,2022-12-12
BSKYU,BSKYU,2021-04-28,2022-12-12
BSKYW,BSKYW,2021-06-21,2022-12-12
BSMX,BSMX,2012-09-26,2023-07-26
BSN-U,BSN-U,2020-09-11,2021-12-15
BSPE,BSPE,2021-02-08,2021-06-07
BSQR,BSQR,1999-10-21,2023-12-07
BST-R,BST-R,2021-06-22,2021-07-13
BTAQ,BTAQ,2020-10-08,2022-03-01
BTAQU,BTAQU,2020-08-27,2022-03-01
BTAQW,BTAQW,2020-10-08,2022-03-01
BTCTW,BTCTW,2020-04-15,2025-03-28
BTDR,BTDR,2021-07-28,2023-04-13
BTEK,BTEK,2024-08-14,2024-08-15
BTFG,BTFG,2002-05-15,2013-03-08
BTFL,BTFL,2025-12-30,2026-04-24
BTH,BTH,1994-05-18,2015-10-28
BTMDW,BTMDW,2017-11-17,2025-12-19
BTNB,BTNB,2021-01-26,2022-03-17
BTOG,BTOG,2019-08-14,2026-09-03
BTRS,BTRS,2019-08-06,2023-01-03
BTRSW,BTRSW,2019-07-29,2021-12-30
BTTGY,BTTGY,1984-12-03,2019-09-23
BTU,BTU,2001-05-22,2017-03-31
BTU-W,BTU-W,2017-04-03,2017-04-10
BTUI,BTUI,1989-02-08,2015-02-09
BTWN,BTWN,2020-12-07,2023-10-12
BTWNU,BTWNU,2020-10-16,2023-10-12
BTWNW,BTWNW,2020-12-07,2023-10-12
BTX-WS,BTX-WS,2014-10-02,2018-09-26
BTYS,BTYS,2020-02-05,2020-12-11
BUCY,BUCY,2004-07-23,2011-07-18
BUFF,BUFF,2015-07-22,2018-05-04
BUJA,BUJA,2023-08-21,2025-05-08
BUJAR,BUJAR,2023-08-21,2025-05-08
BUJAU,BUJAU,2023-06-28,2025-05-15
BUR,BUR,2010-04-05,2021-04-01
BURU-WS,BURU-WS,2021-05-20,2023-12-12
BV,BV,2012-02-24,2018-02-01
BVA,BVA,2016-01-04,2016-09-01
BVH,BVH,2016-01-04,2024-01-16
BVSN,BVSN,1996-06-21,2020-05-18
BVX,BVX,1999-02-22,2018-12-31
BVXVW,BVXVW,2015-05-12,2020-05-13
BWA-W,BWA-W,2023-06-28,2023-06-29
BWAC,BWAC,2020-12-28,2023-07-31
BWACU,BWACU,2020-11-13,2023-07-28
BWACW,BWACW,2020-12-28,2023-07-28
BWAQ,BWAQ,2022-03-16,2024-07-01
BWAQR,BWAQR,2022-03-16,2024-07-01
BWAQU,BWAQU,2022-01-31,2024-07-01
BWC,BWC,2021-10-11,2023-08-11
BWCAU,BWCAU,2021-08-04,2023-08-04
BWCAW,BWCAW,2021-10-15,2023-08-04
BWINA,BWINA,1986-06-12,2018-07-31
BWINB,BWINB,1986-05-14,2018-07-31
BWL-A,BWL-A,1984-09-07,2021-08-16
BWLA,BWLA,2009-09-08,2018-10-29
BWLD,BWLD,2003-11-21,2018-02-05
BWMCU,BWMCU,2018-11-16,2020-02-14
BWP,BWP,2005-11-10,2018-07-18
BWS,BWS,1984-09-07,2015-05-28
BWSN,BWSN,2021-02-17,2025-12-05
BWY,BWY,2007-06-13,2011-06-24
BXE,BXE,2005-11-07,2020-08-20
BXG,BXG,2017-11-17,2021-05-05
BXLT,BXLT,2015-06-30,2016-06-16
BXRX,BXRX,2019-11-14,2019-11-21
BYBK,BYBK,1994-05-31,2018-04-16
BYI,BYI,1982-01-12,2014-12-01
BYLK,BYLK,2016-01-04,2016-05-10
BYN-U,BYN-U,2022-01-20,2023-12-29
BYTSU,BYTSU,2021-03-19,2023-12-21
BZC,BZC,2005-01-21,2015-12-31
BZT,BZT,2012-07-11,2015-07-14
CA,CA,1984-09-07,2018-11-06
CAA,CAA,1987-12-30,2018-02-13
CAB,CAB,2004-07-06,2017-09-28
CACB,CACB,1994-01-21,2017-06-07
CACQ,CACQ,2013-11-19,2017-10-06
CADE,CADE,1985-10-16,2026-01-30
CADTR,CADTR,2016-01-11,2016-07-07
CADTU,CADTU,2016-01-08,2016-07-07
CAE,CAE,1996-01-10,2026-07-22
CAEP,CAEP,2025-06-26,2026-05-15
CAFD,CAFD,2015-06-19,2018-06-20
CAG-W,CAG-W,2016-11-04,2016-11-16
CAGC,CAGC,2009-09-03,2013-10-17
CAHC,CAHC,2021-03-19,2021-09-28
CAHCU,CAHCU,2021-01-27,2021-09-28
CAI,CAI,2015-08-14,2021-11-22
CAIIP,CAIIP,2018-08-07,2021-11-22
CALB,CALB,2017-09-25,2024-08-01
CALCQ,CALCQ,1992-03-17,2012-03-09
CALD,CALD,2003-11-20,2018-04-16
CALL,CALL,1996-02-07,2018-11-14
CAMBW,CAMBW,2014-09-24,2015-12-23
CANO-WS,CANO-WS,2021-06-04,2023-11-13
CANOQ,CANOQ,2012-03-12,2026-05-28
CAP,CAP,2007-05-16,2021-02-23
CAP-U,CAP-U,2020-12-02,2021-07-28
CAPAU,CAPAU,2020-09-04,2021-06-10
CAPEQ,CAPEQ,2006-10-02,2010-12-30
CAPN,CAPN,2014-11-13,2017-05-11
CAPNW,CAPNW,2014-11-13,2017-05-11
CARB,CARB,2011-08-11,2020-01-10
CARO,CARO,2013-10-22,2020-05-01
CARS-W,CARS-W,2017-05-18,2017-05-31
CART,CART,2004-12-21,2019-12-31
CAS,CAS,1980-03-17,2026-05-28
CAS-U,CAS-U,2020-11-20,2022-06-07
CAS-WS,CAS-WS,2021-01-15,2022-06-07
CASC,CASC,1991-11-19,2018-03-19
CASL,CASL,2017-07-25,2017-07-25
CASM,CASM,1999-12-22,2019-04-18
CATC,CATC,2017-02-01,2024-07-15
CATM,CATM,2007-12-13,2021-06-21
CATS,CATS,2006-12-28,2020-07-02
CATYW,CATYW,2014-10-10,2018-11-13
CAVM,CAVM,2007-05-02,2018-07-09
CAW,CAW,1984-09-07,2019-04-12
CBAH-U,CBAH-U,2020-12-11,2021-12-09
CBAT,CBAT,2002-09-25,2026-06-30
CBAY,CBAY,2014-02-03,2024-04-01
CBCRQ,CBCRQ,2011-01-27,2014-02-05
CBD-W,CBD-W,2021-03-02,2021-03-04
CBDE,CBDE,2015-12-03,2022-08-18
CBEY,CBEY,2005-11-10,2014-07-18
CBF,CBF,2012-09-20,2017-12-01
CBG,CBG,2004-06-10,2018-03-19
CBI,CBI,1997-03-27,2018-05-11
CBIO,CBIO,2014-01-10,2025-06-13
CBLK,CBLK,2018-05-04,2019-10-08
CBM,CBM,1987-09-23,2019-12-05
CBMX,CBMX,2002-12-16,2017-11-16
CBMXW,CBMXW,2016-03-21,2017-11-14
CBNJ,CBNJ,2016-01-04,2016-05-10
CBNR,CBNR,2010-01-04,2015-12-14
CBPO,CBPO,2008-01-29,2021-04-20
CBPX,CBPX,2014-02-05,2020-02-05
CBR,CBR,1994-03-17,2017-04-10
CBSHP,CBSHP,2014-06-16,2020-08-31
CBST,CBST,1996-10-25,2015-01-21
CCAC,CCAC,2020-04-23,2022-02-09
CCAC-U,CCAC-U,2020-02-11,2022-02-08
CCAI,CCAI,2021-10-22,2023-08-31
CCAIU,CCAIU,2021-08-26,2023-08-31
CCAIW,CCAIW,2021-10-28,2023-08-31
CCC,CCC,1987-06-03,2018-03-09
CCC-U,CCC-U,2018-09-07,2019-05-10
CCC-WS,CCC-WS,2018-10-29,2020-03-20
CCCM,CCCM,2025-06-09,2025-07-30
CCCMU,CCCMU,2025-05-16,2025-07-30
CCCMW,CCCMW,2025-06-09,2025-07-30
CCCR,CCCR,2013-08-13,2018-07-12
CCCS-WS,CCCS-WS,2020-10-05,2021-12-28
CCCXU,CCCXU,2025-05-13,2026-02-13
CCF,CCF,1995-10-25,2023-11-15
CCG,CCG,2010-10-13,2016-03-02
CCH-U,CCH-U,2018-10-05,2020-08-28
CCIA,CCIA,2023-10-27,2025-10-31
CCIR,CCIR,2024-12-03,2025-08-14
CCIRU,CCIRU,2024-10-11,2025-08-14
CCIRW,CCIRW,2024-12-02,2025-08-14
CCIV-U,CCIV-U,2020-07-30,2021-07-23
CCIXW,CCIXW,2024-06-21,2026-07-27
CCLP,CCLP,2011-06-15,2024-04-01
CCMP,CCMP,2000-04-05,2022-09-08
CCN,CCN,2015-04-27,2017-07-17
CCNWW,CCNWW,2015-04-14,2017-07-19
CCP,CCP,2015-08-18,2017-08-28
CCR,CCR,2017-11-29,2020-12-31
CCRC,CCRC,2015-12-21,2021-07-06
CCRD,CCRD,1995-08-18,2025-10-30
CCRN,CCRN,2001-10-25,2026-07-22
CCSC,CCSC,2016-01-04,2016-04-20
CCSI,CCSI,2021-10-08,2021-10-08
CCSIV,CCSIV,2021-09-30,2021-10-07
CCT,CCT,2011-06-28,2018-12-19
CCTG,CCTG,2024-01-18,2024-09-17
CCV,CCV,2021-02-05,2023-10-16
CCV-U,CCV-U,2020-12-16,2023-10-16
CCV-WS,CCV-WS,2021-02-05,2023-10-16
CCVI,CCVI,2021-04-05,2023-12-01
CCVI-U,CCVI-U,2021-02-12,2023-12-01
CCVI-WS,CCVI-WS,2021-04-05,2023-12-01
CCX-U,CCX-U,2019-06-27,2021-06-11
CCXI,CCXI,2012-02-08,2022-11-02
CCXX-U,CCXX-U,2020-02-14,2020-10-08
CD,CD,2020-09-30,2023-12-19
CDEVW,CDEVW,2016-04-15,2017-04-10
CDI,CDI,1989-06-29,2017-09-28
CDII,CDII,2004-11-02,2017-12-14
CDK,CDK,2014-09-24,2022-09-08
CDLA,CDLA,2017-10-02,2021-11-02
CDLR-W,CDLR-W,2023-12-19,2023-12-19
CDMO,CDMO,2018-01-08,2025-02-05
CDMOP,CDMOP,2018-01-08,2021-04-13
CDOR,CDOR,2001-01-02,2022-01-10
CDORO,CDORO,2016-01-04,2016-04-22
CDORP,CDORP,2016-01-06,2016-04-22
CDR,CDR,1993-02-19,2022-08-22
CDTX,CDTX,2015-04-15,2026-01-07
CDY,CDY,2016-01-04,2022-01-31
CEAI,CEAI,2017-09-20,2018-05-30
CEB,CEB,1999-02-23,2017-07-14
CEG,CEG,2006-12-28,2013-03-20
CEGVV,CEGVV,2022-01-19,2022-02-01
CELG,CELG,1990-03-26,2019-11-22
CELGZ,CELGZ,2010-10-06,2019-11-29
CELL,CELL,2020-07-17,2023-10-02
CELT,CELT,2025-10-08,2026-03-24
CELUW,CELUW,2019-07-19,2026-07-23
CEMI,CEMI,2004-05-05,2023-04-27
CEMP,CEMP,2012-02-06,2017-11-03
CENH,CENH,2021-04-01,2021-09-03
CENHU,CENHU,2021-02-04,2021-09-03
CENN,CENN,2009-12-16,2024-02-26
CENQU,CENQU,2021-08-13,2023-02-15
CEPT,CEPT,2025-05-02,2026-07-02
CEQP,CEQP,2001-07-26,2023-11-03
CEQP-P,CEQP-P,2018-06-15,2023-11-17
CERCU,CERCU,2015-10-15,2015-11-12
CERCW,CERCW,2015-11-16,2018-10-17
CERCZ,CERCZ,2015-11-16,2017-04-20
CERE,CERE,2012-02-22,2016-08-02
CEREW,CEREW,2020-10-28,2021-08-30
CERN,CERN,1990-03-26,2022-09-08
CERU,CERU,2014-04-10,2017-07-20
CETC,CETC,2001-01-02,2017-10-16
CETU,CETU,2023-03-24,2024-07-31
CETUR,CETUR,2023-03-24,2024-07-31
CETUU,CETUU,2023-01-31,2024-08-01
CETUW,CETUW,2023-03-24,2024-07-31
CETV,CETV,1994-10-14,2020-10-13
CETXW,CETXW,2017-02-17,2022-01-27
CFACU,CFACU,2020-11-13,2021-08-17
CFBI,CFBI,2017-04-28,2021-01-20
CFCB,CFCB,2015-10-30,2017-06-19
CFCO,CFCO,2013-09-17,2017-11-30
CFCOU,CFCOU,2016-05-20,2017-11-30
CFCOW,CFCOW,2016-07-20,2017-11-30
CFFA,CFFA,2019-02-05,2020-11-17
CFFAU,CFFAU,2018-12-13,2020-11-17
CFFAW,CFFAW,2019-01-31,2020-11-17
CFFE,CFFE,2021-05-05,2023-11-29
CFFEU,CFFEU,2021-03-12,2023-11-29
CFFVU,CFFVU,2021-01-29,2022-01-25
CFI,CFI,1990-03-26,2017-07-12
CFIIU,CFIIU,2020-08-27,2021-03-08
CFIV,CFIV,2021-02-16,2023-12-07
CFIVU,CFIVU,2020-12-23,2023-12-07
CFIVW,CFIVW,2021-02-16,2023-12-07
CFL,CFL,2008-11-03,2010-05-12
CFLT,CFLT,2021-06-24,2026-03-17
CFMS,CFMS,2015-07-01,2023-09-05
CFN,CFN,2009-08-21,2015-03-17
CFNL,CFNL,1998-07-17,2017-05-01
CFRXW,CFRXW,2016-01-04,2017-01-31
CFRXZ,CFRXZ,2014-09-24,2015-10-28
CFSB,CFSB,2022-01-13,2025-11-03
CFSG,CFSG,2006-09-15,2011-11-21
CFVIU,CFVIU,2021-02-19,2022-09-16
CGAU,CGAU,2021-04-15,2022-12-30
CGCTU,CGCTU,2025-05-02,2026-06-08
CGG,CGG,1997-05-07,2018-10-01
CGI,CGI,1994-01-21,2018-04-03
CGNT,CGNT,1992-12-15,2018-04-23
CGRB,CGRB,2007-02-08,2009-07-24
CGROU,CGROU,2020-05-01,2021-04-05
CGROW,CGROW,2020-06-26,2021-04-05
CGX,CGX,2006-12-28,2014-01-31
CHA,CHA,2002-11-14,2021-01-15
CHAA-U,CHAA-U,2021-02-12,2023-03-27
CHAC,CHAC,2025-05-19,2026-03-27
CHACR,CHACR,2025-05-19,2026-03-27
CHACU,CHACU,2025-04-25,2026-03-27
CHAP,CHAP,2017-05-19,2020-10-14
CHAQ-U,CHAQ-U,2020-04-24,2021-09-02
CHBT,CHBT,2011-07-05,2013-11-12
CHC,CHC,2010-01-25,2014-07-09
CHDX,CHDX,1994-08-19,2014-10-07
CHEA,CHEA,2022-06-27,2024-02-15
CHEAU,CHEAU,2022-04-28,2024-02-15
CHEAW,CHEAW,2022-06-24,2023-10-19
CHEB,CHEB,2024-07-30,2025-08-07
CHEB-U,CHEB-U,2024-06-07,2025-08-07
CHEB-WS,CHEB-WS,2024-07-31,2025-08-07
CHEK,CHEK,2015-03-04,2025-11-26
CHEKW,CHEKW,2015-03-20,2020-02-20
CHEKZ,CHEKZ,2018-05-04,2023-05-01
CHEV,CHEV,2016-01-04,2016-05-31
CHFN,CHFN,2002-08-02,2018-08-31
CHFW,CHFW,2021-01-11,2021-08-11
CHFW-U,CHFW-U,2020-11-19,2021-08-11
CHFW-WS,CHFW-WS,2021-01-11,2021-08-11
CHG,CHG,2011-07-07,2022-11-04
CHIC,CHIC,1999-10-20,2024-02-23
CHK,CHK,1993-02-16,2024-10-04
CHKAQ,CHKAQ,2021-03-17,2021-05-17
CHLN,CHLN,2005-11-17,2016-02-26
CHMA,CHMA,2015-07-16,2021-09-15
CHMT,CHMT,2010-10-25,2017-07-17
CHNG,CHNG,2019-06-27,2022-10-03
CHNGV,CHNGV,2020-03-06,2020-03-12
CHOP,CHOP,2007-04-17,2015-11-24
CHPM,CHPM,2020-01-10,2022-05-25
CHPMU,CHPMU,2019-11-22,2022-04-22
CHPMW,CHPMW,2020-01-10,2022-04-22
CHPT-WS,CHPT-WS,2019-09-16,2021-07-02
CHQGF,CHQGF,2009-03-17,2009-10-06
CHR,CHR,2018-09-12,2024-09-09
CHRD,CHRD,2001-01-02,2010-05-10
CHRM,CHRM,2010-05-05,2014-10-02
CHS,CHS,1993-03-24,2024-01-05
CHSI,CHSI,2008-10-03,2012-07-19
CHSP,CHSP,2010-01-26,2019-09-26
CHTP,CHTP,2005-11-10,2014-07-01
CHTT,CHTT,1992-11-06,2010-03-29
CHUBA,CHUBA,2016-07-22,2018-05-21
CHUBK,CHUBK,2016-07-22,2018-05-21
CHUX,CHUX,2008-09-10,2013-05-17
CHUY,CHUY,2012-07-24,2024-10-11
CHWA,CHWA,2021-09-27,2022-08-09
CHWAU,CHWAU,2021-08-30,2022-08-09
CHWAW,CHWAW,2021-09-24,2022-08-09
CHX,CHX,2018-04-27,2020-06-03
CHX-W,CHX-W,2020-05-29,2020-06-05
CHYR,CHYR,2001-05-25,2015-03-17
CIC-U,CIC-U,2017-08-16,2019-07-31
CIC-WS,CIC-WS,2017-10-06,2019-07-31
CIE,CIE,2009-12-16,2017-12-14
CIFC,CIFC,2016-01-04,2026-06-30
CIH,CIH,2019-06-12,2023-04-17
CIIC,CIIC,2020-02-03,2021-03-24
CIICU,CIICU,2019-12-13,2021-03-24
CIICW,CIICW,2020-02-13,2021-03-24
CIIG,CIIG,2021-11-05,2023-04-28
CIIGU,CIIGU,2021-09-15,2023-04-28
CINC,CINC,2022-01-07,2023-02-24
CIO,CIO,2014-04-15,2026-01-08
CIR,CIR,1999-10-18,2023-10-18
CIRC,CIRC,2021-08-27,2026-07-01
CIS,CIS,2010-07-21,2014-03-28
CISN,CISN,2017-05-22,2020-02-03
CISSV,CISSV,2023-06-14,2023-06-21
CIT,CIT,2009-12-10,2022-01-03
CITP,CITP,2004-10-05,2010-04-22
CIVBP,CIVBP,2014-02-03,2019-12-19
CIVI,CIVI,2011-12-15,2026-01-29
CIXX,CIXX,2020-11-02,2022-12-30
CJ,CJ,2017-01-12,2019-10-30
CJES,CJES,2011-07-29,2016-07-20
CKEC,CKEC,2016-01-04,2016-12-29
CKH,CKH,2018-01-29,2021-04-15
CKNN,CKNN,1996-04-01,2009-09-28
CKP,CKP,1986-11-12,2016-05-23
CKPT,CKPT,2016-12-19,2025-05-30
CKR,CKR,2001-01-02,2011-07-20
CKSW,CKSW,2000-06-22,2015-07-21
CKXE,CKXE,2011-06-21,2011-07-08
CLA,CLA,2014-06-18,2017-06-23
CLA-CL,CLA-CL,2017-05-30,2017-06-23
CLA-U,CLA-U,2020-08-21,2020-10-08
CLAA,CLAA,2021-04-30,2023-03-10
CLAA-U,CLAA-U,2021-03-10,2023-03-10
CLAA-WS,CLAA-WS,2021-04-30,2023-03-10
CLAC,CLAC,2013-07-03,2017-07-11
CLACU,CLACU,2013-05-10,2017-07-11
CLACW,CLACW,2014-10-08,2017-07-11
CLAQR,CLAQR,2021-08-04,2022-09-12
CLAQU,CLAQU,2021-07-15,2022-09-12
CLAS,CLAS,2021-03-08,2022-12-29
CLAS-U,CLAS-U,2021-01-15,2022-12-29
CLAS-WS,CLAS-WS,2021-03-08,2022-12-29
CLAY,CLAY,2021-08-13,2023-12-21
CLAYU,CLAYU,2021-07-20,2023-12-21
CLBH,CLBH,2001-01-02,2017-03-13
CLBK,CLBK,2018-04-20,2026-07-20
CLBR-U,CLBR-U,2021-06-10,2022-12-23
CLC,CLC,1990-03-26,2017-07-10
CLCD,CLCD,2015-05-06,2017-03-02
CLCO,CLCO,2023-03-17,2026-01-12
CLCT,CLCT,1999-11-05,2021-02-08
CLDA,CLDA,2001-01-02,2011-05-02
CLDB,CLDB,2001-01-02,2021-11-01
CLDCW,CLDCW,2014-10-22,2017-08-17
CLDI-WS,CLDI-WS,2023-09-13,2023-09-15
CLDR,CLDR,2017-04-28,2021-10-11
CLFC,CLFC,2001-01-02,2011-12-12
CLGX,CLGX,1990-03-23,2021-06-08
CLII-U,CLII-U,2020-09-30,2021-07-01
CLIM-U,CLIM-U,2021-01-27,2022-12-08
CLINR,CLINR,2022-04-18,2023-12-22
CLINU,CLINU,2022-02-24,2023-12-22
CLINW,CLINW,2022-04-18,2023-12-22
CLIRW,CLIRW,2017-01-27,2019-01-25
CLMS,CLMS,2004-10-28,2017-02-22
CLMT,CLMT,2006-01-26,2024-07-10
CLNS,CLNS,2014-06-27,2018-06-22
CLNT,CLNT,2007-12-27,2018-01-05
CLOER,CLOER,2021-09-10,2025-01-14
CLOVW,CLOVW,2021-01-11,2021-08-23
CLP,CLP,1994-02-02,2013-10-17
CLPT,CLPT,2012-05-22,2020-02-11
CLRBW,CLRBW,2014-08-15,2019-08-20
CLRBZ,CLRBZ,2016-04-20,2021-04-16
CLRM,CLRM,2021-03-23,2022-12-29
CLRMU,CLRMU,2021-01-29,2022-12-07
CLRMW,CLRMW,2021-03-23,2022-12-07
CLSP,CLSP,2008-10-22,2013-10-17
CLTX,CLTX,2014-01-07,2015-09-18
CLV,CLV,2013-02-19,2016-02-08
CLVS,CLVS,2023-01-03,2023-01-03
CLWR,CLWR,2007-03-08,2013-10-17
CLXT,CLXT,2017-07-20,2023-05-31
CLZR,CLZR,2001-01-02,2010-01-22
CMA,CMA,1990-03-26,2026-01-30
CMA-WS,CMA-WS,1980-03-17,2018-11-09
CMAX,CMAX,2020-09-21,2024-11-27
CMAXW,CMAXW,2020-09-28,2024-11-27
CMCSK,CMCSK,1990-03-26,2015-12-21
CMCTP,CMCTP,2018-09-18,2023-01-27
CMD,CMD,1993-02-19,2021-06-02
CMDB-W,CMDB-W,2025-05-01,2025-05-06
CMFNL,CMFNL,2018-07-13,2021-04-23
CMGE,CMGE,2012-09-26,2015-08-18
CMIIU,CMIIU,2021-02-23,2026-08-27
CML,CML,2011-02-10,2011-11-30
CMLFU,CMLFU,2020-09-02,2021-07-22
CMLP,CMLP,2011-12-16,2015-10-08
CMLSQ,CMLSQ,2017-12-01,2026-03-20
CMLT,CMLT,2021-06-03,2021-12-17
CMLTU,CMLTU,2021-04-07,2021-12-17
CMO,CMO,1987-11-05,2021-10-18
CMOS,CMOS,1993-10-28,2009-09-29
CMPI,CMPI,2020-08-07,2022-05-31
CMRE-W,CMRE-W,2025-05-01,2025-05-06
CMRO,CMRO,1976-10-15,2019-08-22
CMSB,CMSB,2007-04-04,2015-05-06
CMSSR,CMSSR,2017-11-06,2019-05-01
CMSSU,CMSSU,2017-10-26,2019-05-01
CMTA,CMTA,2017-08-02,2019-04-17
CMVT,CMVT,2013-02-04,2013-02-21
CNACR,CNACR,2017-08-10,2019-08-29
CNACU,CNACU,2017-06-20,2019-08-26
CNBC,CNBC,1996-05-30,2014-07-08
CNBKA,CNBKA,1990-03-27,2021-11-12
CNCE,CNCE,2014-02-13,2023-03-06
CNCO,CNCO,2010-04-05,2017-06-16
CND,CND,2021-01-28,2022-12-19
CND-U,CND-U,2020-12-08,2022-12-12
CNDB-U,CNDB-U,2021-11-04,2024-03-26
CNDO,CNDO,2011-11-17,2015-04-27
CNDT-W,CNDT-W,2016-12-13,2016-12-30
CNDWS,CNDWS,2021-01-28,2023-02-16
CNEP,CNEP,2012-06-21,2013-10-17
CNFRL,CNFRL,2018-10-31,2023-09-29
CNGL,CNGL,2024-07-30,2026-05-28
CNH,CNH,2001-01-02,2013-10-17
CNIT,CNIT,2006-09-12,2018-06-04
CNL,CNL,2016-01-04,2026-05-28
CNNB,CNNB,2017-06-13,2023-11-01
CNNX,CNNX,2014-09-25,2018-01-03
CNQR,CNQR,1998-12-16,2014-12-04
CNR,CNR,2016-01-04,2022-07-25
CNSI,CNSI,2012-10-24,2015-09-08
CNSL,CNSL,2005-07-22,2024-12-27
CNST,CNST,2018-07-19,2021-07-15
CNTA,CNTA,2021-05-28,2026-06-25
CNTB,CNTB,2021-03-19,2025-09-02
CNTF,CNTF,2005-05-06,2023-11-01
CNTQ,CNTQ,2021-08-24,2022-10-10
CNTQU,CNTQU,2021-08-11,2022-10-07
CNU,CNU,2010-11-01,2011-10-04
CNV,CNV,2014-11-20,2017-07-10
CNVR,CNVR,2000-03-31,2014-12-10
CNVY,CNVY,2021-06-16,2022-10-28
CNW,CNW,1980-01-02,2015-10-30
CNXC,CNXC,2015-07-01,2017-11-28
CNXCV,CNXCV,2020-11-24,2020-11-30
CNXM,CNXM,2018-01-04,2020-09-29
CNXR,CNXR,2014-12-12,2018-04-27
CNYD,CNYD,2016-01-04,2016-07-11
COB,COB,2016-01-04,2016-11-02
COBK,COBK,2005-06-30,2015-03-31
COBR,COBR,1975-06-30,2014-10-08
COBZ,COBZ,1998-06-18,2018-09-28
COCO,COCO,1999-02-05,2015-02-13
CODE,CODE,2010-05-18,2015-03-12
COEPW,COEPW,2020-12-17,2026-04-27
COF-WS,COF-WS,1994-11-16,2018-11-09
COGT,COGT,2007-12-27,2018-04-13
COH,COH,2000-10-06,2017-10-30
COHR,COHR,1990-03-26,2022-07-01
COL,COL,2001-06-15,2018-11-26
COLE,COLE,2013-06-20,2014-02-07
COLI,COLI,2021-04-16,2022-12-20
COLIU,COLIU,2021-02-24,2022-12-20
COLIW,COLIW,2021-04-16,2022-12-20
CONE,CONE,2013-01-18,2022-03-25
CONXU,CONXU,2020-10-30,2024-07-25
COOL,COOL,2021-02-19,2026-08-12
COOP,COOP,2012-03-28,2025-10-01
COR,COR,2010-09-23,2021-12-28
CORE,CORE,2005-04-13,2021-09-01
CORI,CORI,2014-04-03,2018-11-27
CORS,CORS,2021-08-24,2023-07-06
CORS-U,CORS-U,2021-07-01,2023-07-06
CORS-WS,CORS-WS,2021-08-24,2023-07-06
CORSQ,CORSQ,1991-05-07,2012-11-05
CORV,CORV,2003-07-17,2020-05-27
CORZW,CORZW,2021-04-08,2022-12-30
COSI,COSI,2002-11-22,2016-10-07
COTV,COTV,2016-05-26,2018-08-27
COTY-W,COTY-W,2016-09-21,2016-10-04
COUP,COUP,2016-10-06,2023-02-28
COV,COV,2007-06-14,2015-02-03
COVA,COVA,2021-03-31,2022-12-20
COVAU,COVAU,2021-02-05,2022-12-20
COVAW,COVAW,2021-04-01,2022-12-20
COVS,COVS,2013-09-26,2017-07-27
COWN,COWN,2006-07-13,2023-03-01
COWNL,COWNL,2018-06-13,2023-03-01
COWNZ,COWNZ,2017-12-15,2021-04-22
COYNW,COYNW,2015-11-13,2017-09-18
CPAA,CPAA,2021-09-30,2023-08-11
CPAAU,CPAAU,2016-07-15,2020-10-28
CPAAW,CPAAW,2016-09-15,2026-05-28
CPAH,CPAH,2004-04-07,2021-02-26
CPAQ,CPAQ,2022-04-05,2023-02-24
CPAQU,CPAQU,2022-02-09,2023-02-24
CPAQW,CPAQW,2022-04-01,2023-02-24
CPAR,CPAR,2021-07-15,2023-01-31
CPARU,CPARU,2021-05-18,2023-01-31
CPARW,CPARW,2021-07-14,2023-01-31
CPE,CPE,1990-03-26,2024-04-11
CPGI,CPGI,2010-12-10,2015-09-15
CPGX,CPGX,2015-07-01,2016-07-01
CPHD,CPHD,2000-06-22,2016-11-08
CPHR,CPHR,2006-02-02,2017-08-28
CPL,CPL,2004-09-29,2020-02-05
CPLA,CPLA,2006-11-10,2018-08-01
CPLG,CPLG,2018-05-31,2022-03-03
CPLP,CPLP,2007-03-30,2024-08-23
CPPL,CPPL,2015-02-06,2017-07-10
CPRX,CPRX,2006-11-08,2026-07-16
CPSL,CPSL,2014-05-27,2018-05-15
CPSR-U,CPSR-U,2020-07-02,2022-01-13
CPTAG,CPTAG,2017-06-02,2022-06-21
CPTAL,CPTAL,2017-05-23,2022-06-21
CPTK,CPTK,2021-04-01,2024-02-20
CPTK-U,CPTK-U,2021-02-09,2024-02-15
CPTN,CPTN,2022-02-11,2025-01-07
CPTNW,CPTNW,2021-03-23,2025-01-07
CPUH,CPUH,2021-03-29,2023-08-01
CPUH-U,CPUH-U,2021-02-05,2023-08-01
CPUH-WS,CPUH-WS,2021-03-29,2023-08-01
CPV,CPV,2001-01-02,2013-03-04
CPXX,CPXX,2016-01-04,2016-07-13
CQB,CQB,1986-08-01,2015-01-13
CQH,CQH,2013-12-13,2018-12-18
CR-W,CR-W,2023-03-29,2023-04-03
CRA,CRA,1993-07-01,2011-05-27
CRACU,CRACU,2025-05-23,2026-05-28
CRAY,CRAY,1995-09-27,2019-09-25
CRBC,CRBC,2006-12-28,2013-04-12
CRC,CRC,2014-11-13,2020-12-04
CRCM,CRCM,2014-01-24,2020-02-10
CRDA,CRDA,2001-08-16,2018-11-05
CRDS,CRDS,1999-10-21,2017-08-28
CRESW,CRESW,2021-06-25,2026-03-10
CREXW,CREXW,2018-11-15,2023-11-17
CRGEQ,CRGEQ,2017-10-05,2024-05-06
CRGX,CRGX,2023-11-10,2025-08-19
CRHC-U,CRHC-U,2020-09-09,2022-11-10
CRHCF,CRHCF,2007-07-17,2023-09-22
CRHM,CRHM,2015-09-03,2021-04-22
CRME,CRME,2003-07-15,2018-05-16
CRN,CRN,1990-01-02,2011-08-22
CRNX,CRNX,2018-07-18,2026-09-01
CRR,CRR,1996-04-23,2019-12-20
CRRC,CRRC,1990-03-27,2015-06-05
CRRS,CRRS,2016-01-04,2021-02-24
CRTO,CRTO,2013-10-30,2026-07-28
CRU,CRU,2021-02-25,2022-11-30
CRU-U,CRU-U,2021-01-05,2022-11-30
CRV,CRV,1992-03-17,2015-08-19
CRVP,CRVP,1994-01-14,2018-03-26
CRWN,CRWN,2000-05-05,2016-05-03
CRZN,CRZN,2021-06-10,2023-03-24
CRZNU,CRZNU,2021-03-24,2023-03-24
CRZNW,CRZNW,2021-05-17,2023-03-24
CRZO,CRZO,1997-08-06,2019-12-20
CS,CS,1995-05-16,2023-06-13
CSAN-W,CSAN-W,2021-03-08,2021-03-10
CSBK,CSBK,2004-05-11,2018-04-02
CSC,CSC,2001-01-02,2017-04-10
CSCD,CSCD,2016-01-04,2016-07-05
CSE,CSE,2003-08-07,2014-04-07
CSFL,CSFL,2001-01-30,2020-06-05
CSGS,CSGS,1996-02-28,2026-05-14
CSH,CSH,2016-01-04,2016-09-09
CSII,CSII,2006-06-28,2023-05-11
CSKI,CSKI,2012-03-08,2014-08-12
CSLMF,CSLMF,2025-01-21,2025-10-22
CSLT,CSLT,2014-03-14,2022-02-17
CSOD,CSOD,2011-03-17,2021-10-15
CSPR,CSPR,2020-02-06,2022-01-24
CSR,CSR,2007-10-29,2011-09-15
CSRA,CSRA,2015-11-30,2018-04-04
CSS,CSS,1992-03-17,2020-03-03
CST,CST,2013-04-17,2017-06-28
CSTA,CSTA,2024-01-12,2024-01-12
CSTA-U,CSTA-U,2024-01-12,2024-01-12
CSTA-WS,CSTA-WS,2024-01-12,2024-01-12
CSTR,CSTR,2016-09-22,2024-04-12
CSWCL,CSWCL,2017-12-18,2021-01-20
CTAC,CTAC,2020-12-11,2021-09-30
CTAC-U,CTAC-U,2020-10-22,2021-09-30
CTAC-WS,CTAC-WS,2020-12-14,2021-09-30
CTACU,CTACU,2018-10-05,2020-03-05
CTAQ,CTAQ,2021-02-01,2023-02-14
CTAQU,CTAQU,2020-12-10,2023-02-14
CTAQW,CTAQW,2021-02-01,2023-02-14
CTCM,CTCM,2006-05-31,2016-05-26
CTCT,CTCT,2007-10-11,2016-02-10
CTCXW,CTCXW,2023-07-17,2023-07-28
CTEK,CTEK,2017-09-08,2022-08-31
CTEST-B,CTEST-B,2019-07-25,2019-08-07
CTEST-C,CTEST-C,2019-07-25,2019-08-07
CTEST-D,CTEST-D,2019-07-25,2019-08-07
CTEST-E,CTEST-E,2019-07-25,2019-08-07
CTEST-F,CTEST-F,2019-07-25,2019-08-07
CTEST-G,CTEST-G,2019-07-25,2019-08-07
CTEST-H,CTEST-H,2019-07-25,2019-08-07
CTEST-I,CTEST-I,2019-07-25,2019-08-07
CTEST-J,CTEST-J,2019-07-25,2019-08-07
CTEST-K,CTEST-K,2019-07-25,2019-08-07
CTEST-L,CTEST-L,2019-07-25,2019-08-07
CTEST-M,CTEST-M,2019-07-25,2019-08-07
CTEST-N,CTEST-N,2019-07-25,2019-08-07
CTEST-O,CTEST-O,2019-07-25,2019-08-07
CTEST-P,CTEST-P,2019-07-25,2019-08-30
CTEST-Q,CTEST-Q,2019-07-25,2019-08-07
CTEST-R,CTEST-R,2019-07-25,2019-08-07
CTEST-S,CTEST-S,2019-07-25,2019-08-07
CTEST-T,CTEST-T,2019-07-25,2019-08-07
CTEST-U,CTEST-U,2019-07-25,2019-08-07
CTEST-V,CTEST-V,2019-07-25,2019-08-07
CTEST-W,CTEST-W,2019-07-25,2019-08-30
CTEST-WD,CTEST-WD,2019-07-25,2019-08-07
CTEST-WS,CTEST-WS,2019-07-25,2019-08-07
CTEST-X,CTEST-X,2019-07-25,2019-08-07
CTEST-Y,CTEST-Y,2019-07-25,2019-08-07
CTEST-Z,CTEST-Z,2019-07-25,2019-08-07
CTG,CTG,1988-01-05,2023-12-13
CTIC,CTIC,1997-03-21,2023-06-26
CTLP,CTLP,1999-06-07,2026-05-08
CTLT,CTLT,2014-07-31,2024-12-18
CTP,CTP,2010-12-08,2015-06-23
CTQ,CTQ,2011-06-07,2016-09-06
CTQ-CL,CTQ-CL,2016-08-19,2016-08-26
CTRA,CTRA,1990-02-08,2026-05-06
CTRL,CTRL,2013-08-02,2019-08-01
CTRMV,CTRMV,2023-03-03,2023-03-07
CTRX,CTRX,2006-06-13,2015-07-23
CTST,CTST,2017-08-24,2020-04-14
CTT,CTT,2013-12-12,2022-09-14
CTU,CTU,2012-08-03,2018-08-31
CTV,CTV,2021-12-01,2025-02-12
CTV-WS,CTV-WS,2021-04-05,2025-02-21
CTW,CTW,2012-05-10,2018-08-31
CTWS,CTWS,1992-02-25,2019-10-09
CTX,CTX,2012-04-03,2018-08-20
CTXRW,CTXRW,2017-08-03,2022-08-08
CTXS,CTXS,1995-12-08,2022-11-02
CTY,CTY,2013-05-24,2020-12-11
CTZ,CTZ,2015-09-22,2020-10-23
CUB,CUB,1989-02-21,2021-05-25
CUBN,CUBN,2006-11-16,2017-12-29
CUBS,CUBS,2013-08-02,2018-07-30
CUDA,CUDA,2013-11-06,2018-02-12
CUK,CUK,2000-10-23,2026-05-07
CUL,CUL,2008-12-08,2011-06-06
CUNB,CUNB,2005-11-10,2017-11-02
CUO,CUO,1992-03-17,2020-05-19
CURB-W,CURB-W,2024-09-26,2024-09-30
CURIW,CURIW,2020-01-07,2025-10-15
CUZ-W,CUZ-W,2016-10-05,2016-10-06
CVA,CVA,1992-03-17,2021-11-30
CVB,CVB,2016-01-13,2017-02-10
CVB-CL,CVB-CL,2017-01-30,2017-02-01
CVC,CVC,2016-01-04,2016-06-21
CVD,CVD,1996-12-17,2015-02-18
CVE-WS,CVE-WS,2021-01-06,2026-01-05
CVET,CVET,2019-02-05,2022-11-02
CVG,CVG,1998-08-13,2018-12-14
CVGW,CVGW,2002-07-22,2026-05-28
CVH,CVH,2006-12-28,2013-10-17
CVIA,CVIA,2018-06-01,2020-06-30
CVIIU,CVIIU,2021-02-12,2024-08-19
CVIIW,CVIIW,2021-04-05,2024-08-19
CVLY,CVLY,1997-04-25,2024-07-01
CVM-WS,CVM-WS,2014-09-22,2018-10-08
CVNSQ,CVNSQ,2010-10-27,2015-10-01
CVO,CVO,1995-09-22,2018-02-12
CVON,CVON,2018-02-21,2019-01-04
CVP,CVP,2003-12-05,2010-02-04
CVRR,CVRR,2013-01-17,2019-01-30
CVRS,CVRS,2014-09-12,2019-11-27
CVT,CVT,2013-08-08,2016-12-07
CVU,CVU,2022-10-05,2022-12-09
CWAN,CWAN,2021-09-24,2026-07-02
CWAY,CWAY,2014-01-15,2018-10-05
CWBC,CWBC,1996-11-19,2024-03-28
CWEI,CWEI,1993-05-24,2017-04-25
CWEN-A,CWEN-A,2015-05-15,2026-05-01
CWENA,CWENA,2015-05-15,2020-08-31
CXAC,CXAC,2022-02-28,2023-10-23
CXAC-U,CXAC-U,2022-01-07,2023-10-23
CXAC-WS,CXAC-WS,2022-02-28,2023-10-23
CXG,CXG,2006-01-19,2011-06-06
CXO,CXO,2007-08-03,2021-01-15
CXP,CXP,2013-10-10,2021-12-07
CXR,CXR,2006-12-28,2009-05-29
CXRX,CXRX,2015-06-29,2018-06-07
CXS,CXS,2009-09-17,2013-10-17
CXT-W,CXT-W,2023-03-29,2023-04-03
CY,CY,1989-04-05,2020-04-16
CYBE,CYBE,1991-11-19,2022-11-03
CYBR,CYBR,2014-09-24,2026-02-11
CYBX,CYBX,1993-02-11,2015-10-16
CYCNV,CYCNV,2019-03-18,2019-04-01
CYDEQ,CYDEQ,2012-03-05,2013-03-05
CYH-W,CYH-W,2016-04-21,2016-04-29
CYHHZ,CYHHZ,2014-09-24,2019-01-11
CYN,CYN,1990-03-26,2015-11-02
CYNA,CYNA,2015-05-20,2016-10-21
CYNI,CYNI,2013-05-09,2015-08-03
CYNO,CYNO,2016-01-04,2017-03-23
CYOU,CYOU,2009-04-02,2020-04-17
CYPS,CYPS,2007-07-16,2022-09-01
CYRV,CYRV,2008-12-02,2011-08-08
CYRXW,CYRXW,2015-07-24,2020-07-29
CYS,CYS,2009-06-16,2018-08-01
CYT,CYT,1993-12-22,2015-12-16
CYTH,CYTH,2011-02-23,2025-03-26
CYTT,CYTT,2021-06-18,2024-03-18
CYTXW,CYTXW,2016-06-15,2018-12-14
CYXTW,CYXTW,2020-11-05,2022-02-28
CZFC,CZFC,1999-03-30,2019-07-01
CZOO-WS,CZOO-WS,2021-08-27,2023-01-03
CZOOF,CZOOF,2020-12-18,2024-05-21
CZR,CZR,2012-02-08,2020-07-20
CZZ,CZZ,2007-09-04,2021-03-05
DADA,DADA,2020-06-05,2025-06-16
DAEG,DAEG,1996-06-14,2015-11-20
DALN,DALN,2008-02-11,2025-09-24
DALS,DALS,2021-07-28,2023-07-28
DANG,DANG,2010-12-07,2016-09-28
DAOO,DAOO,2022-01-12,2022-12-21
DAOOU,DAOOU,2021-12-07,2022-12-21
DAOOW,DAOOW,2022-01-12,2022-12-21
DARA,DARA,1994-04-07,2015-12-04
DATA,DATA,2013-05-17,2019-08-19
DATE,DATE,2011-05-10,2016-05-16
DAWN,DAWN,2021-05-27,2026-04-23
DAY,DAY,2018-04-26,2026-02-03
DB-R,DB-R,2017-03-21,2017-03-31
DBDRU,DBDRU,2020-11-05,2021-12-27
DBTX,DBTX,2021-02-12,2023-09-25
DC,DC,2012-07-23,2022-03-31
DC-WS,DC-WS,2022-08-31,2026-03-12
DCBO,DCBO,2020-12-03,2022-12-30
DCGOW,DCGOW,2020-12-17,2022-09-16
DCM,DCM,2002-03-01,2021-03-11
DCOM,DCOM,1996-06-26,2021-01-29
DCP,DCP,2005-12-06,2023-06-20
DCRBU,DCRBU,2020-10-20,2021-07-16
DCRCU,DCRCU,2021-03-24,2021-12-08
DCRDU,DCRDU,2021-08-11,2023-02-24
DCRN,DCRN,2021-04-01,2022-01-13
DCRNU,DCRNU,2021-02-04,2022-01-13
DCT,DCT,2020-08-14,2023-03-30
DCUA,DCUA,2016-01-04,2016-04-01
DCUB,DCUB,2016-01-04,2016-07-01
DCUC,DCUC,2014-07-11,2017-07-03
DCUD,DCUD,2016-08-10,2019-08-14
DD,DD,2017-08-03,2019-05-31
DD-WD,DD-WD,2021-02-02,2021-02-03
DDC,DDC,1992-06-22,2017-11-02
DDE,DDE,2002-03-19,2019-03-28
DDMGQ,DDMGQ,2012-09-11,2015-09-23
DDMX,DDMX,2021-01-27,2021-11-30
DDMXU,DDMXU,2020-12-08,2021-11-30
DDMXW,DDMXW,2018-10-23,2020-03-12
DDR,DDR,1993-02-02,2018-10-11
DDRX,DDRX,2001-05-11,2010-05-28
DDSSF,DDSSF,2006-04-28,2012-10-19
DEACU,DEACU,2019-05-10,2020-04-23
DEG,DEG,2016-01-04,2016-08-02
DEH-U,DEH-U,2020-07-15,2021-09-17
DEL,DEL,1996-12-12,2018-02-21
DELL,DELL,1988-08-17,2015-03-04
DELTW,DELTW,2015-06-01,2017-12-14
DEN,DEN,2020-09-21,2023-11-02
DEP,DEP,2007-01-31,2011-11-30
DEPO,DEPO,1997-12-03,2018-08-14
DERM,DERM,2014-10-03,2020-02-20
DESP,DESP,2017-09-20,2025-05-15
DEST,DEST,1993-03-16,2023-02-07
DFBHU,DFBHU,2018-02-16,2019-11-08
DFFN,DFFN,2023-08-17,2023-08-17
DFHTU,DFHTU,2020-07-17,2021-06-08
DFIN-W,DFIN-W,2016-09-26,2016-09-30
DFNS,DFNS,2020-03-23,2026-02-06
DFNSU,DFNSU,2019-11-07,2021-08-26
DFPHU,DFPHU,2020-03-11,2021-11-12
DFRG,DFRG,2012-07-27,2019-09-25
DFS,DFS,2007-06-14,2025-05-16
DFT,DFT,2007-10-19,2017-09-28
DFZ,DFZ,1992-03-16,2014-09-04
DGAS,DGAS,1990-03-26,2017-09-29
DGHI,DGHI,2021-11-15,2025-03-17
DGI,DGI,2009-05-14,2017-10-19
DGLD,DGLD,2020-06-30,2020-07-02
DGLT,DGLT,2016-01-04,2022-04-29
DGLY,DGLY,2007-05-16,2026-01-07
DGNR,DGNR,2020-10-05,2021-07-30
DGNR-U,DGNR-U,2020-08-14,2021-07-30
DGNS,DGNS,2020-11-16,2021-12-08
DGNU,DGNU,2021-03-23,2023-03-23
DHACU,DHACU,2021-11-04,2024-06-24
DHBC,DHBC,2021-04-23,2022-12-09
DHBCU,DHBCU,2021-03-02,2022-12-09
DHBCW,DHBCW,2021-04-23,2022-12-09
DHCA,DHCA,2021-04-28,2024-03-14
DHCAU,DHCAU,2021-03-02,2024-03-14
DHCPQ,DHCPQ,2018-02-06,2019-10-14
DHHCU,DHHCU,2021-01-26,2023-03-30
DHIL,DHIL,1997-05-09,2026-04-22
DHR-W,DHR-W,2016-06-17,2023-09-29
DHR-WD,DHR-WD,2019-12-16,2019-12-18
DHXM,DHXM,2014-10-23,2019-12-23
DICE,DICE,2021-09-15,2023-08-14
DIGX,DIGX,2017-09-19,2018-08-28
DILA,DILA,2021-08-05,2022-12-22
DILAU,DILAU,2021-06-15,2022-12-22
DILAW,DILAW,2021-08-04,2022-12-22
DINE,DINE,2001-01-02,2011-01-03
DISA,DISA,2021-05-21,2024-01-02
DISAU,DISAU,2021-03-24,2024-01-02
DISAW,DISAW,2021-05-17,2023-12-22
DISCA,DISCA,2022-04-06,2022-09-16
DISCB,DISCB,2005-11-10,2022-04-08
DISCK,DISCK,2008-09-18,2022-09-16
DISH,DISH,1995-06-21,2024-01-09
DISHR,DISHR,2019-11-25,2019-12-16
DIST,DIST,2023-03-30,2025-07-09
DISTU,DISTU,2023-02-15,2023-03-29
DISTW,DISTW,2023-03-30,2025-07-09
DITC,DITC,2006-12-28,2012-12-04
DKDCU,DKDCU,2021-05-07,2023-11-07
DKNGZ,DKNGZ,2019-07-19,2020-07-08
DKT,DKT,2008-05-05,2019-12-27
DKTCL,DKTCL,2008-05-05,2019-12-26
DL,DL,2008-07-30,2021-03-18
DLCA,DLCA,2021-03-05,2023-01-13
DLCAU,DLCAU,2021-01-13,2023-01-13
DLCAW,DLCAW,2021-03-05,2023-01-13
DLGC,DLGC,2013-04-17,2014-12-02
DLLR,DLLR,2005-01-28,2014-06-13
DLPH,DLPH,2017-12-05,2020-10-02
DLPNW,DLPNW,2017-12-21,2020-12-24
DM,DM,2019-05-03,2025-04-02
DM-WS,DM-WS,2019-05-03,2021-03-26
DMAQR,DMAQR,2021-12-02,2024-01-31
DMAQU,DMAQU,2021-10-27,2021-12-01
DMND,DMND,2005-07-20,2016-03-08
DMTX,DMTX,2015-10-22,2017-11-07
DMYD,DMYD,2020-10-05,2021-04-20
DMYD-U,DMYD-U,2020-08-14,2020-12-28
DMYD-WS,DMYD-WS,2020-10-05,2021-04-20
DMYI-U,DMYI-U,2020-11-13,2021-09-30
DMYQ-U,DMYQ-U,2021-03-05,2021-12-07
DMYS,DMYS,2021-11-22,2023-04-05
DMYS-U,DMYS-U,2021-10-01,2023-04-05
DMYS-WS,DMYS-WS,2021-11-22,2023-04-05
DMYT-U,DMYT-U,2020-02-21,2020-12-29
DMYY-U,DMYY-U,2022-09-30,2025-09-29
DMYY-WS,DMYY-WS,2022-11-29,2025-09-29
DNA,DNA,2001-01-02,2010-04-05
DNAA,DNAA,2021-06-30,2022-08-19
DNAB,DNAB,2021-06-30,2023-06-30
DNAC,DNAC,2021-06-30,2022-07-11
DNAD,DNAD,2021-06-30,2023-06-30
DNB,DNB,1983-06-10,2021-04-01
DNBF,DNBF,1999-01-12,2019-11-29
DNDN,DNDN,2000-06-19,2014-11-18
DNK,DNK,2020-01-17,2021-09-13
DNKN,DNKN,2011-07-27,2020-12-15
DNMR-WS,DNMR-WS,2020-05-28,2021-06-15
DNR,DNR,1995-09-06,2020-07-30
DNZ,DNZ,2021-03-23,2023-01-27
DNZ-U,DNZ-U,2021-01-26,2023-01-27
DNZ-WS,DNZ-WS,2021-03-18,2023-01-27
DO,DO,1995-10-11,2022-02-03
DOC,DOC,2013-07-19,2024-03-07
DOLE,DOLE,2009-10-23,2013-11-01
DOLNQ,DOLNQ,2014-03-25,2014-06-13
DOMA,DOMA,2021-07-29,2024-09-27
DOMA-WS,DOMA-WS,2021-07-29,2023-07-11
DOOR,DOOR,2009-07-24,2024-05-15
DOTA,DOTA,2017-10-12,2018-12-19
DOTAR,DOTAR,2017-10-12,2018-12-19
DOTAU,DOTAU,2017-09-15,2018-12-11
DOTAW,DOTAW,2017-10-12,2018-12-19
DOVA,DOVA,2017-06-29,2019-11-12
DOVR,DOVR,2005-11-18,2015-07-01
DOW,DOW,1972-06-01,2017-08-31
DPHCU,DPHCU,2019-02-28,2020-10-23
DPL,DPL,2001-01-02,2012-12-03
DPLO,DPLO,2014-10-10,2020-02-07
DPRX,DPRX,2014-03-13,2017-04-27
DPS,DPS,2008-05-07,2018-07-09
DPSI,DPSI,2011-04-06,2024-07-10
DRAM,DRAM,1992-03-17,2017-07-03
DRAYU,DRAYU,2021-07-01,2023-01-06
DRAYW,DRAYW,2021-08-23,2023-01-06
DRC,DRC,2005-08-05,2015-06-30
DRCTW,DRCTW,2022-02-11,2023-10-30
DRE,DRE,1987-11-05,2022-10-03
DRII,DRII,2016-01-04,2016-09-02
DRIOW,DRIOW,2016-03-04,2021-03-04
DRJ,DRJ,1997-02-26,2012-06-18
DRL,DRL,1992-02-25,2015-03-02
DRMAW,DRMAW,2021-08-13,2026-08-17
DRNA,DRNA,2014-01-30,2021-12-28
DRRX,DRRX,2000-09-28,2025-09-11
DRS,DRS,1996-04-02,2009-10-30
DRTX,DRTX,2012-07-19,2014-11-17
DRUA,DRUA,2016-07-25,2021-08-30
DRWI,DRWI,2008-06-24,2017-08-03
DRWIW,DRWIW,2016-01-04,2016-08-02
DRYS,DRYS,2005-02-03,2019-10-11
DSACU,DSACU,2020-10-29,2022-07-29
DSAQ-U,DSAQ-U,2021-09-24,2024-04-29
DSCI,DSCI,2001-01-02,2017-02-27
DSCM,DSCM,1999-07-28,2011-06-13
DSEY,DSEY,2021-03-24,2023-07-05
DSKE,DSKE,2015-10-12,2024-04-01
DSKEW,DSKEW,2015-09-14,2022-02-23
DSKX,DSKX,2010-05-20,2019-06-12
DSKY,DSKY,2016-01-04,2016-09-08
DSLV,DSLV,2020-06-30,2020-07-02
DSPG,DSPG,1994-02-14,2021-12-02
DSSI,DSSI,2019-03-28,2021-07-19
DST,DST,1995-11-01,2018-04-17
DSXN,DSXN,2015-05-29,2018-10-26
DSXN-CL,DSXN-CL,2018-10-01,2018-10-26
DSY,DSY,2024-06-06,2026-02-20
DTCK,DTCK,2023-09-19,2026-03-25
DTE-W,DTE-W,2021-06-18,2021-06-30
DTJ,DTJ,2016-06-01,2021-06-29
DTK,DTK,2008-02-14,2018-02-16
DTLK,DTLK,2001-01-02,2017-01-09
DTM-W,DTM-W,2021-06-18,2021-06-30
DTOCU,DTOCU,2021-03-10,2023-09-20
DTPI,DTPI,2001-01-02,2010-11-12
DTQ,DTQ,2012-10-03,2020-10-21
DTRM,DTRM,2015-10-19,2019-06-14
DTRT,DTRT,2021-10-26,2023-02-01
DTRTU,DTRTU,2021-09-02,2023-02-01
DTRTW,DTRTW,2021-10-25,2023-02-01
DTSI,DTSI,2003-07-10,2016-12-02
DTSTW,DTSTW,2021-05-14,2026-05-19
DTV,DTV,2016-09-30,2019-09-30
DTY,DTY,2016-12-08,2021-12-15
DTZ,DTZ,2011-12-07,2016-12-06
DTZ-CL,DTZ-CL,2016-12-01,2016-12-27
DUA,DUA,2006-11-01,2015-03-25
DUF,DUF,2007-09-28,2013-10-17
DUKH,DUKH,2013-01-16,2021-10-06
DUNEU,DUNEU,2020-12-18,2023-12-21
DUO,DUO,2019-11-01,2024-09-27
DVAX,DVAX,2004-02-19,2026-02-11
DVCR,DVCR,1999-11-16,2021-11-22
DVD,DVD,1996-10-04,2021-12-22
DVINQ,DVINQ,2003-02-28,2010-10-01
DVMT,DVMT,2016-08-17,2018-12-27
DVR,DVR,2006-12-14,2014-10-29
DVS,DVS,2025-04-21,2026-03-26
DVXE,DVXE,2025-07-23,2026-09-01
DWA,DWA,2004-10-27,2016-08-23
DWAC,DWAC,2021-09-30,2024-03-25
DWACU,DWACU,2021-09-03,2024-03-25
DWACW,DWACW,2021-09-30,2024-03-25
DWCH,DWCH,1992-05-29,2018-12-13
DWDP-W,DWDP-W,2019-03-20,2019-04-01
DWIN-U,DWIN-U,2020-12-11,2022-09-15
DWRE,DWRE,2016-01-04,2016-07-11
DXB,DXB,2007-05-21,2020-05-22
DXB-CL,DXB-CL,2020-04-08,2020-05-22
DXBCL,DXBCL,2007-06-21,2020-05-21
DXC-W,DXC-W,2018-05-25,2018-05-31
DXTR,DXTR,2006-02-03,2018-05-07
DYAX,DYAX,2000-08-15,2016-01-25
DYFN,DYFN,2020-06-26,2022-07-29
DYN,DYN,2012-10-03,2018-04-09
DYN-WS,DYN-WS,2012-10-03,2017-09-27
DYNIQ,DYNIQ,2012-07-06,2012-10-01
DYNX,DYNX,2024-12-09,2025-08-26
DYNXW,DYNXW,2024-12-09,2025-08-26
EA,EA,1990-03-26,2026-08-04
EAA,EAA,2016-01-04,2016-08-24
EAA-CL,EAA-CL,2016-08-16,2016-09-14
EAB,EAB,2012-12-18,2020-10-13
EAC,EAC,2012-04-11,2016-11-18
EACPU,EACPU,2021-01-15,2024-03-11
EACPW,EACPW,2021-03-02,2024-03-11
EACQ,EACQ,2015-10-02,2018-11-05
EACQU,EACQU,2015-07-30,2018-10-23
EACQW,EACQW,2015-10-21,2018-11-05
EAE,EAE,2013-06-06,2020-10-13
EAGLU,EAGLU,2013-07-25,2019-03-15
EAR,EAR,2020-10-16,2024-02-26
EASTW,EASTW,2017-08-10,2018-09-20
EB,EB,2018-09-20,2026-03-10
EBAC,EBAC,2021-05-18,2023-03-02
EBACU,EBACU,2021-03-16,2023-03-02
EBACW,EBACW,2021-05-13,2023-03-02
EBAYL,EBAYL,2016-03-10,2021-02-26
EBAYV,EBAYV,2015-07-06,2015-07-17
EBRB,EBRB,2018-10-29,2018-10-29
EBS-W,EBS-W,2016-07-21,2016-07-29
EBSB,EBSB,2008-01-23,2022-02-28
ECAC,ECAC,2015-11-25,2017-08-17
ECACR,ECACR,2015-11-24,2017-02-21
ECACU,ECACU,2015-08-13,2017-08-28
ECCA,ECCA,2015-05-15,2020-01-29
ECCA-CL,ECCA-CL,2019-12-20,2020-01-30
ECCF,ECCF,2024-01-29,2026-01-29
ECCW,ECCW,2021-03-29,2026-05-19
ECCX,ECCX,2018-04-30,2026-05-19
ECCY,ECCY,2017-08-09,2022-02-11
ECCZ,ECCZ,2015-12-09,2018-06-05
ECG-W,ECG-W,2024-10-28,2024-10-31
ECHO,ECHO,2009-10-02,2026-06-23
ECL-WD,ECL-WD,2020-06-03,2020-06-05
ECOL,ECOL,1990-03-26,2022-09-16
ECOLW,ECOLW,2019-11-01,2022-05-02
ECOM,ECOM,2013-05-23,2022-11-15
ECT,ECT,2010-07-01,2020-07-30
ECTYQ,ECTYQ,2013-09-27,2015-04-15
ECVT,ECVT,2017-09-29,2021-08-02
ECYT,ECYT,2011-02-04,2018-12-21
EDAC,EDAC,2007-05-31,2013-05-07
EDE,EDE,2016-01-04,2017-01-09
EDGW,EDGW,1996-11-15,2018-11-01
EDNC,EDNC,2021-11-08,2022-10-27
EDNCU,EDNCU,2021-09-15,2022-10-27
EDNCW,EDNCW,2021-11-08,2022-10-27
EDR,EDR,2005-01-26,2026-05-28
EDS,EDS,2007-12-03,2015-04-29
EDTX,EDTX,2018-10-17,2020-03-30
EDTXU,EDTXU,2020-12-11,2023-08-31
EDTXW,EDTXW,2021-02-12,2023-08-31
EDVA,EDVA,2019-02-05,2026-08-21
EE,EE,1989-07-07,2020-07-29
EEI,EEI,1992-03-17,2019-12-31
EEP,EEP,1991-12-20,2018-12-20
EEQ,EEQ,2002-10-11,2018-12-20
EEX,EEX,2017-04-28,2026-07-14
EFD,EFD,2006-12-28,2007-11-13
EFHTR,EFHTR,2022-12-08,2023-12-12
EFHTU,EFHTU,2022-09-09,2022-12-07
EFII,EFII,1992-10-02,2019-07-23
EFM,EFM,2016-01-04,2016-09-23
EFM-CL,EFM-CL,2016-09-16,2016-10-12
EFS,EFS,2017-01-25,2017-02-01
EGAS,EGAS,1990-03-26,2017-08-17
EGC,EGC,2017-01-09,2018-10-19
EGGF-U,EGGF-U,2021-05-26,2023-12-27
EGGF-WS,EGGF-WS,2021-07-16,2023-12-27
EGL,EGL,2012-07-18,2019-01-11
EGLTQ,EGLTQ,2014-02-06,2019-03-01
EGLX,EGLX,2021-04-21,2022-12-30
EGN,EGN,1984-07-19,2018-11-29
EGOV,EGOV,1999-07-15,2021-04-21
EGT,EGT,2003-10-15,2017-06-22
EHAB,EHAB,2022-07-01,2026-05-14
EHAB-W,EHAB-W,2022-06-23,2022-06-30
EHC-W,EHC-W,2022-06-23,2022-06-30
EHI-R,EHI-R,2024-09-12,2024-10-07
EHIC,EHIC,2014-11-18,2019-04-09
EHLDV,EHLDV,2025-03-07,2025-03-17
EICB,EICB,2023-07-31,2025-12-26
EICC,EICC,2024-04-11,2026-04-02
EIDX,EIDX,2018-06-20,2021-01-26
EIGI,EIGI,2013-10-25,2021-02-10
EIHI,EIHI,2006-12-28,2013-12-31
EJ,EJ,2016-01-04,2016-08-22
EJFA,EJFA,2021-04-21,2022-08-26
EJFAU,EJFAU,2021-02-25,2022-06-22
EJFAW,EJFAW,2021-04-22,2022-06-22
ELA,ELA,2016-01-04,2016-08-25
ELA-CL,ELA-CL,2016-08-17,2016-09-15
ELAN-W,ELAN-W,2019-03-01,2019-03-13
ELAT,ELAT,2020-01-23,2023-01-31
ELB,ELB,2016-01-04,2016-08-25
ELB-CL,ELB-CL,2016-08-17,2016-09-15
ELEC,ELEC,2015-09-24,2018-06-06
ELECU,ELECU,2015-06-11,2018-05-31
ELECW,ELECW,2015-08-20,2018-06-06
ELEV,ELEV,2021-06-25,2025-07-23
ELGX,ELGX,1996-06-21,2020-08-20
ELIQ-WS,ELIQ-WS,2023-08-01,2023-08-01
ELJ,ELJ,2012-07-06,2020-12-18
ELLI,ELLI,2011-04-15,2019-04-17
ELNK,ELNK,2001-01-02,2017-03-08
ELOS,ELOS,2004-08-09,2017-07-18
ELP,ELP,1998-06-03,2025-12-24
ELRC,ELRC,2016-01-04,2016-08-11
ELU,ELU,2013-05-23,2020-12-18
ELVT,ELVT,2017-04-06,2023-02-27
ELX,ELX,1990-03-26,2015-05-05
ELXS,ELXS,1983-11-10,2018-06-08
EM,EM,2021-04-01,2026-04-30
EMAN,EMAN,2000-01-21,2023-10-18
EMBCV,EMBCV,2022-03-22,2022-03-31
EMBK,EMBK,2021-03-05,2023-08-29
EMBKW,EMBKW,2021-03-05,2021-11-10
EMC,EMC,1988-12-16,2016-09-15
EMCF,EMCF,1999-03-08,2022-12-30
EMCI,EMCI,1990-03-26,2019-09-19
EMISU,EMISU,2025-09-25,2025-10-21
EMKR,EMKR,1997-03-07,2025-02-28
EMMSP,EMMSP,2016-01-04,2016-04-11
EMO-R,EMO-R,2025-09-17,2025-10-09
EMON,EMON,2015-04-27,2018-10-25
EMPW-U,EMPW-U,2020-10-07,2021-07-16
EMQ,EMQ,2016-01-04,2016-05-23
EMQ-CL,EMQ-CL,2016-05-13,2016-06-10
EMS,EMS,2017-01-25,2017-02-01
EMX,EMX,2007-08-28,2025-11-12
EMZ,EMZ,2016-01-04,2016-09-23
EMZ-CL,EMZ-CL,2016-09-16,2016-10-12
ENA,ENA,2012-10-31,2013-10-17
ENBA,ENBA,2018-04-25,2023-04-14
ENBL,ENBL,2014-04-11,2021-12-02
ENCP,ENCP,2022-01-10,2026-05-28
ENCPU,ENCPU,2021-11-16,2024-03-14
ENCPW,ENCPW,2022-01-10,2024-03-14
ENDRQ,ENDRQ,2016-01-04,2016-10-25
ENER,ENER,2021-12-01,2023-12-26
ENERQ,ENERQ,2012-02-24,2016-10-25
ENERR,ENERR,2021-12-01,2023-12-26
ENERU,ENERU,2021-10-21,2023-12-26
ENERW,ENERW,2021-12-01,2023-12-26
ENFAU,ENFAU,2021-01-12,2021-12-03
ENFC,ENFC,2014-10-01,2019-12-31
ENH,ENH,2003-02-28,2017-04-05
ENIA,ENIA,2022-06-17,2022-06-17
ENIA-R,ENIA-R,2019-07-08,2019-08-20
ENIA-W,ENIA-W,2016-12-01,2016-12-29
ENL,ENL,1994-10-07,2015-07-01
ENLC,ENLC,2004-01-13,2025-01-31
ENLK,ENLK,2003-02-25,2019-01-25
ENNVU,ENNVU,2021-02-09,2022-02-04
ENOC,ENOC,2007-05-18,2017-08-08
ENP,ENP,2007-09-12,2012-12-10
ENPC-U,ENPC-U,2020-09-16,2022-10-24
ENRJ,ENRJ,2007-03-23,2018-03-26
ENTF,ENTF,2021-12-14,2023-07-21
ENTFU,ENTFU,2021-10-19,2023-07-21
ENTFW,ENTFW,2021-12-09,2023-07-21
ENTL,ENTL,2015-01-29,2018-02-28
ENTU,ENTU,1998-08-18,2009-08-13
ENTXW,ENTXW,2018-06-28,2023-06-28
ENV,ENV,2010-07-29,2024-11-25
ENVE,ENVE,1995-03-29,2017-09-18
ENVIU,ENVIU,2021-01-14,2022-02-02
ENVXW,ENVXW,2021-01-05,2022-01-07
ENZY,ENZY,2013-09-27,2018-01-11
EOCA,EOCA,2016-04-26,2016-12-08
EOCC-W,EOCC-W,2016-04-21,2016-04-26
EOCW,EOCW,2021-08-19,2023-06-30
EOCW-U,EOCW-U,2021-06-29,2023-06-30
EOPN,EOPN,2012-07-26,2015-03-25
EOSEW,EOSEW,2020-06-03,2025-11-17
EP,EP,2022-03-08,2022-04-11
EPAY,EPAY,1999-02-12,2022-09-16
EPB,EPB,2007-11-29,2014-12-04
EPHC,EPHC,2006-12-28,2013-03-27
EPHY,EPHY,2021-03-01,2023-01-12
EPHYU,EPHYU,2021-01-08,2023-01-12
EPHYW,EPHYW,2021-03-01,2023-01-12
EPIQ,EPIQ,2016-01-04,2016-10-10
EPIX,EPIX,2015-07-09,2025-10-13
EPL,EPL,2009-09-23,2014-06-03
EPOW,EPOW,2021-02-09,2024-02-21
EPRE,EPRE,2022-10-28,2022-10-28
EPRS,EPRS,2016-01-04,2016-08-11
EPWR,EPWR,2021-03-01,2022-12-13
EPWR-U,EPWR-U,2021-01-08,2022-12-13
EPZM,EPZM,2013-05-31,2022-09-08
EQCO,EQCO,2012-07-30,2018-06-05
EQD,EQD,2020-11-06,2022-09-16
EQD-U,EQD-U,2020-09-16,2022-09-16
EQD-WS,EQD-WS,2020-11-06,2022-08-10
EQGP,EQGP,2015-05-12,2019-01-18
EQHA,EQHA,2021-03-22,2022-12-21
EQHA-U,EQHA-U,2021-01-29,2022-12-21
EQM,EQM,2012-06-27,2020-06-16
EQOSW,EQOSW,2019-05-16,2021-03-26
EQRX,EQRX,2021-12-20,2023-11-09
EQRXW,EQRXW,2021-06-03,2023-11-09
EQT-W,EQT-W,2018-10-31,2018-11-12
EQU,EQU,2000-04-25,2014-07-30
EQY,EQY,2016-01-04,2017-03-09
ERB,ERB,2016-01-04,2016-10-10
ERESU,ERESU,2020-07-23,2023-07-03
ERF,ERF,2000-11-17,2024-05-31
ERN,ERN,2007-06-28,2018-04-26
EROC,EROC,2006-10-25,2015-10-08
ERS,ERS,2003-01-02,2017-05-09
ESAB-W,ESAB-W,2022-03-29,2022-03-29
ESACU,ESACU,2021-10-20,2024-03-13
ESBF,ESBF,1995-08-18,2015-02-10
ESBK,ESBK,1993-03-04,2022-05-13
ESC,ESC,1995-11-20,2014-07-30
ESCRP,ESCRP,2007-07-23,2015-11-10
ESCRQ,ESCRQ,1995-03-27,2019-04-04
ESDI,ESDI,2016-10-18,2018-01-03
ESDIW,ESDIW,2017-08-10,2018-01-02
ESGR,ESGR,1997-05-09,2025-07-02
ESHAU,ESHAU,2023-06-14,2023-07-20
ESI,ESI,2019-01-31,2019-01-31
ESIO,ESIO,1990-03-26,2019-02-01
ESL,ESL,1973-05-03,2019-03-14
ESLRQ,ESLRQ,2000-11-02,2013-07-29
ESM,ESM,2021-04-30,2023-03-09
ESM-U,ESM-U,2021-03-10,2023-03-09
ESM-WS,ESM-WS,2021-04-30,2023-03-09
ESMT,ESMT,2021-09-23,2024-01-25
ESND,ESND,1990-03-26,2019-01-31
ESPR,ESPR,2013-06-26,2026-07-13
ESRX,ESRX,1992-06-09,2018-12-20
ESSA,ESSA,2007-04-04,2025-07-24
ESSCR,ESSCR,2020-03-27,2022-11-11
ESSCU,ESSCU,2020-02-20,2022-11-11
ESSX,ESSX,2007-03-27,2017-09-11
ESTE,ESTE,1997-01-06,2023-11-01
ESUS,ESUS,2021-09-15,2024-12-11
ESXB,ESXB,2006-09-06,2021-12-10
ESYS,ESYS,1993-12-01,2015-01-22
ETAC,ETAC,2020-09-18,2022-09-02
ETACU,ETACU,2020-07-31,2022-09-02
ETACW,ETACW,2020-09-18,2022-09-02
ETC-W,ETC-W,2016-06-27,2016-06-28
ETE,ETE,2006-02-03,2018-10-18
ETFC,ETFC,1996-08-16,2020-10-02
ETHM,ETHM,2025-08-26,2026-04-30
ETHMW,ETHMW,2025-08-27,2026-04-30
ETHZW,ETHZW,2017-06-27,2025-11-05
ETNB,ETNB,2019-11-11,2025-10-30
ETP,ETP,2002-02-05,2018-10-19
ETPA,ETPA,2019-02-01,2022-11-28
ETRM,ETRM,2007-11-15,2017-10-20
ETRN,ETRN,2018-10-31,2024-07-22
ETTX,ETTX,2018-09-26,2022-08-05
ETWO-WS,ETWO-WS,2020-06-15,2025-03-24
EUCR,EUCR,2020-12-29,2023-04-26
EUCRU,EUCRU,2020-10-23,2023-04-26
EUCRW,EUCRW,2021-01-07,2023-04-26
EUSGU,EUSGU,2021-01-22,2021-12-22
EV,EV,1990-03-27,2021-03-01
EVA,EVA,2015-04-29,2021-12-31
EVAR,EVAR,2014-04-25,2017-11-08
EVBN,EVBN,2001-07-09,2025-05-02
EVBS,EVBS,1998-01-02,2017-07-03
EVDY,EVDY,2016-01-04,2016-12-05
EVEP,EVEP,2006-09-27,2018-05-10
EVER,EVER,2012-05-03,2017-07-19
EVEX-WS,EVEX-WS,2021-01-07,2022-12-23
EVFTC,EVFTC,2017-11-30,2019-07-25
EVGOW,EVGOW,2020-11-20,2026-07-02
EVHC,EVHC,2013-08-14,2018-12-14
EVHC-P,EVHC-P,2013-08-14,2017-06-30
EVLVU,EVLVU,2020-07-31,2021-09-09
EVLVW,EVLVW,2023-05-05,2026-07-17
EVOJ,EVOJ,2021-04-07,2023-05-08
EVOJU,EVOJU,2021-02-09,2023-05-08
EVOJW,EVOJW,2021-04-08,2023-05-08
EVOK,EVOK,2013-09-25,2025-12-17
EVOP,EVOP,2018-05-23,2023-03-24
EVOQ,EVOQ,2009-04-07,2014-10-16
EVRI,EVRI,2015-08-24,2025-07-01
EVRYQ,EVRYQ,2015-04-20,2015-06-02
EVSNF,EVSNF,2013-12-06,2018-04-26
EVTL,EVTL,2020-11-02,2021-12-15
EVTL-WS,EVTL-WS,2021-12-16,2024-11-15
EVVV,EVVV,2005-06-16,2010-07-29
EWCZ,EWCZ,2021-08-05,2026-05-08
EXA,EXA,2012-06-28,2017-11-17
EXAC,EXAC,1996-05-30,2018-02-14
EXAI,EXAI,2021-10-01,2024-11-20
EXAM,EXAM,2010-10-28,2016-07-27
EXAR,EXAR,1990-03-26,2017-07-14
EXAS,EXAS,2001-02-01,2026-03-24
EXCU,EXCU,2014-07-03,2017-06-01
EXCVV,EXCVV,2022-01-19,2022-02-01
EXEEL,EXEEL,2021-02-10,2026-02-06
EXEEW,EXEEW,2021-02-10,2026-02-06
EXEEZ,EXEEZ,2021-02-10,2026-02-06
EXFO,EXFO,2000-06-30,2021-08-27
EXH,EXH,2007-08-21,2015-11-03
EXL,EXL,2010-04-23,2015-07-31
EXLP,EXLP,2006-10-17,2015-11-03
EXPCU,EXPCU,2019-09-13,2021-05-14
EXTN,EXTN,2015-11-04,2022-10-28
EXTO-W,EXTO-W,2023-08-23,2023-08-28
EXXI,EXXI,2007-06-01,2018-03-20
EYEGW,EYEGW,2015-07-31,2020-08-05
EZCH,EZCH,1999-12-31,2016-02-23
EZT,EZT,2014-09-22,2020-10-30
FAC,FAC,1972-06-01,2018-04-06
FACA,FACA,2021-04-13,2022-12-29
FACA-U,FACA-U,2021-02-19,2022-12-29
FACT-U,FACT-U,2021-02-26,2023-07-17
FAII-U,FAII-U,2020-08-12,2021-06-16
FARM,FARM,1990-03-26,2026-05-05
FARO,FARO,1997-09-18,2025-07-21
FATBW,FATBW,2020-07-14,2025-07-16
FATH,FATH,2021-03-29,2024-05-28
FATP,FATP,2021-12-03,2023-12-12
FATPU,FATPU,2021-10-13,2023-12-12
FATPW,FATPW,2021-12-03,2023-12-04
FAZE,FAZE,2021-04-13,2024-03-08
FAZEW,FAZEW,2021-04-13,2024-03-08
FBC,FBC,1997-04-30,2022-11-30
FBCI,FBCI,2017-10-11,2019-04-03
FBCP,FBCP,2005-05-16,2017-07-14
FBM,FBM,2017-02-10,2021-01-28
FBMS,FBMS,2003-01-02,2025-03-31
FBN,FBN,2006-12-28,2013-08-27
FBNK,FBNK,2011-06-30,2018-10-01
FBR,FBR,2000-04-14,2019-01-03
FBRC,FBRC,2007-06-08,2017-06-12
FBRT,FBRT,2021-03-24,2021-10-19
FBRX,FBRX,2017-04-13,2026-08-27
FBTXQ,FBTXQ,2010-01-04,2015-01-06
FBYDP,FBYDP,2023-10-09,2023-11-06
FCACU,FCACU,2020-09-22,2021-07-01
FCAM,FCAM,2014-12-11,2016-12-22
FCAX,FCAX,2021-03-05,2023-01-13
FCAX-U,FCAX-U,2021-01-13,2023-01-13
FCAX-WS,FCAX-WS,2021-03-05,2022-12-12
FCB,FCB,2014-08-01,2018-12-31
FCBP,FCBP,2018-01-05,2021-07-21
FCCY,FCCY,1999-03-15,2022-01-06
FCE-A,FCE-A,1983-10-25,2018-12-10
FCE-B,FCE-B,1992-03-17,2017-06-12
FCEA,FCEA,2017-07-13,2018-10-30
FCFC,FCFC,1995-08-02,2013-06-04
FCFP,FCFP,2015-07-16,2017-07-11
FCH,FCH,1994-07-22,2017-09-01
FCLF,FCLF,2016-01-04,2016-09-16
FCMCQ,FCMCQ,2010-01-04,2013-08-19
FCRD,FCRD,2010-04-22,2023-03-09
FCRW,FCRW,2018-10-09,2021-12-21
FCRX,FCRX,2021-05-27,2026-06-12
FCRZ,FCRZ,2015-12-16,2021-06-18
FCS,FCS,2016-01-04,2016-09-20
FCSC,FCSC,2009-10-21,2019-12-13
FCTY,FCTY,2016-01-04,2016-07-05
FCVA,FCVA,1999-03-15,2015-12-31
FDC,FDC,2015-10-15,2019-08-05
FDML,FDML,2008-01-02,2017-07-10
FDNHQ,FDNHQ,2017-09-22,2017-11-01
FDO,FDO,1985-02-25,2015-07-13
FDUSG,FDUSG,2019-10-17,2021-11-01
FDUSL,FDUSL,2018-02-05,2021-01-20
FDUSZ,FDUSZ,2019-02-11,2021-11-01
FEAC-U,FEAC-U,2020-03-06,2020-12-16
FEDL,FEDL,2021-09-15,2024-12-11
FEIC,FEIC,1995-05-31,2016-09-21
FELP,FELP,2014-06-18,2019-11-15
FEXDR,FEXDR,2022-01-13,2024-08-19
FFAIW,FFAIW,2020-08-28,2026-07-21
FFBCW,FFBCW,2010-06-03,2018-12-24
FFBH,FFBH,1996-05-06,2014-06-02
FFCO,FFCO,2005-04-07,2014-10-31
FFEDQ,FFEDQ,2010-01-11,2012-12-28
FFEX,FFEX,2001-01-02,2013-10-17
FFG,FFG,1996-07-19,2021-05-25
FFHL,FFHL,2006-12-19,2022-12-29
FFIC,FFIC,1995-11-21,2026-06-01
FFKT,FFKT,1993-03-04,2018-08-20
FFKY,FFKY,1990-07-17,2014-12-31
FFNM,FFNM,2005-04-04,2018-05-23
FFWM,FFWM,2014-11-03,2026-04-01
FG,FG,2017-11-30,2020-06-01
FG-W,FG-W,2022-11-22,2022-11-30
FG-WS,FG-WS,2017-12-01,2020-06-01
FGH,FGH,2000-12-19,2024-02-29
FGL,FGL,2013-12-13,2017-12-01
FGMCR,FGMCR,2025-02-11,2026-07-20
FGMCU,FGMCU,2025-01-29,2026-07-20
FGMCW,FGMCW,2022-04-21,2023-08-25
FGNA-U,FGNA-U,2020-09-30,2021-07-20
FGP,FGP,1994-06-28,2021-03-30
FGXI,FGXI,2007-10-25,2010-03-29
FH,FH,2016-01-04,2018-01-05
FHCO,FHCO,1999-02-11,2017-08-04
FHLT,FHLT,2021-12-08,2024-05-28
FHLTU,FHLTU,2021-09-10,2024-05-28
FHLTW,FHLTW,2021-12-09,2024-05-20
FICV,FICV,2021-08-30,2024-02-22
FICVU,FICVU,2021-07-01,2024-02-22
FICVW,FICVW,2021-09-10,2024-02-22
FIG,FIG,2007-02-09,2017-12-28
FIIIU,FIIIU,2020-08-19,2021-06-25
FILM,FILM,2014-02-14,2017-10-02
FINL,FINL,1992-06-09,2018-06-18
FINM,FINM,2021-03-09,2023-01-13
FINMU,FINMU,2021-01-13,2023-01-13
FINMW,FINMW,2021-03-08,2023-01-13
FINS-R,FINS-R,2021-09-21,2025-05-13
FIO,FIO,2011-06-09,2014-07-23
FIPWV,FIPWV,2022-07-20,2022-08-01
FIRE,FIRE,2013-10-07,2013-10-17
FIT,FIT,2015-06-18,2021-01-14
FLAC,FLAC,2021-02-08,2022-11-22
FLACU,FLACU,2020-12-09,2022-11-22
FLACW,FLACW,2021-02-08,2022-11-22
FLAG-U,FLAG-U,2021-09-10,2023-09-12
FLAG-WS,FLAG-WS,2021-11-01,2022-11-16
FLDDU,FLDDU,2021-12-16,2025-02-19
FLFV,FLFV,2022-08-08,2024-06-21
FLFVR,FLFVR,2022-08-08,2024-06-21
FLFVU,FLFVU,2022-06-16,2024-06-21
FLFVW,FLFVW,2022-08-08,2024-06-21
FLIR,FLIR,1993-06-22,2021-05-14
FLJ,FLJ,2022-09-26,2024-05-29
FLLC,FLLC,2019-10-31,2020-03-06
FLLCR,FLLCR,2019-10-31,2020-03-04
FLLCU,FLLCU,2019-07-25,2020-03-04
FLLCW,FLLCW,2019-10-31,2020-03-04
FLME,FLME,2021-04-19,2024-02-14
FLME-U,FLME-U,2021-02-25,2024-02-14
FLML,FLML,2001-01-02,2017-01-09
FLNA,FLNA,2017-10-13,2026-05-28
FLTX,FLTX,2012-10-08,2016-11-15
FLY,FLY,2007-09-28,2021-08-02
FLYA,FLYA,2021-11-08,2022-12-20
FLYA-U,FLYA-U,2021-09-16,2022-12-20
FLYA-WS,FLYA-WS,2021-11-08,2022-12-20
FMAC-U,FMAC-U,2020-10-06,2022-03-28
FMBI,FMBI,1990-03-26,2022-03-11
FMCI,FMCI,2017-05-02,2020-06-03
FMCIR,FMCIR,2017-05-02,2018-02-22
FMCIU,FMCIU,2017-04-07,2020-10-15
FMD,FMD,2003-10-31,2016-08-30
FMER,FMER,2016-01-04,2016-08-24
FMFC,FMFC,2001-01-02,2013-10-17
FMI,FMI,2013-09-25,2018-08-10
FMIV,FMIV,2021-06-07,2023-07-14
FMIVU,FMIVU,2021-03-18,2023-07-14
FMIVW,FMIVW,2021-05-26,2023-07-14
FMR,FMR,2006-10-18,2011-11-30
FMSA,FMSA,2014-10-03,2018-06-01
FMST,FMST,2023-07-05,2025-01-30
FMTX,FMTX,2020-06-19,2022-11-02
FNBC,FNBC,2013-05-10,2017-05-09
FNBG,FNBG,2002-02-21,2018-07-06
FNCB,FNCB,2001-01-02,2024-07-01
FNCX,FNCX,1990-03-26,2018-11-21
FNFG,FNFG,2001-01-02,2016-08-08
FNFV,FNFV,2014-06-23,2017-11-20
FNGN,FNGN,2010-03-16,2018-07-20
FNJN,FNJN,2007-03-16,2020-07-24
FNSR,FNSR,1999-11-12,2019-09-24
FNTC,FNTC,2023-02-22,2023-02-24
FNTCU,FNTCU,2015-02-13,2016-08-01
FNTE,FNTE,2017-03-27,2018-07-26
FNTEU,FNTEU,2017-01-20,2018-07-26
FNTEW,FNTEW,2017-03-22,2018-07-26
FOCS,FOCS,2018-07-26,2023-08-31
FOE,FOE,1987-11-05,2022-04-21
FOGO,FOGO,2015-06-19,2018-04-16
FOLD,FOLD,2007-05-31,2026-04-27
FOMX,FOMX,2014-09-18,2020-03-09
FONR,FONR,1993-10-27,2026-06-05
FORA,FORA,2021-03-03,2026-05-15
FOREU,FOREU,2021-02-10,2021-12-03
FORG,FORG,2021-09-16,2023-08-24
FORK,FORK,2015-11-04,2020-11-23
FOUNU,FOUNU,2021-10-15,2022-08-15
FOXW,FOXW,2021-02-25,2023-01-27
FOXWU,FOXWU,2021-01-20,2023-01-27
FOXWW,FOXWW,2021-02-25,2023-01-27
FPAC,FPAC,2018-06-27,2020-08-31
FPAC-U,FPAC-U,2023-01-18,2023-03-07
FPAC-WS,FPAC-WS,2018-06-27,2020-08-31
FPAMQ,FPAMQ,2001-01-02,2011-11-07
FPAYW,FPAYW,2018-09-26,2020-02-19
FPFCQ,FPFCQ,2014-09-22,2014-10-08
FPIC,FPIC,2001-01-02,2011-11-07
FPO,FPO,2003-10-23,2017-10-19
FPP,FPP,2005-09-20,2017-11-27
FPP-WS,FPP-WS,2014-09-22,2017-11-24
FPRX,FPRX,2013-09-18,2021-04-16
FPU,FPU,1990-09-18,2009-11-16
FPWBQ,FPWBQ,1992-03-18,2011-03-10
FRANQ,FRANQ,2011-07-22,2021-05-05
FRBNU,FRBNU,2021-12-10,2023-10-31
FRBNW,FRBNW,2022-02-01,2023-10-31
FREEW,FREEW,2005-12-16,2024-08-05
FREQ,FREQ,2019-10-03,2023-11-03
FREY-WS,FREY-WS,2021-07-08,2025-02-28
FRF,FRF,2010-12-17,2014-12-10
FRG,FRG,2012-07-02,2023-08-25
FRGAP,FRGAP,2020-09-21,2023-08-30
FRGBQ,FRGBQ,1995-08-22,2014-11-06
FRGE-WS,FRGE-WS,2021-02-01,2022-07-08
FRGI,FRGI,2012-04-26,2023-10-30
FRLAW,FRLAW,2021-12-27,2025-01-27
FRM,FRM,2001-07-02,2016-03-08
FRNK,FRNK,2011-04-28,2015-01-12
FRON,FRON,2021-05-03,2023-03-15
FRONU,FRONU,2021-03-11,2023-03-15
FRONW,FRONW,2021-05-03,2023-03-15
FRP,FRP,2011-01-25,2017-07-11
FRRSF,FRRSF,2016-12-09,2023-08-21
FRS,FRS,1992-03-17,2015-09-01
FRSG,FRSG,2021-04-29,2023-03-07
FRSGU,FRSGU,2021-03-05,2023-03-07
FRSGW,FRSGW,2021-04-29,2023-03-07
FRSH,FRSH,2014-05-02,2019-05-23
FRTA,FRTA,2016-10-20,2022-03-18
FRW,FRW,2021-05-06,2022-11-28
FRWAU,FRWAU,2021-03-10,2022-11-28
FRWAW,FRWAW,2021-05-06,2022-11-28
FRX,FRX,1988-04-19,2014-07-01
FRX-U,FRX-U,2020-11-25,2021-06-25
FRXB,FRXB,2021-05-03,2023-12-12
FRXB-U,FRXB-U,2021-03-10,2023-12-12
FRXB-WS,FRXB-WS,2021-05-03,2023-12-12
FSAC,FSAC,2017-09-08,2019-01-04
FSACU,FSACU,2017-08-30,2018-12-31
FSACW,FSACW,2017-09-08,2019-01-04
FSB,FSB,2015-03-26,2020-08-14
FSBC,FSBC,2007-08-31,2020-05-01
FSBK,FSBK,1997-04-08,2017-11-10
FSBS,FSBS,2000-02-11,2019-04-30
FSC,FSC,2008-06-12,2017-10-17
FSCE,FSCE,2012-11-01,2017-11-03
FSCFL,FSCFL,2013-04-05,2017-10-17
FSCI,FSCI,2012-10-22,2013-10-17
FSCT,FSCT,2017-10-27,2020-08-17
FSFF,FSFF,2016-03-16,2018-12-04
FSFG,FSFG,2008-10-08,2026-02-02
FSFR,FSFR,2013-07-12,2017-10-17
FSGI,FSGI,2005-08-10,2015-11-02
FSII,FSII,2012-10-11,2012-10-31
FSIN,FSIN,2005-09-29,2013-01-14
FSKR,FSKR,2020-06-17,2021-06-16
FSL,FSL,2011-05-26,2015-12-15
FSNMQ,FSNMQ,2010-07-28,2014-03-27
FSR,FSR,2012-08-29,2018-04-11
FSRV,FSRV,1995-01-20,2020-09-15
FSRVU,FSRVU,2019-11-01,2021-06-09
FSRX,FSRX,2021-04-21,2023-12-07
FSRXU,FSRXU,2021-02-18,2023-12-07
FSRXW,FSRXW,2021-04-22,2023-12-07
FSSI,FSSI,2021-03-22,2022-12-07
FSSIU,FSSIU,2021-01-27,2022-12-07
FSSIW,FSSIW,2021-03-19,2022-12-07
FST,FST,2020-10-12,2022-08-25
FST-U,FST-U,2020-08-21,2022-08-25
FST-WS,FST-WS,2020-10-12,2022-08-25
FSTX,FSTX,2016-05-06,2023-03-09
FSYS,FSYS,2001-01-02,2016-06-09
FTAA,FTAA,2021-04-28,2023-02-23
FTAAU,FTAAU,2021-02-23,2023-02-23
FTAAW,FTAAW,2021-04-23,2023-02-23
FTAC,FTAC,2019-01-18,2020-10-16
FTACU,FTACU,2018-11-16,2020-10-16
FTACW,FTACW,2019-01-11,2020-10-16
FTAIV,FTAIV,2022-07-25,2022-08-01
FTCV,FTCV,2021-01-25,2022-12-29
FTCVU,FTCVU,2020-12-04,2022-12-08
FTCVW,FTCVW,2021-01-25,2022-12-08
FTDRV,FTDRV,2018-09-13,2018-09-28
FTEL,FTEL,2023-08-08,2026-03-11
FTEO,FTEO,2013-05-16,2020-02-12
FTEV,FTEV,2021-04-22,2023-03-03
FTEV-U,FTEV-U,2021-03-02,2023-03-03
FTF-R,FTF-R,2022-02-14,2022-02-16
FTGX,FTGX,2001-01-02,2009-09-28
FTIVU,FTIVU,2020-09-25,2021-06-24
FTLK,FTLK,2009-12-15,2011-09-13
FTNW,FTNW,2016-05-26,2022-01-07
FTO,FTO,2001-01-02,2011-11-30
FTOC,FTOC,2020-10-16,2021-06-25
FTOCU,FTOCU,2020-08-26,2021-06-25
FTOCW,FTOCW,2020-10-16,2021-06-25
FTPA,FTPA,2021-05-07,2023-03-15
FTPAU,FTPAU,2021-03-12,2023-03-15
FTPAW,FTPAW,2021-05-07,2023-03-16
FTR,FTR,2020-04-23,2021-06-01
FTRE,FTRE,2023-07-03,2023-07-06
FTRPR,FTRPR,2015-06-10,2018-07-02
FTSI,FTSI,2018-02-02,2022-03-04
FTSV,FTSV,2018-06-28,2020-04-07
FTV-W,FTV-W,2016-06-13,2025-06-27
FTVI,FTVI,2021-08-19,2022-12-28
FTVIU,FTVIU,2021-06-24,2022-12-28
FTVIW,FTVIW,2021-08-19,2022-12-27
FTW,FTW,2024-09-27,2026-03-20
FTW-U,FTW-U,2025-11-06,2026-03-05
FTWU,FTWU,2024-08-07,2025-10-31
FTWWS,FTWWS,2024-09-27,2025-10-31
FUBC,FUBC,2008-04-10,2014-10-31
FUEL,FUEL,2013-09-20,2017-09-11
FULL,FULL,2010-09-01,2016-11-11
FULLL,FULLL,2013-06-28,2017-10-20
FUN,FUN,1987-04-23,2024-07-16
FUR,FUR,2001-01-02,2016-08-09
FUSE-U,FUSE-U,2020-06-26,2021-09-22
FUSN,FUSN,2020-06-26,2024-06-04
FVAC-U,FVAC-U,2020-07-22,2020-11-17
FVAM,FVAM,2020-10-14,2022-10-17
FVE,FVE,2001-12-17,2023-03-20
FVIV,FVIV,2021-05-07,2022-11-22
FVIV-U,FVIV-U,2021-03-16,2022-11-22
FVIV-WS,FVIV-WS,2021-05-17,2022-10-13
FVT,FVT,2021-02-25,2022-11-22
FVT-U,FVT-U,2021-01-05,2022-11-22
FWLT,FWLT,1972-06-01,2014-12-03
FWP,FWP,2022-12-27,2022-12-28
FWV,FWV,1995-06-26,2015-11-13
FXCB,FXCB,2010-06-28,2016-07-08
FXCO,FXCO,2022-01-10,2024-06-28
FXCOR,FXCOR,2022-01-12,2024-06-17
FXCOU,FXCOU,2021-12-10,2022-01-07
FXCOW,FXCOW,2022-01-10,2024-06-17
FXEN,FXEN,1996-06-11,2015-12-31
FXENP,FXENP,2016-01-04,2016-01-14
FYBR,FYBR,2021-05-04,2026-01-20
FZT,FZT,2021-05-06,2023-10-05
FZT-U,FZT-U,2021-03-16,2023-10-05
FZT-WS,FZT-WS,2021-05-17,2022-12-23
GA,GA,2011-08-29,2014-07-28
GAB-R,GAB-R,2021-06-07,2026-04-21
GAC,GAC,2007-03-21,2010-02-19
GACQ,GACQ,2021-08-02,2022-12-28
GACQU,GACQU,2021-06-09,2022-12-28
GACQW,GACQW,2021-07-30,2022-12-27
GAI,GAI,2016-01-04,2016-03-22
GAINM,GAINM,2016-09-21,2021-03-02
GAINN,GAINN,2021-03-04,2026-05-04
GAINO,GAINO,2014-11-13,2018-08-30
GAINP,GAINP,2016-01-04,2016-10-07
GALE,GALE,2008-03-12,2017-12-29
GALTU,GALTU,2012-03-23,2017-03-31
GALTW,GALTW,2012-03-28,2017-03-24
GAMCU,GAMCU,2021-03-17,2024-08-13
GAME,GAME,2009-09-25,2021-06-23
GAN,GAN,2020-05-05,2025-05-27
GARS,GARS,2013-03-27,2020-10-29
GAS,GAS,1973-05-03,2016-07-01
GATO,GATO,2020-10-28,2025-01-16
GB,GB,2020-08-31,2025-08-15
GBBKR,GBBKR,2022-06-17,2025-04-14
GBBKU,GBBKU,2022-05-10,2022-06-15
GBDCR,GBDCR,2020-04-09,2020-05-06
GBIO,GBIO,2020-06-12,2026-02-09
GBLIZ,GBLIZ,2015-08-28,2020-08-14
GBLL,GBLL,2012-04-24,2022-04-14
GBNK,GBNK,2005-10-03,2018-12-31
GBRG,GBRG,2021-04-16,2023-05-17
GBRGR,GBRGR,2021-04-16,2023-05-17
GBRGU,GBRGU,2021-03-02,2023-05-17
GBSN,GBSN,2014-10-09,2018-03-06
GBSNU,GBSNU,2015-03-03,2015-08-24
GBT,GBT,2015-08-12,2022-11-02
GBTG-WS,GBTG-WS,2020-11-23,2022-10-26
GBUG,GBUG,2019-10-08,2025-03-17
GCA,GCA,2005-09-23,2015-08-21
GCAC,GCAC,2021-03-25,2022-02-10
GCACU,GCACU,2021-01-29,2022-02-10
GCAP,GCAP,2010-12-15,2020-07-31
GCI,GCI,1985-07-01,2019-11-19
GCMGW,GCMGW,2020-11-18,2025-11-18
GCP,GCP,2016-01-26,2022-10-06
GCTS,GCTS,2021-12-27,2024-03-26
GCTSW,GCTSW,2021-12-27,2024-03-26
GCVRZ,GCVRZ,2011-03-31,2020-03-04
GDEN,GDEN,2015-08-04,2026-05-01
GDEVW,GDEVW,2020-10-02,2026-08-26
GDNR,GDNR,2022-01-13,2023-12-27
GDNRU,GDNRU,2021-12-22,2023-12-15
GDNRW,GDNRW,2022-01-13,2023-12-15
GDP,GDP,2016-12-08,2021-12-31
GDV-R,GDV-R,2019-10-04,2019-11-14
GDYNW,GDYNW,2018-10-31,2021-08-30
GE-W,GE-W,2019-02-14,2024-04-01
GEAR,GEAR,2024-11-27,2025-01-03
GEB,GEB,2012-10-12,2018-02-28
GEC,GEC,1999-06-11,2020-12-28
GECCL,GECCL,2017-09-25,2021-07-22
GECCN,GECCN,2019-06-21,2023-09-06
GECXU,GECXU,2016-12-01,2017-01-03
GEENQ,GEENQ,2011-06-17,2020-08-20
GEEX,GEEX,2022-01-25,2023-04-12
GEEXU,GEEXU,2021-12-02,2023-04-12
GEEXW,GEEXW,2022-01-25,2023-04-12
GEH,GEH,2013-02-01,2018-02-28
GEHCV,GEHCV,2022-12-15,2023-01-03
GEK,GEK,2013-05-21,2018-05-29
GENI-WS,GENI-WS,2021-04-21,2023-01-20
GENQ,GENQ,2022-04-07,2023-08-03
GENQU,GENQU,2022-02-15,2023-08-10
GENQW,GENQW,2022-04-07,2023-08-03
GEOKQ,GEOKQ,2012-12-27,2013-05-10
GEOW,GEOW,2010-08-12,2011-08-29
GEOY,GEOY,2006-12-28,2013-02-12
GES,GES,1996-08-08,2026-01-22
GET,GET,2021-10-22,2023-03-06
GETR-WS,GETR-WS,2022-12-09,2023-11-28
GETVV,GETVV,2021-10-18,2021-10-21
GETY-WS,GETY-WS,2022-07-25,2022-10-18
GEV-W,GEV-W,2024-03-27,2024-04-01
GEVA,GEVA,2006-12-28,2015-06-22
GFED,GFED,1995-04-10,2022-03-31
GFGD,GFGD,2022-02-04,2023-09-25
GFGDR,GFGDR,2022-01-31,2023-09-25
GFGDU,GFGDU,2021-12-10,2023-09-25
GFGDW,GFGDW,2022-01-31,2023-09-25
GFIG,GFIG,2016-01-04,2016-03-03
GFLU,GFLU,2020-03-03,2023-03-14
GFN,GFN,2006-07-06,2021-05-25
GFNCP,GFNCP,2013-05-20,2021-06-23
GFNSL,GFNSL,2014-09-24,2021-01-14
GFNSZ,GFNSZ,2020-11-02,2021-06-23
GFOR-U,GFOR-U,2021-05-21,2023-09-29
GFX,GFX,2021-02-08,2023-08-24
GFX-U,GFX-U,2020-12-18,2023-08-24
GFX-WS,GFX-WS,2021-02-08,2023-08-24
GG,GG,1995-08-18,2019-04-17
GGA,GGA,2007-07-09,2009-07-10
GGAC,GGAC,2016-01-04,2016-08-01
GGACR,GGACR,2016-01-04,2016-08-01
GGACU,GGACU,2014-06-26,2017-09-11
GGACW,GGACW,2014-09-25,2017-08-28
GGGV,GGGV,2021-08-17,2022-07-06
GGGVR,GGGVR,2021-08-17,2022-07-06
GGGVU,GGGVU,2021-07-01,2022-07-06
GGLR,GGLR,1998-12-31,2019-04-10
GGMC,GGMC,2021-05-27,2022-12-29
GGMCU,GGMCU,2021-03-19,2022-12-16
GGMCW,GGMCW,2021-05-18,2022-12-16
GGO,GGO,2016-11-02,2021-10-25
GGO-C,GGO-C,2016-09-09,2016-10-24
GGP,GGP,1993-04-08,2018-08-28
GGPI,GGPI,2021-05-18,2022-08-09
GGPIU,GGPIU,2021-03-23,2022-06-23
GGPIW,GGPIW,2021-05-17,2022-06-23
GGT-R,GGT-R,2021-07-16,2024-07-19
GHAC,GHAC,2021-03-29,2022-12-15
GHACU,GHACU,2021-02-03,2022-12-15
GHACW,GHACW,2021-03-26,2022-12-15
GHDX,GHDX,2005-09-29,2019-11-08
GHIVU,GHIVU,2020-01-24,2021-01-21
GHIXW,GHIXW,2022-03-11,2024-12-05
GHL,GHL,2004-05-06,2023-11-30
GHVIU,GHVIU,2020-12-11,2021-07-22
GI,GI,2015-06-04,2016-11-22
GIACU,GIACU,2021-10-12,2023-01-25
GIG,GIG,2024-09-11,2026-05-22
GIG-R,GIG-R,2018-01-17,2019-11-25
GIG-U,GIG-U,2017-12-08,2019-11-25
GIGGU,GIGGU,2021-02-09,2021-12-07
GIGGW,GIGGW,2024-09-11,2026-05-22
GIIX,GIIX,2021-04-26,2022-12-29
GIIXU,GIIXU,2021-02-25,2022-12-29
GIIXW,GIIXW,2021-04-23,2022-12-29
GIK-U,GIK-U,2020-05-14,2021-05-06
GIMO,GIMO,2013-06-12,2017-12-27
GIPRU,GIPRU,2021-09-03,2021-10-04
GIPRW,GIPRW,2021-10-05,2026-09-08
GIVN,GIVN,2009-02-20,2014-03-07
GIW,GIW,2002-08-06,2011-05-02
GIWWU,GIWWU,2021-05-19,2022-12-23
GIWWW,GIWWW,2021-07-12,2022-12-23
GIX-U,GIX-U,2019-06-06,2021-06-09
GIXR,GIXR,2019-07-01,2020-06-30
GIXRT,GIXRT,2019-07-01,2021-06-09
GJV,GJV,2007-08-01,2019-12-04
GJV-CL,GJV-CL,2019-12-02,2019-12-04
GK,GK,1990-03-26,2017-07-10
GKNT,GKNT,2001-01-02,2015-07-27
GLA,GLA,1996-06-26,2017-08-01
GLACR,GLACR,2018-08-08,2026-05-28
GLACU,GLACU,2018-07-25,2026-05-28
GLADD,GLADD,2018-11-13,2021-01-06
GLADL,GLADL,2019-10-15,2021-10-29
GLADN,GLADN,2017-09-28,2019-10-01
GLADO,GLADO,2014-05-16,2017-11-01
GLAQ,GLAQ,2021-02-05,2022-06-09
GLAQU,GLAQU,2020-12-11,2022-06-09
GLAQW,GLAQW,2021-02-05,2022-06-09
GLBC,GLBC,2004-01-22,2011-10-14
GLBKV,GLBKV,2025-07-11,2025-07-14
GLBL,GLBL,2015-07-31,2017-12-29
GLBLU,GLBLU,2021-02-24,2023-01-03
GLBLW,GLBLW,2021-04-28,2023-01-03
GLDI,GLDI,2024-06-03,2024-07-09
GLEO-U,GLEO-U,2019-10-18,2021-09-29
GLF,GLF,1997-05-01,2018-11-15
GLF-WS,GLF-WS,2017-11-16,2018-11-15
GLFMQ,GLFMQ,2016-01-04,2017-11-15
GLHA,GLHA,2021-05-18,2022-12-29
GLHAU,GLHAU,2021-03-23,2022-12-16
GLHAW,GLHAW,2021-05-19,2022-12-16
GLIBP,GLIBP,2018-03-12,2020-12-30
GLO-R,GLO-R,2021-05-28,2021-06-21
GLOG,GLOG,2012-03-30,2021-06-14
GLOP,GLOP,2014-05-07,2023-07-12
GLQ-R,GLQ-R,2019-07-18,2021-06-21
GLS-WS,GLS-WS,2022-01-14,2023-01-04
GLSPT,GLSPT,2021-05-10,2022-07-13
GLSPU,GLSPU,2021-04-08,2022-07-13
GLSPW,GLSPW,2021-05-10,2022-07-13
GLTA,GLTA,2021-08-30,2023-07-10
GLTA-U,GLTA-U,2021-07-09,2023-07-10
GLTA-WS,GLTA-WS,2021-08-20,2023-07-10
GLU-R,GLU-R,2018-11-13,2022-06-28
GLUU,GLUU,2007-03-22,2021-04-29
GLV-R,GLV-R,2019-07-16,2021-06-21
GMBT,GMBT,2021-03-15,2022-03-31
GMBTU,GMBTU,2021-01-20,2022-03-31
GMBTW,GMBTW,2021-03-15,2022-03-31
GMCR,GMCR,2001-01-12,2016-03-04
GMET,GMET,2016-01-05,2018-12-21
GMFI,GMFI,2022-03-03,2024-07-01
GMFIU,GMFIU,2021-12-30,2024-07-01
GMFIW,GMFIW,2022-02-22,2024-06-20
GMHIU,GMHIU,2019-02-01,2020-12-02
GMIIU,GMIIU,2021-01-20,2022-01-18
GMK,GMK,1998-11-06,2015-09-04
GMLP,GMLP,2011-04-08,2021-04-15
GMLPF,GMLPF,2017-10-25,2021-05-21
GMM,GMM,2023-10-09,2024-09-09
GMS,GMS,2016-05-26,2025-09-04
GMTA,GMTA,2016-05-18,2021-05-28
GMXRQ,GMXRQ,2013-04-01,2014-02-03
GNA,GNA,2001-01-02,2011-09-07
GNAC,GNAC,2021-03-09,2022-12-29
GNACU,GNACU,2021-01-15,2022-12-21
GNACW,GNACW,2021-03-09,2022-12-21
GNBC,GNBC,2014-08-08,2018-12-31
GNC,GNC,2011-04-01,2020-06-30
GNCMA,GNCMA,1992-10-14,2018-03-19
GNI,GNI,1987-11-05,2015-04-14
GNMK,GNMK,2010-05-28,2021-04-22
GNMX,GNMX,2011-04-08,2020-02-03
GNOG,GNOG,2019-06-06,2022-05-25
GNOGW,GNOGW,2019-06-06,2021-03-09
GNPK,GNPK,2021-01-14,2021-09-02
GNPK-U,GNPK-U,2020-11-24,2021-09-02
GNPK-WS,GNPK-WS,2021-01-14,2021-09-02
GNRT,GNRT,2015-06-25,2018-06-12
GNS-R,GNS-R,2025-01-27,2025-02-12
GNSM,GNSM,2007-07-13,2007-10-25
GNTY,GNTY,2017-05-09,2025-09-30
GNVC,GNVC,2000-12-12,2017-06-26
GOAC,GOAC,2020-09-25,2022-09-07
GOAC-U,GOAC-U,2020-08-05,2022-08-16
GOBI,GOBI,2021-06-29,2022-07-29
GODN,GODN,2023-06-28,2025-01-24
GODNR,GODNR,2023-06-28,2025-01-24
GODNU,GODNU,2023-05-02,2025-01-24
GOGL,GOGL,1997-02-07,2026-06-30
GOGN,GOGN,2021-12-13,2023-07-05
GOGN-U,GOGN-U,2021-10-21,2023-07-05
GOGN-WS,GOGN-WS,2021-12-13,2023-07-05
GOLD,GOLD,2002-07-30,2018-12-31
GOMO,GOMO,2013-11-22,2015-11-17
GOODM,GOODM,2016-06-06,2021-06-29
GOODN,GOODN,2016-01-04,2016-08-29
GOODO,GOODO,2006-10-25,2019-10-25
GOODP,GOODP,2006-09-07,2019-10-25
GORO,GORO,2006-09-14,2026-07-17
GOVN,GOVN,2016-05-31,2021-06-11
GPAC,GPAC,2015-10-29,2026-05-28
GPACU,GPACU,2021-01-12,2024-07-08
GPAQ,GPAQ,2018-03-12,2020-07-01
GPAQU,GPAQU,2018-01-25,2020-07-01
GPAQW,GPAQW,2018-03-12,2020-07-01
GPCOR,GPCOR,2021-08-05,2022-09-16
GPCOU,GPCOU,2021-06-22,2022-09-16
GPIA,GPIA,2015-08-28,2017-10-10
GPIAU,GPIAU,2015-05-20,2017-10-10
GPIAW,GPIAW,2015-07-27,2017-10-10
GPIC,GPIC,1994-03-29,2019-05-01
GPOR,GPOR,1999-03-03,2021-05-18
GPP,GPP,2015-06-26,2024-01-09
GPR,GPR,2013-08-21,2021-10-05
GPT,GPT,2004-08-02,2018-10-15
GPX,GPX,1992-03-17,2021-10-14
GRA,GRA,1982-01-04,2021-09-22
GRA-W,GRA-W,2016-01-26,2016-02-03
GRAF,GRAF,2018-10-26,2023-02-13
GRAF-U,GRAF-U,2018-10-16,2020-09-29
GRALV,GRALV,2024-06-12,2024-06-24
GRB,GRB,1990-01-02,2011-11-30
GRBEQ,GRBEQ,2012-01-06,2013-04-15
GRBIC,GRBIC,2018-02-21,2019-03-07
GRDI,GRDI,2021-03-03,2024-10-31
GRHHQ,GRHHQ,2016-01-04,2017-10-09
GRIN,GRIN,2018-06-18,2024-09-09
GRM,GRM,2010-02-11,2011-11-30
GRNA,GRNA,2021-03-08,2022-02-02
GRNAW,GRNAW,2021-03-08,2023-07-24
GRND-WS,GRND-WS,2021-01-14,2025-02-21
GRNT-WS,GRNT-WS,2020-11-06,2022-10-24
GRNVR,GRNVR,2019-12-09,2021-08-13
GRNVU,GRNVU,2019-11-19,2021-08-13
GRO,GRO,2007-11-06,2016-11-11
GROV-WS,GROV-WS,2022-06-17,2023-06-09
GRSD,GRSD,2021-07-23,2026-07-22
GRSHU,GRSHU,2016-01-04,2020-02-10
GRSV,GRSV,2020-09-29,2021-09-15
GRSVU,GRSVU,2020-08-06,2021-08-04
GRT,GRT,1994-01-20,2015-01-15
GRUB,GRUB,2014-04-04,2021-06-11
GRYP,GRYP,2018-02-26,2025-09-02
GSAH,GSAH,2021-10-19,2021-10-20
GSAH-U,GSAH-U,2018-06-08,2021-10-20
GSAQ,GSAQ,2021-03-01,2022-07-26
GSAQU,GSAQU,2021-01-08,2022-07-26
GSAQW,GSAQW,2021-03-01,2022-07-26
GSB,GSB,2003-09-09,2020-08-28
GSDWW,GSDWW,2022-10-17,2024-04-12
GSEV,GSEV,2021-04-15,2022-12-15
GSEVU,GSEVU,2021-02-23,2022-12-15
GSEVW,GSEVW,2021-04-15,2022-12-15
GSF,GSF,2011-03-29,2015-10-22
GSHT,GSHT,2017-03-24,2018-10-17
GSHTU,GSHTU,2017-01-13,2018-10-17
GSHTW,GSHTW,2017-03-06,2018-10-17
GSJ,GSJ,2012-05-09,2016-10-31
GSJ-CL,GSJ-CL,2016-10-17,2016-10-28
GSK-W,GSK-W,2022-07-19,2022-07-21
GSKNF,GSKNF,2014-04-22,2014-07-29
GSKY,GSKY,2018-05-24,2022-03-29
GSLD,GSLD,2019-11-22,2022-07-15
GSMGW,GSMGW,2018-09-12,2025-02-13
GSOL,GSOL,2000-04-17,2026-05-28
GSQB,GSQB,2021-08-05,2023-06-15
GSQB-U,GSQB-U,2021-06-15,2023-06-15
GSQB-WS,GSQB-WS,2021-08-06,2023-06-15
GSQD,GSQD,2021-03-26,2023-02-08
GSQD-U,GSQD-U,2021-02-05,2023-02-08
GSRMR,GSRMR,2022-04-18,2023-06-30
GSRMU,GSRMU,2022-02-25,2023-06-30
GSRT,GSRT,2024-12-19,2025-10-09
GSRTR,GSRTR,2024-12-19,2025-10-09
GSRTU,GSRTU,2024-11-07,2025-10-09
GSS,GSS,2001-09-26,2022-02-03
GST,GST,2006-01-05,2018-09-06
GSUM,GSUM,2016-09-23,2021-03-25
GSV,GSV,2012-06-08,2022-08-17
GTACW,GTACW,2021-12-17,2024-10-17
GTAT,GTAT,2008-07-25,2021-11-02
GTES,GTES,2018-01-25,2026-07-17
GTH,GTH,2020-06-15,2024-03-28
GTHX,GTHX,2017-05-17,2024-09-18
GTIV,GTIV,2000-02-10,2015-02-02
GTLS,GTLS,2006-07-26,2026-07-16
GTPA,GTPA,2021-05-06,2022-12-15
GTPAU,GTPAU,2021-03-12,2022-12-15
GTPAW,GTPAW,2021-05-06,2022-12-15
GTPB,GTPB,2021-05-05,2022-12-15
GTPBU,GTPBU,2021-03-12,2022-12-15
GTPBW,GTPBW,2021-05-06,2022-12-15
GTS,GTS,2007-12-07,2022-01-31
GTWN,GTWN,2005-01-06,2017-05-24
GTXAP,GTXAP,2021-05-28,2023-06-12
GTYH,GTYH,2016-11-18,2022-09-07
GTYHU,GTYHU,2016-10-27,2019-02-19
GUA,GUA,2016-01-04,2016-04-26
GUA-CL,GUA-CL,2016-04-18,2016-05-17
GUID,GUID,2006-12-13,2017-09-14
GUT-R,GUT-R,2021-03-16,2024-10-18
GVCI,GVCI,2022-01-03,2023-05-09
GVCIU,GVCIU,2021-11-09,2023-05-09
GVCIW,GVCIW,2021-12-31,2023-05-09
GVP,GVP,1995-07-27,2024-11-01
GWACU,GWACU,2020-10-20,2020-12-04
GWB,GWB,2014-10-15,2022-02-02
GWGHQ,GWGHQ,2014-09-25,2022-04-28
GWH-WS,GWH-WS,2021-10-11,2026-07-01
GWII,GWII,2021-08-24,2023-03-15
GWIIU,GWIIU,2021-07-12,2021-08-20
GWIIW,GWIIW,2021-08-23,2023-03-15
GWPH,GWPH,2013-05-01,2021-05-05
GWR,GWR,1996-06-25,2020-01-02
GWRU,GWRU,2012-09-17,2015-09-30
GXGXU,GXGXU,2019-05-21,2021-07-16
GXII,GXII,2021-05-10,2023-03-20
GXIIU,GXIIU,2021-03-18,2023-03-17
GXIIW,GXIIW,2021-05-13,2023-03-17
GXO-W,GXO-W,2021-07-22,2021-07-30
GXP,GXP,1987-11-05,2018-06-05
GY,GY,1981-02-02,2015-04-24
GYB,GYB,2004-06-04,2019-12-06
GYB-CL,GYB-CL,2019-11-27,2019-12-05
GYC,GYC,2005-11-21,2021-02-16
HA,HA,1995-06-21,2024-09-18
HAAC,HAAC,2021-01-14,2022-11-03
HAACU,HAACU,2020-11-13,2022-11-03
HAACW,HAACW,2021-01-14,2022-11-03
HABT,HABT,2014-11-20,2020-04-02
HAMPQ,HAMPQ,2001-01-02,2017-10-09
HAR,HAR,2016-01-04,2017-03-10
HARP,HARP,2019-02-08,2024-03-11
HART,HART,2013-10-21,2016-03-31
HAST,HAST,2006-12-28,2014-07-15
HAWK,HAWK,2013-04-19,2018-06-25
HAWKQ,HAWKQ,2009-08-14,2012-10-15
HAYN,HAYN,2007-03-21,2024-11-21
HBANN,HBANN,2016-08-19,2021-10-15
HBANO,HBANO,2016-03-28,2021-07-15
HBANP,HBANP,2008-04-17,2021-03-03
HBE,HBE,2001-11-16,2011-01-03
HBHC,HBHC,1991-06-04,2018-05-24
HBHCL,HBHCL,2015-04-01,2018-05-24
HBK,HBK,2012-10-10,2019-04-30
HBM-WS,HBM-WS,2009-02-13,2018-07-17
HBMD,HBMD,2007-10-09,2022-02-24
HBNK,HBNK,2007-01-17,2015-04-17
HBOS,HBOS,2005-06-30,2015-06-30
HBP,HBP,2009-01-05,2022-05-25
HCAC-U,HCAC-U,2017-06-23,2018-10-17
HCACU,HCACU,2019-03-01,2020-12-21
HCAP,HCAP,2013-05-03,2021-06-09
HCAPL,HCAPL,2015-01-23,2017-09-22
HCAPZ,HCAPZ,2017-08-31,2021-07-23
HCAR,HCAR,2021-01-05,2022-12-22
HCARU,HCARU,2020-12-23,2022-12-22
HCARW,HCARW,2021-01-05,2022-12-22
HCBK,HCBK,1999-07-13,2015-10-30
HCC,HCC,1992-10-28,2017-07-03
HCCCU,HCCCU,2021-01-15,2022-03-07
HCCH,HCCH,2018-07-18,2020-12-10
HCCHR,HCCHR,2018-07-18,2020-12-10
HCCHU,HCCHU,2018-06-28,2020-12-10
HCCHW,HCCHW,2018-07-18,2020-12-10
HCCI,HCCI,2008-03-12,2023-10-17
HCCOU,HCCOU,2019-12-13,2020-10-30
HCICU,HCICU,2021-01-15,2022-12-21
HCICW,HCICW,2021-03-08,2022-12-21
HCII,HCII,2021-03-30,2022-12-21
HCIIU,HCIIU,2021-01-26,2022-12-21
HCIIW,HCIIW,2021-03-22,2022-12-21
HCJ,HCJ,2016-01-04,2017-03-22
HCJ-CL,HCJ-CL,2017-03-15,2017-03-31
HCLP,HCLP,2012-08-16,2019-05-31
HCMAU,HCMAU,2022-01-21,2025-08-05
HCN,HCN,1992-03-17,2018-02-27
HCNE,HCNE,2021-08-05,2023-06-16
HCNEU,HCNEU,2021-06-11,2023-06-16
HCNEW,HCNEW,2021-08-05,2023-06-16
HCP,HCP,2021-12-09,2025-02-27
HCP-W,HCP-W,2016-10-20,2016-10-28
HCR,HCR,2019-06-03,2020-07-13
HCT,HCT,2014-04-07,2015-01-16
HCWC,HCWC,2024-09-16,2026-09-17
HCXZ,HCXZ,2018-05-03,2021-06-30
HDNG,HDNG,1995-05-25,2018-05-29
HDP,HDP,2014-12-12,2019-01-03
HDRA,HDRA,2016-01-08,2017-01-04
HDRAR,HDRAR,2016-01-12,2017-01-04
HDRAU,HDRAU,2016-01-12,2017-01-04
HDRAW,HDRAW,2016-01-05,2017-01-04
HDS,HDS,2013-06-27,2020-12-24
HECCU,HECCU,2020-06-09,2021-06-22
HEES,HEES,2006-01-31,2025-06-02
HEOP,HEOP,2001-01-02,2017-04-10
HEP,HEP,2004-07-08,2023-12-01
HERA,HERA,2021-04-26,2023-03-07
HERAU,HERAU,2021-03-04,2023-03-07
HERAW,HERAW,2021-04-28,2023-03-07
HEROQ,HEROQ,2016-01-04,2016-12-12
HES,HES,1983-04-06,2025-07-18
HEXO,HEXO,2017-03-23,2023-06-22
HF,HF,2007-01-31,2019-07-01
HFBC,HFBC,1998-02-09,2019-07-26
HFFC,HFFC,2016-01-04,2016-05-24
HFGIC,HFGIC,2017-12-07,2019-04-22
HGG,HGG,2017-01-03,2017-02-27
HGGG,HGGG,2017-02-28,2017-02-28
HGH,HGH,2012-04-25,2022-05-13
HGR,HGR,1992-03-17,2016-02-26
HGT,HGT,1999-04-09,2018-08-24
HGTY-WS,HGTY-WS,2021-12-03,2024-07-19
HGV-W,HGV-W,2016-12-14,2017-01-03
HH,HH,1987-06-22,2017-05-01
HHH-W,HHH-W,2024-07-31,2024-07-31
HHHHR,HHHHR,2019-03-07,2020-05-08
HHHHU,HHHHU,2019-02-06,2020-04-29
HHLA,HHLA,2021-03-29,2024-02-09
HHLA-U,HHLA-U,2021-02-05,2024-02-09
HHLA-WS,HHLA-WS,2021-03-30,2024-02-09
HHR,HHR,2019-05-09,2023-06-20
HHRS,HHRS,2021-10-05,2023-12-21
HHRSW,HHRSW,2021-10-01,2023-09-15
HI,HI,2008-03-28,2026-02-10
HIBB,HIBB,1996-10-11,2024-07-25
HIFR,HIFR,2015-01-30,2019-05-16
HIG-WS,HIG-WS,1995-12-15,2019-06-21
HIGA,HIGA,2020-12-11,2022-10-21
HIGA-U,HIGA-U,2020-10-21,2022-10-21
HIII,HIII,2021-04-20,2022-12-21
HIIIU,HIIIU,2021-02-24,2022-12-21
HIIIW,HIIIW,2021-04-20,2022-12-21
HIL,HIL,2004-08-12,2023-01-17
HILL,HILL,1997-09-17,2015-10-05
HIMS-WS,HIMS-WS,2019-09-10,2021-08-06
HIRE,HIRE,2001-06-18,2009-08-28
HITI,HITI,2021-06-02,2022-12-30
HITK,HITK,1992-08-04,2014-04-17
HITT,HITT,2005-07-22,2014-07-22
HIVE,HIVE,2014-03-28,2019-08-20
HIX-R,HIX-R,2022-04-11,2024-02-23
HJV,HJV,2007-03-27,2020-06-01
HKFI,HKFI,2010-01-04,2016-02-02
HKIT,HKIT,2023-03-31,2024-02-29
HKRSQ,HKRSQ,2004-05-25,2019-10-08
HLAH,HLAH,2021-03-18,2022-12-14
HLAHU,HLAHU,2021-01-13,2022-12-14
HLAHW,HLAHW,2021-03-15,2022-12-14
HLG,HLG,2015-07-07,2022-09-15
HLGN-WS,HLGN-WS,2021-12-31,2023-11-07
HLLY-WS,HLLY-WS,2020-11-27,2022-12-23
HLM-P,HLM-P,2014-09-22,2021-08-11
HLMNW,HLMNW,2020-11-27,2021-12-22
HLN-W,HLN-W,2022-07-18,2022-07-21
HLP,HLP,2023-03-29,2026-07-14
HLS,HLS,1989-09-13,2017-12-29
HLS-WS,HLS-WS,2016-01-19,2017-01-10
HLSS,HLSS,2012-02-29,2015-04-28
HLT-W,HLT-W,2016-12-13,2017-01-03
HLTH,HLTH,2009-02-13,2019-09-10
HLVX,HLVX,2022-04-29,2025-09-17
HLX,HLX,1997-07-01,2026-09-01
HLXB,HLXB,2024-02-09,2025-08-11
HMA,HMA,2006-12-28,2014-01-24
HMA-U,HMA-U,2022-01-21,2023-07-25
HMA-WS,HMA-WS,2022-03-14,2023-07-25
HMAC,HMAC,2022-09-12,2023-08-18
HMACR,HMACR,2022-09-12,2023-08-17
HMACU,HMACU,2022-08-11,2023-08-17
HMACW,HMACW,2022-09-12,2023-08-17
HMCO,HMCO,2021-01-29,2022-12-01
HMCOU,HMCOU,2020-12-09,2022-12-01
HMCOW,HMCOW,2021-02-01,2022-12-01
HME,HME,1994-08-01,2015-10-07
HMG,HMG,1995-08-18,2022-01-24
HMHC,HMHC,2013-11-14,2022-09-08
HMIN,HMIN,2006-10-26,2016-04-04
HMLP,HMLP,2014-08-07,2023-01-30
HMPR,HMPR,2016-01-04,2016-08-08
HMPT,HMPT,2021-01-29,2023-08-01
HMST,HMST,2012-02-10,2025-08-29
HMSY,HMSY,1992-12-18,2021-04-01
HMTA,HMTA,2007-09-26,2019-03-29
HMTV,HMTV,2013-04-05,2022-09-13
HNBC,HNBC,2017-07-13,2017-09-18
HNH,HNH,2005-08-22,2017-10-23
HNIN,HNIN,2016-01-04,2017-10-03
HNR,HNR,1989-11-07,2017-05-19
HNRA-U,HNRA-U,2022-02-11,2022-04-01
HNRA-WS,HNRA-WS,2022-04-05,2023-03-02
HNSN,HNSN,2006-11-15,2016-07-28
HNT,HNT,1991-11-06,2016-04-01
HNZ,HNZ,2001-01-02,2013-10-17
HODO,HODO,2025-03-06,2026-06-30
HOGS,HOGS,2007-12-27,2013-06-26
HOLL,HOLL,2014-02-18,2018-09-25
HOLO,HOLO,2021-08-06,2022-12-23
HOLUU,HOLUU,2020-08-05,2021-06-30
HOLX,HOLX,1990-03-26,2026-04-07
HOME,HOME,2016-08-04,2021-07-27
HONIV,HONIV,2025-10-21,2026-08-20
HOOZ,HOOZ,2025-11-13,2026-08-27
HORI,HORI,2022-02-07,2023-03-10
HORIU,HORIU,2021-12-09,2023-03-10
HORIW,HORIW,2022-01-31,2023-03-10
HOS,HOS,2004-03-26,2019-12-20
HOT-W,HOT-W,2016-04-11,2016-05-12
HOTR,HOTR,2006-10-31,2017-11-13
HOTRW,HOTRW,2012-08-03,2017-06-19
HOTT,HOTT,2006-12-28,2013-06-12
HOUS,HOUS,2012-10-11,2026-01-08
HPC,HPC,2006-12-28,2008-11-24
HPE-W,HPE-W,2017-08-17,2017-08-31
HPHW,HPHW,2016-01-04,2018-08-28
HPJ,HPJ,2008-06-19,2019-10-31
HPKEW,HPKEW,2020-08-24,2025-08-21
HPLT,HPLT,2021-11-29,2023-10-18
HPLTU,HPLTU,2021-09-30,2023-10-18
HPLTW,HPLTW,2021-11-29,2023-10-18
HPR,HPR,2018-03-19,2021-04-01
HPTRP,HPTRP,2016-01-04,2017-02-17
HPTX,HPTX,2012-07-26,2015-05-07
HPWR,HPWR,2001-01-02,2010-06-03
HPX,HPX,2020-09-09,2023-03-03
HPX-U,HPX-U,2020-07-16,2023-03-03
HPX-WS,HPX-WS,2020-09-08,2023-03-03
HPY,HPY,2005-08-15,2016-05-02
HQCL,HQCL,2006-12-20,2019-01-16
HR,HR,2012-06-06,2022-12-23
HRC,HRC,1987-03-02,2021-12-13
HRG,HRG,1983-04-06,2018-07-13
HRI-W,HRI-W,2016-06-20,2016-06-30
HRMN,HRMN,2015-06-04,2017-07-24
HRMNU,HRMNU,2015-03-24,2017-08-01
HRMNW,HRMNW,2015-04-16,2017-07-24
HRT,HRT,2021-10-29,2024-06-28
HRYU,HRYU,2023-08-01,2026-08-25
HRZB,HRZB,2010-01-21,2014-01-28
HS,HS,2006-02-03,2013-02-06
HSAC,HSAC,2019-06-21,2019-12-18
HSACW,HSACW,2019-06-26,2019-12-18
HSEA,HSEA,2008-04-03,2018-06-01
HSEB,HSEB,2010-06-21,2018-06-01
HSH,HSH,1986-05-05,2014-08-29
HSICV,HSICV,2019-02-06,2019-02-07
HSKA,HSKA,1997-07-01,2023-06-13
HSNI,HSNI,2008-08-12,2018-01-02
HSON,HSON,2025-09-05,2025-09-09
HSP,HSP,2004-05-03,2015-09-02
HSPT,HSPT,2025-02-05,2026-06-15
HSPTR,HSPTR,2025-02-05,2026-06-15
HSPTU,HSPTU,2024-11-15,2026-06-15
HT,HT,1999-01-21,2023-11-28
HTAQ,HTAQ,2021-12-30,2022-10-31
HTAQ-U,HTAQ-U,2021-11-09,2022-10-31
HTCH,HTCH,2016-01-04,2016-10-06
HTF,HTF,2012-03-27,2017-10-27
HTFA,HTFA,2017-10-04,2021-04-23
HTGX,HTGX,2014-07-17,2019-02-01
HTGX-CL,HTGX-CL,2018-12-12,2019-02-01
HTGY,HTGY,2016-01-04,2017-02-02
HTGY-CL,HTGY-CL,2017-01-26,2017-02-01
HTGZ,HTGZ,2016-01-04,2017-02-02
HTGZ-CL,HTGZ-CL,2017-01-26,2017-02-01
HTM,HTM,2005-05-20,2018-07-09
HTOOW,HTOOW,2020-12-10,2025-12-10
HTPA,HTPA,2021-01-25,2022-12-07
HTPA-U,HTPA-U,2020-12-03,2022-12-07
HTS,HTS,2008-04-29,2016-07-20
HTV,HTV,2006-12-28,2009-06-04
HTWR,HTWR,2016-01-04,2016-08-24
HTZ-R,HTZ-R,2019-06-20,2019-07-11
HTZ-W,HTZ-W,2016-06-20,2016-06-30
HUD,HUD,2018-02-01,2020-12-02
HUGS,HUGS,2021-04-19,2022-12-28
HUGS-U,HUGS-U,2021-02-25,2022-12-27
HUMAW,HUMAW,2020-11-24,2026-08-26
HUT,HUT,2018-03-08,2023-12-01
HVB,HVB,1999-12-13,2015-06-30
HVBC,HVBC,2017-01-12,2023-06-16
HVII,HVII,2025-02-10,2026-09-23
HVIIU,HVIIU,2025-01-17,2026-09-24
HW,HW,1995-06-15,2017-07-14
HWCC,HWCC,2006-06-15,2021-06-15
HWCPL,HWCPL,2018-05-25,2021-06-14
HWEL,HWEL,2021-09-30,2023-12-04
HWELU,HWELU,2021-08-03,2023-12-04
HWELW,HWELW,2021-09-23,2026-09-03
HWG,HWG,2006-12-28,2014-05-15
HWKZ,HWKZ,2021-11-29,2023-07-11
HWKZ-U,HWKZ-U,2021-10-08,2023-07-11
HYAC,HYAC,2023-09-15,2026-04-08
HYAC-WS,HYAC-WS,2023-09-18,2026-04-08
HYACU,HYACU,2017-10-25,2020-12-22
HYC,HYC,2006-12-28,2011-11-30
HYGS,HYGS,2000-11-01,2019-09-09
HYH,HYH,2014-10-21,2018-06-29
HYLN-WS,HYLN-WS,2019-04-24,2020-12-29
HYMCL,HYMCL,2020-10-06,2021-01-25
HYMCZ,HYMCZ,2017-02-17,2022-10-21
HYT-R,HYT-R,2022-09-22,2026-09-17
HZAC-U,HZAC-U,2020-12-30,2021-10-18
HZN,HZN,2015-07-01,2023-02-07
HZNP,HZNP,2011-07-28,2023-10-06
HZON,HZON,2020-12-10,2023-04-25
HZON-U,HZON-U,2020-10-20,2023-04-25
HZON-WS,HZON-WS,2022-11-29,2023-04-25
I,I,2013-04-18,2020-05-18
IAA,IAA,2019-06-17,2023-03-20
IAA-WI,IAA-WI,2019-06-17,2019-06-27
IACA,IACA,2020-10-27,2021-06-29
IACA-U,IACA-U,2020-10-02,2021-06-29
IACB,IACB,2021-04-05,2021-12-01
IACB-U,IACB-U,2021-02-11,2021-11-30
IACC,IACC,2021-04-30,2022-11-17
IACI,IACI,1993-01-19,2016-01-20
IAMXR,IAMXR,2017-10-09,2018-11-21
IAMXU,IAMXU,2017-08-17,2017-10-16
IARTV,IARTV,2015-06-17,2015-07-01
IAS,IAS,2021-06-30,2025-12-23
IAUX,IAUX,2021-04-22,2022-05-18
IBACU,IBACU,2024-03-26,2024-04-30
IBER,IBER,2021-04-20,2023-03-01
IBER-U,IBER-U,2021-02-26,2023-03-01
IBER-WS,IBER-WS,2021-04-20,2023-03-01
IBKC,IBKC,1995-04-10,2020-07-01
IBKCN,IBKCN,2019-03-29,2020-07-01
IBKCO,IBKCO,2016-05-23,2020-07-01
IBKCP,IBKCP,2015-08-31,2020-07-01
IBM-W,IBM-W,2021-10-26,2021-11-02
IBO,IBO,2017-10-17,2023-05-12
ICA,ICA,1992-04-09,2016-07-11
ICAD,ICAD,1992-03-17,2025-07-17
ICBK,ICBK,2015-01-16,2021-12-10
ICCM,ICCM,2021-08-26,2022-12-30
ICEL,ICEL,2013-07-25,2015-05-01
ICGE,ICGE,1999-08-05,2014-09-02
ICLK,ICLK,2017-12-21,2025-03-12
ICNC,ICNC,2021-12-13,2023-09-26
ICNC-U,ICNC-U,2021-10-22,2023-09-26
ICNC-WS,ICNC-WS,2021-12-13,2023-09-26
ICON,ICON,1990-03-06,2021-08-04
ICPT,ICPT,2012-10-11,2026-06-26
ICVX,ICVX,2021-07-29,2024-02-20
ID,ID,2001-01-02,2023-12-26
IDC,IDC,2006-12-28,2011-08-08
IDICQ,IDICQ,2017-12-01,2024-02-26
IDIX,IDIX,2004-07-22,2014-08-05
IDSA,IDSA,1996-05-30,2019-12-30
IDT-W,IDT-W,2016-05-26,2016-06-01
IDTI,IDTI,1990-03-26,2019-03-29
IEA,IEA,2018-03-26,2022-10-07
IEAWW,IEAWW,2018-03-28,2022-10-07
IEC,IEC,1993-02-12,2021-10-05
IEH,IEH,2013-08-19,2015-10-08
IEPRR,IEPRR,2017-02-10,2017-03-02
IFF-W,IFF-W,2021-01-25,2021-02-03
IFF-WI,IFF-WI,1981-12-31,2021-02-03
IFIN,IFIN,2022-01-10,2024-08-21
IFIN-U,IFIN-U,2021-11-19,2024-08-30
IFN-R,IFN-R,2024-04-22,2024-05-13
IFON,IFON,2004-06-17,2018-07-10
IFS,IFS,2018-01-18,2019-08-07
IFT,IFT,2011-02-08,2015-08-31
IGAC,IGAC,2020-12-01,2023-01-11
IGACU,IGACU,2020-10-01,2023-01-11
IGACW,IGACW,2020-11-23,2023-01-11
IGATY,IGATY,2005-12-08,2013-10-17
IGCWS,IGCWS,2011-02-08,2021-03-08
IGEM,IGEM,2016-07-14,2018-07-31
IGICW,IGICW,2020-03-19,2023-10-04
IGLD,IGLD,1999-08-06,2019-11-29
IGMS,IGMS,2019-09-18,2025-08-14
IGNYU,IGNYU,2021-01-28,2022-11-01
IGOI,IGOI,2000-06-30,2022-01-18
IGR-R,IGR-R,2023-03-14,2023-04-05
IGTE,IGTE,1996-12-17,2015-07-01
IHC,IHC,1990-03-26,2022-02-15
IHR,IHR,2006-12-28,2010-03-17
IHS,IHS,2005-11-11,2016-07-20
IIAC,IIAC,2021-01-11,2021-12-17
IIAC-U,IIAC-U,2020-11-19,2021-12-17
IIAC-WS,IIAC-WS,2021-01-11,2021-12-17
IIII,IIII,2021-02-08,2022-12-21
IIIIU,IIIIU,2020-12-18,2022-12-21
IIIIW,IIIIW,2021-02-08,2022-12-21
IILGV,IILGV,2016-04-11,2016-05-20
IIN,IIN,1980-03-17,2022-05-24
IIVI,IIVI,2020-07-02,2023-06-30
IKAN,IKAN,2005-09-22,2015-09-28
IKGH,IKGH,2008-10-17,2017-04-26
IKN,IKN,2006-12-28,2008-11-21
IL,IL,2016-01-04,2017-01-19
ILG,ILG,2008-08-12,2018-08-31
ILUM,ILUM,2017-09-29,2017-10-19
IM,IM,2016-01-04,2016-12-13
IMACW,IMACW,2019-02-13,2024-02-09
IMBIL,IMBIL,2021-09-29,2023-07-17
IMCC,IMCC,2021-03-01,2021-03-03
IMCL,IMCL,2016-01-19,2018-10-05
IMDZ,IMDZ,2014-07-24,2019-04-02
IMGO,IMGO,2021-07-16,2023-01-11
IMI,IMI,2011-11-18,2019-09-20
IMMU,IMMU,1990-03-26,2020-10-23
IMPCQ,IMPCQ,2010-01-04,2012-05-22
IMPPV,IMPPV,2023-06-14,2023-06-21
IMPR,IMPR,2014-06-24,2016-09-26
IMPV,IMPV,2011-11-09,2019-01-10
IMPX,IMPX,2020-11-23,2022-09-26
IMPX-U,IMPX-U,2020-10-01,2022-09-26
IMPX-WS,IMPX-WS,2020-11-23,2022-09-26
IMRA,IMRA,2025-04-03,2026-07-31
IMRNW,IMRNW,2017-06-09,2022-06-10
IMS,IMS,2014-04-03,2016-10-11
IMSCQ,IMSCQ,2016-01-04,2017-08-28
IMSR,IMSR,2024-10-10,2025-10-28
IMTXW,IMTXW,2020-07-02,2025-06-30
IMUC-WS,IMUC-WS,2016-08-12,2018-10-16
IMVTU,IMVTU,2019-05-10,2020-06-15
IMVTW,IMVTW,2019-12-19,2020-06-15
INAPQ,INAPQ,1999-09-29,2020-04-30
INAQU,INAQU,2020-09-03,2021-02-09
INBKL,INBKL,2016-10-12,2021-10-01
INBX,INBX,2020-08-19,2024-05-30
INBXV,INBXV,2024-05-28,2024-05-29
INCR,INCR,2014-11-07,2018-01-05
IND-CL,IND-CL,2016-08-11,2016-09-14
INDIW,INDIW,2021-06-11,2023-11-08
INDT,INDT,1997-06-18,2023-06-29
INDUU,INDUU,2017-07-27,2018-12-03
INDUW,INDUW,2017-08-21,2017-09-18
INEO,INEO,2024-10-23,2025-12-03
INFA,INFA,1999-04-29,2026-05-28
INFN,INFN,2007-06-07,2025-02-28
ININ,ININ,2016-01-04,2016-12-02
INKA,INKA,2021-03-01,2023-03-23
INKAU,INKAU,2021-01-07,2023-03-23
INM,INM,2020-11-12,2022-12-30
INMD,INMD,2001-01-02,2012-09-20
INNL,INNL,2014-07-25,2017-08-03
INNTW,INNTW,2016-07-08,2021-08-16
INOV,INOV,2015-02-12,2021-11-24
INPHQ,INPHQ,2016-01-04,2018-07-06
INPX,INPX,2011-07-14,2024-03-12
INPXV,INPXV,2023-03-06,2023-03-14
INSEW,INSEW,2016-12-28,2021-12-23
INST,INST,2015-11-13,2020-03-23
INSUU,INSUU,2019-03-20,2020-10-14
INSV,INSV,2012-11-27,2015-11-02
INSW-W,INSW-W,2016-11-16,2016-12-07
INTLL,INTLL,2016-01-04,2016-10-19
INTX,INTX,2004-04-30,2019-01-11
INVC,INVC,2017-10-16,2019-01-22
INVN,INVN,2011-11-16,2017-07-17
INVZW,INVZW,2021-04-06,2026-04-07
INWK,INWK,2006-08-16,2020-10-02
INXBV,INXBV,2024-05-29,2024-05-29
INXN,INXN,2011-01-28,2020-03-13
INZ,INZ,2002-12-17,2017-02-21
INZ-CL,INZ-CL,2017-02-13,2017-03-14
INZY,INZY,2020-07-24,2025-07-01
IOAC,IOAC,2022-01-04,2023-12-28
IOACU,IOACU,2021-10-27,2023-12-28
IOC,IOC,2004-09-08,2017-03-02
IONQ-WS,IONQ-WS,2021-01-04,2022-12-23
IOT,IOT,2003-01-02,2017-08-25
IOTS,IOTS,2015-10-27,2020-06-29
IPA,IPA,2020-12-30,2022-12-30
IPAS,IPAS,2003-09-29,2019-02-13
IPAXU,IPAXU,2021-09-22,2023-02-13
IPCC,IPCC,2003-02-12,2018-07-05
IPCM,IPCM,2008-01-25,2015-11-20
IPCX,IPCX,2025-06-16,2026-08-14
IPCXR,IPCXR,2025-06-16,2026-08-14
IPCXU,IPCXU,2025-04-25,2026-08-14
IPG,IPG,1987-11-05,2025-11-26
IPHI,IPHI,2010-11-12,2021-04-20
IPHS,IPHS,2006-11-02,2020-02-07
IPII,IPII,2010-01-27,2012-10-23
IPLDP,IPLDP,2018-12-31,2021-12-14
IPOA,IPOA,2017-09-29,2019-10-25
IPOA-U,IPOA-U,2017-09-14,2019-10-25
IPOA-WS,IPOA-WS,2017-09-29,2019-10-25
IPOB-U,IPOB-U,2020-04-28,2020-12-18
IPOC-U,IPOC-U,2020-04-22,2021-01-07
IPOD,IPOD,2020-11-30,2022-10-14
IPOD-U,IPOD-U,2020-10-09,2022-10-14
IPOE-U,IPOE-U,2020-10-09,2021-05-28
IPOE-WS,IPOE-WS,2020-11-30,2021-05-28
IPOF,IPOF,2020-11-30,2022-10-14
IPOF-U,IPOF-U,2020-10-09,2022-10-14
IPOF-WS,IPOF-WS,2020-11-30,2022-09-20
IPT,IPT,2006-12-28,2013-05-09
IPV-U,IPV-U,2020-02-04,2021-03-12
IPVA-U,IPVA-U,2021-03-05,2022-12-08
IPVA-WS,IPVA-WS,2021-04-26,2021-05-07
IPVF,IPVF,2021-04-26,2023-12-08
IPVF-U,IPVF-U,2021-03-05,2023-12-08
IPVF-WS,IPVF-WS,2021-04-26,2023-12-08
IPVI,IPVI,2021-04-30,2023-04-24
IPVIU,IPVIU,2021-03-05,2023-04-24
IPVIW,IPVIW,2021-04-30,2023-04-24
IPXL,IPXL,1995-12-19,2018-05-04
IPXXU,IPXXU,2023-05-25,2025-03-13
IQMD,IQMD,2021-12-27,2023-05-04
IQMDU,IQMDU,2021-11-05,2023-04-26
IQMDW,IQMDW,2021-12-27,2023-05-04
IQNT,IQNT,2007-11-02,2017-07-10
IRC,IRC,2004-06-08,2016-04-08
IRCP,IRCP,2003-11-05,2022-06-21
IRDMB,IRDMB,2014-05-16,2019-05-14
IRE,IRE,1996-09-27,2015-02-13
IRF,IRF,1987-11-05,2015-01-13
IRIS,IRIS,1994-12-28,2017-08-09
IRNT-WS,IRNT-WS,2021-08-27,2023-08-04
IROHR,IROHR,2024-02-16,2025-09-30
IROHU,IROHU,2023-12-27,2025-09-30
IROQ,IROQ,2011-07-08,2026-03-16
IS,IS,2021-01-15,2022-11-04
ISAA,ISAA,2021-06-09,2022-12-28
ISBC,ISBC,2005-10-12,2022-09-16
ISCA,ISCA,1997-03-10,2019-10-18
ISEE,ISEE,2013-09-25,2023-07-11
ISF,ISF,2007-06-13,2019-06-14
ISF-CL,ISF-CL,2019-04-26,2019-06-14
ISG,ISG,2005-09-23,2023-05-12
ISG-CL,ISG-CL,2020-03-17,2020-04-14
ISH,ISH,1991-10-24,2015-12-18
ISIL,ISIL,2001-01-02,2017-02-27
ISIS,ISIS,1991-05-17,2015-12-21
ISLE,ISLE,1992-10-06,2017-05-09
ISLEU,ISLEU,2021-02-25,2021-03-29
ISLEW,ISLEW,2021-03-30,2022-08-26
ISM,ISM,2006-02-16,2018-01-16
ISNS,ISNS,1995-05-05,2021-07-20
ISO,ISO,2021-10-08,2023-03-21
ISOS-U,ISOS-U,2021-03-03,2021-12-15
ISOS-WS,ISOS-WS,2021-04-23,2021-04-30
ISP,ISP,2003-11-07,2017-10-13
ISRL,ISRL,1995-08-18,2019-10-25
ISS,ISS,2010-12-14,2014-09-02
ISSI,ISSI,1995-02-03,2015-12-04
ITAC,ITAC,2020-10-30,2021-10-07
ITACU,ITACU,2020-09-09,2021-10-07
ITACW,ITACW,2020-10-30,2021-10-08
ITAQ,ITAQ,2022-03-04,2023-11-02
ITAQU,ITAQU,2022-01-12,2023-11-02
ITAQW,ITAQW,2022-03-04,2023-11-02
ITC,ITC,2005-07-26,2016-10-24
ITCB-R,ITCB-R,2021-10-08,2021-10-21
ITCI,ITCI,2014-01-07,2025-04-02
ITEK,ITEK,2015-02-18,2018-01-04
ITG,ITG,1994-05-04,2026-07-01
ITHX,ITHX,2021-03-24,2022-07-19
ITHXU,ITHXU,2021-01-28,2022-07-18
ITHXW,ITHXW,2021-03-22,2022-07-18
ITI,ITI,1994-01-04,2024-11-01
ITMN,ITMN,2000-03-24,2014-09-29
ITMR,ITMR,2019-03-07,2021-12-16
ITOS,ITOS,2020-07-24,2025-08-29
ITQ,ITQ,2021-04-01,2023-02-14
ITQRU,ITQRU,2021-02-04,2023-02-14
ITQRW,ITQRW,2021-03-31,2023-02-14
ITUS,ITUS,2015-07-10,2018-09-28
IVAC,IVAC,1995-11-21,2025-03-31
IVAN-U,IVAN-U,2021-01-07,2022-02-03
IVANF,IVANF,2017-09-18,2019-04-09
IVCPU,IVCPU,2021-12-15,2024-12-13
IVTY,IVTY,2015-06-15,2018-10-23
IWA,IWA,2000-02-11,2011-06-06
IWFL,IWFL,2021-02-05,2026-08-18
IWML,IWML,2021-02-05,2026-08-18
IXHL,IXHL,2022-03-02,2023-11-29
IXSE,IXSE,2019-04-04,2023-10-20
IXYS,IXYS,1998-09-24,2018-01-17
J-W,J-W,2024-09-26,2024-09-27
JAG,JAG,2017-01-27,2020-01-14
JAH,JAH,2016-01-04,2016-04-25
JAMF,JAMF,2020-07-22,2026-01-30
JAQC,JAQC,2021-10-01,2023-12-26
JAQCU,JAQCU,2021-08-13,2023-12-26
JAQCW,JAQCW,2021-10-04,2023-12-26
JAS,JAS,2006-12-28,2011-11-30
JASNW,JASNW,2014-09-24,2019-06-28
JASO,JASO,2007-02-07,2018-07-17
JATT-U,JATT-U,2021-07-14,2023-03-20
JAX,JAX,2015-09-29,2021-09-30
JAXB,JAXB,2016-01-04,2016-03-21
JBI-WS,JBI-WS,2019-12-20,2021-11-11
JBN,JBN,2007-02-16,2020-06-01
JBR,JBR,2007-04-23,2020-06-01
JCAP,JCAP,2015-03-27,2020-11-09
JCI-W,JCI-W,2016-10-17,2016-10-28
JCICU,JCICU,2021-01-22,2023-01-24
JCLY,JCLY,1972-06-01,2017-07-10
JCO,JCO,2017-03-29,2022-05-25
JCSE,JCSE,2022-04-22,2026-09-18
JDAS,JDAS,2006-12-28,2012-12-21
JDOGQ,JDOGQ,2017-09-26,2018-12-04
JDSU,JDSU,1993-11-17,2015-08-03
JFKKR,JFKKR,2019-05-16,2020-09-30
JFKKU,JFKKU,2019-03-28,2020-09-30
JFR-R,JFR-R,2025-01-23,2025-02-18
JGBO,JGBO,2011-08-04,2013-07-01
JGGC,JGGC,2022-04-04,2023-11-15
JGGCR,JGGCR,2022-04-04,2023-11-15
JGGCU,JGGCU,2022-02-11,2023-11-15
JGGCW,JGGCW,2022-04-04,2023-11-15
JGH-R,JGH-R,2025-10-23,2025-11-19
JGW,JGW,2013-11-08,2016-06-17
JHA,JHA,2015-11-13,2018-11-26
JHAA,JHAA,2018-12-19,2023-11-27
JHG,JHG,2000-06-26,2026-07-01
JIH-U,JIH-U,2019-11-08,2021-06-07
JLIC,JLIC,2010-07-13,2013-10-28
JMACU,JMACU,2021-10-08,2023-03-29
JMBA,JMBA,2005-07-28,2018-09-13
JMEI,JMEI,2014-05-16,2020-04-14
JMG,JMG,2015-03-20,2016-04-18
JMP,JMP,2007-05-11,2021-11-15
JMPB,JMPB,2013-02-07,2019-10-25
JMPB-CL,JMPB-CL,2019-09-30,2019-10-25
JMPC,JMPC,2014-02-13,2017-12-27
JMPNL,JMPNL,2017-11-30,2021-09-10
JMPNZ,JMPNZ,2019-09-27,2021-12-14
JNCE,JNCE,2017-01-27,2023-05-04
JNJ-WD,JNJ-WD,2023-08-21,2023-08-23
JNP,JNP,1991-08-07,2018-08-13
JNPR,JNPR,1999-06-25,2025-07-02
JNS,JNS,2000-06-26,2017-05-30
JNY,JNY,1991-05-16,2014-04-09
JOANQ,JOANQ,2021-03-12,2024-04-30
JOBS,JOBS,2004-09-29,2022-09-08
JOBY-WS,JOBY-WS,2020-11-09,2022-12-23
JOFF,JOFF,2021-03-30,2022-12-14
JOFFU,JOFFU,2021-02-05,2022-12-14
JOFFW,JOFFW,2021-03-29,2022-12-14
JOR,JOR,2005-04-15,2010-05-17
JOSB,JOSB,2001-01-02,2014-06-26
JOY,JOY,2001-05-25,2017-04-13
JPEP,JPEP,2014-10-01,2017-07-10
JPM-WS,JPM-WS,2001-04-03,2018-10-23
JQC-R,JQC-R,2025-04-02,2025-04-04
JRCCQ,JRCCQ,2016-01-04,2016-03-23
JRJR,JRJR,2016-01-04,2018-07-03
JRN,JRN,2003-09-24,2015-04-08
JST,JST,2016-01-04,2016-04-19
JSYNR,JSYNR,2016-04-26,2019-06-19
JSYNU,JSYNU,2016-03-03,2019-06-19
JTPY,JTPY,2012-05-11,2018-12-06
JUGG,JUGG,2021-08-11,2023-06-22
JUGGU,JUGGU,2021-06-18,2023-06-22
JUGGW,JUGGW,2021-08-11,2023-06-22
JUN,JUN,2021-12-23,2023-10-09
JUN-U,JUN-U,2021-11-04,2023-10-09
JUN-WS,JUN-WS,2021-12-23,2023-10-09
JUNO,JUNO,2014-12-19,2018-03-06
JUPGF,JUPGF,2018-11-05,2026-08-26
JVSA,JVSA,2024-03-11,2025-06-30
JVSAR,JVSAR,2024-03-11,2025-07-08
JVSAU,JVSAU,2024-01-19,2025-07-08
JW,JW,2024-09-26,2024-09-27
JWA,JWA,2001-08-16,2018-09-07
JWAC,JWAC,2022-01-07,2023-06-01
JWACR,JWACR,2022-01-07,2023-06-01
JWACU,JWACU,2021-12-07,2022-01-06
JWN,JWN,1986-07-09,2025-05-20
JWS-U,JWS-U,2020-05-14,2021-06-03
JXN-W,JXN-W,2021-09-01,2021-09-17
JXSB,JXSB,1995-04-24,2018-06-14
JYAC,JYAC,2020-11-19,2022-11-23
K,K,1984-12-17,2025-12-11
K-W,K-W,2023-09-27,2023-09-28
KAACU,KAACU,2017-03-30,2018-11-09
KADR,KADR,2002-09-30,2014-12-18
KAHC,KAHC,2021-05-07,2023-01-13
KAHC-WS,KAHC-WS,2021-05-07,2022-12-08
KAHCU,KAHCU,2021-03-17,2022-12-23
KAIR,KAIR,2021-02-26,2022-12-30
KAIRU,KAIRU,2021-01-06,2022-12-30
KAIRW,KAIRW,2021-02-26,2022-12-30
KALV,KALV,2015-04-09,2026-06-12
KAMN,KAMN,1990-03-26,2024-04-19
KANG,KANG,2014-04-09,2019-01-18
KAP,KAP,2012-10-17,2018-11-21
KAP-CL,KAP-CL,2018-10-26,2018-11-20
KAR-W,KAR-W,2019-06-17,2019-06-27
KATE,KATE,1981-06-09,2017-07-12
KBAL,KBAL,1990-03-26,2023-06-01
KBALB,KBALB,1990-03-26,2014-10-31
KBLMR,KBLMR,2017-06-27,2020-11-06
KBLMU,KBLMU,2017-06-02,2020-11-06
KBW,KBW,2010-12-15,2013-10-17
KCAC,KCAC,2021-04-19,2021-10-04
KCAC-U,KCAC-U,2021-02-26,2022-09-14
KCAPL,KCAPL,2017-08-28,2021-05-28
KCC,KCC,2016-01-04,2017-02-09
KCC-CL,KCC-CL,2017-02-02,2017-02-10
KCG,KCG,2013-06-28,2017-08-17
KCGI,KCGI,2021-10-04,2024-08-16
KCGI-U,KCGI-U,2021-08-13,2021-08-18
KCGI-WS,KCGI-WS,2021-10-04,2024-08-16
KCI,KCI,2004-02-25,2012-11-12
KCP,KCP,2003-08-26,2013-10-03
KD-W,KD-W,2021-10-22,2021-11-03
KDMN,KDMN,2016-07-27,2021-11-09
KDN,KDN,2001-01-02,2013-10-16
KDNY,KDNY,2015-04-15,2023-08-11
KEGX,KEGX,1992-03-17,2019-11-27
KEI,KEI,2001-01-02,2011-11-30
KEM,KEM,1992-10-26,2020-06-12
KERNW,KERNW,2024-03-26,2024-06-14
KERX,KERX,2000-07-28,2018-12-12
KEYN,KEYN,2010-08-30,2013-10-17
KEYW,KEYW,2010-10-01,2019-06-12
KFFG,KFFG,2012-11-12,2012-11-20
KFH,KFH,2011-11-17,2016-11-02
KFH-CL,KFH-CL,2016-10-26,2016-10-28
KFI,KFI,2012-03-26,2017-04-17
KFI-CL,KFI-CL,2017-04-07,2017-04-21
KFN,KFN,2010-02-16,2014-05-01
KFN-P,KFN-P,2014-09-22,2017-12-13
KFX,KFX,2013-12-05,2015-05-29
KG,KG,2011-02-28,2011-03-08
KH,KH,2010-08-11,2013-10-17
KHA,KHA,2007-08-01,2009-08-12
KIIIW,KIIIW,2021-04-26,2023-02-23
KIN,KIN,2013-12-12,2021-08-27
KING,KING,2014-03-25,2016-03-02
KINZU,KINZU,2020-12-15,2023-03-14
KIO-R,KIO-R,2023-01-24,2023-02-15
KIRK,KIRK,2002-07-30,2025-07-28
KITDQ,KITDQ,2013-08-16,2013-08-19
KITE,KITE,2014-06-20,2017-10-19
KKD,KKD,2000-04-05,2016-08-04
KL,KL,2016-12-06,2022-02-08
KLAQ,KLAQ,2021-03-01,2022-12-16
KLAQU,KLAQU,2021-01-08,2022-12-16
KLAQW,KLAQW,2021-03-01,2022-12-16
KLDX,KLDX,2015-10-07,2018-07-20
KLG,KLG,2023-09-27,2025-09-25
KLG-W,KLG-W,2023-09-27,2023-09-29
KLR,KLR,2004-07-26,2020-09-30
KLR-WS,KLR-WS,2018-01-17,2023-10-12
KLRE,KLRE,2016-03-31,2017-04-27
KLREU,KLREU,2016-03-11,2017-04-25
KLREW,KLREW,2016-03-29,2017-04-27
KLTO,KLTO,2024-09-17,2026-07-08
KLTOW,KLTOW,2024-09-17,2026-03-11
KLXEV,KLXEV,2018-08-29,2018-09-14
KLXI,KLXI,2014-12-03,2018-10-09
KLXIV,KLXIV,2018-08-29,2018-09-14
KMG,KMG,1997-01-28,2018-12-14
KMI-WS,KMI-WS,2011-02-11,2017-05-19
KMP,KMP,1992-07-30,2014-12-04
KMPA,KMPA,2014-09-22,2019-08-19
KMPH,KMPH,2021-01-08,2022-12-30
KMR,KMR,2001-05-16,2014-12-04
KNBE,KNBE,2021-04-22,2023-02-01
KND,KND,2001-05-01,2018-07-02
KNDL,KNDL,1997-08-22,2011-07-22
KNF-W,KNF-W,2023-05-25,2023-05-31
KNM,KNM,2002-10-01,2015-04-23
KNOL,KNOL,2003-12-18,2012-08-03
KNSW,KNSW,2022-03-14,2023-12-05
KNSW-U,KNSW-U,2022-01-21,2023-12-05
KNSW-WS,KNSW-WS,2022-03-14,2023-12-05
KNSY,KNSY,2012-04-26,2012-07-09
KNTE,KNTE,2020-12-03,2024-04-03
KNTK,KNTK,2022-11-11,2023-03-22
KNW,KNW,2025-03-05,2025-08-14
KNXA,KNXA,2005-06-24,2013-10-17
KODK-WS,KODK-WS,2013-09-23,2018-08-28
KOG,KOG,2004-09-01,2014-12-09
KONE,KONE,2010-05-14,2018-09-12
KOR,KOR,2016-01-04,2022-01-18
KORE,KORE,2021-10-01,2026-07-24
KOSN,KOSN,2000-10-05,2009-07-06
KPFS,KPFS,2018-10-04,2019-07-08
KPLTW,KPLTW,2019-12-27,2026-06-09
KRA,KRA,2009-12-17,2022-03-18
KRFT,KRFT,2012-09-17,2015-07-10
KRON,KRON,2020-10-09,2025-06-20
KRSL,KRSL,1982-09-02,2017-07-14
KS,KS,2005-09-14,2018-12-14
KSI,KSI,2021-05-18,2023-03-16
KSICU,KSICU,2021-03-17,2023-03-16
KSICW,KSICW,2021-05-17,2023-03-16
KSMTU,KSMTU,2020-08-06,2021-08-26
KSP,KSP,2004-01-09,2011-11-30
KSU,KSU,1987-11-05,2021-12-13
KSU-P,KSU-P,2014-09-22,2021-12-14
KSW,KSW,1997-02-18,2012-11-21
KSWS,KSWS,2001-01-02,2013-05-17
KTEC,KTEC,1993-12-17,2018-03-21
KTII,KTII,2010-04-01,2010-04-19
KTOVW,KTOVW,2015-11-20,2020-11-23
KTP,KTP,1999-07-06,2020-06-01
KTTAW,KTTAW,2021-09-15,2026-09-16
KTWO,KTWO,2014-05-08,2018-11-09
KURI,KURI,2021-04-01,2021-10-21
KURIU,KURIU,2021-02-05,2021-10-21
KURIW,KURIW,2021-04-05,2021-10-21
KUTV,KUTV,2005-02-03,2016-07-13
KVSA,KVSA,2021-03-04,2023-12-11
KVSC,KVSC,2021-03-24,2023-04-10
KVUE-W,KVUE-W,2023-08-15,2023-08-23
KW,KW,2007-12-03,2026-06-16
KWE,KWE,2020-12-15,2025-06-27
KWESW,KWESW,2022-12-07,2025-06-27
KWKAQ,KWKAQ,2016-01-04,2016-09-01
KWM,KWM,2025-05-14,2026-09-08
KWMWW,KWMWW,2025-05-14,2026-09-08
KWN,KWN,2012-12-10,2017-11-28
KYAK,KYAK,2012-07-20,2013-06-07
KYCH,KYCH,2022-03-04,2024-04-04
KYCHR,KYCHR,2022-03-03,2024-04-04
KYCHU,KYCHU,2022-01-25,2024-04-04
KYCHW,KYCHW,2022-03-03,2024-04-04
KYO,KYO,1987-11-05,2018-06-25
KYTH,KYTH,2012-10-16,2015-10-02
KZ,KZ,2004-07-09,2017-04-17
KZR,KZR,2018-06-21,2026-05-11
LAAAU,LAAAU,2021-06-11,2022-12-06
LAAC-W,LAAC-W,2023-10-02,2023-10-03
LAB,LAB,2011-02-10,2022-04-05
LABC,LABC,2007-07-10,2015-09-23
LABL,LABL,1990-03-26,2019-07-01
LABP,LABP,2021-02-04,2024-05-23
LAC,LAC,2018-01-25,2023-10-03
LAC-W,LAC-W,2023-10-02,2023-10-03
LACO,LACO,1999-01-04,2015-08-03
LAESV,LAESV,2023-05-22,2023-05-23
LANDP,LANDP,2016-08-12,2021-02-11
LANV-WS,LANV-WS,2022-12-15,2026-06-25
LATGU,LATGU,2022-01-25,2025-01-15
LATN,LATN,2019-12-09,2021-09-29
LATNU,LATNU,2019-10-18,2021-09-29
LATNW,LATNW,2019-12-09,2021-09-29
LAVA,LAVA,2001-11-20,2012-03-05
LAWEQ,LAWEQ,2010-01-04,2013-10-17
LAXXR,LAXXR,2021-12-14,2022-11-17
LAXXU,LAXXU,2021-11-22,2022-11-17
LAYN,LAYN,1992-08-20,2018-06-15
LAZRW,LAZRW,2019-03-25,2021-03-09
LBAI,LBAI,1999-01-04,2024-05-15
LBBB,LBBB,2022-04-14,2024-03-11
LBBBR,LBBBR,2022-04-14,2024-03-11
LBBBU,LBBBU,2022-03-09,2024-03-11
LBBBW,LBBBW,2022-04-14,2024-03-11
LBC,LBC,2001-01-02,2024-02-29
LBCC,LBCC,2009-10-30,2021-02-22
LBIO,LBIO,2010-10-15,2017-06-27
LBIX,LBIX,1993-08-02,2018-08-10
LBMH,LBMH,2016-01-04,2016-01-29
LBPH,LBPH,2021-03-12,2024-12-02
LBPS,LBPS,2021-03-22,2022-07-07
LBRDA,LBRDA,2014-11-04,2026-08-21
LBRDK,LBRDK,2014-11-04,2026-08-21
LBRDP,LBRDP,2020-12-22,2026-08-21
LBY,LBY,2020-06-02,2020-11-13
LBYAV,LBYAV,2024-11-04,2026-06-29
LBYKV,LBYKV,2024-11-04,2026-06-29
LCA,LCA,2021-05-18,2024-02-27
LCAA,LCAA,2021-05-06,2024-02-22
LCAAU,LCAAU,2021-03-11,2024-02-22
LCAAW,LCAAW,2021-05-11,2024-02-22
LCAHU,LCAHU,2016-05-26,2024-02-27
LCAHW,LCAHW,2021-05-18,2024-02-27
LCAPU,LCAPU,2020-08-14,2022-05-23
LCC,LCC,2006-12-28,2013-12-06
LCIDW,LCIDW,2020-09-18,2021-10-12
LCW-U,LCW-U,2021-10-11,2022-12-23
LCYAU,LCYAU,2020-10-09,2021-07-14
LDHA,LDHA,2021-05-13,2023-03-23
LDHAU,LDHAU,2021-03-19,2023-03-23
LDHAW,LDHAW,2021-05-17,2023-03-23
LDIS,LDIS,2004-06-16,2017-12-29
LDL,LDL,1990-01-12,2021-10-04
LDOS-W,LDOS-W,2016-08-09,2016-08-18
LDR,LDR,1992-03-17,2017-11-01
LEAF,LEAF,2011-01-27,2021-06-14
LEAP,LEAP,2020-11-02,2022-08-16
LEAP-U,LEAP-U,2020-09-11,2022-08-12
LEAP-WS,LEAP-WS,2020-11-02,2022-08-03
LEG,LEG,1987-11-05,2026-08-27
LEGA,LEGA,2021-05-26,2023-03-14
LEGAU,LEGAU,2021-03-23,2023-03-14
LEGAW,LEGAW,2021-05-17,2023-03-14
LEGO,LEGO,2021-03-04,2021-10-19
LEGOU,LEGOU,2021-01-20,2021-10-19
LEGOW,LEGOW,2021-03-04,2021-10-19
LEGT,LEGT,2024-03-28,2026-06-09
LEGT-U,LEGT-U,2024-02-06,2026-06-09
LEGT-WS,LEGT-WS,2024-03-28,2026-06-09
LEVB,LEVB,2017-11-17,2019-04-30
LEVL,LEVL,2018-04-20,2022-03-31
LEVLP,LEVLP,2020-08-18,2022-03-31
LEXEA,LEXEA,2016-11-04,2019-07-26
LEXEB,LEXEB,2016-12-07,2019-07-26
LEXXW,LEXXW,2021-01-12,2026-01-13
LF,LF,2014-09-19,2016-04-13
LFAC,LFAC,2022-01-20,2023-10-02
LFACU,LFACU,2021-11-17,2023-10-02
LFACW,LFACW,2022-01-10,2023-10-02
LFC,LFC,2003-12-17,2023-03-02
LFG,LFG,2020-12-14,2022-12-28
LFG-WS,LFG-WS,2021-09-16,2021-10-15
LFGR,LFGR,2011-01-26,2018-08-10
LFL,LFL,1997-11-07,2017-05-12
LFT-R,LFT-R,2022-01-19,2022-02-14
LFTR,LFTR,2020-12-18,2022-10-24
LFTRU,LFTRU,2020-10-21,2022-10-24
LFTRW,LFTRW,2020-12-16,2022-10-24
LGAC,LGAC,2021-04-06,2023-02-21
LGACU,LGACU,2021-02-10,2023-02-21
LGACW,LGACW,2021-04-06,2023-02-21
LGC-U,LGC-U,2017-11-17,2020-11-20
LGC-WS,LGC-WS,2017-11-30,2020-11-20
LGCB,LGCB,2023-12-19,2026-05-15
LGCY,LGCY,2007-01-12,2019-06-28
LGCYO,LGCYO,2014-06-12,2018-09-20
LGCYP,LGCYP,2014-04-14,2018-09-20
LGCYQ,LGCYQ,2019-06-28,2019-12-12
LGF,LGF,2016-01-04,2016-12-16
LGF-A,LGF-A,2016-12-09,2025-05-06
LGF-B,LGF-B,2016-12-09,2025-05-06
LGFB,LGFB,2016-12-09,2018-08-09
LGHLW,LGHLW,2020-06-17,2025-06-16
LGL-WS,LGL-WS,2020-11-18,2025-12-29
LGST,LGST,2022-01-05,2024-02-14
LGSTU,LGSTU,2021-11-04,2024-02-14
LGTOU,LGTOU,2021-11-22,2023-02-15
LGTY,LGTY,1984-09-07,2025-04-04
LGV-U,LGV-U,2021-03-19,2022-12-15
LGV-WS,LGV-WS,2021-05-10,2022-12-15
LGVC,LGVC,2022-01-03,2024-05-01
LGVCU,LGVCU,2021-11-11,2024-05-01
LGVCW,LGVCW,2022-01-03,2024-05-01
LGVNR,LGVNR,2023-08-22,2023-09-21
LGVNV,LGVNV,2023-08-17,2023-08-21
LGVW-U,LGVW-U,2020-07-22,2021-02-12
LH-W,LH-W,2023-06-21,2023-06-30
LHAA,LHAA,2021-03-05,2022-12-13
LHC,LHC,2018-04-16,2023-11-17
LHC-U,LHC-U,2021-01-08,2023-11-17
LHCG,LHCG,2005-06-09,2023-02-22
LHO,LHO,1998-04-24,2018-11-30
LIBY,LIBY,2021-12-27,2024-04-03
LIBYU,LIBYU,2021-11-04,2024-03-26
LIBYW,LIBYW,2021-12-27,2024-04-03
LICY-WS,LICY-WS,2021-08-11,2022-01-25
LIDRW,LIDRW,2021-01-06,2026-08-14
LIII-U,LIII-U,2021-02-26,2021-11-19
LILAR,LILAR,2020-09-11,2020-11-16
LILRV,LILRV,2020-09-10,2020-09-10
LIME,LIME,2000-01-31,2026-07-01
LINDW,LINDW,2015-07-09,2019-08-01
LINU,LINU,2008-09-09,2018-05-11
LINX,LINX,2019-06-26,2021-06-25
LION,LION,2024-05-14,2025-05-02
LIONU,LIONU,2021-11-04,2023-03-15
LIOX,LIOX,2016-01-04,2017-03-01
LIPO,LIPO,2025-10-17,2026-05-28
LITEV,LITEV,2015-07-23,2015-08-03
LITT,LITT,2021-08-12,2023-06-15
LITTU,LITTU,2021-06-11,2023-06-15
LITTW,LITTW,2021-08-11,2023-06-15
LIVB,LIVB,2022-03-15,2023-12-07
LIVBU,LIVBU,2022-02-08,2023-12-07
LIVBW,LIVBW,2022-03-11,2023-12-07
LIVKU,LIVKU,2019-12-11,2021-08-23
LIWA,LIWA,2017-09-21,2019-02-28
LIXT,LIXT,2010-04-08,2026-07-02
LIXTW,LIXTW,2020-11-25,2025-11-28
LJAQ,LJAQ,2021-03-02,2022-12-30
LJAQU,LJAQU,2021-01-08,2022-12-30
LJAQW,LJAQW,2021-03-02,2022-12-30
LKM,LKM,2011-05-05,2019-02-06
LKSD-W,LKSD-W,2016-09-28,2016-10-07
LLAP,LLAP,2021-04-26,2024-10-30
LLEN,LLEN,2009-01-05,2019-03-01
LLEX,LLEX,2009-10-26,2020-12-04
LLEXQ,LLEXQ,2020-12-07,2020-12-17
LLTC,LLTC,2016-01-04,2017-03-20
LLY-WD,LLY-WD,2001-01-02,2019-03-13
LLYVA,LLYVA,2023-08-04,2025-12-15
LLYVK,LLYVK,2023-08-04,2025-12-15
LM,LM,1987-11-05,2020-07-31
LMACA,LMACA,2021-03-16,2022-11-30
LMACU,LMACU,2021-01-22,2022-11-30
LMACW,LMACW,2021-03-15,2022-11-30
LMAO,LMAO,2021-03-18,2022-10-28
LMAOU,LMAOU,2021-01-26,2022-10-28
LMCA,LMCA,2013-01-10,2017-01-24
LMFAU,LMFAU,2015-10-23,2015-12-07
LMFAW,LMFAW,2015-12-10,2020-10-28
LMIA,LMIA,1998-06-30,2017-06-28
LMIBL,LMIBL,2016-08-16,2020-08-21
LMICL,LMICL,2016-03-24,2020-08-21
LMLB,LMLB,2019-10-25,2020-12-09
LMMKP,LMMKP,2018-04-20,2021-12-22
LMND-WS,LMND-WS,2023-03-10,2026-02-05
LMNL,LMNL,2019-11-18,2023-09-26
LMNS,LMNS,2014-02-27,2015-10-09
LMNX,LMNX,2000-04-06,2021-07-14
LMOS,LMOS,2011-10-31,2017-11-17
LMRK,LMRK,2014-11-14,2021-12-22
LMRKO,LMRKO,2016-08-04,2021-12-22
LMRKP,LMRKP,2016-04-01,2021-12-22
LMST,LMST,2006-09-22,2023-05-01
LMT-WD,LMT-WD,2016-08-16,2016-08-19
LNBB,LNBB,1997-05-09,2015-08-24
LNC-WS,LNC-WS,1984-10-05,2019-07-05
LNCE,LNCE,1990-03-26,2018-03-27
LNFA,LNFA,2021-01-07,2022-08-03
LNFA-U,LNFA-U,2020-11-19,2022-08-03
LNKB,LNKB,2020-06-01,2026-05-01
LNKD,LNKD,2011-05-19,2016-12-16
LO,LO,2002-02-01,2015-06-22
LOAC,LOAC,2018-10-16,2021-03-19
LOACR,LOACR,2018-10-15,2021-03-19
LOACU,LOACU,2018-08-29,2021-03-19
LOACW,LOACW,2018-10-15,2021-03-19
LOAK-U,LOAK-U,2020-05-06,2020-12-29
LOCC,LOCC,2021-11-15,2023-11-29
LOCC-U,LOCC-U,2021-09-23,2023-11-29
LOCC-WS,LOCC-WS,2021-11-15,2023-11-29
LOCK,LOCK,2016-01-04,2017-02-16
LODG,LODG,1992-02-12,2017-09-18
LOGC,LOGC,2018-10-19,2022-11-16
LOGM,LOGM,2009-07-01,2020-08-31
LOGMV,LOGMV,2017-01-26,2017-02-08
LOJN,LOJN,1993-03-24,2016-03-21
LOKB-U,LOKB-U,2020-12-03,2021-10-19
LOKM,LOKM,2021-04-22,2023-03-06
LOKM-U,LOKM-U,2021-03-02,2023-03-06
LOKM-WS,LOKM-WS,2021-04-22,2023-03-06
LOKV,LOKV,2025-04-21,2026-06-22
LOKVU,LOKVU,2025-02-28,2026-06-23
LOLI,LOLI,2017-07-13,2017-08-11
LONE,LONE,2016-01-04,2020-11-05
LONG,LONG,2004-10-27,2016-06-01
LOOK,LOOK,1999-08-20,2015-10-27
LORL,LORL,2005-07-27,2022-02-28
LOTZ,LOTZ,2019-05-09,2023-01-03
LOTZW,LOTZW,2019-04-15,2022-12-09
LOXO,LOXO,2014-08-01,2019-02-15
LPDX,LPDX,2013-01-25,2014-11-20
LPHI,LPHI,2000-02-09,2015-03-26
LPHIQ,LPHIQ,2016-01-04,2016-12-19
LPNT,LPNT,1999-05-12,2018-11-16
LPRIQ,LPRIQ,2013-09-16,2014-01-31
LPRO,LPRO,2018-03-06,2026-07-31
LPSB,LPSB,2016-01-04,2016-07-25
LPT,LPT,1994-06-17,2020-02-03
LQ,LQ,2014-04-09,2018-05-31
LRE,LRE,2011-11-11,2015-10-05
LRFC,LRFC,2013-09-25,2025-07-15
LSBG,LSBG,2016-01-04,2017-01-23
LSBI,LSBI,1995-02-07,2014-10-31
LSBK,LSBK,2006-04-05,2025-07-18
LSE,LSE,2004-03-19,2013-11-06
LSEA,LSEA,2018-06-29,2025-06-25
LSG,LSG,2016-01-04,2016-04-11
LSI,LSI,1995-06-21,2023-07-19
LSPD,LSPD,2008-01-23,2020-10-06
LSPR,LSPR,2022-02-10,2022-12-12
LSPRU,LSPRU,2021-12-21,2022-12-12
LSXMR,LSXMR,2020-05-15,2020-06-05
LTCH,LTCH,2024-04-02,2026-05-28
LTEA,LTEA,2015-03-10,2018-01-04
LTHM,LTHM,2018-10-11,2019-03-01
LTMAY,LTMAY,2020-06-10,2024-07-23
LTN-R,LTN-R,2018-03-22,2019-03-14
LTN-U,LTN-U,2018-02-28,2019-03-14
LTRY,LTRY,2021-10-29,2021-11-03
LTS,LTS,1999-08-25,2020-02-14
LTXB,LTXB,2006-10-03,2019-10-31
LTXC,LTXC,1990-03-26,2014-05-21
LUB,LUB,1985-07-01,2022-06-21
LUK,LUK,1987-11-05,2018-05-23
LUMCQ,LUMCQ,2008-09-24,2009-07-22
LUMO,LUMO,2011-11-11,2024-12-12
LUX,LUX,1990-01-24,2025-08-06
LUXA,LUXA,2020-12-18,2022-11-01
LUXAU,LUXAU,2020-10-27,2022-10-28
LUXAW,LUXAW,2020-12-22,2022-10-28
LVAC,LVAC,2021-12-22,2023-05-12
LVACU,LVACU,2021-10-27,2023-05-12
LVACW,LVACW,2021-12-17,2023-05-12
LVB,LVB,2006-12-28,2013-09-18
LVGO,LVGO,2019-07-25,2020-10-30
LVLT,LVLT,1998-03-31,2017-11-01
LVNTA,LVNTA,2012-08-10,2018-03-12
LVNTB,LVNTB,2012-08-15,2018-03-12
LVOX,LVOX,2019-04-18,2023-12-22
LVOXU,LVOXU,2019-03-08,2023-12-22
LVOXW,LVOXW,2019-04-17,2023-12-22
LVRA,LVRA,2021-05-14,2023-03-23
LVRAU,LVRAU,2021-03-19,2023-03-23
LVRAW,LVRAW,2021-05-14,2023-03-23
LVTX,LVTX,2021-03-25,2025-12-05
LW-W,LW-W,2016-11-01,2016-11-16
LWACU,LWACU,2021-01-08,2021-08-25
LXFT,LXFT,2013-06-26,2019-06-28
LXK,LXK,2016-01-04,2016-11-29
LYLTV,LYLTV,2021-11-02,2021-11-05
LZ,LZ,2001-01-02,2011-11-30
MAAC,MAAC,2020-12-08,2021-09-30
MAACU,MAACU,2020-10-07,2021-09-30
MAACW,MAACW,2020-12-09,2021-09-30
MAAQR,MAAQR,2022-01-14,2022-10-25
MAAQU,MAAQU,2021-11-23,2022-10-25
MACA,MACA,2021-04-07,2024-08-15
MACAU,MACAU,2021-02-17,2024-08-15
MACAW,MACAW,2021-04-09,2024-08-15
MACC,MACC,2021-04-26,2022-12-07
MACC-U,MACC-U,2021-03-03,2022-12-07
MACC-WS,MACC-WS,2021-04-23,2021-04-30
MACK,MACK,2012-03-29,2024-05-28
MACQ,MACQ,2021-04-20,2021-12-22
MACQU,MACQU,2021-02-26,2021-12-22
MACQW,MACQW,2016-11-14,2018-07-24
MACU,MACU,2020-12-11,2022-05-24
MACUU,MACUU,2020-10-27,2022-04-29
MACUW,MACUW,2020-11-30,2022-04-29
MAG,MAG,1989-06-30,2025-09-03
MAMS,MAMS,1999-10-05,2019-10-21
MANA,MANA,2022-05-16,2022-05-16
MANT,MANT,2002-02-07,2022-09-16
MAQ,MAQ,2017-01-02,2017-03-20
MARX,MARX,2023-03-14,2025-01-02
MARXR,MARXR,2023-03-14,2025-01-02
MARXU,MARXU,2023-02-13,2025-01-02
MASI,MASI,2007-08-08,2026-06-10
MATR,MATR,2000-02-10,2018-08-20
MAXR,MAXR,2009-02-13,2023-05-08
MAXW,MAXW,2017-11-06,2018-05-30
MB,MB,2015-06-19,2019-02-15
MBAC,MBAC,2021-04-26,2023-12-08
MBAC-U,MBAC-U,2021-03-04,2023-12-08
MBAC-WS,MBAC-WS,2021-04-26,2023-12-08
MBC-W,MBC-W,2022-12-09,2022-12-14
MBCN,MBCN,2002-06-05,2026-03-03
MBFI,MBFI,1995-04-07,2019-03-21
MBFIO,MBFIO,2017-11-16,2019-03-22
MBFIP,MBFIP,2014-09-24,2018-02-14
MBII,MBII,2013-08-02,2022-09-07
MBINN,MBINN,2021-03-16,2021-03-23
MBINP,MBINP,2019-03-26,2024-04-01
MBLY,MBLY,2014-08-01,2017-09-14
MBNAA,MBNAA,2018-08-29,2018-10-23
MBNAB,MBNAB,2018-08-29,2018-10-23
MBND,MBND,2006-12-28,2013-08-30
MBRG,MBRG,2016-01-04,2017-04-10
MBSC,MBSC,2021-12-13,2023-09-20
MBSC-U,MBSC-U,2021-10-22,2023-09-20
MBSC-WS,MBSC-WS,2021-12-13,2023-09-20
MBTC,MBTC,2021-05-05,2024-04-10
MBTCR,MBTCR,2021-05-03,2024-04-03
MBTCU,MBTCU,2021-03-31,2024-04-10
MBTF,MBTF,1999-01-04,2019-09-03
MBVT,MBVT,1993-03-25,2017-05-22
MCACR,MCACR,2020-08-27,2021-02-10
MCACU,MCACU,2020-06-05,2021-02-10
MCADR,MCADR,2021-03-24,2021-10-28
MCADU,MCADU,2021-01-08,2021-10-28
MCAER,MCAER,2021-06-21,2023-02-17
MCAEU,MCAEU,2021-05-18,2023-02-17
MCAF,MCAF,2021-07-30,2024-04-01
MCAFR,MCAFR,2021-07-29,2024-04-01
MCAFU,MCAFU,2021-06-30,2024-04-01
MCBC,MCBC,1998-05-20,2024-08-01
MCEP,MCEP,2011-12-15,2021-01-21
MCF,MCF,1994-04-04,2021-12-07
MCFE,MCFE,2020-10-22,2022-09-16
MCGC,MCGC,2001-11-30,2015-08-17
MCK-WD,MCK-WD,2020-03-11,2020-03-12
MCMJU,MCMJU,2019-11-05,2019-12-11
MCOX,MCOX,2016-01-04,2016-04-15
MCP,MCP,2010-07-29,2015-06-24
MCQ,MCQ,2016-01-04,2017-02-15
MCQ-CL,MCQ-CL,2017-02-08,2017-02-21
MCRL,MCRL,1994-12-09,2015-08-03
MCRN,MCRN,2015-06-25,2019-11-22
MCRS,MCRS,1990-03-26,2014-09-08
MCUR,MCUR,2016-01-04,2017-01-31
MCW,MCW,2021-06-25,2026-05-19
MCX,MCX,2015-12-23,2020-11-19
MDAS,MDAS,2007-12-12,2016-01-28
MDC,MDC,1980-03-11,2024-04-19
MDCA,MDCA,1995-04-17,2021-08-02
MDCI,MDCI,1986-07-22,2014-09-30
MDCO,MDCO,2000-08-08,2020-01-06
MDGN-WS,MDGN-WS,2016-01-04,2016-04-07
MDGSW,MDGSW,2018-07-23,2023-07-19
MDH,MDH,2021-03-26,2022-12-29
MDH-U,MDH-U,2021-02-02,2022-12-29
MDHWS,MDHWS,2021-03-26,2022-12-29
MDLA,MDLA,2019-07-19,2021-10-29
MDLG,MDLG,2001-01-02,2016-04-15
MDR,MDR,1982-12-31,2020-01-22
MDSO,MDSO,2009-06-25,2019-10-28
MDSY,MDSY,1997-01-31,2017-05-02
MDTL,MDTL,2010-01-04,2013-02-25
MDU-W,MDU-W,2023-05-25,2024-10-31
MDV,MDV,2022-02-11,2026-08-19
MDVL,MDVL,2020-11-23,2022-12-30
MDVN,MDVN,2016-01-04,2016-09-29
MDWT,MDWT,2017-09-29,2023-12-21
MDXH,MDXH,2009-04-16,2023-11-24
MEA,MEA,2005-08-17,2015-09-11
MEAS,MEAS,1993-04-26,2014-10-09
MECK,MECK,1996-02-02,2018-04-10
MEET,MEET,2003-09-04,2020-09-04
MEG,MEG,2016-01-04,2017-01-25
MEKA,MEKA,2021-09-29,2023-06-15
MELA,MELA,2005-11-03,2016-01-04
MEME,MEME,2008-10-06,2021-12-14
MEMP,MEMP,2011-12-09,2017-08-28
MEMS,MEMS,2007-12-14,2013-09-17
MENT,MENT,2016-01-04,2017-03-31
MENU,MENU,2016-11-08,2017-10-12
MEOA,MEOA,2021-10-18,2023-07-12
MEOAU,MEOAU,2021-08-26,2023-07-12
MEOAW,MEOAW,2021-10-18,2023-07-12
MEP,MEP,2013-11-07,2017-08-28
MER,MER,2006-12-28,2008-12-31
MERU,MERU,2010-03-31,2015-07-07
MESG,MESG,2015-09-08,2018-05-25
METBV,METBV,2023-06-16,2023-06-21
METCI,METCI,2025-08-01,2025-08-05
METCV,METCV,2023-06-16,2023-06-21
METR,METR,2016-01-04,2016-02-22
MEUSW,MEUSW,2020-11-23,2021-12-22
MFAC-U,MFAC-U,2018-08-24,2021-01-05
MFB,MFB,2006-12-28,2013-10-04
MFE,MFE,2006-12-28,2011-03-01
MFGP,MFGP,2017-08-17,2023-02-21
MFI,MFI,2024-04-22,2024-10-02
MFINL,MFINL,2016-05-02,2021-04-14
MFLR,MFLR,2006-12-28,2013-11-15
MFNC,MFNC,2000-03-17,2021-09-03
MFO,MFO,2012-04-17,2021-01-05
MFRM,MFRM,2011-11-17,2016-09-19
MFSF,MFSF,1999-12-30,2020-04-24
MGAM,MGAM,1995-02-01,2026-05-28
MGCD,MGCD,2003-07-15,2018-01-08
MGH,MGH,2017-01-03,2017-01-27
MGI,MGI,2004-07-01,2023-06-01
MGLN,MGLN,2004-02-25,2022-01-04
MGN,MGN,2004-03-23,2016-09-21
MGOL,MGOL,2023-01-13,2025-02-19
MGP,MGP,2016-04-20,2022-05-19
MGRM,MGRM,2023-05-18,2025-10-07
MGRP,MGRP,2010-06-08,2012-06-26
MGTA,MGTA,2018-06-21,2023-09-11
MGY-WS,MGY-WS,2017-06-26,2019-07-24
MHGC,MHGC,2006-02-13,2016-12-02
MHLD,MHLD,2008-05-06,2025-05-27
MHLDO,MHLDO,2016-01-04,2016-09-22
MHM,MHM,2011-03-29,2015-07-30
MHNA,MHNA,2016-01-04,2016-05-23
MHNA-CL,MHNA-CL,2016-05-13,2016-06-14
MHNB,MHNB,2012-03-29,2017-09-28
MHNB-CL,MHNB-CL,2017-05-24,2017-06-26
MHR,MHR,2003-10-07,2015-11-10
MHS,MHS,2006-12-28,2013-04-10
MIC,MIC,2004-12-16,2026-06-30
MICTW,MICTW,2014-10-08,2018-07-09
MIFI,MIFI,2001-01-02,2016-11-16
MIII,MIII,2016-10-06,2018-03-27
MIIIU,MIIIU,2016-07-07,2018-03-27
MIIIW,MIIIW,2016-08-30,2018-03-27
MIK,MIK,2014-06-27,2021-04-15
MIL,MIL,1996-05-08,2016-02-12
MILE,MILE,2020-11-09,2022-09-07
MILEW,MILEW,2020-11-20,2022-07-28
MILL,MILL,1998-12-30,2015-07-30
MIME,MIME,2015-11-19,2022-09-16
MIMO-WS,MIMO-WS,2021-08-16,2023-05-11
MINI,MINI,1994-02-17,2020-07-01
MINM,MINM,2012-07-23,2025-07-09
MIO,MIO,2021-08-06,2025-08-22
MIR,MIR,2006-12-28,2010-12-03
MIR-WS,MIR-WS,2018-07-30,2024-05-17
MIRO,MIRO,2021-06-24,2023-12-13
MIT,MIT,2021-03-22,2023-02-02
MIT-U,MIT-U,2021-01-29,2023-02-02
MITA,MITA,2021-08-17,2025-06-26
MITAW,MITAW,2021-08-17,2025-06-26
MITL,MITL,2010-04-22,2018-11-30
MITO,MITO,2019-02-15,2022-11-16
MITWS,MITWS,2021-03-22,2023-02-14
MJCO,MJCO,2015-06-29,2020-09-21
MJN,MJN,2009-02-11,2017-07-14
MJRC,MJRC,2006-03-24,2012-02-27
MKFG,MKFG,2020-10-08,2025-04-25
MKFG-WS,MKFG-WS,2021-07-15,2024-09-26
MKTO,MKTO,2013-05-16,2016-08-17
ML,ML,2020-08-14,2025-04-17
ML-WS,ML-WS,2021-09-23,2025-04-25
MLAC,MLAC,2025-02-03,2026-06-11
MLACR,MLACR,2025-02-03,2026-06-11
MLACU,MLACU,2024-12-13,2026-06-11
MLACW,MLACW,2020-08-06,2023-06-16
MLAI,MLAI,2021-12-23,2023-03-03
MLAIU,MLAIU,2021-11-03,2023-03-03
MLAIW,MLAIW,2021-12-23,2023-03-03
MLNK,MLNK,1994-01-31,2018-02-26
MLNX,MLNX,2007-02-08,2020-04-27
MLTX,MLTX,2022-04-05,2022-04-08
MLVF,MLVF,2008-05-21,2023-07-17
MM,MM,2012-03-29,2015-10-22
MMAC,MMAC,1996-08-30,2021-09-15
MMDM,MMDM,2017-06-07,2019-09-11
MMDMR,MMDMR,2017-06-07,2019-09-10
MMDMU,MMDMU,2017-05-12,2019-09-10
MMDMW,MMDMW,2017-06-07,2019-09-09
MMM-W,MMM-W,2024-03-26,2024-03-28
MMM-WD,MMM-WD,2022-09-07,2022-09-08
MMP,MMP,2001-03-19,2023-09-25
MMSY,MMSY,2001-01-02,2014-03-25
MMX,MMX,2016-07-12,2023-01-18
MN,MN,2011-11-18,2022-10-28
MNC,MNC,2006-12-28,2009-02-27
MNCLU,MNCLU,2019-02-07,2020-12-22
MNDT,MNDT,2013-09-20,2022-09-16
MNEL,MNEL,2007-07-24,2021-05-17
MNI,MNI,1989-06-30,2020-02-13
MNMD,MNMD,2020-03-03,2022-07-05
MNR,MNR,1990-03-26,2022-02-25
MNRK,MNRK,2016-01-04,2016-07-05
MNRL,MNRL,2019-04-18,2022-12-28
MNTA,MNTA,2004-06-22,2020-10-02
MNTSW,MNTSW,2019-12-30,2026-08-11
MNTV,MNTV,2018-09-26,2023-05-31
MNTX,MNTX,2005-02-15,2025-01-02
MOB,MOB,2022-08-25,2025-12-05
MOBI,MOBI,2010-12-09,2016-11-17
MOBL,MOBL,2014-06-12,2020-12-01
MOBV,MOBV,2022-09-26,2023-12-08
MOBVU,MOBVU,2022-08-04,2023-12-08
MOBVW,MOBVW,2022-09-26,2023-12-08
MOC,MOC,1992-10-26,2019-02-21
MOCO,MOCO,1989-04-05,2017-07-03
MODN,MODN,2013-03-20,2024-06-27
MOGA,MOGA,2009-11-24,2018-07-27
MOKO,MOKO,2010-08-11,2017-08-28
MON,MON,2000-10-18,2018-06-08
MONCU,MONCU,2021-01-14,2022-12-23
MONCW,MONCW,2021-03-16,2022-12-23
MONDW,MONDW,2022-07-19,2022-11-03
MORF,MORF,2019-06-27,2024-08-16
MOSC,MOSC,2017-12-11,2020-01-17
MOSC-U,MOSC-U,2017-10-19,2020-01-17
MOSC-WS,MOSC-WS,2017-12-08,2020-01-17
MOTN,MOTN,2020-12-17,2021-11-05
MOTNU,MOTNU,2020-10-15,2021-11-17
MOTV-U,MOTV-U,2020-12-14,2022-03-21
MOVE,MOVE,1999-08-05,2014-11-13
MP-WS,MP-WS,2020-06-22,2021-06-04
MPACR,MPACR,2021-06-11,2023-01-04
MPACU,MPACU,2021-04-08,2023-01-04
MPACW,MPACW,2022-11-14,2023-01-04
MPG,MPG,2014-12-12,2017-08-17
MPLN-WS,MPLN-WS,2020-10-09,2024-01-03
MPR,MPR,2006-12-28,2013-08-27
MPRA,MPRA,2021-12-29,2023-09-29
MPRAU,MPRAU,2021-11-04,2023-10-10
MPRAW,MPRAW,2021-12-29,2023-09-29
MPSX,MPSX,2015-10-22,2017-06-07
MPTI-W,MPTI-W,2022-10-03,2022-10-06
MPU,MPU,1998-01-20,2024-10-08
MPVD,MPVD,1996-05-01,2020-02-10
MPX,MPX,2001-02-28,2026-05-14
MR,MR,2014-06-20,2020-11-12
MRAC,MRAC,2021-02-04,2021-10-15
MRACU,MRACU,2020-12-15,2021-10-15
MRC,MRC,2012-04-12,2025-11-05
MRCC,MRCC,2012-10-25,2026-04-21
MRCCL,MRCCL,2018-09-18,2021-02-17
MRD,MRD,2014-06-12,2016-09-26
MRDB,MRDB,2021-07-09,2024-09-04
MRDB-WS,MRDB-WS,2022-12-19,2024-08-27
MRDG,MRDG,2001-01-02,2010-07-15
MRDN,MRDN,2011-03-01,2018-04-30
MRDNW,MRDNW,2017-01-25,2018-04-25
MRH,MRH,2002-10-10,2015-07-31
MRK-W,MRK-W,2021-05-27,2021-06-02
MRLN,MRLN,2003-11-12,2022-01-20
MRNA,MRNA,1993-12-07,2018-10-08
MRNS,MRNS,2014-07-31,2025-02-11
MRO,MRO,1970-01-02,2024-11-22
MRSN,MRSN,2017-06-28,2026-01-06
MRT,MRT,2016-09-29,2019-06-21
MRT-WS,MRT-WS,2023-07-11,2024-01-03
MRUS,MRUS,2016-05-19,2025-12-30
MRX,MRX,2001-01-02,2013-10-17
MSAC,MSAC,2021-04-07,2023-02-17
MSACU,MSACU,2021-02-16,2021-04-06
MSACW,MSACW,2021-04-08,2023-02-17
MSBF,MSBF,2007-06-20,2020-07-10
MSCA,MSCA,2013-04-08,2018-03-29
MSCC,MSCC,1990-03-26,2018-05-29
MSDA,MSDA,2021-05-25,2023-03-29
MSDAU,MSDAU,2021-03-24,2023-03-29
MSDAW,MSDAW,2021-05-27,2023-03-29
MSDI,MSDI,2016-07-08,2018-01-31
MSDIW,MSDIW,2016-07-08,2018-01-31
MSFG,MSFG,1992-01-03,2018-04-02
MSGI,MSGI,2010-11-16,2016-03-03
MSGN,MSGN,2010-01-25,2021-07-09
MSGS-W,MSGS-W,2020-04-09,2020-04-17
MSK,MSK,2007-05-15,2016-07-27
MSK-CL,MSK-CL,2016-07-19,2016-08-02
MSL,MSL,1993-04-26,2019-09-20
MSLI,MSLI,2000-06-06,2017-07-20
MSO,MSO,1999-10-19,2015-12-04
MSON,MSON,1993-03-25,2021-11-22
MSP,MSP,2020-10-21,2022-06-23
MSPD,MSPD,2006-12-28,2013-12-17
MSPRV,MSPRV,2022-05-24,2022-05-31
MSW,MSW,2024-11-22,2026-07-08
MSZ,MSZ,2006-11-09,2015-04-27
MT-WS,MT-WS,2016-03-16,2016-03-23
MTAC,MTAC,2021-02-08,2023-08-10
MTACU,MTACU,2020-12-18,2023-08-10
MTB-P,MTB-P,2014-09-24,2019-07-31
MTB-WS,MTB-WS,1991-10-04,2018-12-19
MTCN,MTCN,2020-05-28,2023-05-17
MTCR,MTCR,2020-09-16,2023-06-20
MTE,MTE,2016-01-04,2022-09-29
MTECU,MTECU,2018-01-30,2019-06-17
MTFB,MTFB,2016-11-18,2019-12-16
MTFBW,MTFBW,2016-11-18,2019-12-16
MTGE,MTGE,2011-08-04,2018-09-07
MTGEP,MTGEP,2014-05-19,2018-09-07
MTL,MTL,2004-10-29,2022-12-15
MTL-P,MTL-P,2014-09-22,2022-12-06
MTOR,MTOR,2000-07-10,2022-08-03
MTRY,MTRY,2021-11-22,2023-11-20
MTRYU,MTRYU,2021-10-01,2023-11-20
MTRYW,MTRYW,2021-11-22,2023-11-20
MTSC,MTSC,1990-03-26,2021-04-07
MTSN,MTSN,1994-09-28,2016-05-12
MTSR,MTSR,2025-01-31,2025-11-13
MTTR,MTTR,2021-02-02,2025-02-28
MTTRW,MTTRW,2021-02-02,2022-01-14
MTU,MTU,2001-04-02,2018-03-29
MTUL,MTUL,2021-02-05,2026-08-18
MTVC,MTVC,2022-01-27,2023-06-08
MTVC-U,MTVC-U,2021-12-07,2023-06-08
MTVC-WS,MTVC-WS,2022-01-27,2023-06-08
MTW-W,MTW-W,2016-02-18,2016-03-03
MUDS,MUDS,2021-01-29,2022-09-15
MUDSU,MUDSU,2018-02-08,2022-09-12
MUDSW,MUDSW,2018-03-12,2022-09-21
MULE,MULE,2017-03-17,2018-05-03
MURF,MURF,2022-03-28,2023-09-22
MURFU,MURFU,2022-02-03,2023-09-22
MURFW,MURFW,2022-03-31,2023-09-22
MVC,MVC,2000-06-26,2020-12-24
MVCB,MVCB,2013-03-01,2017-12-20
MVCD,MVCD,2017-11-20,2020-12-24
MVL,MVL,2006-12-28,2009-12-31
MVNR,MVNR,2013-11-07,2015-04-28
MVO,MVO,2007-01-19,2026-08-07
MVRK,MVRK,2012-09-05,2026-05-28
MVSTW,MVSTW,2019-03-27,2026-07-23
MWE,MWE,2002-05-21,2015-12-03
MWG,MWG,2003-05-06,2016-07-27
MWG-CL,MWG-CL,2016-07-19,2016-08-17
MWIV,MWIV,2005-08-03,2015-02-24
MWO,MWO,2003-07-14,2016-07-27
MWO-CL,MWO-CL,2016-07-19,2016-08-17
MWR,MWR,2003-03-25,2016-07-27
MWR-CL,MWR-CL,2016-07-19,2016-08-17
MWRX,MWRX,2013-06-27,2014-12-30
MWV,MWV,1985-07-01,2015-07-01
MWW,MWW,2008-11-11,2016-11-09
MXCT,MXCT,2021-07-30,2022-12-30
MXIM,MXIM,1990-03-26,2021-09-01
MXPT,MXPT,2015-03-06,2017-10-19
MXWL,MXWL,1990-03-26,2019-05-16
MY,MY,2010-10-01,2016-06-22
MYCC,MYCC,2013-09-20,2017-09-25
MYL,MYL,1987-12-18,2020-11-19
MYOK,MYOK,2015-10-29,2020-11-17
MYOV,MYOV,2016-10-27,2023-03-09
MYPSW,MYPSW,2024-10-07,2026-06-18
MZOR,MZOR,2013-05-28,2018-12-19
MZTH,MZTH,2010-01-04,2012-05-10
NAAC,NAAC,2021-03-18,2023-01-26
NAACU,NAACU,2021-01-22,2023-01-26
NAACW,NAACW,2021-03-16,2023-02-14
NABL-W,NABL-W,2021-07-19,2021-07-19
NADL,NADL,2014-01-29,2017-09-18
NAME,NAME,2014-07-23,2017-08-24
NAP,NAP,2014-11-13,2018-12-13
NAPA,NAPA,2021-03-18,2024-12-24
NARI,NARI,2020-05-22,2025-02-19
NATI,NATI,1995-03-14,2023-10-11
NATL,NATL,2005-01-27,2016-11-11
NATL-W,NATL-W,2023-10-11,2023-10-16
NAV,NAV,1970-01-02,2021-06-30
NAVG,NAVG,1990-03-26,2019-05-23
NBA-U,NBA-U,2020-10-30,2021-08-13
NBAC,NBAC,2020-05-01,2021-03-22
NBACR,NBACR,2020-04-30,2021-03-22
NBACU,NBACU,2020-02-14,2021-03-22
NBACW,NBACW,2020-04-30,2021-03-22
NBBC,NBBC,2016-01-04,2016-03-09
NBCB,NBCB,2013-05-10,2014-12-31
NBG,NBG,1999-10-18,2015-12-02
NBL,NBL,1982-01-04,2020-10-06
NBLX,NBLX,2016-09-15,2021-05-11
NBSE,NBSE,2007-05-01,2024-09-20
NBTF,NBTF,1999-01-25,2015-03-06
NCAC,NCAC,2021-12-10,2024-01-25
NCACU,NCACU,2021-10-20,2024-01-25
NCACW,NCACW,2021-12-10,2024-01-25
NCBS,NCBS,2022-05-10,2022-05-23
NCFT,NCFT,2013-11-07,2015-05-20
NCI,NCI,1996-10-04,2019-10-14
NCIT,NCIT,2005-10-24,2017-08-16
NCNC,NCNC,2023-08-25,2026-08-31
NCOM,NCOM,2015-03-19,2019-03-29
NCRA,NCRA,2016-02-02,2022-08-10
NCSM,NCSM,2017-04-28,2026-09-01
NCT,NCT,2016-01-04,2017-01-05
NDAC,NDAC,2021-04-23,2022-12-02
NDACU,NDACU,2021-03-02,2022-12-02
NDACW,NDACW,2021-04-22,2022-12-02
NDN,NDN,2006-12-28,2013-01-22
NDRAU,NDRAU,2017-05-09,2017-08-28
NDRAW,NDRAW,2017-06-28,2022-05-12
NDRE,NDRE,2001-01-02,2014-03-25
NDRM,NDRM,2014-11-14,2017-10-18
NDRO,NDRO,2011-11-03,2018-09-13
NEBCU,NEBCU,2020-12-09,2021-07-30
NEBUU,NEBUU,2018-01-09,2020-06-10
NEBUW,NEBUW,2018-03-22,2020-06-10
NEEPK,NEEPK,2016-06-09,2021-12-21
NEEPR,NEEPR,2009-10-22,2024-11-01
NEFF,NEFF,2014-11-21,2017-11-03
NEOGV,NEOGV,2022-09-01,2022-09-08
NEOS,NEOS,2015-07-23,2021-03-19
NEOT,NEOT,2014-11-20,2018-01-17
NES,NES,2007-11-20,2022-02-23
NESRU,NESRU,2017-05-12,2017-06-05
NETC,NETC,2022-01-10,2023-12-18
NETC-U,NETC-U,2021-11-17,2023-12-18
NETC-WS,NETC-WS,2022-01-07,2023-12-18
NETD,NETD,2023-09-05,2025-12-09
NETI,NETI,2013-12-12,2023-12-29
NETS,NETS,2017-04-12,2019-06-14
NETX,NETX,2025-10-08,2026-03-02
NEUE,NEUE,2021-06-24,2025-10-14
NEWA,NEWA,2017-07-28,2021-07-13
NEWP,NEWP,2016-01-04,2021-05-21
NEWR,NEWR,2014-12-12,2023-11-07
NEWS,NEWS,2006-12-14,2017-12-26
NEWTI,NEWTI,2018-02-22,2021-02-19
NEWTL,NEWTL,2016-04-25,2019-10-25
NEWTZ,NEWTZ,2015-09-28,2019-08-28
NEX,NEX,2017-01-20,2023-08-31
NEXTW,NEXTW,2015-04-16,2022-07-22
NFBK,NFBK,2007-11-08,2026-07-21
NFC,NFC,2018-07-27,2019-12-18
NFC-U,NFC-U,2018-06-28,2019-12-18
NFC-WS,NFC-WS,2018-07-27,2019-12-18
NFH,NFH,2018-07-27,2022-01-26
NFH-WS,NFH-WS,2019-12-20,2022-01-26
NFNT,NFNT,2022-01-10,2023-10-24
NFNT-U,NFNT-U,2021-11-22,2022-12-23
NFNT-WS,NFNT-WS,2022-01-10,2023-10-24
NFP,NFP,2003-09-18,2013-10-17
NFSB,NFSB,2006-07-07,2013-10-17
NFX,NFX,1993-11-12,2019-02-14
NFYS-U,NFYS-U,2021-10-06,2024-07-24
NGA,NGA,2020-10-08,2021-05-06
NGA-U,NGA-U,2020-08-18,2021-05-06
NGA-WS,NGA-WS,2020-10-08,2021-05-06
NGAB-U,NGAB-U,2021-01-13,2021-11-10
NGAC,NGAC,2020-12-08,2021-08-20
NGACU,NGACU,2020-10-07,2021-08-19
NGAS,NGAS,1990-01-02,2011-05-02
NGC,NGC,2021-05-18,2023-03-24
NGC-U,NGC-U,2021-03-24,2023-03-24
NGC-WS,NGC-WS,2021-05-17,2023-03-24
NGCA,NGCA,2021-05-19,2021-12-29
NGCAU,NGCAU,2021-03-23,2021-12-29
NGD,NGD,2004-11-18,2026-03-20
NGHC,NGHC,2014-02-20,2021-01-04
NGHCP,NGHCP,2014-06-20,2021-02-02
NGHCZ,NGHCZ,2015-08-19,2021-02-02
NGIO,NGIO,2021-03-15,2023-05-23
NGLS,NGLS,2007-02-08,2016-02-25
NGM,NGM,2019-04-04,2024-04-05
NGMS,NGMS,2020-11-19,2024-04-25
NHIC,NHIC,2021-01-06,2023-04-25
NHICU,NHICU,2021-10-21,2023-04-25
NHICW,NHICW,2020-09-22,2023-05-04
NHLDW,NHLDW,2017-01-23,2021-02-25
NHS-R,NHS-R,2022-04-21,2026-04-14
NHWK,NHWK,2010-12-22,2011-01-03
NIHD,NIHD,2015-07-06,2020-08-03
NILE,NILE,2016-01-04,2017-02-21
NIMC,NIMC,2021-04-14,2023-11-30
NITE,NITE,2017-09-28,2019-06-07
NIVS,NIVS,2011-06-23,2013-09-12
NIXXW,NIXXW,2021-06-30,2026-07-02
NKA,NKA,2010-05-11,2016-07-27
NKLAW,NKLAW,2018-06-11,2020-08-21
NLC,NLC,2011-09-13,2012-12-10
NLCI,NLCI,2011-08-09,2011-08-29
NLITU,NLITU,2021-06-24,2022-09-28
NLOP-W,NLOP-W,2023-10-27,2023-11-01
NLP,NLP,2005-02-03,2014-06-23
NLSN,NLSN,2011-01-27,2022-10-11
NLSPW,NLSPW,2021-01-29,2025-10-30
NLX,NLX,1997-01-02,2010-02-19
NM,NM,2005-01-06,2023-12-14
NMBL,NMBL,2013-12-13,2017-08-17
NMCI,NMCI,2018-12-10,2021-03-31
NMFCL,NMFCL,2018-09-28,2021-03-08
NMFS,NMFS,2001-01-02,2016-04-11
NMG,NMG,2021-05-24,2022-12-21
NMIH,NMIH,2024-05-13,2024-05-20
NMMC,NMMC,2020-11-18,2022-09-30
NMMCU,NMMCU,2020-09-18,2022-09-30
NMMCW,NMMCW,2020-11-13,2022-09-30
NMRX,NMRX,1994-03-04,2017-12-07
NMX,NMX,2006-11-17,2009-08-28
NNA,NNA,2008-07-07,2021-10-18
NNAGR,NNAGR,2023-10-09,2024-09-12
NNAGW,NNAGW,2023-10-09,2024-09-12
NNP,NNP,1990-01-11,2015-06-05
NOAC,NOAC,2021-01-29,2022-11-10
NOACU,NOACU,2020-11-11,2022-11-10
NOACW,NOACW,2021-01-29,2022-11-10
NOR,NOR,2010-05-14,2015-11-25
NORD,NORD,2014-03-26,2023-05-19
NOTE-WS,NOTE-WS,2022-08-01,2026-03-26
NOVA,NOVA,2019-07-25,2025-06-09
NOVSU,NOVSU,2020-05-15,2021-01-29
NOVVR,NOVVR,2021-09-30,2024-11-19
NOVVU,NOVVU,2021-08-06,2024-11-19
NOVVW,NOVVW,2021-10-01,2024-11-19
NP,NP,2004-11-17,2022-07-05
NPAUU,NPAUU,2019-09-11,2021-04-06
NPBC,NPBC,2016-01-04,2016-04-12
NPD,NPD,2007-11-08,2016-08-11
NPSP,NPSP,1994-05-26,2015-02-20
NPTN,NPTN,2011-02-02,2022-08-03
NPWR-WS,NPWR-WS,2021-08-06,2026-05-28
NQ,NQ,2011-05-05,2018-03-13
NRAC,NRAC,2021-04-01,2024-02-21
NRACU,NRACU,2021-02-02,2024-02-21
NRACW,NRACW,2021-03-26,2024-02-14
NRCG,NRCG,2017-08-01,2019-10-31
NRCG-WS,NRCG-WS,2017-08-01,2019-10-31
NRCI,NRCI,2013-05-21,2013-05-30
NRCIA,NRCIA,2013-05-23,2018-04-17
NRCIB,NRCIB,1997-10-13,2018-04-17
NRDY-WS,NRDY-WS,2020-11-27,2022-12-23
NRE,NRE,2015-11-02,2019-10-07
NRF,NRF,2016-01-04,2017-01-18
NRGO,NRGO,2019-04-10,2020-12-17
NRGV-WS,NRGV-WS,2021-03-30,2022-08-02
NRGZ,NRGZ,2019-04-10,2020-12-17
NRO-R,NRO-R,2025-01-24,2025-02-18
NRTLQ,NRTLQ,2010-01-04,2015-10-13
NRXPW,NRXPW,2017-12-01,2026-05-22
NS,NS,2001-04-10,2024-05-03
NSA,NSA,2015-04-23,2026-07-22
NSAT,NSAT,1995-08-18,2017-07-20
NSEC,NSEC,1990-03-30,2022-06-30
NSH,NSH,2006-07-14,2018-07-23
NSH-U,NSH-U,2020-09-10,2021-08-16
NSLR,NSLR,2011-04-28,2026-06-30
NSLRL,NSLRL,2021-12-17,2026-07-01
NSM,NSM,2012-03-08,2018-07-31
NSPH,NSPH,2007-11-01,2016-07-01
NSPR-WS,NSPR-WS,2016-08-01,2021-07-07
NSR,NSR,2005-06-29,2017-08-17
NSS,NSS,2013-01-29,2024-05-31
NSTB-U,NSTB-U,2021-01-26,2024-01-31
NSTBW,NSTBW,2021-02-11,2023-12-21
NSU,NSU,2002-12-19,2019-03-07
NTEST-A,NTEST-A,2016-09-19,2019-08-07
NTEST-B,NTEST-B,2016-09-21,2019-08-07
NTEST-C,NTEST-C,2016-09-27,2019-08-07
NTEST-D,NTEST-D,2019-02-11,2019-08-07
NTEST-E,NTEST-E,2019-07-25,2019-08-07
NTEST-F,NTEST-F,2019-07-25,2019-08-07
NTEST-R,NTEST-R,2019-07-03,2019-08-30
NTEST-S,NTEST-S,2019-07-03,2019-08-07
NTEST-T,NTEST-T,2019-07-03,2019-08-07
NTEST-U,NTEST-U,2019-07-05,2019-08-07
NTEST-V,NTEST-V,2019-07-08,2019-07-23
NTEST-W,NTEST-W,2019-07-03,2019-08-07
NTEST-WD,NTEST-WD,2019-06-24,2019-08-07
NTEST-WS,NTEST-WS,2019-07-05,2019-08-07
NTEST-X,NTEST-X,2019-06-28,2019-08-01
NTGN,NTGN,2018-06-27,2020-05-06
NTI,NTI,2012-07-25,2016-07-01
NTK,NTK,2016-01-04,2016-09-01
NTL,NTL,1997-06-17,2017-12-15
NTLS,NTLS,2006-02-09,2016-05-09
NTRI,NTRI,2000-03-30,2019-03-08
NTRSP,NTRSP,2014-07-31,2019-12-31
NTTNP,NTTNP,2016-06-30,2021-03-04
NTUS,NTUS,2001-07-31,2022-09-08
NTY,NTY,2006-12-28,2010-09-30
NTZ,NTZ,1993-05-13,2026-09-09
NU,NU,1984-08-29,2015-02-18
NUAN,NUAN,1995-12-11,2022-03-04
NUANV,NUANV,2019-09-24,2019-10-01
NUBI,NUBI,2022-05-02,2024-02-02
NUBIU,NUBIU,2022-03-11,2024-02-02
NUBIW,NUBIW,2022-05-02,2024-02-02
NUOTQ,NUOTQ,2016-01-04,2016-05-11
NUROW,NUROW,2015-05-27,2020-05-27
NUTR,NUTR,1998-02-20,2017-08-24
NUVA,NUVA,2004-05-13,2023-09-11
NUVB-WS,NUVB-WS,2021-02-11,2026-02-12
NUVL,NUVL,2021-07-29,2026-07-16
NUVO,NUVO,2024-08-30,2024-08-30
NVA,NVA,2024-07-24,2026-06-16
NVACU,NVACU,2021-12-20,2022-01-21
NVCN,NVCN,2007-02-05,2023-04-11
NVDQ,NVDQ,2008-06-25,2017-09-11
NVEE,NVEE,2013-09-30,2025-08-04
NVEI,NVEI,2020-10-28,2024-11-15
NVET,NVET,2015-02-05,2017-08-10
NVGN,NVGN,1999-01-06,2017-11-22
NVLNF,NVLNF,1990-03-26,2020-01-16
NVNOW,NVNOW,2018-05-31,2023-05-26
NVRI,NVRI,1987-11-05,2026-05-29
NVRO,NVRO,2014-11-06,2025-04-02
NVSA,NVSA,2021-04-12,2023-02-21
NVSAU,NVSAU,2021-02-17,2023-02-21
NVSAW,NVSAW,2021-04-12,2023-02-21
NVSL,NVSL,2016-01-04,2016-01-19
NVTSW,NVTSW,2021-01-25,2022-03-07
NVVEW,NVVEW,2021-03-23,2026-03-19
NWG-W,NWG-W,2022-08-30,2022-08-31
NWHM,NWHM,2014-01-31,2021-09-09
NWK,NWK,1990-01-02,2012-09-11
NXEO,NXEO,2014-09-24,2019-02-28
NXEOU,NXEOU,2014-06-06,2019-02-28
NXG-R,NXG-R,2024-06-24,2026-04-30
NXGN,NXGN,2001-01-02,2023-11-09
NXH,NXH,2002-05-30,2026-08-17
NXLIW,NXLIW,2022-09-16,2025-09-19
NXPLW,NXPLW,2021-05-28,2026-06-03
NXTDW,NXTDW,2014-09-24,2019-09-11
NXTM,NXTM,2005-10-27,2019-02-21
NXU-U,NXU-U,2021-02-04,2022-02-11
NYAX,NYAX,2022-09-21,2022-12-30
NYLD,NYLD,2015-05-15,2018-09-14
NYLD-A,NYLD-A,2015-05-14,2018-09-14
NYMTH,NYMTH,2025-07-09,2025-09-02
NYMTO,NYMTO,2015-05-04,2021-07-29
NYMTP,NYMTP,2013-06-04,2021-12-17
NYMTZ,NYMTZ,2021-11-18,2022-12-30
NYNY,NYNY,1993-11-05,2019-11-22
NYNYR,NYNYR,2016-01-11,2016-02-08
NYRT,NYRT,2014-04-15,2018-11-06
NYX,NYX,2007-06-04,2013-11-12
NYXH,NYXH,2021-04-28,2022-12-30
NZ,NZ,2009-04-09,2010-11-10
O-P,O-P,2024-01-23,2024-09-27
OA,OA,1990-10-03,2018-06-06
OABC,OABC,2010-01-21,2014-12-17
OAC-U,OAC-U,2019-07-18,2021-01-20
OACB,OACB,2020-11-09,2022-06-15
OACB-U,OACB-U,2020-09-17,2022-06-15
OACB-WS,OACB-WS,2020-11-09,2022-06-15
OACQ,OACQ,2015-01-08,2018-02-21
OACQR,OACQR,2015-01-07,2018-02-21
OACQU,OACQU,2014-12-12,2018-02-21
OACQW,OACQW,2015-01-07,2018-02-21
OAK,OAK,2012-04-12,2019-10-08
OAKS,OAKS,2013-03-22,2018-05-25
OAS,OAS,2010-06-17,2020-11-20
OB,OB,2006-11-09,2017-10-19
OBAS,OBAS,1999-04-07,2022-03-23
OBCI,OBCI,1995-07-13,2022-08-09
OBDE,OBDE,2024-01-25,2025-01-24
OBE,OBE,2005-11-15,2020-04-01
OCA,OCA,2021-01-12,2022-05-31
OCA-U,OCA-U,2020-11-20,2022-05-31
OCA-WS,OCA-WS,2021-01-12,2022-05-31
OCAT,OCAT,2014-08-27,2016-02-11
OCCIO,OCCIO,2021-04-23,2026-04-29
OCDX,OCDX,2021-01-28,2022-09-08
OCFT,OCFT,2019-12-13,2025-12-10
OCIP,OCIP,2013-10-04,2018-07-16
OCIR,OCIR,2013-09-13,2015-11-05
OCLR,OCLR,2000-04-11,2018-12-10
OCR,OCR,1987-12-30,2015-08-17
OCRX,OCRX,2011-04-04,2017-12-11
OCSI,OCSI,2013-07-12,2021-03-19
OCSLL,OCSLL,2013-04-05,2020-03-13
ODSY,ODSY,2001-10-31,2010-09-03
ODV,ODV,2017-10-17,2026-07-17
ODVWW,ODVWW,2023-07-06,2023-11-28
OEPW,OEPW,2021-03-18,2022-12-08
OEPWU,OEPWU,2021-01-22,2022-12-08
OEPWW,OEPWW,2021-03-15,2022-12-08
OFSSG,OFSSG,2020-09-21,2021-10-29
OFSSI,OFSSI,2019-10-16,2021-11-22
OFSSL,OFSSL,2018-04-20,2021-03-11
OFSSZ,OFSSZ,2018-10-25,2021-03-11
OGN-W,OGN-W,2021-05-14,2021-06-02
OGXI,OGXI,1995-10-13,2017-08-02
OHAA,OHAA,2021-12-23,2023-12-27
OHAAU,OHAAU,2021-10-27,2023-12-27
OHAAW,OHAAW,2021-12-20,2023-12-27
OHAI,OHAI,2004-11-10,2019-12-18
OHPA,OHPA,2021-04-26,2022-12-01
OHPAU,OHPAU,2021-03-02,2022-12-01
OHPAW,OHPAW,2021-04-23,2022-12-01
OIBR-R,OIBR-R,2018-11-20,2018-12-19
OIIM,OIIM,2000-08-31,2023-03-03
OIL,OIL,2011-04-21,2023-06-14
OILT,OILT,2011-07-14,2015-02-23
OKDCC,OKDCC,2017-11-29,2019-08-26
OKE,OKE,1985-07-01,2026-09-14
OKS,OKS,1993-09-24,2017-07-03
OKSB,OKSB,1993-12-17,2017-10-27
OLBK,OLBK,2003-09-17,2019-11-22
OLITU,OLITU,2021-11-09,2023-11-07
OLO,OLO,2021-03-17,2025-09-12
OLPX,OLPX,2021-09-30,2026-07-08
OMAA,OMAA,2016-08-19,2018-07-03
OMAD,OMAD,2018-03-05,2019-05-31
OMAD-U,OMAD-U,2018-01-18,2019-05-31
OMAD-WS,OMAD-WS,2018-02-26,2019-05-31
OMAM,OMAM,2014-10-09,2018-03-26
OME,OME,1998-04-03,2017-12-19
OMED,OMED,2013-07-18,2019-04-23
OMEG,OMEG,2021-01-07,2022-12-28
OMG,OMG,1993-10-14,2015-11-05
OMIC,OMIC,2021-05-27,2025-02-21
OMN,OMN,1999-09-27,2020-04-01
OMNT,OMNT,2015-12-03,2019-05-24
OMP,OMP,2017-09-21,2022-02-01
OMPI,OMPI,2006-12-28,2013-04-25
OMTL,OMTL,1997-08-08,2017-07-14
OMX,OMX,2006-12-28,2013-11-05
ONCE,ONCE,2015-01-30,2023-12-26
ONCYF,ONCYF,2016-01-04,2018-05-24
ONDK,ONDK,2014-12-17,2020-10-15
ONE,ONE,2010-06-16,2016-08-04
ONEM,ONEM,2020-01-31,2023-02-22
ONFC,ONFC,1998-12-30,2015-12-04
ONL-W,ONL-W,2021-11-01,2021-11-12
ONNN,ONNN,2000-05-02,2015-04-02
ONP,ONP,2007-10-01,2018-07-31
ONSIU,ONSIU,2016-05-12,2016-06-20
ONSIZ,ONSIZ,2016-06-20,2018-05-16
ONSM,ONSM,1997-07-30,2019-02-07
ONTF,ONTF,2021-02-03,2026-04-01
ONTXW,ONTXW,2016-08-03,2021-07-23
ONVI,ONVI,2000-03-02,2017-11-17
ONXX,ONXX,1996-05-09,2013-10-17
OPA,OPA,2021-05-18,2024-01-25
OPA-U,OPA-U,2021-03-23,2024-01-25
OPA-WS,OPA-WS,2021-05-18,2024-01-25
OPAD-WS,OPAD-WS,2021-09-02,2023-11-16
OPALW,OPALW,2022-07-22,2022-12-21
OPB,OPB,2014-04-16,2020-06-01
OPEN,OPEN,2009-05-21,2014-08-01
OPESU,OPESU,2018-03-14,2020-12-16
OPFI-WS,OPFI-WS,2020-11-20,2022-12-23
OPGNW,OPGNW,2015-05-05,2020-05-06
OPLK,OPLK,2000-10-04,2014-12-31
OPOF,OPOF,1999-01-11,2025-09-02
OPP-R,OPP-R,2019-11-11,2025-11-17
OPTM,OPTM,2006-10-27,2009-09-29
OPTN,OPTN,2017-10-13,2025-05-21
OPTR,OPTR,2007-02-09,2013-11-01
OPTV,OPTV,1999-11-23,2011-04-04
OPTX,OPTX,2023-11-08,2023-11-09
OPTXW,OPTXW,2022-01-25,2026-05-28
OPWR,OPWR,2014-04-03,2016-06-14
OPXA,OPXA,2004-04-14,2017-09-20
OPXAW,OPXAW,2015-04-14,2017-09-20
OPXT,OPXT,2012-07-23,2012-08-10
ORB,ORB,1990-04-24,2015-02-17
ORBC,ORBC,2006-11-06,2021-09-01
ORBK,ORBK,1990-03-26,2019-02-20
ORCC,ORCC,1999-06-04,2013-03-28
ORCG,ORCG,2002-06-17,2009-12-24
OREX,OREX,2007-04-26,2018-04-03
ORGNW,ORGNW,2020-09-04,2026-06-24
ORGOW,ORGOW,2017-01-05,2019-08-29
ORH,ORH,2008-06-11,2010-11-05
ORIA,ORIA,2021-07-13,2023-05-17
ORIAU,ORIAU,2021-05-12,2023-05-17
ORIAW,ORIAW,2021-07-07,2023-05-17
ORIG,ORIG,2011-09-19,2018-12-04
ORIT,ORIT,2007-01-24,2019-12-02
ORLA,ORLA,2017-10-03,2026-07-31
ORM,ORM,2013-07-01,2019-04-23
ORSN,ORSN,2019-11-07,2020-11-17
ORSNR,ORSNR,2019-11-07,2020-11-17
ORSNU,ORSNU,2019-08-02,2020-11-17
ORSNW,ORSNW,2019-11-07,2020-11-17
ORTX,ORTX,2018-10-31,2024-01-24
OSB,OSB,2016-01-04,2021-02-03
OSBCP,OSBCP,2003-06-30,2020-02-28
OSG,OSG,2013-05-01,2025-11-19
OSGB,OSGB,2014-10-08,2016-06-06
OSH,OSH,2020-08-06,2023-05-02
OSHC,OSHC,2016-01-04,2016-12-08
OSHWQ,OSHWQ,2012-01-03,2014-03-04
OSI,OSI,2021-07-06,2024-05-17
OSI-U,OSI-U,2021-05-14,2024-05-17
OSI-WS,OSI-WS,2021-07-06,2024-05-17
OSIP,OSIP,2010-06-08,2010-06-25
OSIR,OSIR,2006-08-09,2019-04-17
OSLE,OSLE,2012-11-01,2020-01-31
OSLE-CL,OSLE-CL,2020-02-03,2020-02-28
OSM,OSM,2016-01-04,2017-03-22
OSN,OSN,2010-12-21,2021-09-10
OSP,OSP,2007-11-09,2010-12-27
OSPR,OSPR,2017-09-08,2018-08-23
OSPRU,OSPRU,2017-09-06,2018-08-23
OSPRW,OSPRW,2017-09-20,2018-08-23
OST,OST,2022-04-27,2024-07-26
OSTE,OSTE,2010-11-16,2010-12-03
OSTR,OSTR,2021-03-12,2022-12-19
OSTRU,OSTRU,2021-01-20,2022-12-19
OSTRW,OSTRW,2021-03-12,2023-01-10
OTEC,OTEC,2021-07-21,2024-01-30
OTECU,OTECU,2021-05-28,2024-01-30
OTECW,OTECW,2021-07-19,2024-01-30
OTEL,OTEL,2004-12-16,2021-03-31
OTIV,OTIV,2002-11-12,2022-06-21
OTIX,OTIX,2001-01-02,2010-12-10
OTLKW,OTLKW,2016-06-20,2022-02-16
OTMO,OTMO,2021-08-16,2023-10-19
OTMOW,OTMOW,2021-08-16,2023-09-26
OTRA,OTRA,2020-12-21,2022-05-19
OTRAU,OTRAU,2020-11-16,2022-05-19
OTRAW,OTRAW,2020-12-16,2022-05-19
OTT,OTT,2005-03-11,2013-06-03
OUST-WS,OUST-WS,2021-03-12,2024-12-20
OUSTW,OUSTW,2024-12-23,2025-09-30
OUSTZ,OUSTZ,2020-10-09,2026-03-11
OUTD,OUTD,2012-11-23,2013-06-04
OUTR,OUTR,2013-07-01,2016-09-28
OVEN,OVEN,1995-08-18,2010-01-13
OVRL,OVRL,1997-02-21,2014-12-09
OVTI,OVTI,2001-01-02,2016-01-29
OWL-WS,OWL-WS,2021-05-21,2022-08-19
OWLT-WS,OWLT-WS,2021-07-16,2023-06-16
OWW,OWW,2007-07-20,2015-09-25
OXAC,OXAC,2021-10-01,2023-08-10
OXACU,OXACU,2021-08-12,2023-08-10
OXF,OXF,2010-07-14,2014-12-31
OXFD,OXFD,2013-11-22,2021-03-08
OXLCN,OXLCN,2022-06-10,2022-06-17
OXLCO,OXLCO,2013-07-01,2021-04-14
OXLCP,OXLCP,2012-11-30,2015-07-31
OXPS,OXPS,2005-12-14,2011-08-31
OXSQL,OXSQL,2018-03-19,2023-12-21
OXSQR,OXSQR,2023-05-25,2023-06-15
OXUSU,OXUSU,2021-09-03,2024-02-07
OYST,OYST,2019-10-31,2023-01-03
OZ,OZ,2021-10-18,2021-10-18
OZRK,OZRK,1997-07-17,2018-07-13
P,P,2011-06-15,2019-02-26
PAAC,PAAC,2015-11-05,2020-06-16
PAACR,PAACR,2015-10-30,2020-06-16
PAACU,PAACU,2015-10-15,2020-06-16
PAACW,PAACW,2015-10-30,2020-06-16
PACDQ,PACDQ,2020-11-03,2020-11-03
PACE,PACE,1992-03-17,2017-03-20
PACE-U,PACE-U,2020-10-07,2021-09-20
PACEU,PACEU,2015-09-11,2017-03-20
PACEW,PACEW,2015-11-10,2017-03-20
PACI-U,PACI-U,2021-12-01,2023-09-07
PACI-WS,PACI-WS,2022-01-21,2023-12-01
PACK-WS,PACK-WS,2019-06-05,2020-09-04
PACQ,PACQ,2011-06-08,2020-08-21
PACQU,PACQU,2011-03-25,2020-08-21
PACQW,PACQW,2018-05-29,2020-08-21
PACR,PACR,2002-06-13,2014-04-08
PACT,PACT,2010-06-30,2014-04-02
PACW,PACW,2000-06-05,2023-11-30
PACWP,PACWP,2022-12-23,2023-11-30
PACX,PACX,2021-03-01,2023-01-12
PACXU,PACXU,2021-01-08,2023-01-12
PACXW,PACXW,2021-03-01,2023-01-12
PAE,PAE,2018-10-31,2022-02-28
PAET,PAET,2007-03-01,2011-12-12
PAEWW,PAEWW,2018-11-05,2022-02-15
PAFO,PAFO,2021-09-27,2022-12-16
PAFOR,PAFOR,2021-09-27,2022-12-16
PAFOU,PAFOU,2021-09-14,2022-12-16
PAL,PAL,2000-10-16,2015-04-15
PALDF,PALDF,2015-04-17,2019-12-16
PALM,PALM,2007-10-25,2010-07-19
PANA,PANA,2021-04-07,2023-04-18
PANA-U,PANA-U,2020-07-01,2021-02-10
PAQC,PAQC,2022-10-27,2022-10-28
PAQCU,PAQCU,2021-01-08,2022-10-28
PARA,PARA,2006-01-03,2025-08-07
PARAA,PARAA,2006-01-03,2025-08-07
PARAP,PARAP,2022-02-17,2024-03-28
PARL,PARL,2012-04-18,2012-05-07
PARN,PARN,2017-01-03,2017-01-11
PARR-R,PARR-R,2016-08-26,2016-09-13
PASW,PASW,2025-07-18,2026-06-09
PATH,PATH,2010-08-06,2014-03-03
PATI,PATI,2015-02-02,2023-12-21
PATR,PATR,1990-03-26,2014-12-12
PAVMU,PAVMU,2016-04-28,2016-07-27
PAVMW,PAVMW,2016-08-01,2022-01-28
PAVMZ,PAVMZ,2018-04-10,2025-04-30
PAY,PAY,2005-04-29,2018-08-17
PAYA,PAYA,2020-10-19,2023-02-22
PAYAW,PAYAW,2020-10-19,2021-09-30
PBAX,PBAX,2021-11-30,2024-02-14
PBAXU,PBAXU,2021-10-06,2024-02-14
PBB,PBB,2015-12-21,2021-02-12
PBBI,PBBI,2016-01-08,2020-04-30
PBBK,PBBK,2021-07-15,2026-01-05
PBC,PBC,2018-12-12,2021-12-29
PBCP,PBCP,2011-12-30,2017-01-09
PBCT,PBCT,1990-03-26,2022-04-04
PBFX,PBFX,2014-05-09,2022-11-30
PBG,PBG,2001-01-02,2011-03-07
PBIB,PBIB,2006-09-22,2018-06-18
PBIP,PBIP,2005-03-30,2022-09-07
PBIX,PBIX,2011-03-10,2018-04-16
PBMD,PBMD,2012-04-17,2017-11-30
PBPB,PBPB,2013-10-04,2025-10-23
PBSK,PBSK,2011-09-14,2018-12-10
PBTH,PBTH,2009-06-15,2013-09-17
PBUG,PBUG,2021-06-16,2022-12-14
PBY,PBY,1987-12-30,2016-02-12
PCBC,PCBC,2016-01-04,2018-08-01
PCBK,PCBK,1999-04-26,2017-11-10
PCCT,PCCT,2021-12-27,2023-10-19
PCCTU,PCCTU,2021-10-28,2023-10-19
PCGU,PCGU,2020-06-26,2023-08-15
PCH,PCH,1985-11-11,2026-02-02
PCLN,PCLN,1999-03-31,2018-02-26
PCMI,PCMI,1995-04-04,2019-08-30
PCO,PCO,2004-05-12,2017-12-15
PCOM,PCOM,2011-02-10,2022-06-30
PCOP,PCOP,1995-12-06,2009-12-31
PCP,PCP,2016-01-04,2016-02-08
PCPC,PCPC,2021-02-02,2022-12-14
PCPC-U,PCPC-U,2020-12-10,2022-12-14
PCPCW,PCPCW,2021-02-01,2022-11-30
PCPL-U,PCPL-U,2020-04-24,2021-02-04
PCS,PCS,2007-04-19,2013-10-17
PCSB,PCSB,2017-04-21,2022-12-30
PCSC,PCSC,2024-06-12,2026-07-21
PCTI,PCTI,1999-08-10,2023-12-15
PCX,PCX,2021-12-14,2022-12-16
PCXCU,PCXCU,2021-10-06,2022-12-16
PCXCW,PCXCW,2021-12-14,2022-12-16
PCYC,PCYC,1995-10-24,2015-06-03
PD,PD,2019-05-15,2019-07-01
PDAC-U,PDAC-U,2020-09-24,2021-08-10
PDAC-WS,PDAC-WS,2020-11-16,2021-08-10
PDCE,PDCE,1990-03-26,2023-09-05
PDCO,PDCO,1992-10-28,2025-04-17
PDH,PDH,2012-05-04,2014-07-16
PDII,PDII,1998-05-20,2015-12-22
PDLI,PDLI,1992-01-29,2022-01-18
PDOT,PDOT,2021-04-29,2023-03-10
PDOT-U,PDOT-U,2021-03-09,2023-03-10
PDOT-WS,PDOT-WS,2021-04-29,2023-03-10
PEAK,PEAK,2023-02-10,2023-02-13
PEDE,PEDE,2017-09-05,2018-05-02
PEET,PEET,2006-12-28,2012-10-26
PEGI,PEGI,2013-09-27,2020-03-16
PEGR,PEGR,2021-12-27,2024-07-29
PEGRU,PEGRU,2021-10-29,2024-07-29
PEGRW,PEGRW,2021-12-20,2024-07-29
PELI,PELI,2025-06-12,2026-03-26
PELIU,PELIU,2025-05-23,2026-03-26
PEOP,PEOP,2010-07-06,2015-02-20
PEPL,PEPL,2021-12-09,2024-03-21
PEPLU,PEPLU,2021-10-15,2024-03-21
PEPLW,PEPLW,2021-12-09,2024-03-21
PERF,PERF,1991-12-19,2017-09-27
PERF-WS,PERF-WS,2022-10-31,2026-04-16
PERY,PERY,1993-05-28,2018-10-22
PETM,PETM,1993-07-23,2015-03-11
PETQ,PETQ,2017-07-21,2024-10-25
PETX,PETX,2013-06-27,2019-07-18
PF,PF,2013-03-28,2018-10-26
PFBI,PFBI,1996-05-17,2021-09-24
PFC,PFC,1993-07-21,2025-03-03
PFDRU,PFDRU,2021-02-17,2023-02-10
PFE-W,PFE-W,2020-11-13,2020-11-16
PFED,PFED,1996-08-12,2017-07-14
PFFBQ,PFFBQ,2010-01-04,2013-08-30
PFH,PFH,1999-04-05,2020-12-04
PFHD,PFHD,2017-03-15,2023-01-31
PFIE,PFIE,2010-03-10,2025-01-03
PFIN,PFIN,1992-03-03,2023-12-20
PFK,PFK,2006-05-02,2018-04-09
PFNX,PFNX,2014-07-24,2020-10-01
PFPT,PFPT,2012-04-20,2021-08-31
PFSW,PFSW,1999-12-02,2023-10-23
PFX,PFX,2002-01-02,2016-06-27
PFXNL,PFXNL,2013-03-22,2023-01-13
PG-WD,PG-WD,2016-09-30,2016-10-04
PGEM,PGEM,2013-05-23,2018-04-12
PGH,PGH,2002-04-10,2018-06-01
PGI,PGI,1996-03-05,2015-12-08
PGICQ,PGICQ,2010-01-04,2016-04-01
PGLC,PGLC,2010-11-15,2019-04-03
PGND,PGND,2015-05-20,2016-10-31
PGNX,PGNX,1997-11-19,2020-06-19
PGRE,PGRE,2014-11-19,2025-12-18
PGRU,PGRU,2022-03-18,2024-12-13
PGRW,PGRW,2021-03-16,2023-05-09
PGRWU,PGRWU,2021-02-09,2023-05-09
PGRWW,PGRWW,2021-03-18,2023-05-09
PGSS,PGSS,2021-12-13,2024-04-30
PGSS-U,PGSS-U,2021-10-22,2024-04-30
PGSS-WS,PGSS-WS,2021-12-13,2024-04-30
PGTI,PGTI,2006-06-28,2024-03-28
PGV,PGV,2009-10-09,2021-06-08
PHGE-U,PHGE-U,2018-12-14,2024-10-24
PHH,PHH,2005-01-19,2018-12-14
PHIC,PHIC,2021-01-12,2022-11-29
PHICU,PHICU,2020-11-18,2022-11-29
PHICW,PHICW,2021-01-12,2022-11-29
PHIN-W,PHIN-W,2023-06-28,2023-07-03
PHIOW,PHIOW,2016-12-21,2021-12-21
PHLT,PHLT,2012-08-10,2025-10-21
PHMD,PHMD,1996-02-21,2017-10-31
PHUNW,PHUNW,2016-10-13,2023-12-21
PHX,PHX,1995-08-18,2025-06-23
PHXM,PHXM,2016-07-05,2026-05-28
PHYT-WS,PHYT-WS,2021-12-17,2024-10-29
PIAI,PIAI,2020-11-02,2023-09-14
PIAI-WS,PIAI-WS,2020-11-02,2023-09-14
PIC-U,PIC-U,2019-07-12,2020-12-21
PIKE,PIKE,2005-07-27,2014-12-22
PINC,PINC,2013-09-26,2025-11-25
PING,PING,2019-09-19,2022-10-17
PIPP,PIPP,2021-01-07,2022-10-27
PIPP-U,PIPP-U,2020-11-17,2022-10-27
PIPP-WS,PIPP-WS,2021-01-07,2022-10-14
PIR,PIR,1987-12-30,2020-10-15
PIRS,PIRS,2015-04-13,2024-12-13
PITA,PITA,2024-07-29,2026-06-26
PIY,PIY,2003-10-09,2020-05-14
PJC,PJC,2004-01-02,2018-03-27
PJH,PJH,2012-12-12,2020-09-22
PJS,PJS,2016-01-04,2016-09-12
PJS-CL,PJS-CL,2016-09-02,2016-09-26
PK-W,PK-W,2016-12-13,2017-01-03
PKD,PKD,1983-04-06,2020-02-10
PKDC,PKDC,2019-04-03,2020-02-07
PKST,PKST,2021-02-12,2026-05-06
PKT,PKT,2003-06-26,2015-06-04
PKY,PKY,1973-05-03,2017-11-01
PKY-W,PKY-W,2016-10-04,2016-10-06
PL,PL,1990-03-26,2015-01-30
PL-WS,PL-WS,2021-04-26,2022-12-23
PLAG,PLAG,2008-04-29,2020-10-02
PLAN,PLAN,2018-10-12,2022-06-22
PLCM,PLCM,2001-01-02,2016-09-28
PLFE,PLFE,2006-12-28,2012-12-28
PLKI,PLKI,2016-01-04,2017-03-28
PLL,PLL,1991-08-21,2021-05-24
PLLL,PLLL,2017-11-07,2020-09-25
PLM,PLM,2000-10-12,2023-11-06
PLM-R,PLM-R,2013-05-31,2023-04-03
PLMI,PLMI,2021-05-06,2024-09-16
PLMIU,PLMIU,2021-03-16,2024-09-16
PLMIW,PLMIW,2021-05-06,2024-09-16
PLMT,PLMT,2011-08-08,2015-08-31
PLNR,PLNR,1993-12-16,2015-11-27
PLPM,PLPM,2008-11-20,2017-12-20
PLTN,PLTN,2023-01-11,2024-06-06
PLTNR,PLTNR,2023-01-11,2024-06-06
PLTNU,PLTNU,2022-11-10,2024-06-06
PLTNW,PLTNW,2023-01-11,2024-06-06
PLYAW,PLYAW,2017-03-13,2017-07-24
PLYM,PLYM,2017-06-09,2026-01-27
PMB,PMB,2024-01-26,2024-01-29
PMBC,PMBC,2000-01-26,2021-10-18
PMC,PMC,2007-08-01,2017-12-08
PMCS,PMCS,2016-01-04,2016-01-25
PME,PME,2011-08-02,2023-03-14
PMFG,PMFG,1990-03-26,2015-09-03
PMGM,PMGM,2021-03-01,2024-05-17
PMGMU,PMGMU,2021-02-09,2023-07-21
PMGMW,PMGMW,2021-03-01,2024-05-14
PMII,PMII,2009-09-10,2009-10-15
PMTI,PMTI,2006-12-28,2013-06-24
PN,PN,2015-01-16,2017-11-28
PNAC,PNAC,2022-07-06,2023-08-25
PNACR,PNACR,2022-07-06,2023-08-25
PNACU,PNACU,2022-05-13,2023-08-25
PNC-WS,PNC-WS,1988-09-07,2018-12-26
PNFP,PNFP,2000-08-22,2025-12-31
PNFPP,PNFPP,2020-05-28,2025-12-31
PNG,PNG,2010-04-30,2014-01-08
PNK,PNK,1990-03-26,2018-10-15
PNNTG,PNNTG,2019-09-30,2021-11-12
PNRA,PNRA,1991-06-10,2017-07-19
PNRL,PNRL,2018-10-04,2020-03-04
PNST-WS,PNST-WS,2024-01-02,2024-12-17
PNT,PNT,2020-07-08,2023-12-27
PNTA,PNTA,2013-02-04,2017-06-28
PNTA-CL,PNTA-CL,2017-05-26,2017-06-28
PNTM,PNTM,2021-03-05,2023-05-26
PNTM-U,PNTM-U,2021-01-13,2023-05-26
PNTM-WS,PNTM-WS,2021-03-05,2023-05-26
PNTR,PNTR,1994-06-17,2019-10-03
PNX,PNX,2001-06-20,2016-06-28
PNY,PNY,2001-01-02,2016-10-11
POET,POET,2022-03-14,2022-12-30
POL-WS,POL-WS,2022-07-22,2023-08-15
POLY,POLY,1994-01-20,2022-08-29
POM,POM,1987-01-02,2016-04-01
POND-U,POND-U,2021-05-18,2022-12-16
POPE,POPE,1991-07-25,2020-05-08
PORT,PORT,2024-03-25,2025-09-10
PORT-WS,PORT-WS,2022-01-31,2024-03-21
POSH,POSH,2021-01-14,2023-01-05
POST-W,POST-W,2022-02-25,2022-03-08
POT,POT,1990-01-12,2018-01-02
POWR,POWR,2008-01-14,2016-05-17
POWRU,POWRU,2021-01-08,2023-01-12
POWRW,POWRW,2021-03-03,2023-01-12
POZN,POZN,2016-01-04,2016-02-16
PPBI,PPBI,1997-06-25,2025-09-02
PPD,PPD,2020-02-06,2021-12-08
PPGHU,PPGHU,2021-01-06,2022-04-04
PPHM,PPHM,1996-04-01,2018-01-05
PPHMP,PPHMP,2014-02-27,2018-01-08
PPO,PPO,2007-07-26,2015-08-26
PPP,PPP,2009-12-14,2017-08-14
PPS,PPS,1993-07-15,2016-12-08
PPTA,PPTA,2016-01-04,2021-02-17
PPX,PPX,2013-03-18,2021-07-19
PQ,PQ,1992-10-26,2018-05-04
PQUEQ,PQUEQ,2001-01-02,2019-03-05
PRA,PRA,1991-09-04,2026-07-02
PRAH,PRAH,2014-11-13,2021-07-01
PRCHW,PRCHW,2020-01-13,2021-04-16
PRCP,PRCP,1992-08-21,2020-12-21
PRDS,PRDS,2021-12-27,2023-09-12
PRE,PRE,1996-11-14,2016-03-28
PRFT,PRFT,1999-07-29,2024-10-10
PRG-W,PRG-W,2020-11-25,2020-11-30
PRGNL,PRGNL,2016-01-06,2016-06-16
PRGX,PRGX,1996-03-27,2021-03-03
PRLS,PRLS,1996-09-25,2015-02-12
PRM,PRM,2001-01-02,2011-11-29
PRMW,PRMW,1992-06-16,2024-11-08
PRNB,PRNB,2018-09-14,2020-09-28
PRO,PRO,2007-07-26,2025-12-08
PROS,PROS,2019-07-25,2021-09-17
PRPB-U,PRPB-U,2020-07-31,2022-07-22
PRPB-WS,PRPB-WS,2020-09-21,2022-07-22
PRPC,PRPC,2021-03-30,2023-11-07
PRPC-U,PRPC-U,2021-02-03,2023-11-07
PRPC-WS,PRPC-WS,2021-03-29,2023-11-07
PRPLW,PRPLW,2015-08-25,2020-12-02
PRSP,PRSP,2018-06-01,2021-05-06
PRSR,PRSR,2021-03-01,2023-12-21
PRSRU,PRSRU,2021-01-08,2023-12-21
PRSS,PRSS,2012-03-29,2018-11-09
PRST,PRST,2024-09-17,2026-05-28
PRTG,PRTG,2021-02-25,2022-12-30
PRTHW,PRTHW,2016-11-14,2023-08-24
PRTK,PRTK,2006-05-11,2023-09-21
PRVB,PRVB,2018-07-24,2023-04-27
PRVL,PRVL,2019-06-20,2021-01-22
PRWT,PRWT,2006-12-28,2013-04-09
PRX,PRX,2006-12-28,2013-10-07
PRXL,PRXL,1995-11-22,2017-10-09
PS,PS,2018-05-17,2021-04-06
PSACU,PSACU,2020-07-22,2021-07-21
PSAG,PSAG,2021-04-14,2022-12-22
PSAGU,PSAGU,2021-03-04,2022-12-22
PSAGW,PSAGW,2021-04-09,2022-12-22
PSB,PSB,1991-03-27,2022-07-20
PSBH,PSBH,2016-01-04,2016-01-15
PSDO,PSDO,2017-03-10,2019-12-19
PSDV,PSDV,2005-01-27,2018-03-29
PSEM,PSEM,1997-10-31,2015-11-24
PSG,PSG,2006-05-15,2010-11-08
PSMI,PSMI,2012-08-08,2014-12-12
PSPC,PSPC,2021-07-16,2023-05-26
PSPC-U,PSPC-U,2021-05-26,2023-05-26
PSPC-WS,PSPC-WS,2021-07-16,2023-05-26
PSQH-WS,PSQH-WS,2021-07-07,2026-05-28
PSTB,PSTB,2007-02-01,2017-11-30
PSTH,PSTH,2020-09-11,2022-07-26
PSTH-U,PSTH-U,2020-07-22,2020-09-10
PSTH-WS,PSTH-WS,2020-09-11,2022-07-25
PSTVZ,PSTVZ,2018-05-25,2020-05-26
PSTX,PSTX,2020-07-10,2025-01-08
PSXP,PSXP,2013-07-23,2022-03-08
PTACU,PTACU,2019-11-22,2020-12-24
PTEK,PTEK,2005-10-14,2014-10-01
PTHN,PTHN,2016-07-21,2017-11-03
PTHR,PTHR,2023-04-03,2024-01-12
PTHRU,PTHRU,2023-02-10,2024-01-12
PTHRW,PTHRW,2023-04-03,2024-01-12
PTICU,PTICU,2020-12-04,2022-11-29
PTK-U,PTK-U,2020-07-13,2021-09-29
PTLA,PTLA,2013-05-22,2020-07-02
PTN,PTN,1997-10-15,2025-11-11
PTNT,PTNT,1999-07-23,2015-09-22
PTOC,PTOC,2021-05-06,2023-03-10
PTOCU,PTOCU,2021-03-11,2023-03-10
PTOCW,PTOCW,2021-05-13,2023-03-10
PTP,PTP,2002-10-29,2015-03-02
PTRAW,PTRAW,2020-11-24,2021-10-29
PTRS,PTRS,2013-04-02,2023-11-30
PTRY,PTRY,1999-06-10,2015-03-16
PTSX,PTSX,2016-01-04,2017-10-12
PTVCA,PTVCA,2001-01-02,2021-06-01
PTVCB,PTVCB,2001-01-02,2021-06-01
PTVE,PTVE,2020-09-17,2025-04-01
PTWO,PTWO,2022-09-26,2024-09-17
PTWOU,PTWOU,2022-08-05,2024-09-17
PTXP,PTXP,2015-06-04,2017-07-03
PUK-P,PUK-P,2016-01-04,2021-12-27
PUK-W,PUK-W,2021-09-01,2021-09-17
PULB,PULB,2016-01-04,2016-05-09
PULS,PULS,1972-06-01,2019-07-02
PV-U,PV-U,2021-01-22,2022-12-14
PVFC,PVFC,2006-12-28,2013-10-11
PVT,PVT,2019-03-25,2020-02-11
PVT-U,PVT-U,2019-01-31,2019-12-18
PVT-WS,PVT-WS,2019-03-25,2019-12-18
PVTB,PVTB,1999-06-30,2017-06-30
PVTBP,PVTBP,2008-05-21,2017-08-28
PVTD,PVTD,2012-10-26,2017-09-28
PVTL,PVTL,2018-04-20,2020-01-03
PWAVQ,PWAVQ,2016-01-04,2016-04-11
PWE,PWE,2005-11-15,2017-06-28
PWM,PWM,2023-07-06,2024-01-31
PWOD,PWOD,1996-05-30,2025-07-28
PWPPW,PWPPW,2020-11-20,2022-09-07
PWRD,PWRD,2007-07-26,2015-07-28
PWSC,PWSC,2021-07-28,2024-10-01
PWUPU,PWUPU,2022-02-18,2025-02-19
PWX,PWX,1993-04-01,2016-11-02
PX,PX,1992-06-17,2018-10-30
PXD,PXD,1997-08-08,2024-05-03
PXP,PXP,2006-12-28,2013-05-30
PXSAW,PXSAW,2020-10-08,2025-10-10
PYCR,PYCR,2021-07-21,2025-04-14
PYPLV,PYPLV,2015-07-06,2015-07-17
PYR,PYR,2021-03-11,2023-11-15
PYS,PYS,2007-12-27,2022-11-14
PYX,PYX,1995-04-03,2020-06-16
PZE,PZE,2000-01-26,2018-05-18
PZRX,PZRX,2016-05-18,2018-02-02
Q,Q,2013-05-09,2017-11-14
Q-W,Q-W,2025-10-27,2025-10-31
QADA,QADA,2010-12-16,2021-11-05
QADB,QADB,1997-08-06,2021-11-05
QBTS-WS,QBTS-WS,2022-08-08,2025-11-17
QCOR,QCOR,1993-03-04,2014-08-14
QCP,QCP,2016-11-01,2018-07-27
QCP-W,QCP-W,2016-10-20,2016-10-28
QDRO,QDRO,2021-04-14,2024-06-05
QDROU,QDROU,2021-02-18,2024-06-05
QDROW,QDROW,2021-04-15,2024-05-28
QELL,QELL,2020-11-23,2021-09-14
QELLU,QELLU,2020-09-30,2021-09-14
QELLW,QELLW,2020-11-23,2021-09-14
QEP,QEP,2010-06-16,2021-03-18
QEPM,QEPM,2013-08-09,2015-07-22
QES,QES,2018-02-09,2020-07-27
QFTA-U,QFTA-U,2021-02-05,2023-08-01
QHC,QHC,2016-05-02,2020-04-07
QIHU,QIHU,2011-03-29,2016-07-25
QIPT,QIPT,2010-08-10,2021-05-26
QIWI,QIWI,2013-05-03,2024-05-09
QLGC,QLGC,2016-01-04,2016-08-24
QLI,QLI,2021-01-12,2024-08-09
QLIK,QLIK,2010-07-15,2016-08-23
QLTY,QLTY,2003-11-07,2023-12-08
QOMOR,QOMOR,2022-12-02,2024-11-21
QPAC,QPAC,2013-10-18,2017-07-12
QPACU,QPACU,2015-01-16,2017-06-22
QPACW,QPACW,2015-03-27,2017-07-12
QRE,QRE,2010-12-17,2014-11-19
QRTAV,QRTAV,2020-09-03,2020-09-14
QRTEV,QRTEV,2020-09-01,2020-09-14
QS-WS,QS-WS,2020-11-27,2021-08-23
QSIAW,QSIAW,2020-11-04,2026-06-11
QSII,QSII,1995-08-18,2018-09-07
QTEXW,QTEXW,2021-07-14,2026-07-16
QTNA,QTNA,2016-10-28,2019-06-18
QTNT,QTNT,2014-04-25,2023-06-09
QTNTW,QTNTW,2014-09-25,2015-10-26
QTS,QTS,2013-10-09,2021-08-31
QTTTP,QTTTP,2018-06-21,2021-08-31
QTWW,QTWW,2012-02-21,2016-04-08
QULL,QULL,2021-02-05,2026-08-18
QUMU,QUMU,1995-08-18,2023-02-08
QUNR,QUNR,2016-01-04,2017-03-01
QUOT,QUOT,2014-03-07,2023-09-01
QUSA,QUSA,1992-06-12,2025-08-06
QVCA,QVCA,2006-05-10,2018-03-09
QVCB,QVCB,2006-05-10,2018-03-09
RAACU,RAACU,2020-12-08,2021-07-21
RAAQ,RAAQ,2025-06-02,2026-07-02
RAAQU,RAAQU,2025-04-29,2026-07-02
RAAQW,RAAQW,2025-06-02,2026-07-02
RACB,RACB,2021-03-18,2022-12-06
RACY,RACY,2022-04-04,2024-05-08
RACYU,RACYU,2022-02-11,2024-05-08
RACYW,RACYW,2022-04-04,2023-05-12
RADA,RADA,1993-04-01,2022-11-28
RADI,RADI,2020-10-05,2023-09-21
RAH,RAH,2006-12-28,2013-01-29
RAI,RAI,1999-06-01,2017-08-17
RAIN,RAIN,2025-01-02,2026-05-28
RAL-W,RAL-W,2025-06-25,2025-06-27
RALY,RALY,2013-04-12,2015-07-07
RAMMU,RAMMU,2021-05-19,2023-03-31
RAMMW,RAMMW,2021-07-09,2023-03-31
RAPT,RAPT,2019-10-31,2026-03-04
RARX,RARX,2016-10-26,2020-04-02
RAS,RAS,1998-01-09,2018-05-11
RATE,RATE,2011-06-17,2017-11-08
RAVN,RAVN,1980-03-17,2021-11-30
RAX,RAX,2008-08-07,2016-11-11
RBAC,RBAC,2020-10-05,2022-09-07
RBAC-U,RBAC-U,2020-08-13,2022-08-16
RBAC-WS,RBAC-WS,2020-10-05,2022-08-16
RBC-W,RBC-W,2021-09-28,2021-10-04
RBCP,RBCP,2022-09-26,2024-10-14
RBKB,RBKB,2019-01-17,2026-07-21
RBNC,RBNC,2018-01-02,2021-12-31
RBNEV,RBNEV,2025-04-11,2025-04-14
RBOT-WS,RBOT-WS,2021-09-20,2025-12-16
RBPAA,RBPAA,1992-03-03,2017-12-14
RBS,RBS,2020-07-22,2020-07-22
RBT-WS,RBT-WS,2022-08-16,2023-10-16
RBY,RBY,2016-01-04,2021-05-20
RBZ,RBZ,2018-12-19,2020-04-29
RCA,RCA,2018-10-01,2023-08-14
RCAC,RCAC,2022-02-09,2024-04-04
RCACU,RCACU,2021-12-17,2024-04-04
RCACW,RCACW,2022-02-10,2024-04-04
RCAP,RCAP,2013-06-05,2016-01-04
RCB,RCB,2019-07-25,2026-05-01
RCF-U,RCF-U,2021-11-10,2021-11-10
RCFA-U,RCFA-U,2021-11-11,2024-11-15
RCHG,RCHG,2020-11-27,2022-10-05
RCHGU,RCHGU,2020-10-01,2022-10-05
RCHGW,RCHGW,2020-11-23,2022-10-05
RCKB,RCKB,2005-08-17,2014-04-30
RCKTW,RCKTW,2023-02-27,2026-09-02
RCLFU,RCLFU,2021-02-12,2023-09-11
RCM,RCM,2022-06-22,2022-12-30
RCOR,RCOR,2020-06-22,2022-12-05
RCOR-WS,RCOR-WS,2021-09-03,2022-12-05
RCP,RCP,2018-10-01,2021-03-25
RCPT,RCPT,2013-05-09,2015-08-27
RDA,RDA,2010-11-10,2014-07-18
RDBX,RDBX,2020-12-10,2022-08-31
RDBXW,RDBXW,2020-12-09,2022-08-11
RDC,RDC,1983-04-06,2019-04-11
RDEN,RDEN,1995-12-20,2016-09-08
RDFN,RDFN,2017-07-28,2025-07-02
RDS-A,RDS-A,2005-07-21,2022-01-31
RDS-B,RDS-B,1987-12-30,2022-01-28
RDUS,RDUS,1993-11-16,2025-07-10
RDVTV,RDVTV,2018-03-26,2018-03-26
RDW-WS,RDW-WS,2021-09-03,2025-03-21
REAX,REAX,2021-06-15,2022-12-30
REEAW,REEAW,2021-07-23,2022-10-07
REGI,REGI,2012-01-19,2022-09-08
REIS,REIS,1995-08-18,2018-10-15
RELI,RELI,2016-02-02,2026-01-23
RELIW,RELIW,2021-02-09,2026-01-23
RELY,RELY,2015-02-24,2017-11-27
REMY,REMY,2010-03-26,2015-11-11
REN,REN,2007-10-08,2019-03-01
RENB,RENB,2025-09-29,2025-09-30
RENT,RENT,1992-03-02,2016-02-08
RENX,RENX,1994-10-07,2018-09-07
REPHV,REPHV,2019-11-14,2019-11-21
RESI,RESI,2012-12-24,2021-01-11
RESN,RESN,2014-05-29,2022-03-28
REST,REST,2006-05-17,2009-09-28
RETA,RETA,2016-05-26,2023-09-26
RETO,RETO,2017-11-29,2024-08-09
REUN,REUN,2021-07-29,2023-08-01
REVBU,REVBU,2020-10-08,2023-01-13
REVE,REVE,2021-10-22,2023-04-10
REVEU,REVEU,2021-08-31,2023-04-10
REVEW,REVEW,2021-10-22,2023-04-10
REVH,REVH,2021-05-12,2022-12-06
REVHU,REVHU,2021-03-18,2022-12-06
REVHW,REVHW,2021-05-11,2022-12-06
REXI,REXI,2016-01-04,2016-09-09
REXX,REXX,2007-07-25,2018-05-21
RFAC,RFAC,2022-04-20,2025-02-13
RFACR,RFACR,2022-04-20,2025-02-13
RFACU,RFACU,2022-03-24,2025-02-13
RFACW,RFACW,2022-04-20,2025-02-13
RFL-WS,RFL-WS,2025-04-01,2025-12-09
RFMD,RFMD,1997-06-03,2015-01-08
RFP,RFP,2010-12-10,2023-03-06
RFT,RFT,2014-04-17,2018-08-09
RGC,RGC,2002-05-09,2018-03-02
RGDO,RGDO,2013-08-22,2015-05-04
RGDX,RGDX,2007-06-05,2015-07-02
RGLS,RGLS,2012-10-09,2025-06-25
RGP,RGP,2006-01-31,2015-05-08
RHAYY,RHAYY,2007-09-28,2012-10-01
RHB,RHB,2011-05-31,2011-11-30
RHIEQ,RHIEQ,2010-06-01,2011-04-04
RHT,RHT,1999-08-11,2019-07-08
RIBTW,RIBTW,2014-09-24,2018-12-11
RIC,RIC,1997-03-07,2017-11-22
RICE,RICE,2014-01-24,2017-11-14
RICE-U,RICE-U,2020-10-22,2021-09-15
RICO,RICO,2021-09-02,2022-06-28
RICOU,RICOU,2021-07-08,2022-06-28
RICOW,RICOW,2021-09-01,2022-06-28
RIDEW,RIDEW,2019-04-17,2021-01-15
RIGP,RIGP,2016-01-04,2016-12-19
RILYG,RILYG,2017-12-14,2021-07-23
RILYH,RILYH,2018-05-18,2021-09-07
RILYI,RILYI,2018-09-12,2021-10-21
RILYO,RILYO,2019-05-08,2024-05-30
RILYZ,RILYZ,2017-06-01,2021-03-30
RITTW,RITTW,2016-01-04,2018-11-23
RIV-R,RIV-R,2018-10-03,2018-10-31
RIVE,RIVE,2009-09-04,2021-11-30
RIVR,RIVR,2016-01-04,2026-09-22
RJAC,RJAC,2022-01-31,2023-06-12
RJAC-U,RJAC-U,2021-12-09,2023-06-12
RJD,RJD,2016-01-04,2017-02-14
RJD-CL,RJD-CL,2017-02-07,2017-03-14
RJET,RJET,2004-05-27,2016-03-07
RKLBW,RKLBW,2020-12-04,2022-02-28
RKLY,RKLY,2021-08-12,2023-03-15
RKLY-WS,RKLY-WS,2021-08-12,2023-01-24
RKT,RKT,1994-03-03,2020-09-02
RKTA,RKTA,2021-05-13,2023-03-24
RKTA-U,RKTA-U,2021-03-23,2023-03-24
RKUS,RKUS,2012-11-15,2016-06-06
RLD,RLD,2010-07-15,2016-03-31
RLH,RLH,1998-04-03,2021-03-17
RLJE,RLJE,2011-04-08,2018-10-31
RLM,RLM,2018-09-05,2019-07-31
RLOC,RLOC,2010-05-19,2016-08-10
RLOG,RLOG,2005-02-17,2018-01-30
RLOGQ,RLOGQ,2004-11-17,2018-03-02
RLYP,RLYP,2016-01-04,2016-09-02
RMAX,RMAX,2013-10-02,2026-08-25
RMG-U,RMG-U,2019-02-08,2020-12-29
RMGBU,RMGBU,2020-12-10,2021-08-23
RMGN,RMGN,2011-06-17,2018-09-28
RMO,RMO,2019-04-01,2022-10-14
RMO-WS,RMO-WS,2019-04-01,2021-04-01
RMP,RMP,2014-12-17,2018-07-20
RMPL-P,RMPL-P,2017-10-18,2024-10-30
RMTR,RMTR,2006-12-28,2012-11-20
RNA,RNA,2020-06-12,2026-02-26
RNAM,RNAM,2013-06-28,2026-03-03
RNDB,RNDB,2016-07-01,2022-10-07
RNDY,RNDY,2012-02-08,2015-12-18
RNER,RNER,2022-01-03,2023-02-28
RNERU,RNERU,2021-10-05,2023-02-28
RNERW,RNERW,2022-01-03,2023-02-28
RNET,RNET,2010-12-15,2021-05-07
RNF,RNF,2011-11-03,2016-04-11
RNVAZ,RNVAZ,2016-07-14,2017-10-24
RNWK,RNWK,1997-11-21,2022-12-22
RNWWW,RNWWW,2021-02-01,2026-08-21
ROAN,ROAN,2017-03-13,2019-12-06
ROC,ROC,2021-12-29,2023-06-20
ROCAR,ROCAR,2021-12-29,2023-06-20
ROCAU,ROCAU,2021-12-02,2023-06-20
ROCC,ROCC,2016-11-15,2023-06-20
ROCCU,ROCCU,2020-12-11,2021-07-28
ROCGU,ROCGU,2021-08-06,2023-05-23
ROCL,ROCL,2022-01-06,2024-12-06
ROCLU,ROCLU,2021-12-01,2024-12-06
ROCLW,ROCLW,2022-01-05,2024-12-06
ROCR,ROCR,2021-03-31,2022-02-14
ROCRU,ROCRU,2021-03-03,2022-02-14
ROH,ROH,2006-12-28,2009-04-01
ROI,ROI,2023-11-01,2024-02-27
ROIA,ROIA,2017-01-03,2017-03-30
ROIC,ROIC,2009-11-03,2025-02-12
ROIQ,ROIQ,2014-02-04,2016-02-29
ROIQU,ROIQU,2013-09-17,2015-08-17
ROIQW,ROIQW,2012-05-29,2015-10-26
ROIVW,ROIVW,2021-10-01,2023-09-01
ROKA,ROKA,2014-07-17,2017-12-28
ROMA,ROMA,2006-12-28,2013-12-06
RONI-U,RONI-U,2021-06-16,2023-06-08
ROSE,ROSE,2021-12-06,2023-11-28
ROSEU,ROSEU,2016-03-11,2020-08-05
ROSEW,ROSEW,2016-03-29,2023-11-20
ROSG,ROSG,2007-02-27,2018-05-21
ROT,ROT,2021-03-08,2021-09-24
ROT-U,ROT-U,2021-01-15,2021-09-24
ROVR,ROVR,2021-02-01,2024-02-27
ROVRW,ROVRW,2021-02-04,2022-01-12
ROX,ROX,2006-04-07,2019-10-09
RP,RP,2010-08-12,2021-04-22
RPAI,RPAI,2012-04-09,2021-10-22
RPHM,RPHM,2021-04-08,2024-10-04
RPLA-U,RPLA-U,2019-04-04,2021-04-01
RPRS,RPRS,2001-01-02,2009-09-08
RPRX,RPRX,1993-03-26,2018-01-31
RPRXW,RPRXW,2016-01-08,2016-02-11
RPRXZ,RPRXZ,2016-01-04,2016-02-04
RPT,RPT,1988-12-28,2024-01-02
RPTP,RPTP,2006-10-03,2016-10-26
RPTX,RPTX,2020-06-19,2026-01-28
RPXC,RPXC,2011-05-04,2018-06-20
RQI-R,RQI-R,2020-01-16,2026-07-15
RRD,RRD,1985-07-01,2022-02-25
RRD-W,RRD-W,2016-09-29,2016-10-07
RRM,RRM,2016-01-04,2016-07-07
RRMS,RRMS,2011-12-08,2016-10-10
RRTS-R,RRTS-R,2019-02-06,2019-02-15
RSE,RSE,2011-12-27,2016-07-14
RSH,RSH,1982-01-04,2015-02-02
RSI-WS,RSI-WS,2020-05-08,2021-03-23
RSO,RSO,2006-02-07,2018-05-25
RSPP,RSPP,2014-01-17,2018-07-19
RST,RST,2009-04-16,2020-10-26
RSTI,RSTI,1996-09-26,2016-11-08
RSTN,RSTN,2024-08-08,2024-09-03
RSVAU,RSVAU,2020-12-02,2021-07-14
RSVRW,RSVRW,2021-01-07,2026-07-27
RSYS,RSYS,1995-10-20,2018-12-11
RT,RT,1990-03-26,2017-12-22
RTCJF,RTCJF,2022-12-30,2025-08-15
RTEC,RTEC,1999-11-12,2019-10-25
RTI,RTI,1990-04-12,2015-07-22
RTIX,RTIX,2000-08-10,2020-07-22
RTK,RTK,1999-04-05,2017-10-13
RTKHQ,RTKHQ,1993-07-20,2018-04-17
RTL,RTL,2018-07-19,2023-09-12
RTLPO,RTLPO,2020-12-15,2023-09-12
RTLPP,RTLPP,2019-03-22,2023-09-12
RTLR,RTLR,2019-05-23,2022-09-08
RTLX,RTLX,2006-12-28,2013-02-12
RTN,RTN,1981-12-31,2020-04-03
RTP-U,RTP-U,2020-09-17,2021-08-10
RTPYU,RTPYU,2021-03-16,2021-11-03
RTPZ,RTPZ,2021-01-11,2021-08-02
RTPZ-U,RTPZ-U,2020-11-19,2021-08-02
RTW,RTW,2004-10-07,2020-07-06
RUBI,RUBI,2014-04-02,2025-08-05
RUE,RUE,2009-11-13,2013-10-18
RUHN,RUHN,2019-04-03,2021-04-20
RUK,RUK,1994-10-07,2015-07-01
RUM,RUM,2022-09-16,2022-12-27
RUMBW,RUMBW,2021-04-15,2022-12-23
RUTH,RUTH,2005-08-09,2023-06-14
RVAC,RVAC,2021-10-19,2022-08-26
RVACU,RVACU,2021-08-06,2022-08-26
RVACW,RVACW,2021-10-12,2022-08-26
RVBD,RVBD,2006-09-21,2015-04-24
RVEN,RVEN,2014-11-10,2019-11-04
RVI,RVI,2018-06-26,2023-04-04
RVM,RVM,2006-11-24,2015-06-23
RVPHW,RVPHW,2018-10-18,2025-12-12
RVR,RVR,2007-01-19,2013-02-14
RVYL,RVYL,2022-10-24,2026-05-12
RWC,RWC,1984-09-07,2018-06-04
RWGE,RWGE,2018-01-22,2019-12-13
RWGE-U,RWGE-U,2017-12-01,2019-12-13
RWGE-WS,RWGE-WS,2018-01-22,2019-12-13
RWODR,RWODR,2022-05-02,2024-06-21
RWODU,RWODU,2022-03-31,2024-06-21
RXDX,RXDX,2014-01-29,2018-02-08
RXN-W,RXN-W,2021-09-30,2021-10-04
RXO-W,RXO-W,2022-10-27,2022-10-31
RXRA,RXRA,2021-04-29,2022-12-20
RXRAU,RXRAU,2021-03-04,2022-12-20
RXRAW,RXRAW,2021-05-03,2022-12-20
RYCE,RYCE,2012-10-10,2020-08-18
RYI,RYI,2014-08-08,2026-02-23
RYL,RYL,1987-12-30,2015-09-30
RZA,RZA,2012-08-24,2023-01-09
S,S,1984-11-08,2020-04-01
SAAS,SAAS,2004-07-14,2016-11-15
SAB,SAB,2016-12-27,2020-02-10
SAB-CL,SAB-CL,2020-01-09,2020-02-06
SABA,SABA,2013-04-09,2015-02-18
SABRP,SABRP,2020-08-20,2023-08-31
SAF,SAF,2018-08-29,2021-08-30
SAFE,SAFE,1989-11-16,2023-04-06
SAFM,SAFM,1989-12-20,2022-09-08
SAGA,SAGA,2022-02-10,2024-03-14
SAGAR,SAGAR,2022-02-10,2024-03-08
SAGAU,SAGAU,2021-12-21,2024-03-14
SAGE,SAGE,2014-07-18,2025-07-31
SAII,SAII,2020-10-06,2021-08-18
SAIIU,SAIIU,2020-09-15,2021-08-13
SAIIW,SAIIW,2020-10-06,2021-08-13
SAIL,SAIL,2017-11-17,2022-08-16
SAJA,SAJA,2005-10-27,2017-07-27
SAK,SAK,2020-06-30,2022-07-13
SAL,SAL,1998-08-25,2023-08-24
SALE,SALE,2013-07-19,2017-05-24
SAMA,SAMA,2021-11-29,2023-10-11
SAMAU,SAMAU,2021-10-08,2023-10-11
SAMAW,SAMAW,2019-01-09,2020-12-18
SANB,SANB,2021-11-09,2022-10-20
SANBU,SANBU,2021-10-15,2022-10-20
SANBW,SANBW,2021-11-09,2022-10-20
SAND,SAND,2009-05-29,2025-10-17
SANG,SANG,2007-07-13,2021-11-24
SAPE,SAPE,1996-04-04,2015-02-05
SAQ,SAQ,2016-01-04,2016-12-29
SAQ-CL,SAQ-CL,2016-12-22,2017-01-12
SAQNU,SAQNU,2019-11-20,2020-10-14
SASI,SASI,2010-09-20,2024-03-12
SATCQ,SATCQ,2016-01-04,2016-08-01
SATX,SATX,2022-10-28,2025-07-15
SAUC,SAUC,2015-11-09,2020-02-25
SAVAW,SAVAW,2024-01-04,2024-05-06
SBBC,SBBC,2017-04-11,2019-03-19
SBBP,SBBP,2015-10-16,2021-10-05
SBBX,SBBX,1998-02-20,2020-07-31
SBCP,SBCP,2014-07-15,2018-01-02
SBE-U,SBE-U,2019-07-26,2021-02-26
SBEAU,SBEAU,2021-02-26,2022-02-09
SBET,SBET,1997-05-21,2024-02-13
SBFGP,SBFGP,2015-02-02,2019-12-26
SBG-U,SBG-U,2020-09-15,2021-07-15
SBG-WS,SBG-WS,2020-11-05,2021-05-19
SBGL-R,SBGL-R,2017-05-25,2017-05-31
SBII,SBII,2021-04-30,2022-11-29
SBII-U,SBII-U,2021-03-10,2022-11-29
SBKC,SBKC,2006-12-28,2009-07-24
SBLKL,SBLKL,2014-11-07,2018-01-25
SBLKZ,SBLKZ,2017-11-13,2021-07-27
SBNA,SBNA,2014-05-20,2020-05-14
SBNB,SBNB,2014-11-06,2017-10-16
SBNYW,SBNYW,2010-03-11,2018-12-12
SBOW,SBOW,2016-05-03,2024-07-30
SBRAP,SBRAP,2013-03-21,2018-05-31
SBUFQ,SBUFQ,2001-01-02,2011-07-05
SBX,SBX,2008-11-06,2013-02-07
SBXC,SBXC,2023-05-01,2024-11-04
SBXC-U,SBXC-U,2023-02-28,2024-11-04
SBXC-WS,SBXC-WS,2023-05-01,2024-11-04
SBY,SBY,2012-12-17,2017-08-17
SC,SC,2014-01-23,2022-01-28
SCAC,SCAC,2016-11-15,2019-03-29
SCACU,SCACU,2016-09-16,2019-03-29
SCACW,SCACW,2016-11-15,2019-03-29
SCAI,SCAI,2016-01-04,2017-04-03
SCAQ,SCAQ,2021-05-03,2023-07-13
SCAQU,SCAQU,2021-03-12,2023-07-13
SCAQW,SCAQW,2021-05-03,2023-07-13
SCBT,SCBT,1997-01-28,2014-06-27
SCCB,SCCB,2019-06-28,2024-06-28
SCD-R,SCD-R,2025-06-17,2025-07-10
SCDL,SCDL,2021-02-05,2026-08-18
SCG,SCG,1987-12-30,2018-12-31
SCLE,SCLE,2021-04-06,2022-12-09
SCLEU,SCLEU,2021-02-12,2022-12-09
SCLEW,SCLEW,2021-04-08,2022-12-09
SCLN,SCLN,1992-03-17,2017-10-20
SCMA,SCMA,2021-12-27,2023-02-02
SCMAU,SCMAU,2021-10-28,2023-02-02
SCMAW,SCMAW,2021-12-22,2023-02-02
SCMP,SCMP,2007-08-02,2018-02-13
SCMR,SCMR,2016-01-04,2016-11-30
SCNB,SCNB,2016-01-04,2017-04-10
SCOA,SCOA,2021-02-08,2022-12-21
SCOAU,SCOAU,2020-12-17,2022-12-21
SCOAW,SCOAW,2021-02-08,2022-12-21
SCOB,SCOB,2021-04-06,2023-02-10
SCOBU,SCOBU,2021-02-10,2023-02-10
SCOBW,SCOBW,2021-04-08,2023-02-10
SCPE,SCPE,2019-09-05,2021-08-11
SCPE-U,SCPE-U,2019-07-12,2021-08-11
SCPE-WS,SCPE-WS,2019-09-05,2021-08-11
SCPH,SCPH,2017-11-17,2025-10-07
SCPL,SCPL,2019-05-03,2023-10-23
SCQ,SCQ,2014-05-16,2017-09-19
SCR,SCR,2021-11-18,2021-11-22
SCRM,SCRM,2022-03-01,2024-05-13
SCRMU,SCRMU,2022-01-06,2024-05-13
SCRMW,SCRMW,2022-02-28,2024-05-13
SCS,SCS,1998-02-18,2025-12-09
SCTL,SCTL,2014-03-07,2024-04-08
SCU,SCU,2009-12-01,2015-01-08
SCUA,SCUA,2022-01-31,2023-06-08
SCUA-U,SCUA-U,2021-12-09,2023-06-08
SCUA-WS,SCUA-WS,2022-01-31,2023-06-08
SCVX-U,SCVX-U,2020-03-16,2022-03-08
SCWX,SCWX,2016-04-22,2025-02-03
SCX,SCX,1987-12-30,2024-05-28
SCY,SCY,2024-12-03,2025-05-23
SDAC,SDAC,2021-03-30,2023-07-21
SDACU,SDACU,2021-02-05,2023-07-21
SDACW,SDACW,2021-03-30,2023-07-21
SDBT,SDBT,2007-11-01,2013-07-03
SDI,SDI,2001-01-02,2020-07-16
SDLP,SDLP,2012-10-19,2019-09-05
SDOCQ,SDOCQ,2007-11-06,2016-10-12
SDPI,SDPI,2014-05-23,2024-08-15
SDRL,SDRL,2005-12-28,2023-10-18
SDTHQ,SDTHQ,2011-06-10,2012-10-17
SE,SE,2007-01-03,2017-07-10
SEAH,SEAH,2020-11-23,2022-01-27
SEAH-U,SEAH-U,2020-10-02,2022-01-27
SEDA-U,SEDA-U,2021-10-29,2024-11-04
SEDA-WS,SEDA-WS,2021-12-28,2024-11-04
SEE,SEE,1987-12-30,2026-04-09
SEG-R,SEG-R,2024-09-24,2024-10-11
SEG-W,SEG-W,2024-07-29,2024-07-31
SEH,SEH,2006-12-28,2013-10-17
SEHI,SEHI,2017-09-29,2019-09-24
SEM,SEM,2009-09-25,2026-07-01
SEMR,SEMR,2021-03-24,2026-04-28
SEND,SEND,2017-11-15,2019-02-26
SEP,SEP,2007-07-26,2018-12-14
SEPAW,SEPAW,2021-09-20,2024-07-16
SES,SES,2005-06-06,2020-05-15
SEV,SEV,1992-03-19,2017-10-06
SEVN,SEVN,2021-12-23,2022-01-10
SEVNR,SEVNR,2025-11-10,2025-12-04
SFG,SFG,1999-04-16,2016-03-15
SFLY,SFLY,2006-09-29,2019-09-25
SFN,SFN,2016-01-04,2016-08-03
SFN-CL,SFN-CL,2016-07-26,2016-08-11
SFR,SFR,2016-01-04,2017-11-17
SFS,SFS,2014-09-24,2019-06-28
SFTTW,SFTTW,2019-06-04,2021-01-14
SFTW-U,SFTW-U,2019-11-01,2021-09-09
SG,SG,2018-11-06,2021-02-26
SGAM,SGAM,2021-11-22,2021-11-22
SGAMU,SGAMU,2020-11-30,2021-10-22
SGB,SGB,1996-08-30,2020-04-02
SGBK,SGBK,2007-05-01,2017-09-26
SGBXV,SGBXV,2023-09-19,2023-09-27
SGDVV,SGDVV,2023-09-19,2023-09-27
SGE,SGE,2023-05-16,2024-09-30
SGFY,SGFY,2021-02-11,2023-04-03
SGHC-WS,SGHC-WS,2020-11-23,2022-12-23
SGHL,SGHL,2022-03-28,2023-05-26
SGHLU,SGHLU,2022-02-11,2023-05-26
SGHLW,SGHLW,2022-03-29,2023-05-26
SGI,SGI,2009-05-19,2016-11-02
SGII,SGII,2021-12-02,2023-12-01
SGIIU,SGIIU,2021-11-17,2023-12-01
SGIIW,SGIIW,2021-12-02,2023-12-01
SGK,SGK,1987-11-05,2014-07-30
SGLBW,SGLBW,2017-02-15,2022-02-17
SGM,SGM,2013-10-10,2017-06-01
SGMA,SGMA,1994-02-09,2025-07-28
SGML,SGML,2021-09-13,2022-12-30
SGN,SGN,2023-11-14,2026-03-16
SGNT,SGNT,2011-04-19,2016-08-30
SGTX,SGTX,2020-12-04,2023-08-11
SGY,SGY,1993-07-09,2018-05-10
SGY-WS,SGY-WS,2017-03-10,2018-05-09
SGYPU,SGYPU,2016-01-08,2016-12-12
SGYPW,SGYPW,2016-01-04,2016-12-07
SGZA,SGZA,2013-02-22,2019-03-25
SGZA-CL,SGZA-CL,2019-03-04,2019-03-25
SHAC,SHAC,2021-03-15,2022-12-09
SHACU,SHACU,2021-01-22,2022-12-09
SHACW,SHACW,2021-03-15,2022-12-09
SHAW,SHAW,2006-12-28,2013-02-12
SHCA,SHCA,2021-12-29,2022-12-28
SHCAU,SHCAU,2021-11-04,2022-12-27
SHCAW,SHCAW,2021-12-27,2022-12-27
SHCO,SHCO,2021-07-15,2026-01-28
SHCR,SHCR,2020-11-23,2024-10-22
SHCRW,SHCRW,2020-11-25,2024-10-22
SHEL-W,SHEL-W,2022-01-31,2022-01-31
SHF,SHF,2006-12-28,2012-12-14
SHI,SHI,1993-07-26,2022-09-07
SHIPW,SHIPW,2016-12-08,2021-12-09
SHIPZ,SHIPZ,2019-05-10,2022-05-11
SHLL-U,SHLL-U,2019-02-28,2020-10-01
SHLM,SHLM,1986-07-09,2018-08-22
SHLO,SHLO,1993-06-29,2020-10-01
SHLX,SHLX,2014-10-29,2022-10-28
SHOR,SHOR,2007-07-03,2017-09-25
SHOS,SHOS,2012-10-12,2019-10-23
SHOT,SHOT,2023-09-15,2025-10-09
SHOTW,SHOTW,2023-09-15,2023-09-15
SHP,SHP,2010-10-19,2013-03-27
SHPG,SHPG,1998-03-25,2019-01-08
SHPW-WS,SHPW-WS,2021-09-30,2023-07-31
SHQA,SHQA,2021-08-25,2022-12-21
SHQAU,SHQAU,2021-06-30,2022-12-21
SHQAW,SHQAW,2021-08-24,2022-12-21
SHS,SHS,2006-12-28,2013-04-12
SHSP,SHSP,2015-12-02,2021-09-01
SHUA,SHUA,2022-04-26,2023-11-16
SHUAU,SHUAU,2022-03-02,2023-11-16
SHUAW,SHUAW,2022-04-22,2023-11-16
SHYF,SHYF,1990-03-26,2025-07-01
SIAL,SIAL,1990-03-26,2015-11-18
SIBC,SIBC,2011-07-08,2015-11-30
SIC,SIC,2018-08-16,2021-10-21
SIER,SIER,2021-11-08,2022-12-16
SIERU,SIERU,2021-09-15,2022-12-16
SIERW,SIERW,2021-11-08,2022-12-16
SIFI,SIFI,2004-10-01,2019-05-17
SIFYR,SIFYR,2024-06-07,2024-06-24
SILA,SILA,2021-02-05,2026-07-01
SILK,SILK,2019-04-04,2024-09-17
SILV,SILV,2015-10-26,2025-02-14
SIMG,SIMG,1999-10-06,2015-03-10
SINA,SINA,2000-04-13,2021-03-22
SIR,SIR,2012-03-07,2018-12-31
SIRE,SIRE,2015-11-06,2023-05-26
SIRI,SIRI,2024-09-09,2024-09-09
SIRO,SIRO,2002-01-22,2016-03-08
SITC-W,SITC-W,2024-09-26,2024-09-30
SITC-WI,SITC-WI,2024-09-26,2024-09-30
SIVBO,SIVBO,2004-03-16,2017-12-28
SIX,SIX,2010-05-11,2024-07-01
SJI,SJI,1987-12-30,2023-01-31
SJIJ,SJIJ,2019-09-18,2023-03-02
SJR,SJR,1998-07-01,2023-04-03
SKBI,SKBI,2006-02-16,2019-03-25
SKGR,SKGR,2022-08-18,2025-04-10
SKGRU,SKGRU,2022-06-24,2025-04-10
SKGRW,SKGRW,2022-08-15,2025-04-10
SKH,SKH,2007-05-15,2015-02-02
SKIL-WS,SKIL-WS,2021-06-14,2023-10-25
SKINW,SKINW,2020-11-30,2021-11-03
SKIS,SKIS,2014-11-21,2019-09-24
SKLN,SKLN,2014-10-31,2018-02-01
SKLNU,SKLNU,2016-01-04,2016-03-08
SKLZ,SKLZ,2020-04-27,2026-06-18
SKLZ-WS,SKLZ-WS,2020-04-27,2021-08-13
SKP,SKP,2001-01-02,2010-12-13
SKS,SKS,2006-12-28,2013-11-12
SKUL,SKUL,2011-07-19,2016-10-04
SKX,SKX,1999-06-09,2025-09-12
SKYH-WS,SKYH-WS,2022-01-04,2022-12-23
SKYS,SKYS,2014-11-13,2020-10-09
SKYT,SKYT,2021-04-21,2026-07-31
SLAC,SLAC,2021-04-05,2024-02-26
SLACU,SLACU,2021-02-12,2024-02-26
SLACW,SLACW,2021-04-05,2024-02-26
SLCA,SLCA,2012-02-01,2024-07-31
SLCR,SLCR,2021-03-11,2022-10-06
SLCRU,SLCRU,2021-01-14,2022-09-28
SLCT,SLCT,2003-12-16,2021-10-18
SLD,SLD,2013-02-08,2018-09-28
SLDA,SLDA,2017-08-11,2018-09-27
SLDD,SLDD,2018-05-02,2018-09-28
SLGB,SLGB,2025-10-15,2026-07-10
SLGC,SLGC,2021-04-23,2026-05-28
SLGCW,SLGCW,2021-04-16,2026-05-28
SLH,SLH,2007-05-10,2016-03-11
SLI,SLI,2016-01-04,2016-06-01
SLMAP,SLMAP,2003-10-09,2017-07-14
SLNO,SLNO,2014-11-13,2026-05-19
SLNOW,SLNOW,2014-11-13,2019-11-08
SLRA,SLRA,2012-12-12,2017-12-15
SLRX,SLRX,2015-01-29,2026-01-07
SLTB,SLTB,2014-09-29,2019-08-01
SLTB-CL,SLTB-CL,2019-07-08,2019-08-01
SLVM-W,SLVM-W,2021-09-23,2021-09-30
SLVRU,SLVRU,2021-09-10,2023-09-27
SLVRW,SLVRW,2021-11-04,2023-09-27
SLW,SLW,2005-07-06,2017-05-15
SLXP,SLXP,2000-11-21,2015-04-01
SMA,SMA,2004-12-09,2014-12-10
SMAC,SMAC,2014-11-04,2015-11-04
SMACR,SMACR,2014-11-19,2015-10-27
SMACU,SMACU,2014-09-24,2015-10-14
SMAPU,SMAPU,2021-10-19,2023-12-19
SMAR,SMAR,2018-04-27,2025-01-22
SMCC,SMCC,2025-08-20,2026-06-30
SMED,SMED,1999-05-24,2022-09-07
SMIH,SMIH,2021-08-05,2023-03-16
SMIHU,SMIHU,2021-06-09,2023-03-16
SMLP,SMLP,2012-09-28,2024-07-31
SMLR,SMLR,2014-02-21,2026-01-16
SMMCU,SMMCU,2019-06-20,2021-01-12
SMMF,SMMF,2000-01-07,2024-05-03
SMPLW,SMPLW,2017-07-10,2018-11-05
SMR-WS,SMR-WS,2020-12-09,2022-12-23
SMRTQ,SMRTQ,1992-04-27,2020-10-01
SMT,SMT,2010-07-15,2016-09-19
SMTA,SMTA,2018-06-01,2020-08-03
SMTX,SMTX,2000-07-21,2021-04-05
SNAK,SNAK,1996-12-06,2017-12-14
SNAX,SNAX,2015-12-08,2025-07-18
SNBC,SNBC,1996-08-29,2018-01-31
SNC,SNC,2014-11-03,2017-11-17
SNCE,SNCE,2020-11-20,2024-03-12
SNCY,SNCY,2021-03-17,2026-05-13
SNDEQ,SNDEQ,2016-09-02,2021-03-26
SNDK,SNDK,1995-11-08,2016-05-20
SNDKV,SNDKV,2025-02-13,2025-02-21
SNGXW,SNGXW,2016-12-13,2021-12-15
SNI,SNI,2008-06-12,2018-03-16
SNII-U,SNII-U,2021-03-02,2022-03-01
SNKTY,SNKTY,2016-01-05,2016-03-03
SNMP,SNMP,2006-11-15,2024-02-15
SNMX,SNMX,2004-06-22,2018-11-05
SNNA,SNNA,2017-07-27,2019-12-16
SNOAW,SNOAW,2016-01-04,2020-01-22
SNOW,SNOW,2014-01-31,2017-08-01
SNPO,SNPO,2021-07-28,2024-06-21
SNPR-U,SNPR-U,2020-09-11,2021-08-26
SNR,SNR,2014-10-27,2021-09-21
SNRE,SNRE,2024-11-13,2025-08-15
SNREV,SNREV,2024-11-04,2024-11-12
SNRH,SNRH,2021-02-01,2023-06-09
SNRHU,SNRHU,2020-12-11,2023-06-09
SNRHW,SNRHW,2021-02-01,2023-06-09
SNTA,SNTA,2007-02-06,2016-07-22
SNV,SNV,1990-01-12,2025-12-31
SOAC,SOAC,2020-06-26,2021-09-09
SOAC-U,SOAC-U,2020-05-06,2021-09-09
SOAR-WS,SOAR-WS,2023-12-04,2024-09-09
SOC-WS,SOC-WS,2024-02-15,2024-10-31
SOCB,SOCB,2016-01-04,2016-06-24
SOCWS,SOCWS,2021-04-19,2024-02-14
SODA,SODA,2010-11-03,2018-12-04
SOFIW,SOFIW,2021-01-04,2021-12-06
SOFL,SOFL,2025-07-02,2025-10-06
SOGCQ,SOGCQ,2014-12-17,2016-08-12
SOGO,SOGO,2017-11-09,2021-09-23
SOHO,SOHO,2004-12-17,2026-02-13
SOHOK,SOHOK,2018-02-16,2019-05-15
SOHOL,SOHOL,2016-01-04,2016-10-04
SOHOM,SOHOM,2014-12-02,2017-11-13
SOJA,SOJA,2015-10-09,2020-10-19
SOJB,SOJB,2016-09-20,2021-10-15
SOL,SOL,2008-01-29,2025-12-12
SOLO,SOLO,2018-08-07,2024-03-26
SOLOW,SOLOW,2018-08-09,2023-08-11
SOLSV,SOLSV,2025-10-20,2025-10-29
SOLV-W,SOLV-W,2024-03-26,2024-03-28
SOLY,SOLY,2019-02-19,2021-12-16
SOMX,SOMX,2006-12-28,2013-03-06
SONC,SONC,1991-02-28,2018-12-10
SONG,SONG,2019-09-11,2022-11-25
SONGW,SONGW,2019-09-11,2020-05-01
SONN,SONN,2006-10-31,2025-12-02
SONS,SONS,2000-05-25,2017-11-28
SOQ,SOQ,2017-09-22,2026-05-28
SORL,SORL,2005-11-10,2020-05-15
SOS,SOS,2017-04-28,2025-09-05
SOV,SOV,2006-12-28,2009-01-29
SPA,SPA,1973-05-03,2019-03-04
SPAN,SPAN,1990-03-26,2017-06-26
SPAQ-U,SPAQ-U,2021-02-09,2022-03-16
SPAQ-WS,SPAQ-WS,2018-10-01,2022-03-16
SPBC,SPBC,2010-11-01,2014-10-15
SPCE-U,SPCE-U,2019-10-28,2020-04-09
SPCE-WS,SPCE-WS,2019-10-28,2020-04-09
SPCM,SPCM,2022-04-25,2023-06-02
SPCMU,SPCMU,2022-03-02,2023-06-02
SPCMW,SPCMW,2022-04-22,2023-06-02
SPE-R,SPE-R,2016-08-04,2022-01-18
SPF,SPF,1987-12-30,2015-09-30
SPFR,SPFR,2021-01-25,2021-09-30
SPFR-U,SPFR-U,2020-12-03,2021-09-29
SPGS,SPGS,2021-04-12,2022-12-15
SPGS-U,SPGS-U,2021-02-19,2022-12-15
SPGS-WS,SPGS-WS,2021-04-12,2021-04-16
SPHA,SPHA,2025-01-28,2025-03-11
SPHAR,SPHAR,2025-01-27,2025-03-11
SPHR-W,SPHR-W,2023-04-17,2023-04-20
SPIL,SPIL,2000-06-21,2018-04-17
SPIR-WS,SPIR-WS,2021-08-17,2023-01-03
SPK,SPK,2021-08-04,2022-12-29
SPKAR,SPKAR,2021-07-26,2022-12-29
SPKAU,SPKAU,2021-06-08,2022-12-29
SPKB,SPKB,2021-05-05,2023-03-24
SPKBU,SPKBU,2021-03-11,2023-03-24
SPKBW,SPKBW,2021-05-05,2023-03-24
SPLS,SPLS,1990-03-26,2026-04-10
SPNC,SPNC,1992-01-21,2017-08-10
SPNE,SPNE,2015-06-17,2023-01-04
SPNS,SPNS,1998-03-05,2025-12-17
SPNV-U,SPNV-U,2020-10-21,2021-09-01
SPPI,SPPI,1996-09-27,2023-08-01
SPPR,SPPR,1994-11-30,2015-07-20
SPPRO,SPPRO,2009-04-16,2015-07-15
SPPRP,SPPRP,2007-06-20,2015-07-20
SPR,SPR,2006-11-28,2025-12-05
SPRD,SPRD,2007-06-27,2013-12-31
SPRQ-U,SPRQ-U,2020-11-25,2021-07-09
SPRT,SPRT,2000-07-19,2021-09-16
SPSNQ,SPSNQ,2009-05-07,2011-05-19
SPSX,SPSX,2004-01-05,2009-09-28
SPTK,SPTK,2021-04-09,2022-12-28
SPTKU,SPTKU,2021-02-17,2022-12-28
SPTKW,SPTKW,2021-04-09,2022-12-27
SPTN,SPTN,2000-08-02,2025-09-22
SPW,SPW,1985-07-01,2015-09-25
SPWR,SPWR,2021-04-19,2026-05-28
SPWR-V,SPWR-V,2020-08-18,2020-08-26
SPWRB,SPWRB,2008-09-22,2011-12-05
SQBK,SQBK,2014-03-27,2015-10-15
SQI,SQI,2010-09-23,2016-07-29
SQM-R,SQM-R,2021-04-01,2021-04-14
SQNM,SQNM,2000-02-01,2016-09-08
SQSP,SQSP,2021-05-19,2024-10-18
SRACU,SRACU,2019-11-08,2021-08-12
SRAQU,SRAQU,2016-02-23,2016-10-12
SRC,SRC,2012-09-20,2024-01-22
SRCI,SRCI,2008-02-27,2020-01-14
SRCL,SRCL,1996-08-23,2024-11-04
SRCLP,SRCLP,2015-09-16,2018-09-14
SRDX,SRDX,1998-03-04,2025-11-19
SREA,SREA,2001-01-02,2019-10-25
SREV,SREV,2011-03-25,2022-08-09
SRLP,SRLP,2013-10-25,2022-10-31
SRLS,SRLS,2006-03-22,2012-05-07
SRM,SRM,2023-08-15,2025-07-16
SRNGU,SRNGU,2021-02-24,2021-09-16
SRRA,SRRA,2015-07-16,2022-07-01
SRSA,SRSA,2020-12-29,2022-10-28
SRSAU,SRSAU,2020-10-21,2022-10-28
SRSAW,SRSAW,2020-12-24,2022-10-28
SRSC,SRSC,2010-06-09,2017-08-28
SRSL,SRSL,1996-09-09,2012-07-30
SRT,SRT,1997-06-19,2024-01-05
SRTAW,SRTAW,2025-08-29,2026-05-07
SRTSU,SRTSU,2016-06-03,2016-07-25
SRTSW,SRTSW,2016-07-25,2020-06-04
SRUN,SRUN,2017-04-28,2018-02-09
SRUNU,SRUNU,2017-03-24,2018-02-09
SRUNW,SRUNW,2017-04-28,2018-02-09
SRV-R,SRV-R,2023-11-22,2025-12-10
SRVY,SRVY,2004-07-16,2009-10-23
SRX,SRX,2011-07-20,2011-11-30
SRZ,SRZ,2013-01-04,2013-10-17
SRZNW,SRZNW,2021-08-12,2026-08-07
SSAA,SSAA,2021-03-22,2022-12-12
SSAAU,SSAAU,2021-01-26,2022-12-12
SSAAW,SSAAW,2021-03-24,2022-12-12
SSBK,SSBK,2021-08-12,2025-07-01
SSFN,SSFN,1999-05-25,2019-10-31
SSI,SSI,2020-05-12,2020-11-02
SSN,SSN,2008-01-07,2017-11-17
SSNI,SSNI,2013-03-13,2018-01-05
SSPKU,SSPKU,2019-08-08,2021-06-15
SSRG,SSRG,2014-12-04,2016-07-05
SSRI,SSRI,1996-08-01,2017-08-09
SSRX,SSRX,2007-02-07,2013-06-17
SST-WS,SST-WS,2022-01-28,2025-04-07
SSU-WS,SSU-WS,2021-12-15,2023-10-11
SSW,SSW,2005-08-09,2020-02-27
SSWA,SSWA,2017-10-24,2020-12-09
SSWN,SSWN,2014-04-08,2019-04-29
SSY,SSY,1990-03-26,2025-08-14
STAQ,STAQ,2009-08-10,2009-09-15
STAY,STAY,2013-11-13,2021-06-16
STB,STB,2007-12-07,2018-04-27
STBC,STBC,2001-01-02,2012-01-09
STBZ,STBZ,2009-12-23,2018-12-31
STDY,STDY,2015-03-20,2018-08-30
STEC,STEC,2000-09-29,2026-05-28
STEI,STEI,1995-07-12,2013-12-31
STEL,STEL,2017-11-08,2026-07-01
STEM-WS,STEM-WS,2020-10-08,2021-09-17
STER,STER,2021-09-23,2024-10-31
STET,STET,2022-01-24,2023-06-07
STET-U,STET-U,2021-12-03,2023-06-07
STFC,STFC,1991-06-28,2022-03-01
STGC,STGC,2020-10-30,2026-05-28
STGG,STGG,2015-12-17,2018-04-20
STHOV,STHOV,2023-03-28,2023-03-30
STI,STI,1987-12-30,2019-12-06
STIC-U,STIC-U,2020-11-11,2021-06-01
STJ,STJ,1989-12-07,2017-01-18
STKL,STKL,1990-03-26,2026-05-01
STL,STL,1999-01-08,2022-01-31
STLE,STLE,2025-08-01,2025-08-05
STLRU,STLRU,2016-08-19,2018-10-25
STML,STML,2013-01-29,2020-06-10
STMP,STMP,1999-06-25,2021-10-05
STND,STND,2010-10-07,2021-05-28
STNEV,STNEV,2021-06-28,2021-06-30
STNL,STNL,2018-01-11,2019-11-07
STNLU,STNLU,2017-11-03,2019-11-07
STNLW,STNLW,2018-01-10,2019-11-07
STNR,STNR,1996-11-13,2015-12-10
STO,STO,2001-06-18,2018-05-16
STON,STON,2004-09-15,2022-11-03
STOR,STOR,2014-11-18,2023-02-03
STPC,STPC,2021-02-26,2021-09-29
STPC-U,STPC-U,2021-01-06,2021-09-29
STPK-U,STPK-U,2020-08-18,2021-04-28
STR,STR,2017-09-08,2025-08-18
STR-WS,STR-WS,2017-09-20,2022-12-23
STRD,STRD,2025-06-06,2026-05-28
STRDW,STRDW,2022-06-06,2022-06-13
STRE,STRE,2021-05-14,2023-03-24
STRE-U,STRE-U,2021-03-23,2023-03-24
STRE-WS,STRE-WS,2021-05-13,2023-03-24
STRN,STRN,1999-05-13,2015-08-06
STRP,STRP,2013-07-24,2018-03-01
STRR,STRR,2004-06-10,2025-08-21
STRRP,STRRP,2019-09-13,2025-08-21
STRZA,STRZA,2016-01-04,2016-12-16
STRZB,STRZB,2006-05-15,2017-07-14
STS,STS,1992-03-17,2017-09-28
STSA,STSA,1991-11-25,2014-04-23
STSI,STSI,1999-03-22,2014-06-03
STST,STST,2002-04-09,2014-04-21
STV,STV,2007-10-05,2017-07-17
STWO,STWO,2020-11-30,2021-10-08
STWOU,STWOU,2020-09-17,2021-10-08
STXB,STXB,2018-05-04,2022-04-08
STXN,STXN,2007-03-29,2010-05-28
STXSW,STXSW,2015-09-15,2015-10-12
STZ-B,STZ-B,2002-07-17,2022-11-10
SUBK,SUBK,1992-03-03,2015-12-17
SUG,SUG,2007-09-26,2013-04-03
SUGP,SUGP,2024-01-24,2025-08-22
SUM,SUM,2015-03-12,2025-02-10
SUMO,SUMO,2020-09-17,2023-06-01
SUMR,SUMR,2007-03-07,2022-06-22
SUMT,SUMT,1997-01-02,2009-08-06
SUNE,SUNE,1995-07-13,2016-04-21
SUNH,SUNH,2010-11-08,2012-12-20
SUNL-WS,SUNL-WS,2021-07-12,2023-09-25
SUNS,SUNS,2011-02-25,2022-05-25
SUNSV,SUNSV,2024-07-09,2024-07-09
SUPX,SUPX,1990-03-27,2014-04-09
SURF,SURF,2018-04-19,2023-09-08
SURW,SURW,2008-05-13,2012-07-19
SUSQ,SUSQ,1990-03-26,2015-08-10
SUSS,SUSS,2006-10-19,2014-08-29
SVACU,SVACU,2020-09-10,2021-07-29
SVACW,SVACW,2025-09-30,2026-07-10
SVBI,SVBI,2001-01-02,2021-11-22
SVFA,SVFA,2021-01-27,2023-01-26
SVFAU,SVFAU,2021-01-08,2023-01-26
SVFAW,SVFAW,2021-01-27,2023-01-26
SVFB,SVFB,2021-03-09,2023-03-09
SVLC,SVLC,2012-01-17,2015-10-12
SVLF,SVLF,2008-01-15,2011-05-27
SVMH,SVMH,2023-12-08,2026-09-23
SVN,SVN,2009-11-23,2013-10-17
SVNA,SVNA,2021-12-27,2023-05-09
SVNAU,SVNAU,2021-11-05,2023-05-09
SVNAW,SVNAW,2021-12-23,2023-05-09
SVNTQ,SVNTQ,2003-06-23,2014-06-02
SVOKU,SVOKU,2020-12-18,2021-12-08
SVR,SVR,2011-01-12,2011-11-30
SVSVU,SVSVU,2020-11-24,2022-05-02
SVT,SVT,1973-05-03,2025-07-01
SVU,SVU,1985-07-01,2018-12-14
SVVS,SVVS,2001-01-02,2011-07-25
SWAGU,SWAGU,2021-07-29,2022-08-29
SWAV,SWAV,2019-03-07,2024-05-31
SWAY,SWAY,2014-01-22,2016-01-05
SWBIV,SWBIV,2020-08-20,2020-08-24
SWBK-U,SWBK-U,2021-01-08,2021-11-04
SWC,SWC,1994-12-19,2017-05-12
SWCH,SWCH,2017-10-06,2022-12-05
SWET,SWET,2021-03-05,2022-12-29
SWETU,SWETU,2021-01-12,2022-12-01
SWETW,SWETW,2021-03-05,2022-12-01
SWFT,SWFT,2010-12-16,2017-09-28
SWH,SWH,2016-01-04,2016-11-25
SWHC,SWHC,1999-08-17,2016-12-30
SWI,SWI,2018-10-19,2025-04-16
SWI-W,SWI-W,2021-07-13,2021-07-13
SWIM,SWIM,2002-11-14,2009-06-26
SWIN,SWIN,2023-09-07,2025-10-09
SWIR,SWIR,2000-05-05,2023-01-12
SWJ-CL,SWJ-CL,2012-07-26,2020-01-15
SWKH,SWKH,2009-06-01,2026-04-07
SWN,SWN,1987-12-30,2024-10-01
SWNC,SWNC,2015-01-16,2018-01-16
SWP,SWP,2017-05-12,2020-05-14
SWS,SWS,1991-10-11,2015-01-08
SWSH,SWSH,2016-01-04,2016-06-07
SWSI,SWSI,1997-02-25,2011-09-19
SWT,SWT,2019-11-08,2022-11-14
SWTX,SWTX,2011-03-30,2011-12-16
SWU,SWU,2011-05-10,2015-11-24
SWWC,SWWC,2001-01-02,2010-09-30
SWY,SWY,1990-04-26,2015-02-09
SXCL,SXCL,2006-12-28,2017-02-23
SXCP,SXCP,2013-01-18,2019-06-27
SYA,SYA,2010-01-22,2016-02-09
SYKE,SYKE,1996-04-30,2021-08-27
SYMX,SYMX,2007-08-08,2017-12-01
SYNC,SYNC,2012-02-13,2021-04-01
SYNH,SYNH,2014-11-07,2023-09-28
SYNM,SYNM,2006-12-28,2014-06-09
SYNT,SYNT,1997-08-12,2018-10-10
SYT,SYT,2000-11-13,2018-01-22
SYTA,SYTA,2020-09-25,2022-12-30
SYUT,SYUT,2004-12-21,2017-05-23
SZC-R,SZC-R,2018-02-15,2019-07-17
SZMK,SZMK,2016-01-04,2016-09-28
SZYM,SZYM,2011-05-27,2016-05-10
SZZL,SZZL,2021-11-04,2024-02-27
SZZLW,SZZLW,2022-02-02,2024-02-27
TA,TA,2007-02-01,2023-05-15
TACA,TACA,2021-01-22,2022-06-09
TACA-U,TACA-U,2020-12-02,2022-06-09
TACA-WS,TACA-WS,2021-01-22,2022-06-09
TACO,TACO,2014-01-08,2022-03-08
TACOU,TACOU,2013-11-14,2015-06-30
TACOW,TACOW,2014-10-22,2020-06-26
TAHO,TAHO,2010-09-23,2019-03-18
TALK,TALK,2020-07-30,2026-08-17
TALO-WS,TALO-WS,2018-05-10,2021-02-23
TAM,TAM,2000-01-03,2014-12-05
TANNI,TANNI,2013-01-22,2023-06-06
TANNL,TANNL,2014-12-19,2023-06-06
TANNZ,TANNZ,2015-10-09,2023-06-06
TAOM,TAOM,2016-01-04,2016-06-22
TARO,TARO,1993-04-01,2024-06-24
TASIF,TASIF,2016-01-04,2016-09-02
TAST,TAST,2006-12-15,2024-05-16
TAT,TAT,2007-04-09,2021-09-17
TBC,TBC,2018-08-08,2024-12-13
TBCP,TBCP,2021-04-01,2023-12-11
TBCPU,TBCPU,2021-02-05,2023-12-11
TBCPW,TBCPW,2021-03-31,2023-12-11
TBIO,TBIO,2018-06-28,2022-02-28
TBL,TBL,2006-12-28,2011-11-30
TBLAW,TBLAW,2020-10-28,2026-06-30
TBLTU,TBLTU,2018-11-13,2019-11-21
TBLTW,TBLTW,2018-12-03,2023-11-09
TBMCU,TBMCU,2023-03-29,2023-05-12
TBRA,TBRA,2016-01-04,2016-11-02
TBRG,TBRG,2002-05-21,2026-07-10
TBRGU,TBRGU,2018-06-19,2019-07-11
TBSA,TBSA,2021-06-09,2023-03-13
TBSAU,TBSAU,2021-03-23,2023-03-13
TBSAW,TBSAW,2021-05-18,2023-03-13
TC,TC,2006-06-08,2020-04-29
TCAC,TCAC,2021-04-06,2022-06-14
TCACU,TCACU,2021-02-12,2022-06-14
TCAP,TCAP,2007-02-22,2018-08-02
TCB-WS,TCB-WS,1989-06-30,2017-05-05
TCBIL,TCBIL,2012-09-28,2021-06-21
TCBIP,TCBIP,2013-03-25,2021-06-14
TCBIW,TCBIW,2010-03-12,2019-01-16
TCC,TCC,2012-03-05,2015-05-18
TCCA,TCCA,2012-10-23,2018-08-30
TCCB,TCCB,2015-02-10,2018-08-30
TCDA,TCDA,2023-01-23,2023-01-23
TCF,TCF,1989-06-30,2019-07-31
TCF-WS,TCF-WS,2017-05-08,2018-11-09
TCFCP,TCFCP,2019-08-02,2021-06-09
TCGP,TCGP,2017-09-07,2019-10-04
TCLD,TCLD,2019-02-01,2020-01-03
TCN,TCN,2017-10-02,2024-05-01
TCO,TCO,1992-11-20,2020-12-29
TCP,TCP,1999-05-25,2021-03-16
TCPI,TCPI,2016-01-04,2016-12-02
TCRR,TCRR,2019-02-14,2023-06-01
TCRX,TCRX,2014-11-24,2018-11-02
TCRX-CL,TCRX-CL,2018-10-08,2018-11-02
TCVA,TCVA,2021-04-14,2023-04-13
TDA,TDA,2012-12-04,2021-10-13
TDACU,TDACU,2018-05-30,2021-10-29
TDBK,TDBK,2005-12-07,2017-06-12
TDCX,TDCX,2021-10-01,2024-06-18
TDE,TDE,2011-05-10,2021-05-11
TDI,TDI,2005-04-12,2021-08-31
TDJ,TDJ,2011-03-28,2021-05-11
TDTH,TDTH,2024-09-10,2026-07-15
TDW-WS,TDW-WS,2018-11-26,2024-11-12
TE-WS,TE-WS,2025-03-03,2026-07-09
TEA,TEA,2011-07-28,2012-12-31
TEAF,TEAF,2019-03-27,2025-11-07
TECD,TECD,1990-03-26,2020-06-30
TECU,TECU,1990-03-26,2015-09-21
TECUA,TECUA,1995-08-18,2014-05-01
TEG,TEG,1988-01-05,2015-06-29
TEGP,TEGP,2015-05-07,2018-06-29
TEKK,TEKK,2020-12-29,2022-10-27
TEKKU,TEKKU,2020-10-22,2022-10-27
TEKKW,TEKKW,2020-12-29,2022-10-27
TEL,TEL,2007-06-14,2024-09-27
TELL,TELL,1995-08-18,2024-10-08
TELLL,TELLL,2021-11-11,2024-10-31
TEN,TEN,1982-01-04,2022-11-16
TENKR,TENKR,2022-12-08,2024-08-12
TENKU,TENKU,2022-10-14,2024-08-12
TEOZF,TEOZF,2018-01-17,2022-08-16
TEP,TEP,2013-05-14,2018-07-02
TERN,TERN,2021-02-05,2026-05-05
TERP,TERP,2014-07-18,2020-07-31
TESO,TESO,1996-12-02,2017-12-15
TESS,TESS,1994-09-29,2023-07-17
TETC,TETC,2021-05-20,2023-03-28
TETCU,TETCU,2021-03-17,2023-03-28
TETCW,TETCW,2021-05-14,2023-03-28
TEUM,TEUM,2001-01-02,2022-10-21
TEWS,TEWS,2021-07-12,2022-12-23
TFCF,TFCF,1987-12-30,2019-03-20
TFCFA,TFCFA,1996-03-11,2019-03-20
TFG,TFG,2016-01-04,2016-10-11
TFM,TFM,2010-11-04,2016-04-28
TFSA,TFSA,2021-02-11,2026-03-31
TFSCR,TFSCR,2016-01-05,2016-07-19
TFSCU,TFSCU,2016-01-05,2016-07-19
TFSCW,TFSCW,2014-08-07,2021-07-20
TGAN,TGAN,2020-07-29,2024-06-28
TGD,TGD,2008-06-25,2017-05-15
TGE,TGE,2015-05-07,2020-04-16
TGH,TGH,2007-10-10,2024-03-14
TGI,TGI,1996-10-25,2025-07-24
TGICQ,TGICQ,1993-10-22,2018-04-30
TGNA,TGNA,1985-07-01,2026-03-20
TGNA-W,TGNA-W,2015-06-26,2017-05-31
TGP,TGP,2005-05-05,2022-01-12
TGR,TGR,2022-03-28,2023-05-08
TGR-U,TGR-U,2022-02-04,2023-05-08
TGR-WS,TGR-WS,2022-03-28,2023-05-08
TGVC,TGVC,2021-11-22,2024-03-15
TGVCU,TGVCU,2021-11-03,2024-03-08
TGVCW,TGVCW,2021-11-22,2024-03-15
TGX,TGX,2006-12-28,2013-10-29
THAC,THAC,2021-12-08,2023-01-25
THACU,THACU,2021-10-21,2023-01-25
THACW,THACW,2021-12-08,2023-01-25
THBR,THBR,2019-10-04,2021-06-10
THBRU,THBRU,2019-08-09,2021-06-10
THBRW,THBRW,2019-10-04,2021-06-10
THCA,THCA,2019-07-30,2022-12-23
THCAU,THCAU,2019-07-12,2022-12-23
THCAW,THCAW,2019-08-13,2022-12-23
THCBU,THCBU,2019-03-05,2021-07-23
THCP,THCP,2021-09-09,2024-12-10
THCPU,THCPU,2021-06-30,2024-12-10
THCPW,THCPW,2021-09-01,2024-12-10
THGA,THGA,2013-04-01,2020-09-22
THI,THI,2006-03-24,2014-12-22
THMAU,THMAU,2021-02-02,2021-12-03
THMD,THMD,2006-05-08,2010-12-13
THOR,THOR,1996-01-02,2020-01-23
THRD,THRD,1994-07-13,2014-11-03
THRN,THRN,2021-09-23,2023-10-16
THRX,THRX,2021-10-07,2024-02-14
THS,THS,2005-06-28,2026-02-11
THTI,THTI,2009-12-16,2021-09-08
THTX,THTX,2016-01-04,2025-09-25
THWWW,THWWW,2018-03-12,2024-03-13
TI,TI,2003-10-09,2019-08-07
TI-A,TI-A,2003-10-09,2019-08-07
TIBR,TIBR,2018-04-10,2020-03-17
TIBRU,TIBRU,2018-03-16,2020-03-17
TIBRW,TIBRW,2018-04-10,2020-03-17
TIBX,TIBX,1999-07-14,2014-12-30
TICC,TICC,2003-11-24,2018-03-22
TICCL,TICCL,2017-04-17,2018-03-22
TIE,TIE,2006-12-28,2013-01-07
TIF,TIF,1987-12-30,2021-01-08
TIG,TIG,2020-07-16,2023-04-21
TIGR,TIGR,1990-12-14,2017-08-04
TIL,TIL,2014-05-20,2018-05-02
TIMB-W,TIMB-W,2020-10-13,2020-10-15
TIN,TIN,2017-01-25,2017-02-03
TINV-U,TINV-U,2020-11-24,2022-11-17
TINY,TINY,2016-01-04,2017-04-03
TIOA,TIOA,2021-06-10,2023-04-21
TIOAU,TIOAU,2021-04-08,2023-04-21
TIOAW,TIOAW,2021-06-09,2023-04-21
TIS,TIS,2005-07-15,2019-04-01
TISA,TISA,1996-11-25,2019-05-06
TIVO,TIVO,1997-03-13,2020-06-01
TIXT,TIXT,2021-02-03,2025-10-30
TJGC,TJGC,2025-01-22,2026-08-11
TKKSR,TKKSR,2018-09-12,2020-02-18
TKKSU,TKKSU,2018-08-16,2020-02-18
TKMR,TKMR,2007-07-26,2015-07-31
TKPPY,TKPPY,2016-01-04,2017-01-24
TLC,TLC,2018-11-21,2021-09-28
TLCVF,TLCVF,1997-07-02,2019-07-26
TLGA-U,TLGA-U,2021-01-28,2023-07-31
TLGY,TLGY,2022-01-25,2024-12-06
TLGYU,TLGYU,2021-12-01,2024-12-06
TLGYW,TLGYW,2022-01-21,2024-12-06
TLLP,TLLP,2011-04-20,2017-07-31
TLM,TLM,1997-10-16,2015-05-18
TLMD,TLMD,2020-01-28,2022-04-06
TLMDW,TLMDW,2020-01-28,2022-04-06
TLMR,TLMR,2014-02-11,2016-09-08
TLN,TLN,2016-01-04,2016-12-14
TLND,TLND,2016-07-29,2021-08-09
TLP,TLP,2005-05-25,2019-02-26
TLRA,TLRA,2013-06-27,2020-03-31
TLSIW,TLSIW,2021-02-08,2026-05-28
TMAC,TMAC,2021-03-26,2022-12-01
TMAC-U,TMAC-U,2021-02-03,2022-12-01
TMAC-WS,TMAC-WS,2021-03-26,2022-10-24
TMCWW,TMCWW,2020-06-26,2026-09-09
TMCX,TMCX,2018-05-31,2019-11-14
TMCXU,TMCXU,2018-05-15,2019-11-14
TMCXW,TMCXW,2018-05-31,2019-11-14
TMDI,TMDI,2023-03-09,2023-03-09
TMH,TMH,2016-01-04,2026-05-28
TMHC,TMHC,2013-04-10,2026-07-24
TMPM,TMPM,2020-12-29,2022-10-19
TMPMU,TMPMU,2020-10-16,2022-10-19
TMPMW,TMPMW,2020-12-24,2022-10-19
TMTCU,TMTCU,2023-03-28,2024-11-21
TMTS,TMTS,2020-11-02,2021-10-28
TMTSU,TMTSU,2020-10-15,2021-10-28
TMTSW,TMTSW,2020-11-04,2021-10-28
TMUSP,TMUSP,2015-10-27,2017-12-15
TMUSR,TMUSR,2020-06-24,2020-07-28
TMX,TMX,2014-06-26,2022-10-28
TNAV,TNAV,2010-05-13,2021-02-17
TNGO,TNGO,2011-07-27,2017-07-21
TNH,TNH,1992-03-10,2018-04-02
TNS,TNS,2006-12-28,2013-02-15
TNTR,TNTR,2017-06-30,2018-07-11
TOAC,TOAC,2022-01-04,2023-06-16
TOACU,TOACU,2021-11-04,2023-06-16
TOACW,TOACW,2022-01-04,2023-06-16
TONTU,TONTU,2024-06-26,2026-07-24
TOO,TOO,2006-12-14,2020-01-22
TOP,TOP,2022-06-01,2024-10-21
TOTA,TOTA,2018-08-27,2020-12-31
TOTAR,TOTAR,2018-08-27,2020-12-30
TOTAU,TOTAU,2018-08-02,2021-01-04
TOTAW,TOTAW,2018-08-27,2020-12-30
TOWR,TOWR,2010-10-15,2019-10-08
TPBAU,TPBAU,2021-08-11,2023-02-28
TPCG,TPCG,2010-05-04,2012-12-20
TPCO,TPCO,2014-07-24,2021-08-23
TPGE,TPGE,2017-09-05,2018-07-31
TPGE-U,TPGE-U,2017-05-05,2018-07-31
TPGH,TPGH,2017-08-24,2019-11-20
TPGH-U,TPGH-U,2017-06-28,2019-11-20
TPGH-WS,TPGH-WS,2017-08-24,2019-11-20
TPGI,TPGI,2013-05-08,2013-12-20
TPGY,TPGY,2020-11-27,2022-10-10
TPGY-U,TPGY-U,2020-10-07,2022-10-07
TPH,TPH,2013-01-31,2026-05-13
TPIV,TPIV,2013-09-26,2018-10-17
TPTA,TPTA,2021-06-15,2026-07-01
TPTX,TPTX,2019-04-17,2022-09-08
TPVY,TPVY,2017-07-19,2021-04-01
TPVZ,TPVZ,2015-08-07,2017-08-11
TQNT,TQNT,1993-12-14,2014-12-31
TRA,TRA,2001-01-02,2011-04-25
TRAK,TRAK,1999-10-27,2024-10-07
TRAQ,TRAQ,2021-12-27,2023-05-01
TRAQ-U,TRAQ-U,2021-11-03,2023-05-01
TRAQ-WS,TRAQ-WS,2021-12-27,2023-05-01
TRCA,TRCA,2021-04-26,2023-11-02
TRCA-U,TRCA-U,2021-03-04,2023-11-02
TRCA-WS,TRCA-WS,2021-05-10,2022-12-23
TRCB,TRCB,2006-04-11,2020-01-02
TRCO,TRCO,2013-01-07,2019-09-27
TREB-U,TREB-U,2020-06-17,2022-01-27
TREC,TREC,2006-07-31,2022-06-27
TRGT,TRGT,2006-04-12,2015-08-20
TRH,TRH,2006-12-28,2012-03-05
TRHC,TRHC,2016-09-29,2023-11-03
TRIL,TRIL,2005-03-23,2021-11-18
TRIS,TRIS,2021-12-06,2024-08-02
TRIS-U,TRIS-U,2021-10-14,2024-08-02
TRIS-WS,TRIS-WS,2021-12-06,2024-08-02
TRIV,TRIV,2014-04-15,2016-02-12
TRK,TRK,1995-02-24,2019-09-17
TRLA,TRLA,2012-09-20,2017-09-28
TRMT,TRMT,2017-09-14,2021-09-30
TRN-W,TRN-W,2018-10-30,2018-10-31
TRNC,TRNC,2014-07-24,2018-10-09
TRNE-U,TRNE-U,2019-03-15,2020-12-09
TROVU,TROVU,2012-05-30,2017-05-31
TROVW,TROVW,2013-02-12,2017-05-31
TRPX,TRPX,2020-07-08,2020-10-01
TRQ,TRQ,2003-11-18,2022-12-16
TRR,TRR,1991-12-16,2017-07-05
TRTL-U,TRTL-U,2021-07-20,2021-07-23
TRTLU,TRTLU,2014-07-17,2017-08-28
TRTLW,TRTLW,2016-01-04,2016-12-27
TRTN,TRTN,2005-10-12,2023-09-27
TRW,TRW,2004-02-03,2015-05-26
TRXI,TRXI,2010-03-30,2013-07-15
TSBX,TSBX,2023-07-21,2025-08-11
TSC,TSC,2013-05-09,2022-09-08
TSCAP,TSCAP,2018-03-16,2022-06-01
TSG,TSG,2010-10-15,2020-05-05
TSH,TSH,2006-12-28,2014-05-30
TSIAU,TSIAU,2020-11-10,2021-06-04
TSIB,TSIB,2021-04-05,2022-11-30
TSIBU,TSIBU,2021-02-12,2022-11-30
TSIBW,TSIBW,2021-04-06,2022-11-30
TSL,TSL,2016-01-04,2017-03-21
TSNU,TSNU,2014-07-31,2017-07-06
TSPQ,TSPQ,2021-04-22,2022-12-15
TSPQ-U,TSPQ-U,2021-03-02,2022-12-15
TSRE,TSRE,2006-12-28,2015-09-16
TSRO,TSRO,2012-06-28,2019-01-18
TST,TST,1999-05-11,2019-08-07
TSU,TSU,1998-11-16,2020-10-12
TSVT,TSVT,2021-11-03,2025-05-13
TSVTV,TSVTV,2021-11-03,2021-11-04
TSYS,TSYS,2000-08-08,2016-02-24
TTCFW,TTCFW,2017-05-02,2021-02-16
TTE,TTE,1991-10-25,2025-12-05
TTGT,TTGT,2007-05-17,2024-12-02
TTHI,TTHI,2016-01-04,2016-09-08
TTNP,TTNP,2006-12-28,2025-10-01
TTPH,TTPH,2013-03-20,2020-07-28
TTTM,TTTM,2013-07-18,2019-07-01
TUBE,TUBE,2016-01-04,2016-12-20
TUC,TUC,2006-12-28,2014-01-08
TUFN,TUFN,2019-04-11,2022-09-07
TUGCU,TUGCU,2021-04-29,2022-04-29
TUMI,TUMI,2012-04-18,2016-08-09
TURN,TURN,2017-02-01,2025-09-12
TVACU,TVACU,2020-12-11,2022-02-11
TVIA,TVIA,2016-01-04,2017-08-10
TVL,TVL,2006-12-28,2013-07-30
TVPT,TVPT,2014-09-25,2019-05-30
TVTY,TVTY,1991-08-13,2022-09-08
TW,TW,2016-01-04,2020-04-08
TWB,TWB,2006-12-28,2009-11-25
TWC,TWC,2007-03-01,2016-05-26
TWCB,TWCB,2021-09-13,2023-07-25
TWCBU,TWCBU,2021-07-16,2023-07-25
TWCBW,TWCBW,2021-09-13,2023-07-25
TWCT,TWCT,2020-11-06,2021-08-30
TWCTU,TWCTU,2020-09-11,2021-08-30
TWGP,TWGP,2004-10-21,2014-09-15
TWKS,TWKS,2021-09-15,2024-11-13
TWLV,TWLV,2021-04-29,2024-06-25
TWLVU,TWLVU,2021-02-26,2024-06-25
TWLVW,TWLVW,2024-06-10,2024-06-18
TWND-U,TWND-U,2020-09-04,2023-01-31
TWND-WS,TWND-WS,2020-10-23,2023-01-31
TWNI,TWNI,2021-04-09,2023-05-05
TWNIU,TWNIU,2021-02-19,2023-05-04
TWNK,TWNK,2015-11-30,2023-11-07
TWNKW,TWNKW,2015-11-25,2021-11-04
TWNPV,TWNPV,2025-01-28,2025-01-29
TWNT-U,TWNT-U,2021-03-05,2022-03-25
TWNT-WS,TWNT-WS,2021-04-26,2021-04-30
TWO,TWO,2009-10-30,2026-08-25
TWOA,TWOA,2021-03-30,2024-03-27
TWTR,TWTR,2013-11-07,2022-10-28
TWX,TWX,1992-03-19,2018-06-15
TXCOQ,TXCOQ,2010-01-04,2010-02-11
TXI,TXI,1978-05-01,2014-07-01
TXTR,TXTR,2013-06-06,2016-06-10
TYDEV,TYDEV,2022-05-18,2022-06-29
TYGOW,TYGOW,2021-09-07,2023-09-08
TYME,TYME,2015-03-12,2022-09-16
TYPE,TYPE,2007-07-25,2019-10-11
TZACU,TZACU,2018-08-21,2020-12-14
TZF,TZF,2016-02-04,2016-03-09
TZF-CL,TZF-CL,2016-03-01,2016-03-24
TZPS,TZPS,2021-03-15,2023-01-20
TZPSU,TZPSU,2021-01-20,2023-01-20
TZPSW,TZPSW,2021-03-12,2023-01-20
UA-C,UA-C,2016-04-08,2016-12-06
UACL,UACL,2005-02-10,2016-05-13
UAM,UAM,1990-03-26,2017-07-14
UBA,UBA,1998-08-17,2023-08-17
UBNK,UBNK,2005-08-17,2019-10-31
UBP,UBP,1987-11-05,2023-08-28
UBXG,UBXG,2024-03-28,2026-07-17
UCAP,UCAP,2011-07-28,2015-10-01
UCAR,UCAR,2023-04-20,2024-08-29
UCBA,UCBA,2006-03-31,2018-09-24
UCBI,UCBI,2024-07-29,2024-08-05
UCFC,UCFC,1998-07-09,2020-01-31
UCIA,UCIA,2001-01-02,2012-05-14
UCP,UCP,2013-07-18,2017-08-24
UDMY,UDMY,2021-10-29,2026-05-11
UDRL,UDRL,2006-12-28,2012-11-05
UDWKQ,UDWKQ,2014-02-18,2017-12-13
UFS,UFS,2001-01-02,2021-11-30
UGIC,UGIC,2021-05-18,2024-05-31
UGNEQ,UGNEQ,2017-09-20,2019-06-25
UHAL-B,UHAL-B,2022-11-10,2022-12-23
UHG,UHG,2021-03-29,2026-05-05
UHGWW,UHGWW,2021-03-24,2026-05-05
UIL,UIL,1987-08-31,2015-12-16
UKOMW,UKOMW,2020-11-18,2025-11-18
ULTI,ULTI,1998-06-17,2019-05-03
UMPQ,UMPQ,1998-06-03,2023-03-01
UN,UN,1985-05-17,2020-11-27
UNAMQ,UNAMQ,1990-03-26,2026-05-28
UNIS,UNIS,2010-02-16,2017-04-20
UNISQ,UNISQ,2016-01-04,2018-01-02
UNS,UNS,1985-08-30,2014-08-15
UNT,UNT,1988-01-05,2020-12-23
UNTD,UNTD,2013-11-01,2016-07-05
UNVR,UNVR,2015-06-18,2023-07-31
UNXL,UNXL,2006-03-07,2017-09-12
UP-WS,UP-WS,2021-07-14,2023-06-26
UPGI,UPGI,2006-12-21,2018-06-15
UPH-WS,UPH-WS,2021-06-10,2023-11-28
UPI,UPI,1999-05-03,2015-03-31
UPLM,UPLM,2017-04-13,2019-08-07
UPTDU,UPTDU,2021-04-28,2023-09-29
UQM,UQM,2000-10-02,2019-07-31
UROV,UROV,2018-09-27,2021-03-29
UROY,UROY,2021-04-28,2022-12-30
URRE,URRE,1998-01-12,2017-08-18
URS,URS,1972-06-01,2014-10-17
URZ,URZ,2005-11-10,2015-06-18
USAB,USAB,2017-08-24,2017-12-29
USAK,USAK,1992-03-20,2022-09-15
USAP,USAP,1994-12-28,2025-01-23
USCR,USCR,2010-10-15,2021-08-26
USER,USER,2021-11-17,2023-01-11
USG,USG,1988-07-07,2019-05-20
USGOW,USGOW,2023-04-20,2026-05-22
USMR,USMR,2016-09-20,2017-09-28
USTR,USTR,1990-03-26,2015-05-29
USU,USU,1998-07-23,2014-09-29
USWS,USWS,2017-05-05,2022-11-01
USWSW,USWSW,2017-05-05,2022-11-10
USX,USX,2018-06-14,2023-06-30
UTAA,UTAA,2022-01-25,2023-09-15
UTAAU,UTAAU,2021-12-02,2023-09-15
UTEK,UTEK,1993-09-29,2017-06-05
UTF-R,UTF-R,2025-09-25,2025-10-15
UTIW,UTIW,2016-01-04,2016-02-01
UTRA,UTRA,2012-05-07,2013-09-26
UTX-W,UTX-W,2020-03-25,2020-04-02
UTZ-WS,UTZ-WS,2020-08-31,2020-09-18
UUUU-WS,UUUU-WS,2017-01-10,2021-09-15
UWMC,UWMC,2020-03-24,2021-03-04
UWMC-WS,UWMC-WS,2021-01-22,2025-12-19
UWN,UWN,1999-05-03,2019-06-14
UZA,UZA,2011-05-16,2021-08-31
UZB,UZB,2014-12-09,2021-05-11
UZC,UZC,2015-11-24,2021-06-15
UZG,UZG,2017-01-25,2017-02-14
UZV,UZV,2017-02-07,2017-03-03
VA,VA,2016-01-04,2016-12-15
VACH,VACH,2024-09-30,2026-06-11
VACHU,VACHU,2024-08-09,2026-06-11
VACHW,VACHW,2024-09-30,2026-06-11
VACQ,VACQ,2020-11-24,2021-08-24
VACQU,VACQU,2020-09-25,2021-08-24
VAL,VAL,1992-03-17,2017-07-14
VAL-WS,VAL-WS,2021-05-17,2022-12-23
VALE-P,VALE-P,2016-01-04,2017-11-24
VAM,VAM,2018-05-10,2020-06-05
VAQC,VAQC,2021-03-10,2024-03-04
VAR,VAR,1988-01-05,2021-04-16
VASC,VASC,2016-01-04,2017-02-21
VATE-R,VATE-R,2024-03-11,2024-04-22
VBFC,VBFC,1996-04-01,2025-03-31
VBOC,VBOC,2022-03-01,2023-07-19
VBOCU,VBOCU,2022-01-07,2023-07-19
VBOCW,VBOCW,2022-03-01,2023-07-19
VCBI,VCBI,2006-12-28,2014-01-31
VCI,VCI,2006-12-28,2014-02-04
VCICU,VCICU,2024-09-06,2026-04-01
VCICW,VCICW,2024-10-28,2026-04-01
VCKAU,VCKAU,2021-01-07,2022-11-10
VCO,VCO,1994-10-17,2018-07-12
VCRA,VCRA,2012-03-28,2022-02-23
VCSA,VCSA,2021-04-08,2025-05-01
VCVC,VCVC,2021-01-13,2021-07-22
VCVCU,VCVCU,2020-11-24,2021-07-22
VCVCW,VCVCW,2021-01-12,2021-07-22
VCXA,VCXA,2021-10-05,2023-12-06
VCXAU,VCXAU,2021-08-11,2023-12-06
VCXAW,VCXAW,2021-10-01,2023-12-06
VCXB,VCXB,2022-03-04,2024-07-12
VCXB-U,VCXB-U,2022-01-12,2024-07-12
VCXB-WS,VCXB-WS,2022-03-04,2024-07-12
VDSI,VDSI,1998-05-21,2018-06-05
VDTH,VDTH,2015-04-01,2018-04-12
VEAC,VEAC,2017-04-28,2019-04-15
VEACU,VEACU,2017-04-11,2019-04-15
VEACW,VEACW,2017-05-10,2019-04-15
VEI,VEI,2021-03-18,2021-11-01
VELOU,VELOU,2021-02-23,2022-12-20
VELOW,VELOW,2021-04-23,2022-12-20
VELTF,VELTF,2016-01-04,2018-04-24
VENAR,VENAR,2021-04-13,2022-12-12
VENAU,VENAU,2021-02-09,2022-12-12
VER,VER,2015-07-31,2021-10-29
VERB,VERB,2015-02-02,2025-08-29
VERBW,VERBW,2019-04-05,2024-04-05
VERT-U,VERT-U,2020-02-10,2021-01-15
VERV,VERV,2021-06-17,2025-07-25
VERY,VERY,2019-08-15,2024-07-01
VFC-W,VFC-W,2019-05-21,2019-05-22
VG,VG,2006-05-24,2022-09-08
VGAC-U,VGAC-U,2020-10-02,2021-06-16
VGFC,VGFC,2020-07-31,2023-01-20
VGII-U,VGII-U,2021-03-23,2022-06-16
VGII-WS,VGII-WS,2021-05-13,2021-05-21
VGR,VGR,1987-10-09,2024-10-07
VHAI,VHAI,2024-02-22,2024-09-10
VHAQ-R,VHAQ-R,2021-02-04,2024-03-01
VHNA,VHNA,2022-01-13,2023-09-20
VHNAU,VHNAU,2021-11-23,2023-09-20
VHS,VHS,2011-06-22,2013-09-30
VIA,VIA,2014-07-29,2021-08-27
VIAB,VIAB,2005-12-05,2019-12-04
VIABP,VIABP,2021-03-25,2021-03-26
VIAC,VIAC,2005-12-05,2019-12-04
VIACP,VIACP,2021-03-24,2022-02-16
VIAS,VIAS,1994-05-27,2015-05-29
VIAVV,VIAVV,2015-07-23,2015-08-03
VIE,VIE,2019-10-03,2021-03-15
VIGL,VIGL,2022-01-07,2025-08-05
VIHAU,VIHAU,2020-09-23,2021-10-15
VII,VII,1992-03-17,2018-07-11
VIIAU,VIIAU,2020-12-23,2023-12-14
VIMC,VIMC,2005-11-15,2015-12-18
VINCU,VINCU,2020-03-06,2021-04-12
VINCW,VINCW,2020-05-21,2021-05-05
VISN,VISN,2016-01-04,2017-03-27
VIV-W,VIV-W,2020-11-24,2020-11-27
VIVO,VIVO,1992-02-26,2026-03-27
VKTXW,VKTXW,2016-04-08,2021-04-08
VLAT,VLAT,2021-06-24,2023-05-08
VLATU,VLATU,2021-05-04,2023-05-04
VLATW,VLATW,2021-06-24,2023-05-03
VLD-WS,VLD-WS,2021-09-30,2024-09-10
VLDRW,VLDRW,2020-10-01,2023-02-13
VLN,VLN,2020-09-23,2021-09-30
VLN-WS,VLN-WS,2021-09-30,2026-07-24
VLNS,VLNS,2009-09-28,2023-01-17
VLOS,VLOS,2024-09-23,2026-07-22
VLP,VLP,2013-12-11,2019-02-04
VLTA,VLTA,2020-11-02,2023-04-04
VLTA-WS,VLTA-WS,2020-11-02,2023-04-03
VLTO-W,VLTO-W,2023-09-27,2023-09-29
VLY-WS,VLY-WS,2014-09-22,2018-10-08
VLYWW,VLYWW,2008-07-11,2018-11-09
VM,VM,2007-10-11,2009-11-24
VMAC,VMAC,2020-08-21,2022-02-08
VMACU,VMACU,2020-08-07,2022-02-03
VMED,VMED,2004-07-19,2013-06-24
VMEM,VMEM,2013-09-27,2016-10-27
VMEMQ,VMEMQ,2016-01-04,2017-08-28
VMEO,VMEO,2021-05-25,2025-11-24
VMEOV,VMEOV,2021-05-19,2021-05-24
VMGA,VMGA,2022-01-03,2023-05-15
VMGAU,VMGAU,2021-11-11,2023-05-15
VMGAW,VMGAW,2022-01-03,2023-05-15
VMW,VMW,2007-08-15,2023-11-22
VMW-W,VMW-W,2021-10-28,2021-11-01
VNE,VNE,2018-06-11,2022-04-01
VNLPY,VNLPY,2007-07-13,2018-11-07
VNR,VNR,2017-01-03,2017-02-10
VNRAP,VNRAP,2017-01-03,2017-02-10
VNRBP,VNRBP,2017-01-03,2017-02-10
VNRCP,VNRCP,2017-01-03,2017-02-10
VNT-W,VNT-W,2020-09-24,2020-10-08
VNTV,VNTV,2012-03-22,2018-01-12
VOCS,VOCS,2005-12-07,2014-05-30
VOLC,VOLC,2006-06-15,2015-02-25
VOLT,VOLT,1990-03-26,2022-04-25
VOSO,VOSO,2021-03-16,2021-11-22
VOSOU,VOSOU,2021-01-22,2021-11-18
VOXR,VOXR,2020-08-04,2022-12-30
VOXX,VOXX,1992-03-16,2025-04-01
VPCB,VPCB,2021-05-05,2023-03-21
VPCBU,VPCBU,2021-03-05,2023-03-20
VPCBW,VPCBW,2021-05-06,2023-03-20
VPCC-U,VPCC-U,2021-03-05,2022-01-05
VPCO,VPCO,2010-02-10,2016-02-16
VPCOU,VPCOU,2015-07-30,2016-02-02
VPFG,VPFG,2006-10-03,2014-12-31
VPRT,VPRT,2005-09-30,2014-11-12
VPS,VPS,2017-01-25,2017-02-01
VQ,VQ,2006-12-28,2012-10-03
VRE,VRE,1994-08-25,2026-05-26
VREXV,VREXV,2017-01-20,2017-01-27
VRMEW,VRMEW,2020-06-18,2025-06-23
VRN,VRN,2006-07-20,2025-05-15
VRNA,VRNA,2017-04-27,2025-10-07
VRNT,VRNT,2002-05-16,2025-11-26
VRS,VRS,2016-07-19,2022-04-01
VRTSP,VRTSP,2017-01-27,2020-02-03
VRTU,VRTU,2007-08-03,2021-02-11
VRTV,VRTV,2014-07-01,2023-11-30
VRX,VRX,1994-03-30,2018-07-13
VS,VS,2016-02-03,2021-01-14
VSACW,VSACW,2021-12-23,2024-10-25
VSAR,VSAR,2014-03-21,2018-10-15
VSB,VSB,2013-07-22,2014-11-24
VSCO-W,VSCO-W,2021-07-21,2021-08-02
VSCP,VSCP,2016-01-04,2016-05-12
VSI,VSI,2009-10-28,2019-12-16
VSLR,VSLR,2014-10-01,2020-10-09
VSM,VSM,2016-10-03,2019-10-14
VSM-W,VSM-W,2016-09-19,2016-09-30
VSNTV,VSNTV,2025-12-15,2026-06-29
VSPRU,VSPRU,2020-09-30,2021-05-05
VSR,VSR,1992-03-17,2017-09-26
VSSYW,VSSYW,2021-01-15,2026-01-16
VSTO,VSTO,2015-02-10,2024-11-27
VSTS-W,VSTS-W,2023-09-27,2023-09-29
VTAE,VTAE,2014-09-23,2016-10-26
VTAQR,VTAQR,2021-02-05,2022-09-21
VTAQU,VTAQU,2020-12-24,2022-09-21
VTIQ,VTIQ,2021-03-03,2022-12-09
VTIQU,VTIQU,2021-01-07,2022-12-09
VTIQW,VTIQW,2021-03-03,2022-12-09
VTLE,VTLE,2011-12-15,2025-12-12
VTRB,VTRB,2013-03-11,2019-01-29
VTRSV,VTRSV,2020-11-12,2020-11-17
VTRU,VTRU,2020-09-18,2024-06-14
VTS-W,VTS-W,2023-01-10,2023-01-13
VTSS,VTSS,1991-12-11,2015-05-06
VTTI,VTTI,2014-08-01,2017-09-28
VTYX,VTYX,2021-10-21,2026-03-04
VVC,VVC,1987-11-05,2019-02-26
VVNT,VVNT,2020-01-21,2023-03-09
VVNT-WS,VVNT-WS,2020-01-21,2021-01-06
VVV-W,VVV-W,2017-05-03,2017-05-12
VWR,VWR,2014-10-02,2017-11-21
VWTR,VWTR,1991-03-21,2022-05-25
VYFC,VYFC,1997-01-03,2015-06-30
VYGG,VYGG,2020-11-20,2022-10-05
VYGG-U,VYGG-U,2020-10-02,2022-10-05
VYGG-WS,VYGG-WS,2020-11-20,2022-09-27
VYX-W,VYX-W,2023-10-11,2023-10-16
VZA,VZA,2014-02-26,2019-03-08
VZA-CL,VZA-CL,2019-02-08,2019-03-08
VZIO,VZIO,2021-03-25,2024-12-03
VZLA,VZLA,2022-01-21,2024-06-21
WAAS,WAAS,2016-10-06,2020-03-27
WAC,WAC,1998-03-24,2018-02-09
WAFDW,WAFDW,2010-03-10,2018-11-14
WAG,WAG,1985-07-01,2015-11-23
WAGE,WAGE,2012-05-11,2019-08-30
WAIR,WAIR,2011-07-28,2020-01-09
WALA,WALA,2016-06-21,2021-11-16
WALDU,WALDU,2021-03-16,2022-07-27
WARR,WARR,2021-04-19,2022-09-07
WARR-U,WARR-U,2021-02-26,2022-09-02
WARR-WS,WARR-WS,2021-04-20,2022-09-02
WATG,WATG,2011-09-13,2012-11-15
WAVC,WAVC,2021-10-12,2023-08-24
WAVC-U,WAVC-U,2021-08-20,2023-08-24
WAVC-WS,WAVC-WS,2021-10-14,2023-08-24
WAVE,WAVE,2007-01-03,2013-10-17
WAVS,WAVS,2022-04-11,2026-07-28
WAVSU,WAVSU,2022-01-12,2025-02-18
WBA,WBA,1985-07-01,2025-08-28
WBB,WBB,2013-04-11,2017-10-13
WBC,WBC,2007-08-01,2020-05-28
WBCO,WBCO,1998-06-23,2014-04-30
WBDWV,WBDWV,2022-04-04,2022-04-08
WBK,WBK,1989-06-30,2022-03-22
WBKC,WBKC,2011-01-20,2017-10-17
WBMD,WBMD,2005-09-29,2017-09-18
WBS,WBS,1986-12-12,2026-08-20
WBSN,WBSN,2006-12-28,2013-06-25
WBT,WBT,2016-02-18,2022-07-28
WCG,WCG,2004-07-01,2020-01-23
WCIC,WCIC,2013-07-25,2017-07-10
WCIMQ,WCIMQ,2008-08-05,2009-09-03
WCRX,WCRX,2006-09-21,2013-10-17
WCST,WCST,2007-05-23,2017-07-14
WDR,WDR,1998-03-05,2021-04-30
WE-WS,WE-WS,2021-10-21,2023-08-22
WEB,WEB,2015-11-10,2018-10-11
WEBK,WEBK,2012-01-26,2020-05-29
WEBR,WEBR,2021-08-05,2023-02-17
WES,WES,2008-05-09,2019-02-28
WEST,WEST,2010-03-30,2018-02-20
WETF,WETF,2022-10-20,2022-11-04
WFBI,WFBI,2004-07-28,2018-01-02
WFC-WS,WFC-WS,1972-06-01,2018-10-24
WFD,WFD,2001-12-28,2016-10-31
WFM,WFM,1992-01-23,2017-08-29
WFTIQ,WFTIQ,1973-05-03,2019-12-13
WG,WG,1996-08-15,2018-03-27
WGBS,WGBS,2016-01-04,2017-03-02
WGL,WGL,1987-06-22,2018-07-09
WGSWW,WGSWW,2020-10-29,2026-07-22
WHFBL,WHFBL,2013-07-22,2018-08-09
WHFBZ,WHFBZ,2018-11-30,2021-12-16
WHLRW,WHLRW,2014-09-24,2019-04-29
WIBC,WIBC,2016-01-04,2016-08-08
WIFI,WIFI,2011-05-04,2021-06-02
WILN,WILN,2016-01-04,2017-09-18
WIRE,WIRE,1992-07-20,2024-07-03
WKEYV,WKEYV,2023-05-22,2023-05-23
WLAC,WLAC,2024-12-30,2026-05-08
WLACU,WLACU,2024-11-08,2026-05-08
WLACW,WLACW,2025-01-02,2026-05-08
WLB,WLB,1999-04-19,2018-04-24
WLBA,WLBA,2001-01-02,2018-10-09
WLH,WLH,2013-05-16,2020-02-05
WLL,WLL,2003-11-20,2020-12-01
WLP,WLP,2014-09-22,2014-12-02
WLRHU,WLRHU,2016-01-04,2016-06-17
WLRHW,WLRHW,2016-01-04,2016-06-17
WLT,WLT,1995-10-10,2015-07-07
WMAR,WMAR,1993-11-19,2017-09-15
WMC,WMC,2012-05-11,2023-12-06
WMG,WMG,2006-12-28,2020-09-29
WMGI,WMGI,2001-07-17,2020-11-11
WMGIZ,WMGIZ,2013-03-05,2019-03-08
WMIH,WMIH,2012-03-28,2018-10-10
WMLP,WMLP,2010-07-14,2018-10-09
WMPN,WMPN,2008-04-16,2025-04-30
WMZ,WMZ,2008-01-18,2010-08-31
WNNR,WNNR,2022-03-07,2024-03-28
WNNR-U,WNNR-U,2022-01-13,2024-03-28
WNR,WNR,2006-01-19,2017-06-02
WNR-W,WNR-W,2016-06-23,2016-06-27
WNRL,WNRL,2013-10-10,2017-10-31
WNS,WNS,2024-03-28,2025-10-16
WOLF,WOLF,1993-02-09,2025-09-26
WOOF,WOOF,2001-11-21,2017-09-28
WOR-W,WOR-W,2023-11-28,2023-11-30
WORK,WORK,2019-06-20,2021-07-21
WOW,WOW,2017-05-25,2025-12-30
WP,WP,2018-01-12,2019-08-05
WPC-W,WPC-W,2023-10-27,2023-10-27
WPCA,WPCA,2021-04-26,2023-03-09
WPCA-U,WPCA-U,2021-03-05,2023-03-09
WPCB,WPCB,2021-04-26,2023-03-09
WPCB-U,WPCB-U,2021-03-05,2023-03-09
WPCB-WS,WPCB-WS,2021-04-28,2021-05-07
WPCS,WPCS,2003-10-07,2018-01-30
WPF-U,WPF-U,2020-05-27,2021-07-02
WPPGY,WPPGY,1990-03-26,2017-11-27
WPT,WPT,2013-08-09,2017-07-10
WPX,WPX,2011-12-12,2021-01-14
WPXP,WPXP,2015-07-30,2018-07-27
WPZ,WPZ,2005-08-18,2018-08-13
WQGA,WQGA,2021-10-01,2023-02-13
WQGA-U,WQGA-U,2021-08-23,2023-02-13
WQGA-WS,WQGA-WS,2021-10-01,2023-02-13
WR,WR,1987-08-25,2018-06-05
WRAC,WRAC,2021-09-16,2024-02-29
WRAC-U,WRAC-U,2021-07-27,2024-02-29
WRC,WRC,2008-06-24,2013-10-17
WRD,WRD,2016-12-14,2019-02-26
WRI,WRI,1988-01-05,2021-08-03
WRK,WRK,2015-06-24,2024-07-05
WRK-W,WRK-W,2016-05-02,2016-05-13
WRLSR,WRLSR,2017-08-08,2020-04-08
WRLSU,WRLSU,2017-07-27,2020-04-07
WRS,WRS,2006-12-20,2012-04-11
WS-W,WS-W,2023-11-28,2023-11-30
WSCI,WSCI,1990-03-27,2018-11-07
WSFSL,WSFSL,2012-09-28,2017-09-28
WSG,WSG,2019-07-26,2021-02-05
WSH,WSH,2001-06-12,2016-01-04
WSR,WSR,2010-08-26,2026-07-14
WSTC,WSTC,2013-03-22,2017-10-10
WSTE,WSTE,2011-04-13,2013-02-25
WTFCW,WTFCW,2011-02-09,2018-12-14
WTO,WTO,2021-04-06,2026-07-01
WTRE,WTRE,2019-03-28,2021-07-01
WTREP,WTREP,2019-08-12,2021-07-12
WTRHW,WTRHW,2016-09-07,2019-03-15
WTRU,WTRU,2019-04-18,2022-04-29
WTT,WTT,1993-05-24,2023-08-04
WUBA,WUBA,2013-10-31,2020-09-17
WUCT,WUCT,2023-03-27,2024-12-11
WWACU,WWACU,2021-10-20,2023-11-07
WWAV,WWAV,2012-10-26,2017-07-17
WWAY,WWAY,2009-12-21,2013-02-12
WWE,WWE,1999-10-19,2023-09-11
WWWW,WWWW,2005-11-03,2015-11-09
WX,WX,2007-08-15,2015-12-10
WYIG,WYIG,2015-12-29,2018-02-06
WYIGU,WYIGU,2015-07-24,2018-02-06
WYIGW,WYIGW,2015-12-30,2018-02-06
WYN,WYN,2006-07-19,2018-05-31
X,X,1991-04-12,2025-06-18
XBIOW,XBIOW,2019-07-23,2024-07-18
XBITV,XBITV,2020-02-14,2020-02-19
XBKS,XBKS,2004-07-09,2017-12-29
XCO,XCO,2006-02-09,2017-12-26
XCRA,XCRA,1990-03-26,2018-10-01
XEC,XEC,2002-09-25,2021-10-04
XELAU,XELAU,2015-01-16,2022-07-12
XELAW,XELAW,2015-03-27,2022-07-12
XENT,XENT,2014-07-24,2022-09-16
XFIN,XFIN,2021-12-16,2024-10-01
XFINU,XFINU,2021-10-21,2024-10-01
XFINW,XFINW,2021-12-13,2024-10-01
XGTIW,XGTIW,2013-07-19,2018-07-20
XIN,XIN,2007-12-12,2025-09-17
XKE,XKE,2003-08-28,2017-11-03
XL,XL,1991-07-19,2018-09-13
XL-WS,XL-WS,2019-09-03,2021-02-26
XLNX,XLNX,1990-06-18,2022-02-14
XLRN,XLRN,2013-09-19,2021-11-22
XLS,XLS,2011-10-13,2015-05-29
XLYO,XLYO,2024-04-17,2024-04-18
XM,XM,2021-01-28,2023-06-28
XNPT,XNPT,2005-06-01,2016-07-06
XNY,XNY,2010-11-23,2018-03-02
XOG,XOG,2021-01-21,2021-11-24
XOMA,XOMA,1989-04-05,2026-07-14
XONE,XONE,2013-02-07,2021-11-24
XOOM,XOOM,2013-02-15,2015-11-11
XOXO,XOXO,1999-12-02,2018-12-21
XPDB,XPDB,2022-02-01,2024-03-14
XPDBU,XPDBU,2021-12-10,2024-03-14
XPDBW,XPDBW,2022-01-31,2024-03-14
XPDIU,XPDIU,2021-02-10,2022-01-19
XPER-W,XPER-W,2022-09-20,2022-09-30
XPLR,XPLR,2008-03-07,2018-08-13
XPO-W,XPO-W,2021-07-23,2022-10-31
XPOA,XPOA,2020-12-11,2022-08-05
XPOA-U,XPOA-U,2020-10-21,2022-08-05
XPOA-WS,XPOA-WS,2020-12-14,2022-08-05
XPRO,XPRO,2013-08-09,2026-07-13
XRA,XRA,2006-05-09,2017-08-03
XRDC,XRDC,2015-12-03,2017-08-28
XRM,XRM,2005-05-16,2018-12-14
XRSC,XRSC,1995-02-01,2014-10-31
XRTX,XRTX,2006-12-28,2014-03-31
XRX-W,XRX-W,2016-12-13,2016-12-30
XSPL,XSPL,2018-05-03,2018-09-12
XTLY,XTLY,2015-06-26,2017-08-17
XUE,XUE,2010-11-01,2016-06-13
XWES,XWES,2008-01-30,2015-01-05
XXIA,XXIA,2000-10-24,2017-04-19
XYLO,XYLO,2015-08-05,2025-08-22
XYN,XYN,2017-07-18,2019-07-16
Y,Y,1980-03-05,2022-10-28
YAC-U,YAC-U,2020-08-04,2021-12-14
YCB,YCB,2016-01-04,2016-09-19
YDKN,YDKN,2016-01-04,2017-03-20
YDLE,YDLE,2014-10-03,2015-11-19
YDNT,YDNT,2006-12-28,2013-02-12
YECO,YECO,2015-06-26,2018-12-13
YERR,YERR,2016-01-04,2018-02-13
YGE,YGE,2007-06-08,2018-06-29
YGF,YGF,2023-03-28,2024-03-25
YGRN,YGRN,2019-04-10,2020-12-17
YHOO,YHOO,1996-04-12,2017-06-26
YIN,YIN,2016-04-27,2020-11-18
YMAB,YMAB,2018-09-21,2025-09-16
YMAT,YMAT,2025-07-30,2025-12-10
YOKU,YOKU,2016-01-04,2016-04-13
YONG,YONG,2009-09-03,2014-07-03
YSAC-U,YSAC-U,2022-01-04,2022-01-25
YSACU,YSACU,2020-10-22,2022-01-04
YTPG,YTPG,2021-04-14,2023-04-14
YUM-W,YUM-W,2016-10-17,2016-10-28
YUMA,YUMA,1997-01-02,2020-04-16
YUME,YUME,2013-08-07,2018-02-02
YZC,YZC,1998-04-01,2017-07-10
ZAGG,ZAGG,2007-09-04,2021-02-22
ZAIS,ZAIS,2013-03-22,2018-05-18
ZAVVV,ZAVVV,2015-08-03,2015-08-14
ZAYO,ZAYO,2014-10-17,2020-03-11
ZBAI,ZBAI,2024-12-17,2026-05-15
ZBB,ZBB,2007-06-18,2015-08-14
ZDVSV,ZDVSV,2021-10-01,2021-10-07
ZEAL,ZEAL,2017-08-09,2022-10-07
ZEN,ZEN,2014-05-15,2022-11-21
ZEP,ZEP,2007-11-01,2015-07-06
ZEV-WS,ZEV-WS,2021-05-07,2023-09-18
ZFOX,ZFOX,2021-01-07,2024-05-13
ZFOXW,ZFOXW,2021-01-07,2024-05-13
ZGM,ZGM,2025-09-09,2026-04-13
ZGN-WS,ZGN-WS,2021-12-20,2023-02-22
ZGNX,ZGNX,2010-11-23,2022-03-15
ZGYH,ZGYH,2020-04-20,2021-11-19
ZGYHR,ZGYHR,2020-05-13,2021-11-19
ZGYHU,ZGYHU,2020-02-13,2021-11-19
ZGYHW,ZGYHW,2020-05-13,2021-11-19
ZIGO,ZIGO,1992-03-03,2014-06-20
ZIMVV,ZIMVV,2022-02-16,2022-02-28
ZING,ZING,2022-01-12,2023-08-31
ZINGU,ZINGU,2021-11-19,2023-08-22
ZINGW,ZINGW,2022-01-10,2023-08-22
ZIONN,ZIONN,2014-09-22,2021-06-11
ZIONW,ZIONW,2010-05-20,2020-05-22
ZIONZ,ZIONZ,2014-09-26,2018-11-14
ZIXI,ZIXI,1989-11-10,2021-12-23
ZLC,ZLC,1993-08-09,2014-05-30
ZLTQ,ZLTQ,2011-10-19,2017-05-01
ZMH,ZMH,2001-07-25,2015-06-26
ZNGA,ZNGA,2011-12-16,2022-09-08
ZNH,ZNH,1997-07-30,2023-03-06
ZNTEU,ZNTEU,2020-11-16,2022-05-09
ZOES,ZOES,2014-04-11,2018-11-21
ZPIN,ZPIN,2014-06-12,2017-10-02
ZQK,ZQK,1990-03-26,2015-09-09
ZSPH,ZSPH,2014-06-18,2015-12-16
ZT,ZT,2021-08-17,2023-06-15
ZTAQU,ZTAQU,2021-06-16,2023-06-15
ZTAQW,ZTAQW,2021-08-17,2023-06-15
ZTEK,ZTEK,2016-01-04,2026-09-02
ZTM,ZTM,2008-09-15,2020-08-12
ZU,ZU,2013-11-15,2015-09-30
ZUO,ZUO,2018-04-11,2025-02-14
ZVSAW,ZVSAW,2022-02-11,2022-12-20
ZVZZC,ZVZZC,2016-01-29,2022-10-28
ZWRK,ZWRK,2021-04-05,2022-12-08
ZWRKU,ZWRKU,2021-01-29,2022-12-08
ZWRKW,ZWRKW,2021-03-24,2022-12-08
ZX,ZX,2011-05-16,2018-06-14
ZY,ZY,2021-04-22,2022-11-02
ZYNE,ZYNE,2015-08-05,2023-10-11
ZZZ,ZZZ,2014-10-31,2023-05-12
