sym,ticker,startDate,endDate,sp_left,in_sp,end_y,to_fetch,tier,priority_rank
MOB,MOB,2022-08-25,2025-12-05,199911,True,2025,True,1,1
STR,STR,2017-09-08,2025-08-18,201609,True,2025,True,1,2
ARC,ARC,2005-02-04,2024-11-22,200004,True,2024,True,1,3
LSI,LSI,1995-06-21,2023-07-19,201405,True,2023,True,1,4
TA,TA,2007-02-01,2023-05-15,199907,True,2023,True,1,5
MTL,MTL,2004-10-29,2022-12-15,199909,True,2022,True,1,6
EP,EP,2022-03-08,2022-04-11,201205,True,2022,True,1,7
MNR,MNR,1990-03-26,2022-02-25,199809,True,2022,True,1,8
GRA,GRA,1982-01-04,2021-09-22,199609,True,2021,True,1,9
SAF,SAF,2018-08-29,2021-08-30,200809,True,2021,True,1,10
PLL,PLL,1991-08-21,2021-05-24,201508,True,2021,True,1,11
AT,AT,2009-12-03,2021-05-14,200711,True,2021,True,1,12
BNL,BNL,2020-09-17,2021-03-19,199806,True,2021,True,1,13
CHA,CHA,2002-11-14,2021-01-15,200006,True,2021,True,1,14
WLL,WLL,2003-11-20,2020-12-01,200203,True,2020,True,1,15
HCR,HCR,2019-06-03,2020-07-13,200712,True,2020,True,1,16
FG,FG,2017-11-30,2020-06-01,199804,True,2020,True,1,17
I,I,2013-04-18,2020-05-18,199603,True,2020,True,1,18
AGN,AGN,1989-06-22,2020-05-08,201503,True,2020,True,1,19
TSG,TSG,2010-10-15,2020-05-05,200703,True,2020,True,1,20
ADT,ADT,2012-09-28,2020-05-01,201604,True,2020,True,1,21
BEAM,BEAM,1977-01-03,2020-04-24,201404,True,2020,True,1,22
S,S,1984-11-08,2020-04-01,200503,True,2020,True,1,23
PVT,PVT,2019-03-25,2020-02-11,199906,True,2020,True,1,24
CRR,CRR,1996-04-23,2019-12-20,199706,True,2019,True,1,25
DTV,DTV,2016-09-30,2019-09-30,201507,True,2019,True,1,26
FDC,FDC,2015-10-15,2019-08-05,200709,True,2019,True,1,27
RLM,RLM,2018-09-05,2019-07-31,200005,True,2019,True,1,28
PD,PD,2019-05-15,2019-07-01,200703,True,2019,True,1,29
SFS,SFS,2014-09-24,2019-06-28,200008,True,2019,True,1,30
DD,DD,2017-08-03,2019-05-31,201708,True,2019,True,1,31
KMG,KMG,1997-01-28,2018-12-14,200608,True,2018,True,1,32
CA,CA,1984-09-07,2018-11-06,201811,True,2018,True,1,33
CTX,CTX,2012-04-03,2018-08-20,200908,True,2018,True,1,34
NSM,NSM,2012-03-08,2018-07-31,201109,True,2018,True,1,35
TWX,TWX,1992-03-19,2018-06-15,200101,True,2018,True,1,36
PZE,PZE,2000-01-26,2018-05-18,199908,True,2018,True,1,37
STO,STO,2001-06-18,2018-05-16,199811,True,2018,True,1,38
DYN,DYN,2012-10-03,2018-04-09,201804,True,2018,True,1,39
CSRA,CSRA,2015-11-30,2018-04-04,201804,True,2018,True,1,40
Q,Q,2013-05-09,2017-11-14,201103,True,2017,True,1,41
ALTR,ALTR,1988-04-04,2017-10-31,201512,True,2017,True,1,42
DOW,DOW,1972-06-01,2017-08-31,201708,True,2017,True,1,43
SE,SE,2007-01-03,2017-07-10,201702,True,2017,True,1,44
TIN,TIN,2017-01-25,2017-02-03,201202,True,2017,True,1,45
EMC,EMC,1988-12-16,2016-09-15,201609,True,2016,True,1,46
ONE,ONE,2010-06-16,2016-08-04,200406,True,2016,True,1,47
GAS,GAS,1973-05-03,2016-07-01,201112,True,2016,True,1,48
SNDK,SNDK,1995-11-08,2016-05-20,201605,True,2016,True,1,49
POM,POM,1987-01-02,2016-04-01,201603,True,2016,True,1,50
MIL,MIL,1996-05-08,2016-02-12,201007,True,2016,True,1,51
CMCSK,CMCSK,1990-03-26,2015-12-21,201512,True,2015,True,1,52
FSL,FSL,2011-05-26,2015-12-15,200612,True,2015,True,1,53
SIAL,SIAL,1990-03-26,2015-11-18,201511,True,2015,True,1,54
CNW,CNW,1980-01-02,2015-10-30,201510,True,2015,True,1,55
HCBK,HCBK,1999-07-13,2015-10-30,201510,True,2015,True,1,56
NRTLQ,NRTLQ,2010-01-04,2015-10-13,201510,True,2015,True,1,57
MEA,MEA,2005-08-17,2015-09-11,200201,True,2015,True,1,58
HSP,HSP,2004-05-03,2015-09-02,201509,True,2015,True,1,59
FDO,FDO,1985-02-25,2015-07-13,201507,True,2015,True,1,60
KRFT,KRFT,2012-09-17,2015-07-10,201507,True,2015,True,1,61
MWV,MWV,1985-07-01,2015-07-01,201507,True,2015,True,1,62
TEG,TEG,1988-01-05,2015-06-29,201506,True,2015,True,1,63
LO,LO,2002-02-01,2015-06-22,201506,True,2015,True,1,64
TRW,TRW,2004-02-03,2015-05-26,200212,True,2015,True,1,65
VTSS,VTSS,1991-12-11,2015-05-06,201504,True,2015,True,1,66
EDS,EDS,2007-12-03,2015-04-29,200808,True,2015,True,1,67
CFN,CFN,2009-08-21,2015-03-17,201503,True,2015,True,1,68
PETM,PETM,1993-07-23,2015-03-11,201503,True,2015,True,1,69
ANV,ANV,2007-05-10,2015-03-09,199904,True,2015,True,1,70
DELL,DELL,1988-08-17,2015-03-04,201310,True,2015,True,1,71
SWY,SWY,1990-04-26,2015-02-09,201501,True,2015,True,1,72
SAPE,SAPE,1996-04-04,2015-02-05,201502,True,2015,True,1,73
COV,COV,2007-06-14,2015-02-03,200203,True,2015,True,1,74
FWLT,FWLT,1972-06-01,2014-12-03,201412,True,2014,True,1,75
WLP,WLP,2014-09-22,2014-12-02,200411,True,2014,True,1,76
HSH,HSH,1986-05-05,2014-08-29,201408,True,2014,True,1,77
FRX,FRX,1988-04-19,2014-07-01,201406,True,2014,True,1,78
ABI,ABI,2009-05-11,2014-05-15,200811,True,2014,True,1,79
JNY,JNY,1991-05-16,2014-04-09,201404,True,2014,True,1,80
CSE,CSE,2003-08-07,2014-04-07,199911,True,2014,True,1,81
HMA,HMA,2006-12-28,2014-01-24,201401,True,2014,True,1,82
AAMRQ,AAMRQ,2001-01-02,2013-12-17,201312,True,2013,True,1,83
NYX,NYX,2007-06-04,2013-11-12,201311,True,2013,True,1,84
OMX,OMX,2006-12-28,2013-11-05,201311,True,2013,True,1,85
PCS,PCS,2007-04-19,2013-10-17,200404,True,2013,True,1,86
CVH,CVH,2006-12-28,2013-10-17,201305,True,2013,True,1,87
HNZ,HNZ,2001-01-02,2013-10-17,201306,True,2013,True,1,88
MHS,MHS,2006-12-28,2013-04-10,201203,True,2013,True,1,89
CEG,CEG,2006-12-28,2013-03-20,201203,True,2013,True,1,90
CMVT,CMVT,2013-02-04,2013-02-21,201302,True,2013,True,1,91
TIE,TIE,2006-12-28,2013-01-07,201301,True,2013,True,1,92
NLC,NLC,2011-09-13,2012-12-10,199912,True,2012,True,1,93
AYE,AYE,2006-12-28,2011-11-30,201102,True,2011,True,1,94
CSR,CSR,2007-10-29,2011-09-15,200006,True,2011,True,1,95
BJS,BJS,2006-12-28,2011-05-09,201004,True,2011,True,1,96
KG,KG,2011-02-28,2011-03-08,201102,True,2011,True,1,97
PBG,PBG,2001-01-02,2011-03-07,201002,True,2011,True,1,98
MFE,MFE,2006-12-28,2011-03-01,201102,True,2011,True,1,99
ACS,ACS,2010-02-05,2011-02-14,201002,True,2011,True,1,100
ADCT,ADCT,2001-01-02,2010-12-20,201012,True,2010,True,1,101
MIR,MIR,2006-12-28,2010-12-03,200005,True,2010,True,1,102
PALM,PALM,2007-10-25,2010-07-19,201006,True,2010,True,1,103
CFL,CFL,2008-11-03,2010-05-12,199804,True,2010,True,1,104
ROH,ROH,2006-12-28,2009-04-01,200904,True,2009,True,1,105
SOV,SOV,2006-12-28,2009-01-29,200901,True,2009,True,1,106
MER,MER,2006-12-28,2008-12-31,200812,True,2008,True,1,107
BRL,BRL,2006-12-28,2008-12-22,200812,True,2008,True,1,108
HPC,HPC,2006-12-28,2008-11-24,200811,True,2008,True,1,109
IKN,IKN,2006-12-28,2008-11-21,200810,True,2008,True,1,110
HVIIU,HVIIU,2025-01-17,2026-09-24,,False,2026,True,0,111
HVII,HVII,2025-02-10,2026-09-23,,False,2026,True,0,112
SVMH,SVMH,2023-12-08,2026-09-23,,False,2026,True,0,113
RIVR,RIVR,2016-01-04,2026-09-22,,False,2026,True,0,114
JCSE,JCSE,2022-04-22,2026-09-18,,False,2026,True,0,115
HCWC,HCWC,2024-09-16,2026-09-17,,False,2026,True,0,116
HYT-R,HYT-R,2022-09-22,2026-09-17,,False,2026,True,0,117
KTTAW,KTTAW,2021-09-15,2026-09-16,,False,2026,True,0,118
OKE,OKE,1985-07-01,2026-09-14,,False,2026,True,0,119
ATAI,ATAI,2021-06-18,2026-09-11,,False,2026,True,0,120
NTZ,NTZ,1993-05-13,2026-09-09,,False,2026,True,0,121
TMCWW,TMCWW,2020-06-26,2026-09-09,,False,2026,True,0,122
GIPRW,GIPRW,2021-10-05,2026-09-08,,False,2026,True,0,123
KWM,KWM,2025-05-14,2026-09-08,,False,2026,True,0,124
KWMWW,KWMWW,2025-05-14,2026-09-08,,False,2026,True,0,125
APGE,APGE,2023-07-14,2026-09-04,,False,2026,True,0,126
BTOG,BTOG,2019-08-14,2026-09-03,,False,2026,True,0,127
HWELW,HWELW,2021-09-23,2026-09-03,,False,2026,True,0,128
ARQQW,ARQQW,2021-04-06,2026-09-02,,False,2026,True,0,129
RCKTW,RCKTW,2023-02-27,2026-09-02,,False,2026,True,0,130
ZTEK,ZTEK,2016-01-04,2026-09-02,,False,2026,True,0,131
CRNX,CRNX,2018-07-18,2026-09-01,,False,2026,True,0,132
DVXE,DVXE,2025-07-23,2026-09-01,,False,2026,True,0,133
HLX,HLX,1997-07-01,2026-09-01,,False,2026,True,0,134
NCSM,NCSM,2017-04-28,2026-09-01,,False,2026,True,0,135
NCNC,NCNC,2023-08-25,2026-08-31,,False,2026,True,0,136
AREN,AREN,2007-07-13,2026-08-28,,False,2026,True,0,137
BCAR,BCAR,2025-08-20,2026-08-27,,False,2026,True,0,138
BCARU,BCARU,2025-07-31,2026-08-27,,False,2026,True,0,139
CMIIU,CMIIU,2021-02-23,2026-08-27,,False,2026,True,0,140
FBRX,FBRX,2017-04-13,2026-08-27,,False,2026,True,0,141
HOOZ,HOOZ,2025-11-13,2026-08-27,,False,2026,True,0,142
LEG,LEG,1987-11-05,2026-08-27,,False,2026,True,0,143
GDEVW,GDEVW,2020-10-02,2026-08-26,,False,2026,True,0,144
HUMAW,HUMAW,2020-11-24,2026-08-26,,False,2026,True,0,145
JUPGF,JUPGF,2018-11-05,2026-08-26,,False,2026,True,0,146
HRYU,HRYU,2023-08-01,2026-08-25,,False,2026,True,0,147
RMAX,RMAX,2013-10-02,2026-08-25,,False,2026,True,0,148
TWO,TWO,2009-10-30,2026-08-25,,False,2026,True,0,149
EDVA,EDVA,2019-02-05,2026-08-21,,False,2026,True,0,150
LBRDA,LBRDA,2014-11-04,2026-08-21,,False,2026,True,0,151
LBRDK,LBRDK,2014-11-04,2026-08-21,,False,2026,True,0,152
LBRDP,LBRDP,2020-12-22,2026-08-21,,False,2026,True,0,153
RNWWW,RNWWW,2021-02-01,2026-08-21,,False,2026,True,0,154
HONIV,HONIV,2025-10-21,2026-08-20,,False,2026,True,0,155
WBS,WBS,1986-12-12,2026-08-20,,False,2026,True,0,156
MDV,MDV,2022-02-11,2026-08-19,,False,2026,True,0,157
IWFL,IWFL,2021-02-05,2026-08-18,,False,2026,True,0,158
IWML,IWML,2021-02-05,2026-08-18,,False,2026,True,0,159
MTUL,MTUL,2021-02-05,2026-08-18,,False,2026,True,0,160
QULL,QULL,2021-02-05,2026-08-18,,False,2026,True,0,161
SCDL,SCDL,2021-02-05,2026-08-18,,False,2026,True,0,162
AVB,AVB,1994-03-11,2026-08-17,,False,2026,True,0,163
DRMAW,DRMAW,2021-08-13,2026-08-17,,False,2026,True,0,164
NXH,NXH,2002-05-30,2026-08-17,,False,2026,True,0,165
TALK,TALK,2020-07-30,2026-08-17,,False,2026,True,0,166
BBBY-WS,BBBY-WS,2025-10-13,2026-08-14,,False,2026,True,0,167
IPCX,IPCX,2025-06-16,2026-08-14,,False,2026,True,0,168
IPCXR,IPCXR,2025-06-16,2026-08-14,,False,2026,True,0,169
IPCXU,IPCXU,2025-04-25,2026-08-14,,False,2026,True,0,170
LIDRW,LIDRW,2021-01-06,2026-08-14,,False,2026,True,0,171
ANSCW,ANSCW,2024-01-03,2026-08-12,,False,2026,True,0,172
COOL,COOL,2021-02-19,2026-08-12,,False,2026,True,0,173
MNTSW,MNTSW,2019-12-30,2026-08-11,,False,2026,True,0,174
TJGC,TJGC,2025-01-22,2026-08-11,,False,2026,True,0,175
BKSY-WS,BKSY-WS,2021-09-10,2026-08-10,,False,2026,True,0,176
AXIA,AXIA,2008-11-19,2026-08-07,,False,2026,True,0,177
MVO,MVO,2007-01-19,2026-08-07,,False,2026,True,0,178
SRZNW,SRZNW,2021-08-12,2026-08-07,,False,2026,True,0,179
EA,EA,1990-03-26,2026-08-04,,False,2026,True,0,180
IMRA,IMRA,2025-04-03,2026-07-31,,False,2026,True,0,181
LPRO,LPRO,2018-03-06,2026-07-31,,False,2026,True,0,182
ORLA,ORLA,2017-10-03,2026-07-31,,False,2026,True,0,183
SKYT,SKYT,2021-04-21,2026-07-31,,False,2026,True,0,184
CRTO,CRTO,2013-10-30,2026-07-28,,False,2026,True,0,185
WAVS,WAVS,2022-04-11,2026-07-28,,False,2026,True,0,186
CCIXW,CCIXW,2024-06-21,2026-07-27,,False,2026,True,0,187
RSVRW,RSVRW,2021-01-07,2026-07-27,,False,2026,True,0,188
KORE,KORE,2021-10-01,2026-07-24,,False,2026,True,0,189
TMHC,TMHC,2013-04-10,2026-07-24,,False,2026,True,0,190
TONTU,TONTU,2024-06-26,2026-07-24,,False,2026,True,0,191
VLN-WS,VLN-WS,2021-09-30,2026-07-24,,False,2026,True,0,192
CELUW,CELUW,2019-07-19,2026-07-23,,False,2026,True,0,193
MVSTW,MVSTW,2019-03-27,2026-07-23,,False,2026,True,0,194
CAE,CAE,1996-01-10,2026-07-22,,False,2026,True,0,195
CCRN,CCRN,2001-10-25,2026-07-22,,False,2026,True,0,196
GRSD,GRSD,2021-07-23,2026-07-22,,False,2026,True,0,197
NSA,NSA,2015-04-23,2026-07-22,,False,2026,True,0,198
VLOS,VLOS,2024-09-23,2026-07-22,,False,2026,True,0,199
WGSWW,WGSWW,2020-10-29,2026-07-22,,False,2026,True,0,200
FFAIW,FFAIW,2020-08-28,2026-07-21,,False,2026,True,0,201
NFBK,NFBK,2007-11-08,2026-07-21,,False,2026,True,0,202
PCSC,PCSC,2024-06-12,2026-07-21,,False,2026,True,0,203
RBKB,RBKB,2019-01-17,2026-07-21,,False,2026,True,0,204
AGRZ,AGRZ,2025-10-01,2026-07-20,,False,2026,True,0,205
CLBK,CLBK,2018-04-20,2026-07-20,,False,2026,True,0,206
FGMCR,FGMCR,2025-02-11,2026-07-20,,False,2026,True,0,207
FGMCU,FGMCU,2025-01-29,2026-07-20,,False,2026,True,0,208
APM,APM,2018-12-18,2026-07-17,,False,2026,True,0,209
EVLVW,EVLVW,2023-05-05,2026-07-17,,False,2026,True,0,210
GORO,GORO,2006-09-14,2026-07-17,,False,2026,True,0,211
GTES,GTES,2018-01-25,2026-07-17,,False,2026,True,0,212
ODV,ODV,2017-10-17,2026-07-17,,False,2026,True,0,213
UBXG,UBXG,2024-03-28,2026-07-17,,False,2026,True,0,214
CPRX,CPRX,2006-11-08,2026-07-16,,False,2026,True,0,215
GTLS,GTLS,2006-07-26,2026-07-16,,False,2026,True,0,216
NUVL,NUVL,2021-07-29,2026-07-16,,False,2026,True,0,217
QTEXW,QTEXW,2021-07-14,2026-07-16,,False,2026,True,0,218
RQI-R,RQI-R,2020-01-16,2026-07-15,,False,2026,True,0,219
TDTH,TDTH,2024-09-10,2026-07-15,,False,2026,True,0,220
EEX,EEX,2017-04-28,2026-07-14,,False,2026,True,0,221
HLP,HLP,2023-03-29,2026-07-14,,False,2026,True,0,222
WSR,WSR,2010-08-26,2026-07-14,,False,2026,True,0,223
XOMA,XOMA,1989-04-05,2026-07-14,,False,2026,True,0,224
ESPR,ESPR,2013-06-26,2026-07-13,,False,2026,True,0,225
XPRO,XPRO,2013-08-09,2026-07-13,,False,2026,True,0,226
SLGB,SLGB,2025-10-15,2026-07-10,,False,2026,True,0,227
SVACW,SVACW,2025-09-30,2026-07-10,,False,2026,True,0,228
TBRG,TBRG,2002-05-21,2026-07-10,,False,2026,True,0,229
TE-WS,TE-WS,2025-03-03,2026-07-09,,False,2026,True,0,230
KLTO,KLTO,2024-09-17,2026-07-08,,False,2026,True,0,231
MSW,MSW,2024-11-22,2026-07-08,,False,2026,True,0,232
OLPX,OLPX,2021-09-30,2026-07-08,,False,2026,True,0,233
CEPT,CEPT,2025-05-02,2026-07-02,,False,2026,True,0,234
CWAN,CWAN,2021-09-24,2026-07-02,,False,2026,True,0,235
EVGOW,EVGOW,2020-11-20,2026-07-02,,False,2026,True,0,236
LIXT,LIXT,2010-04-08,2026-07-02,,False,2026,True,0,237
NIXXW,NIXXW,2021-06-30,2026-07-02,,False,2026,True,0,238
PRA,PRA,1991-09-04,2026-07-02,,False,2026,True,0,239
RAAQ,RAAQ,2025-06-02,2026-07-02,,False,2026,True,0,240
RAAQU,RAAQU,2025-04-29,2026-07-02,,False,2026,True,0,241
RAAQW,RAAQW,2025-06-02,2026-07-02,,False,2026,True,0,242
BLD,BLD,2015-07-01,2026-07-01,,False,2026,True,0,243
CIRC,CIRC,2021-08-27,2026-07-01,,False,2026,True,0,244
GWH-WS,GWH-WS,2021-10-11,2026-07-01,,False,2026,True,0,245
ITG,ITG,1994-05-04,2026-07-01,,False,2026,True,0,246
JHG,JHG,2000-06-26,2026-07-01,,False,2026,True,0,247
LIME,LIME,2000-01-31,2026-07-01,,False,2026,True,0,248
NSLRL,NSLRL,2021-12-17,2026-07-01,,False,2026,True,0,249
SEM,SEM,2009-09-25,2026-07-01,,False,2026,True,0,250
SILA,SILA,2021-02-05,2026-07-01,,False,2026,True,0,251
STEL,STEL,2017-11-08,2026-07-01,,False,2026,True,0,252
TPTA,TPTA,2021-06-15,2026-07-01,,False,2026,True,0,253
WTO,WTO,2021-04-06,2026-07-01,,False,2026,True,0,254
AAC-U,AAC-U,2021-02-02,2026-06-30,,False,2026,True,0,255
CBAT,CBAT,2002-09-25,2026-06-30,,False,2026,True,0,256
CIFC,CIFC,2016-01-04,2026-06-30,,False,2026,True,0,257
GOGL,GOGL,1997-02-07,2026-06-30,,False,2026,True,0,258
HODO,HODO,2025-03-06,2026-06-30,,False,2026,True,0,259
MIC,MIC,2004-12-16,2026-06-30,,False,2026,True,0,260
NSLR,NSLR,2011-04-28,2026-06-30,,False,2026,True,0,261
SMCC,SMCC,2025-08-20,2026-06-30,,False,2026,True,0,262
TBLAW,TBLAW,2020-10-28,2026-06-30,,False,2026,True,0,263
LBYAV,LBYAV,2024-11-04,2026-06-29,,False,2026,True,0,264
LBYKV,LBYKV,2024-11-04,2026-06-29,,False,2026,True,0,265
VSNTV,VSNTV,2025-12-15,2026-06-29,,False,2026,True,0,266
ICPT,ICPT,2012-10-11,2026-06-26,,False,2026,True,0,267
PITA,PITA,2024-07-29,2026-06-26,,False,2026,True,0,268
CNTA,CNTA,2021-05-28,2026-06-25,,False,2026,True,0,269
LANV-WS,LANV-WS,2022-12-15,2026-06-25,,False,2026,True,0,270
ORGNW,ORGNW,2020-09-04,2026-06-24,,False,2026,True,0,271
ECHO,ECHO,2009-10-02,2026-06-23,,False,2026,True,0,272
LOKVU,LOKVU,2025-02-28,2026-06-23,,False,2026,True,0,273
LOKV,LOKV,2025-04-21,2026-06-22,,False,2026,True,0,274
MYPSW,MYPSW,2024-10-07,2026-06-18,,False,2026,True,0,275
SKLZ,SKLZ,2020-04-27,2026-06-18,,False,2026,True,0,276
ASRT,ASRT,2003-12-17,2026-06-17,,False,2026,True,0,277
KW,KW,2007-12-03,2026-06-16,,False,2026,True,0,278
NVA,NVA,2024-07-24,2026-06-16,,False,2026,True,0,279
HSPT,HSPT,2025-02-05,2026-06-15,,False,2026,True,0,280
HSPTR,HSPTR,2025-02-05,2026-06-15,,False,2026,True,0,281
HSPTU,HSPTU,2024-11-15,2026-06-15,,False,2026,True,0,282
FCRX,FCRX,2021-05-27,2026-06-12,,False,2026,True,0,283
KALV,KALV,2015-04-09,2026-06-12,,False,2026,True,0,284
MLAC,MLAC,2025-02-03,2026-06-11,,False,2026,True,0,285
MLACR,MLACR,2025-02-03,2026-06-11,,False,2026,True,0,286
MLACU,MLACU,2024-12-13,2026-06-11,,False,2026,True,0,287
QSIAW,QSIAW,2020-11-04,2026-06-11,,False,2026,True,0,288
VACH,VACH,2024-09-30,2026-06-11,,False,2026,True,0,289
VACHU,VACHU,2024-08-09,2026-06-11,,False,2026,True,0,290
VACHW,VACHW,2024-09-30,2026-06-11,,False,2026,True,0,291
MASI,MASI,2007-08-08,2026-06-10,,False,2026,True,0,292
KPLTW,KPLTW,2019-12-27,2026-06-09,,False,2026,True,0,293
LEGT,LEGT,2024-03-28,2026-06-09,,False,2026,True,0,294
LEGT-U,LEGT-U,2024-02-06,2026-06-09,,False,2026,True,0,295
LEGT-WS,LEGT-WS,2024-03-28,2026-06-09,,False,2026,True,0,296
PASW,PASW,2025-07-18,2026-06-09,,False,2026,True,0,297
CGCTU,CGCTU,2025-05-02,2026-06-08,,False,2026,True,0,298
FONR,FONR,1993-10-27,2026-06-05,,False,2026,True,0,299
NXPLW,NXPLW,2021-05-28,2026-06-03,,False,2026,True,0,300
FFIC,FFIC,1995-11-21,2026-06-01,,False,2026,True,0,301
NVRI,NVRI,1987-11-05,2026-05-29,,False,2026,True,0,302
AAGRW,AAGRW,2023-12-07,2026-05-28,,False,2026,True,0,303
ACII,ACII,2025-09-25,2026-05-28,,False,2026,True,0,304
AEAE,AEAE,2021-12-13,2026-05-28,,False,2026,True,0,305
AEAEU,AEAEU,2021-10-29,2026-05-28,,False,2026,True,0,306
AEAEW,AEAEW,2021-12-13,2026-05-28,,False,2026,True,0,307
AEHA,AEHA,2021-11-08,2026-05-28,,False,2026,True,0,308
AERTW,AERTW,2021-12-21,2026-05-28,,False,2026,True,0,309
AHRT,AHRT,2023-09-11,2026-05-28,,False,2026,True,0,310
AIFC,AIFC,1991-11-07,2026-05-28,,False,2026,True,0,311
AMWD,AMWD,1986-07-21,2026-05-28,,False,2026,True,0,312
ARMH,ARMH,1998-04-17,2026-05-28,,False,2026,True,0,313
AVHI,AVHI,2003-05-23,2026-05-28,,False,2026,True,0,314
BHAC,BHAC,2015-03-17,2026-05-28,,False,2026,True,0,315
BNH,BNH,2020-10-21,2026-05-28,,False,2026,True,0,316
CANOQ,CANOQ,2012-03-12,2026-05-28,,False,2026,True,0,317
CAS,CAS,1980-03-17,2026-05-28,,False,2026,True,0,318
CNGL,CNGL,2024-07-30,2026-05-28,,False,2026,True,0,319
CNL,CNL,2016-01-04,2026-05-28,,False,2026,True,0,320
CPAAW,CPAAW,2016-09-15,2026-05-28,,False,2026,True,0,321
CRACU,CRACU,2025-05-23,2026-05-28,,False,2026,True,0,322
CVGW,CVGW,2002-07-22,2026-05-28,,False,2026,True,0,323
EDR,EDR,2005-01-26,2026-05-28,,False,2026,True,0,324
ENCP,ENCP,2022-01-10,2026-05-28,,False,2026,True,0,325
FLNA,FLNA,2017-10-13,2026-05-28,,False,2026,True,0,326
GLACR,GLACR,2018-08-08,2026-05-28,,False,2026,True,0,327
GLACU,GLACU,2018-07-25,2026-05-28,,False,2026,True,0,328
GPAC,GPAC,2015-10-29,2026-05-28,,False,2026,True,0,329
GSOL,GSOL,2000-04-17,2026-05-28,,False,2026,True,0,330
INFA,INFA,1999-04-29,2026-05-28,,False,2026,True,0,331
LIPO,LIPO,2025-10-17,2026-05-28,,False,2026,True,0,332
LTCH,LTCH,2024-04-02,2026-05-28,,False,2026,True,0,333
MGAM,MGAM,1995-02-01,2026-05-28,,False,2026,True,0,334
MVRK,MVRK,2012-09-05,2026-05-28,,False,2026,True,0,335
NPWR-WS,NPWR-WS,2021-08-06,2026-05-28,,False,2026,True,0,336
OPTXW,OPTXW,2022-01-25,2026-05-28,,False,2026,True,0,337
PHXM,PHXM,2016-07-05,2026-05-28,,False,2026,True,0,338
PRST,PRST,2024-09-17,2026-05-28,,False,2026,True,0,339
PSQH-WS,PSQH-WS,2021-07-07,2026-05-28,,False,2026,True,0,340
RAIN,RAIN,2025-01-02,2026-05-28,,False,2026,True,0,341
SLGC,SLGC,2021-04-23,2026-05-28,,False,2026,True,0,342
SLGCW,SLGCW,2021-04-16,2026-05-28,,False,2026,True,0,343
SOQ,SOQ,2017-09-22,2026-05-28,,False,2026,True,0,344
SPWR,SPWR,2021-04-19,2026-05-28,,False,2026,True,0,345
STEC,STEC,2000-09-29,2026-05-28,,False,2026,True,0,346
STGC,STGC,2020-10-30,2026-05-28,,False,2026,True,0,347
STRD,STRD,2025-06-06,2026-05-28,,False,2026,True,0,348
TLSIW,TLSIW,2021-02-08,2026-05-28,,False,2026,True,0,349
TMH,TMH,2016-01-04,2026-05-28,,False,2026,True,0,350
UNAMQ,UNAMQ,1990-03-26,2026-05-28,,False,2026,True,0,351
VRE,VRE,1994-08-25,2026-05-26,,False,2026,True,0,352
GIG,GIG,2024-09-11,2026-05-22,,False,2026,True,0,353
GIGGW,GIGGW,2024-09-11,2026-05-22,,False,2026,True,0,354
NRXPW,NRXPW,2017-12-01,2026-05-22,,False,2026,True,0,355
USGOW,USGOW,2023-04-20,2026-05-22,,False,2026,True,0,356
BRKHU,BRKHU,2021-12-13,2026-05-20,,False,2026,True,0,357
DTSTW,DTSTW,2021-05-14,2026-05-19,,False,2026,True,0,358
ECCW,ECCW,2021-03-29,2026-05-19,,False,2026,True,0,359
ECCX,ECCX,2018-04-30,2026-05-19,,False,2026,True,0,360
MCW,MCW,2021-06-25,2026-05-19,,False,2026,True,0,361
SLNO,SLNO,2014-11-13,2026-05-19,,False,2026,True,0,362
CAEP,CAEP,2025-06-26,2026-05-15,,False,2026,True,0,363
FORA,FORA,2021-03-03,2026-05-15,,False,2026,True,0,364
LGCB,LGCB,2023-12-19,2026-05-15,,False,2026,True,0,365
ZBAI,ZBAI,2024-12-17,2026-05-15,,False,2026,True,0,366
APLS,APLS,2017-11-09,2026-05-14,,False,2026,True,0,367
CSGS,CSGS,1996-02-28,2026-05-14,,False,2026,True,0,368
EHAB,EHAB,2022-07-01,2026-05-14,,False,2026,True,0,369
MPX,MPX,2001-02-28,2026-05-14,,False,2026,True,0,370
SNCY,SNCY,2021-03-17,2026-05-13,,False,2026,True,0,371
TPH,TPH,2013-01-31,2026-05-13,,False,2026,True,0,372
RVYL,RVYL,2022-10-24,2026-05-12,,False,2026,True,0,373
KZR,KZR,2018-06-21,2026-05-11,,False,2026,True,0,374
UDMY,UDMY,2021-10-29,2026-05-11,,False,2026,True,0,375
CTLP,CTLP,1999-06-07,2026-05-08,,False,2026,True,0,376
EWCZ,EWCZ,2021-08-05,2026-05-08,,False,2026,True,0,377
WLAC,WLAC,2024-12-30,2026-05-08,,False,2026,True,0,378
WLACU,WLACU,2024-11-08,2026-05-08,,False,2026,True,0,379
WLACW,WLACW,2025-01-02,2026-05-08,,False,2026,True,0,380
CUK,CUK,2000-10-23,2026-05-07,,False,2026,True,0,381
SRTAW,SRTAW,2025-08-29,2026-05-07,,False,2026,True,0,382
CTRA,CTRA,1990-02-08,2026-05-06,,False,2026,True,0,383
PKST,PKST,2021-02-12,2026-05-06,,False,2026,True,0,384
FARM,FARM,1990-03-26,2026-05-05,,False,2026,True,0,385
TERN,TERN,2021-02-05,2026-05-05,,False,2026,True,0,386
UHG,UHG,2021-03-29,2026-05-05,,False,2026,True,0,387
UHGWW,UHGWW,2021-03-24,2026-05-05,,False,2026,True,0,388
GAINN,GAINN,2021-03-04,2026-05-04,,False,2026,True,0,389
CWEN-A,CWEN-A,2015-05-15,2026-05-01,,False,2026,True,0,390
GDEN,GDEN,2015-08-04,2026-05-01,,False,2026,True,0,391
LNKB,LNKB,2020-06-01,2026-05-01,,False,2026,True,0,392
RCB,RCB,2019-07-25,2026-05-01,,False,2026,True,0,393
STKL,STKL,1990-03-26,2026-05-01,,False,2026,True,0,394
EM,EM,2021-04-01,2026-04-30,,False,2026,True,0,395
ETHM,ETHM,2025-08-26,2026-04-30,,False,2026,True,0,396
ETHMW,ETHMW,2025-08-27,2026-04-30,,False,2026,True,0,397
NXG-R,NXG-R,2024-06-24,2026-04-30,,False,2026,True,0,398
OCCIO,OCCIO,2021-04-23,2026-04-29,,False,2026,True,0,399
SEMR,SEMR,2021-03-24,2026-04-28,,False,2026,True,0,400
COEPW,COEPW,2020-12-17,2026-04-27,,False,2026,True,0,401
FOLD,FOLD,2007-05-31,2026-04-27,,False,2026,True,0,402
BTFL,BTFL,2025-12-30,2026-04-24,,False,2026,True,0,403
DAWN,DAWN,2021-05-27,2026-04-23,,False,2026,True,0,404
DHIL,DHIL,1997-05-09,2026-04-22,,False,2026,True,0,405
GAB-R,GAB-R,2021-06-07,2026-04-21,,False,2026,True,0,406
MRCC,MRCC,2012-10-25,2026-04-21,,False,2026,True,0,407
PERF-WS,PERF-WS,2022-10-31,2026-04-16,,False,2026,True,0,408
NHS-R,NHS-R,2022-04-21,2026-04-14,,False,2026,True,0,409
ZGM,ZGM,2025-09-09,2026-04-13,,False,2026,True,0,410
SPLS,SPLS,1990-03-26,2026-04-10,201709,True,2026,True,0,411
SEE,SEE,1987-12-30,2026-04-09,,False,2026,True,0,412
HYAC,HYAC,2023-09-15,2026-04-08,,False,2026,True,0,413
HYAC-WS,HYAC-WS,2023-09-18,2026-04-08,,False,2026,True,0,414
HOLX,HOLX,1990-03-26,2026-04-07,,False,2026,True,0,415
INVZW,INVZW,2021-04-06,2026-04-07,,False,2026,True,0,416
SWKH,SWKH,2009-06-01,2026-04-07,,False,2026,True,0,417
EICC,EICC,2024-04-11,2026-04-02,,False,2026,True,0,418
FFWM,FFWM,2014-11-03,2026-04-01,,False,2026,True,0,419
ONTF,ONTF,2021-02-03,2026-04-01,,False,2026,True,0,420
VCICU,VCICU,2024-09-06,2026-04-01,,False,2026,True,0,421
VCICW,VCICW,2024-10-28,2026-04-01,,False,2026,True,0,422
BBU,BBU,2016-06-17,2026-03-31,,False,2026,True,0,423
TFSA,TFSA,2021-02-11,2026-03-31,,False,2026,True,0,424
CHAC,CHAC,2025-05-19,2026-03-27,,False,2026,True,0,425
CHACR,CHACR,2025-05-19,2026-03-27,,False,2026,True,0,426
CHACU,CHACU,2025-04-25,2026-03-27,,False,2026,True,0,427
VIVO,VIVO,1992-02-26,2026-03-27,,False,2026,True,0,428
DVS,DVS,2025-04-21,2026-03-26,,False,2026,True,0,429
NOTE-WS,NOTE-WS,2022-08-01,2026-03-26,,False,2026,True,0,430
PELI,PELI,2025-06-12,2026-03-26,,False,2026,True,0,431
PELIU,PELIU,2025-05-23,2026-03-26,,False,2026,True,0,432
DTCK,DTCK,2023-09-19,2026-03-25,,False,2026,True,0,433
CELT,CELT,2025-10-08,2026-03-24,,False,2026,True,0,434
EXAS,EXAS,2001-02-01,2026-03-24,,False,2026,True,0,435
AIB,AIB,2012-11-08,2026-03-20,,False,2026,True,0,436
CMLSQ,CMLSQ,2017-12-01,2026-03-20,,False,2026,True,0,437
FTW,FTW,2024-09-27,2026-03-20,,False,2026,True,0,438
NGD,NGD,2004-11-18,2026-03-20,,False,2026,True,0,439
TGNA,TGNA,1985-07-01,2026-03-20,,False,2026,True,0,440
NVVEW,NVVEW,2021-03-23,2026-03-19,,False,2026,True,0,441
BACQR,BACQR,2024-12-02,2026-03-17,,False,2026,True,0,442
CFLT,CFLT,2021-06-24,2026-03-17,,False,2026,True,0,443
BACQ,BACQ,2024-12-02,2026-03-16,,False,2026,True,0,444
IROQ,IROQ,2011-07-08,2026-03-16,,False,2026,True,0,445
SGN,SGN,2023-11-14,2026-03-16,,False,2026,True,0,446
ALEX,ALEX,2012-06-14,2026-03-12,,False,2026,True,0,447
DC-WS,DC-WS,2022-08-31,2026-03-12,,False,2026,True,0,448
AEVAW,AEVAW,2020-02-27,2026-03-11,,False,2026,True,0,449
FTEL,FTEL,2023-08-08,2026-03-11,,False,2026,True,0,450
KLTOW,KLTOW,2024-09-17,2026-03-11,,False,2026,True,0,451
OUSTZ,OUSTZ,2020-10-09,2026-03-11,,False,2026,True,0,452
CRESW,CRESW,2021-06-25,2026-03-10,,False,2026,True,0,453
EB,EB,2018-09-20,2026-03-10,,False,2026,True,0,454
FTW-U,FTW-U,2025-11-06,2026-03-05,,False,2026,True,0,455
RAPT,RAPT,2019-10-31,2026-03-04,,False,2026,True,0,456
VTYX,VTYX,2021-10-21,2026-03-04,,False,2026,True,0,457
MBCN,MBCN,2002-06-05,2026-03-03,,False,2026,True,0,458
RNAM,RNAM,2013-06-28,2026-03-03,,False,2026,True,0,459
NETX,NETX,2025-10-08,2026-03-02,,False,2026,True,0,460
BCTXW,BCTXW,2021-02-24,2026-02-27,,False,2026,True,0,461
RNA,RNA,2020-06-12,2026-02-26,,False,2026,True,0,462
RYI,RYI,2014-08-08,2026-02-23,200710,True,2026,True,0,463
DSY,DSY,2024-06-06,2026-02-20,,False,2026,True,0,464
AMPGW,AMPGW,2021-02-17,2026-02-18,,False,2026,True,0,465
AUUDW,AUUDW,2021-02-17,2026-02-18,,False,2026,True,0,466
CCCXU,CCCXU,2025-05-13,2026-02-13,,False,2026,True,0,467
SOHO,SOHO,2004-12-17,2026-02-13,,False,2026,True,0,468
AVDL,AVDL,1996-06-07,2026-02-12,,False,2026,True,0,469
NUVB-WS,NUVB-WS,2021-02-11,2026-02-12,,False,2026,True,0,470
CYBR,CYBR,2014-09-24,2026-02-11,,False,2026,True,0,471
DVAX,DVAX,2004-02-19,2026-02-11,,False,2026,True,0,472
THS,THS,2005-06-28,2026-02-11,,False,2026,True,0,473
HI,HI,2008-03-28,2026-02-10,200303,True,2026,True,0,474
GBIO,GBIO,2020-06-12,2026-02-09,,False,2026,True,0,475
DFNS,DFNS,2020-03-23,2026-02-06,,False,2026,True,0,476
EXEEL,EXEEL,2021-02-10,2026-02-06,,False,2026,True,0,477
EXEEW,EXEEW,2021-02-10,2026-02-06,,False,2026,True,0,478
EXEEZ,EXEEZ,2021-02-10,2026-02-06,,False,2026,True,0,479
LMND-WS,LMND-WS,2023-03-10,2026-02-05,,False,2026,True,0,480
DAY,DAY,2018-04-26,2026-02-03,,False,2026,True,0,481
FSFG,FSFG,2008-10-08,2026-02-02,,False,2026,True,0,482
PCH,PCH,1985-11-11,2026-02-02,,False,2026,True,0,483
CADE,CADE,1985-10-16,2026-01-30,,False,2026,True,0,484
CMA,CMA,1990-03-26,2026-01-30,,False,2026,True,0,485
JAMF,JAMF,2020-07-22,2026-01-30,,False,2026,True,0,486
CIVI,CIVI,2011-12-15,2026-01-29,,False,2026,True,0,487
ECCF,ECCF,2024-01-29,2026-01-29,,False,2026,True,0,488
RPTX,RPTX,2020-06-19,2026-01-28,,False,2026,True,0,489
SHCO,SHCO,2021-07-15,2026-01-28,,False,2026,True,0,490
ABXL,ABXL,2025-12-30,2026-01-27,,False,2026,True,0,491
PLYM,PLYM,2017-06-09,2026-01-27,,False,2026,True,0,492
ATXS,ATXS,2015-06-25,2026-01-23,,False,2026,True,0,493
RELI,RELI,2016-02-02,2026-01-23,,False,2026,True,0,494
RELIW,RELIW,2021-02-09,2026-01-23,,False,2026,True,0,495
GES,GES,1996-08-08,2026-01-22,,False,2026,True,0,496
FYBR,FYBR,2021-05-04,2026-01-20,,False,2026,True,0,497
SMLR,SMLR,2014-02-21,2026-01-16,,False,2026,True,0,498
VSSYW,VSSYW,2021-01-15,2026-01-16,,False,2026,True,0,499
BFLY-WS,BFLY-WS,2021-02-16,2026-01-13,,False,2026,True,0,500
LEXXW,LEXXW,2021-01-12,2026-01-13,,False,2026,True,0,501
CLCO,CLCO,2023-03-17,2026-01-12,,False,2026,True,0,502
CIO,CIO,2014-04-15,2026-01-08,,False,2026,True,0,503
HOUS,HOUS,2012-10-11,2026-01-08,,False,2026,True,0,504
CDTX,CDTX,2015-04-15,2026-01-07,,False,2026,True,0,505
DGLY,DGLY,2007-05-16,2026-01-07,,False,2026,True,0,506
SLRX,SLRX,2015-01-29,2026-01-07,,False,2026,True,0,507
MRSN,MRSN,2017-06-28,2026-01-06,,False,2026,True,0,508
CVE-WS,CVE-WS,2021-01-06,2026-01-05,,False,2026,True,0,509
PBBK,PBBK,2021-07-15,2026-01-05,,False,2026,True,0,510
BFIN,BFIN,2005-06-28,2026-01-02,,False,2026,True,0,511
PNFP,PNFP,2000-08-22,2025-12-31,,False,2025,True,0,512
PNFPP,PNFPP,2020-05-28,2025-12-31,,False,2025,True,0,513
SNV,SNV,1990-01-12,2025-12-31,,False,2025,True,0,514
MRUS,MRUS,2016-05-19,2025-12-30,,False,2025,True,0,515
WOW,WOW,2017-05-25,2025-12-30,,False,2025,True,0,516
LGL-WS,LGL-WS,2020-11-18,2025-12-29,,False,2025,True,0,517
EICB,EICB,2023-07-31,2025-12-26,,False,2025,True,0,518
ELP,ELP,1998-06-03,2025-12-24,,False,2025,True,0,519
IAS,IAS,2021-06-30,2025-12-23,,False,2025,True,0,520
BTMDW,BTMDW,2017-11-17,2025-12-19,,False,2025,True,0,521
UWMC-WS,UWMC-WS,2021-01-22,2025-12-19,,False,2025,True,0,522
PGRE,PGRE,2014-11-19,2025-12-18,,False,2025,True,0,523
EVOK,EVOK,2013-09-25,2025-12-17,,False,2025,True,0,524
SPNS,SPNS,1998-03-05,2025-12-17,,False,2025,True,0,525
RBOT-WS,RBOT-WS,2021-09-20,2025-12-16,,False,2025,True,0,526
BARK-WS,BARK-WS,2021-06-02,2025-12-15,,False,2025,True,0,527
BEDU,BEDU,2017-05-18,2025-12-15,,False,2025,True,0,528
LLYVA,LLYVA,2023-08-04,2025-12-15,,False,2025,True,0,529
LLYVK,LLYVK,2023-08-04,2025-12-15,,False,2025,True,0,530
BLMZ,BLMZ,2024-07-24,2025-12-12,,False,2025,True,0,531
RVPHW,RVPHW,2018-10-18,2025-12-12,,False,2025,True,0,532
SOL,SOL,2008-01-29,2025-12-12,,False,2025,True,0,533
VTLE,VTLE,2011-12-15,2025-12-12,,False,2025,True,0,534
K,K,1984-12-17,2025-12-11,,False,2025,True,0,535
HTOOW,HTOOW,2020-12-10,2025-12-10,,False,2025,True,0,536
OCFT,OCFT,2019-12-13,2025-12-10,,False,2025,True,0,537
SRV-R,SRV-R,2023-11-22,2025-12-10,,False,2025,True,0,538
YMAT,YMAT,2025-07-30,2025-12-10,,False,2025,True,0,539
AKRO,AKRO,2019-06-20,2025-12-09,,False,2025,True,0,540
ATMVR,ATMVR,2023-01-25,2025-12-09,,False,2025,True,0,541
ATMVU,ATMVU,2022-12-19,2025-12-09,,False,2025,True,0,542
NETD,NETD,2023-09-05,2025-12-09,,False,2025,True,0,543
RFL-WS,RFL-WS,2025-04-01,2025-12-09,,False,2025,True,0,544
SCS,SCS,1998-02-18,2025-12-09,,False,2025,True,0,545
PRO,PRO,2007-07-26,2025-12-08,,False,2025,True,0,546
BRR,BRR,2025-07-30,2025-12-05,,False,2025,True,0,547
BWSN,BWSN,2021-02-17,2025-12-05,,False,2025,True,0,548
LVTX,LVTX,2021-03-25,2025-12-05,,False,2025,True,0,549
SPR,SPR,2006-11-28,2025-12-05,,False,2025,True,0,550
TTE,TTE,1991-10-25,2025-12-05,,False,2025,True,0,551
SEVNR,SEVNR,2025-11-10,2025-12-04,,False,2025,True,0,552
INEO,INEO,2024-10-23,2025-12-03,,False,2025,True,0,553
SONN,SONN,2006-10-31,2025-12-02,,False,2025,True,0,554
AMRK,AMRK,2014-03-17,2025-12-01,,False,2025,True,0,555
AMBP-WS,AMBP-WS,2021-08-05,2025-11-28,,False,2025,True,0,556
LIXTW,LIXTW,2020-11-25,2025-11-28,,False,2025,True,0,557
CHEK,CHEK,2015-03-04,2025-11-26,,False,2025,True,0,558
IPG,IPG,1987-11-05,2025-11-26,,False,2025,True,0,559
VRNT,VRNT,2002-05-16,2025-11-26,,False,2025,True,0,560
PINC,PINC,2013-09-26,2025-11-25,,False,2025,True,0,561
VMEO,VMEO,2021-05-25,2025-11-24,,False,2025,True,0,562
JGH-R,JGH-R,2025-10-23,2025-11-19,,False,2025,True,0,563
OSG,OSG,2013-05-01,2025-11-19,,False,2025,True,0,564
SRDX,SRDX,1998-03-04,2025-11-19,,False,2025,True,0,565
GCMGW,GCMGW,2020-11-18,2025-11-18,,False,2025,True,0,566
UKOMW,UKOMW,2020-11-18,2025-11-18,,False,2025,True,0,567
EOSEW,EOSEW,2020-06-03,2025-11-17,,False,2025,True,0,568
OPP-R,OPP-R,2019-11-11,2025-11-17,,False,2025,True,0,569
QBTS-WS,QBTS-WS,2022-08-08,2025-11-17,,False,2025,True,0,570
MTSR,MTSR,2025-01-31,2025-11-13,,False,2025,True,0,571
EMX,EMX,2007-08-28,2025-11-12,,False,2025,True,0,572
PTN,PTN,1997-10-15,2025-11-11,,False,2025,True,0,573
TEAF,TEAF,2019-03-27,2025-11-07,,False,2025,True,0,574
ETHZW,ETHZW,2017-06-27,2025-11-05,,False,2025,True,0,575
MRC,MRC,2012-04-12,2025-11-05,,False,2025,True,0,576
BNKKW,BNKKW,2020-10-30,2025-11-03,,False,2025,True,0,577
CFSB,CFSB,2022-01-13,2025-11-03,,False,2025,True,0,578
CCIA,CCIA,2023-10-27,2025-10-31,,False,2025,True,0,579
FTWU,FTWU,2024-08-07,2025-10-31,,False,2025,True,0,580
FTWWS,FTWWS,2024-09-27,2025-10-31,,False,2025,True,0,581
Q-W,Q-W,2025-10-27,2025-10-31,,False,2025,True,0,582
CCRD,CCRD,1995-08-18,2025-10-30,,False,2025,True,0,583
ETNB,ETNB,2019-11-11,2025-10-30,,False,2025,True,0,584
NLSPW,NLSPW,2021-01-29,2025-10-30,,False,2025,True,0,585
TIXT,TIXT,2021-02-03,2025-10-30,,False,2025,True,0,586
SOLSV,SOLSV,2025-10-20,2025-10-29,,False,2025,True,0,587
IMSR,IMSR,2024-10-10,2025-10-28,,False,2025,True,0,588
BRW-R,BRW-R,2025-10-08,2025-10-27,,False,2025,True,0,589
PBPB,PBPB,2013-10-04,2025-10-23,,False,2025,True,0,590
CSLMF,CSLMF,2025-01-21,2025-10-22,,False,2025,True,0,591
EMISU,EMISU,2025-09-25,2025-10-21,,False,2025,True,0,592
PHLT,PHLT,2012-08-10,2025-10-21,,False,2025,True,0,593
SAND,SAND,2009-05-29,2025-10-17,,False,2025,True,0,594
WNS,WNS,2024-03-28,2025-10-16,,False,2025,True,0,595
ARIS,ARIS,2021-10-22,2025-10-15,,False,2025,True,0,596
AVDX,AVDX,2021-10-13,2025-10-15,,False,2025,True,0,597
CURIW,CURIW,2020-01-07,2025-10-15,,False,2025,True,0,598
UTF-R,UTF-R,2025-09-25,2025-10-15,,False,2025,True,0,599
NEUE,NEUE,2021-06-24,2025-10-14,,False,2025,True,0,600
EPIX,EPIX,2015-07-09,2025-10-13,,False,2025,True,0,601
PXSAW,PXSAW,2020-10-08,2025-10-10,,False,2025,True,0,602
EMO-R,EMO-R,2025-09-17,2025-10-09,,False,2025,True,0,603
GSRT,GSRT,2024-12-19,2025-10-09,,False,2025,True,0,604
GSRTR,GSRTR,2024-12-19,2025-10-09,,False,2025,True,0,605
GSRTU,GSRTU,2024-11-07,2025-10-09,,False,2025,True,0,606
SHOT,SHOT,2023-09-15,2025-10-09,,False,2025,True,0,607
SWIN,SWIN,2023-09-07,2025-10-09,,False,2025,True,0,608
MGRM,MGRM,2023-05-18,2025-10-07,,False,2025,True,0,609
SCPH,SCPH,2017-11-17,2025-10-07,,False,2025,True,0,610
VRNA,VRNA,2017-04-27,2025-10-07,,False,2025,True,0,611
SOFL,SOFL,2025-07-02,2025-10-06,,False,2025,True,0,612
COOP,COOP,2012-03-28,2025-10-01,,False,2025,True,0,613
TTNP,TTNP,2006-12-28,2025-10-01,,False,2025,True,0,614
GNTY,GNTY,2017-05-09,2025-09-30,,False,2025,True,0,615
IROHR,IROHR,2024-02-16,2025-09-30,,False,2025,True,0,616
IROHU,IROHU,2023-12-27,2025-09-30,,False,2025,True,0,617
OUSTW,OUSTW,2024-12-23,2025-09-30,,False,2025,True,0,618
RENB,RENB,2025-09-29,2025-09-30,,False,2025,True,0,619
DMYY-U,DMYY-U,2022-09-30,2025-09-29,,False,2025,True,0,620
DMYY-WS,DMYY-WS,2022-11-29,2025-09-29,,False,2025,True,0,621
WOLF,WOLF,1993-02-09,2025-09-26,,False,2025,True,0,622
KLG,KLG,2023-09-27,2025-09-25,,False,2025,True,0,623
THTX,THTX,2016-01-04,2025-09-25,,False,2025,True,0,624
BASE,BASE,2021-07-22,2025-09-24,,False,2025,True,0,625
BLOX,BLOX,2012-04-19,2025-09-24,,False,2025,True,0,626
DALN,DALN,2008-02-11,2025-09-24,,False,2025,True,0,627
BRFS,BRFS,2001-01-02,2025-09-22,,False,2025,True,0,628
SPTN,SPTN,2000-08-02,2025-09-22,,False,2025,True,0,629
NXLIW,NXLIW,2022-09-16,2025-09-19,,False,2025,True,0,630
ANTE,ANTE,2007-11-07,2025-09-18,,False,2025,True,0,631
HLVX,HLVX,2022-04-29,2025-09-17,,False,2025,True,0,632
XIN,XIN,2007-12-12,2025-09-17,,False,2025,True,0,633
YMAB,YMAB,2018-09-21,2025-09-16,,False,2025,True,0,634
OLO,OLO,2021-03-17,2025-09-12,,False,2025,True,0,635
SKX,SKX,1999-06-09,2025-09-12,,False,2025,True,0,636
TURN,TURN,2017-02-01,2025-09-12,,False,2025,True,0,637
DRRX,DRRX,2000-09-28,2025-09-11,,False,2025,True,0,638
PORT,PORT,2024-03-25,2025-09-10,,False,2025,True,0,639
HSON,HSON,2025-09-05,2025-09-09,,False,2025,True,0,640
BIT-R,BIT-R,2025-08-25,2025-09-08,,False,2025,True,0,641
SOS,SOS,2017-04-28,2025-09-05,,False,2025,True,0,642
GMS,GMS,2016-05-26,2025-09-04,,False,2025,True,0,643
MAG,MAG,1989-06-30,2025-09-03,,False,2025,True,0,644
BRKL,BRKL,1998-03-25,2025-09-02,,False,2025,True,0,645
CNTB,CNTB,2021-03-19,2025-09-02,,False,2025,True,0,646
GRYP,GRYP,2018-02-26,2025-09-02,,False,2025,True,0,647
NYMTH,NYMTH,2025-07-09,2025-09-02,,False,2025,True,0,648
OPOF,OPOF,1999-01-11,2025-09-02,,False,2025,True,0,649
PPBI,PPBI,1997-06-25,2025-09-02,,False,2025,True,0,650
BRDG,BRDG,2021-07-16,2025-08-29,,False,2025,True,0,651
HMST,HMST,2012-02-10,2025-08-29,,False,2025,True,0,652
ITOS,ITOS,2020-07-24,2025-08-29,,False,2025,True,0,653
VERB,VERB,2015-02-02,2025-08-29,,False,2025,True,0,654
BLDE,BLDE,2019-11-05,2025-08-28,,False,2025,True,0,655
BLDEW,BLDEW,2020-01-03,2025-08-28,,False,2025,True,0,656
WBA,WBA,1985-07-01,2025-08-28,,False,2025,True,0,657
DYNX,DYNX,2024-12-09,2025-08-26,,False,2025,True,0,658
DYNXW,DYNXW,2024-12-09,2025-08-26,,False,2025,True,0,659
MIO,MIO,2021-08-06,2025-08-22,,False,2025,True,0,660
SUGP,SUGP,2024-01-24,2025-08-22,,False,2025,True,0,661
XYLO,XYLO,2015-08-05,2025-08-22,,False,2025,True,0,662
HPKEW,HPKEW,2020-08-24,2025-08-21,,False,2025,True,0,663
STRR,STRR,2004-06-10,2025-08-21,,False,2025,True,0,664
STRRP,STRRP,2019-09-13,2025-08-21,,False,2025,True,0,665
CRGX,CRGX,2023-11-10,2025-08-19,,False,2025,True,0,666
GB,GB,2020-08-31,2025-08-15,,False,2025,True,0,667
RTCJF,RTCJF,2022-12-30,2025-08-15,,False,2025,True,0,668
SNRE,SNRE,2024-11-13,2025-08-15,,False,2025,True,0,669
ABLLW,ABLLW,2020-09-14,2025-08-14,,False,2025,True,0,670
AMED,AMED,1994-08-18,2025-08-14,,False,2025,True,0,671
CCIR,CCIR,2024-12-03,2025-08-14,,False,2025,True,0,672
CCIRU,CCIRU,2024-10-11,2025-08-14,,False,2025,True,0,673
CCIRW,CCIRW,2024-12-02,2025-08-14,,False,2025,True,0,674
IGMS,IGMS,2019-09-18,2025-08-14,,False,2025,True,0,675
KNW,KNW,2025-03-05,2025-08-14,,False,2025,True,0,676
SSY,SSY,1990-03-26,2025-08-14,,False,2025,True,0,677
HLXB,HLXB,2024-02-09,2025-08-11,,False,2025,True,0,678
TSBX,TSBX,2023-07-21,2025-08-11,,False,2025,True,0,679
AIFE,AIFE,2025-03-12,2025-08-07,,False,2025,True,0,680
CHEB,CHEB,2024-07-30,2025-08-07,,False,2025,True,0,681
CHEB-U,CHEB-U,2024-06-07,2025-08-07,,False,2025,True,0,682
CHEB-WS,CHEB-WS,2024-07-31,2025-08-07,,False,2025,True,0,683
PARA,PARA,2006-01-03,2025-08-07,,False,2025,True,0,684
PARAA,PARAA,2006-01-03,2025-08-07,,False,2025,True,0,685
LUX,LUX,1990-01-24,2025-08-06,,False,2025,True,0,686
QUSA,QUSA,1992-06-12,2025-08-06,,False,2025,True,0,687
AXIN,AXIN,2025-08-01,2025-08-05,,False,2025,True,0,688
AXINR,AXINR,2025-08-01,2025-08-05,,False,2025,True,0,689
BACC,BACC,2025-08-04,2025-08-05,,False,2025,True,0,690
BACCR,BACCR,2025-08-04,2025-08-05,,False,2025,True,0,691
HCMAU,HCMAU,2022-01-21,2025-08-05,,False,2025,True,0,692
METCI,METCI,2025-08-01,2025-08-05,,False,2025,True,0,693
RUBI,RUBI,2014-04-02,2025-08-05,,False,2025,True,0,694
STLE,STLE,2025-08-01,2025-08-05,,False,2025,True,0,695
VIGL,VIGL,2022-01-07,2025-08-05,,False,2025,True,0,696
NVEE,NVEE,2013-09-30,2025-08-04,,False,2025,True,0,697
SAGE,SAGE,2014-07-18,2025-07-31,,False,2025,True,0,698
AP-WS,AP-WS,2020-09-24,2025-07-30,,False,2025,True,0,699
CCCM,CCCM,2025-06-09,2025-07-30,,False,2025,True,0,700
CCCMU,CCCMU,2025-05-16,2025-07-30,,False,2025,True,0,701
CCCMW,CCCMW,2025-06-09,2025-07-30,,False,2025,True,0,702
KIRK,KIRK,2002-07-30,2025-07-28,,False,2025,True,0,703
PWOD,PWOD,1996-05-30,2025-07-28,,False,2025,True,0,704
SGMA,SGMA,1994-02-09,2025-07-28,,False,2025,True,0,705
VERV,VERV,2021-06-17,2025-07-25,,False,2025,True,0,706
ESSA,ESSA,2007-04-04,2025-07-24,,False,2025,True,0,707
TGI,TGI,1996-10-25,2025-07-24,,False,2025,True,0,708
ELEV,ELEV,2021-06-25,2025-07-23,,False,2025,True,0,709
FARO,FARO,1997-09-18,2025-07-21,,False,2025,True,0,710
BPMC,BPMC,2015-04-30,2025-07-18,,False,2025,True,0,711
HES,HES,1983-04-06,2025-07-18,,False,2025,True,0,712
LSBK,LSBK,2006-04-05,2025-07-18,,False,2025,True,0,713
SNAX,SNAX,2015-12-08,2025-07-18,,False,2025,True,0,714
ICAD,ICAD,1992-03-17,2025-07-17,,False,2025,True,0,715
FATBW,FATBW,2020-07-14,2025-07-16,,False,2025,True,0,716
SRM,SRM,2023-08-15,2025-07-16,,False,2025,True,0,717
LRFC,LRFC,2013-09-25,2025-07-15,,False,2025,True,0,718
SATX,SATX,2022-10-28,2025-07-15,,False,2025,True,0,719
BNIXR,BNIXR,2021-10-28,2025-07-14,,False,2025,True,0,720
GLBKV,GLBKV,2025-07-11,2025-07-14,,False,2025,True,0,721
RDUS,RDUS,1993-11-16,2025-07-10,,False,2025,True,0,722
SCD-R,SCD-R,2025-06-17,2025-07-10,,False,2025,True,0,723
DIST,DIST,2023-03-30,2025-07-09,,False,2025,True,0,724
DISTW,DISTW,2023-03-30,2025-07-09,,False,2025,True,0,725
MINM,MINM,2012-07-23,2025-07-09,,False,2025,True,0,726
AKYA,AKYA,2021-04-16,2025-07-08,,False,2025,True,0,727
JVSAR,JVSAR,2024-03-11,2025-07-08,,False,2025,True,0,728
JVSAU,JVSAU,2024-01-19,2025-07-08,,False,2025,True,0,729
ESGR,ESGR,1997-05-09,2025-07-02,,False,2025,True,0,730
JNPR,JNPR,1999-06-25,2025-07-02,,False,2025,True,0,731
RDFN,RDFN,2017-07-28,2025-07-02,,False,2025,True,0,732
AEBIV,AEBIV,2025-07-01,2025-07-01,,False,2025,True,0,733
AZEK,AZEK,2020-06-12,2025-07-01,,False,2025,True,0,734
EVRI,EVRI,2015-08-24,2025-07-01,,False,2025,True,0,735
INZY,INZY,2020-07-24,2025-07-01,,False,2025,True,0,736
SHYF,SHYF,1990-03-26,2025-07-01,,False,2025,True,0,737
SSBK,SSBK,2021-08-12,2025-07-01,,False,2025,True,0,738
SVT,SVT,1973-05-03,2025-07-01,,False,2025,True,0,739
AGS,AGS,2018-01-26,2025-06-30,,False,2025,True,0,740
IMTXW,IMTXW,2020-07-02,2025-06-30,,False,2025,True,0,741
JVSA,JVSA,2024-03-11,2025-06-30,,False,2025,True,0,742
FTV-W,FTV-W,2016-06-13,2025-06-27,,False,2025,True,0,743
KWE,KWE,2020-12-15,2025-06-27,,False,2025,True,0,744
KWESW,KWESW,2022-12-07,2025-06-27,,False,2025,True,0,745
RAL-W,RAL-W,2025-06-25,2025-06-27,,False,2025,True,0,746
MITA,MITA,2021-08-17,2025-06-26,,False,2025,True,0,747
MITAW,MITAW,2021-08-17,2025-06-26,,False,2025,True,0,748
LSEA,LSEA,2018-06-29,2025-06-25,,False,2025,True,0,749
RGLS,RGLS,2012-10-09,2025-06-25,,False,2025,True,0,750
PHX,PHX,1995-08-18,2025-06-23,,False,2025,True,0,751
VRMEW,VRMEW,2020-06-18,2025-06-23,,False,2025,True,0,752
KRON,KRON,2020-10-09,2025-06-20,,False,2025,True,0,753
X,X,1991-04-12,2025-06-18,,False,2025,True,0,754
BHK-R,BHK-R,2025-05-30,2025-06-17,,False,2025,True,0,755
DADA,DADA,2020-06-05,2025-06-16,,False,2025,True,0,756
LGHLW,LGHLW,2020-06-17,2025-06-16,,False,2025,True,0,757
CBIO,CBIO,2014-01-10,2025-06-13,,False,2025,True,0,758
NOVA,NOVA,2019-07-25,2025-06-09,,False,2025,True,0,759
BLUE,BLUE,2013-06-19,2025-06-02,,False,2025,True,0,760
HEES,HEES,2006-01-31,2025-06-02,,False,2025,True,0,761
CKPT,CKPT,2016-12-19,2025-05-30,,False,2025,True,0,762
GAN,GAN,2020-05-05,2025-05-27,,False,2025,True,0,763
MHLD,MHLD,2008-05-06,2025-05-27,,False,2025,True,0,764
SCY,SCY,2024-12-03,2025-05-23,,False,2025,True,0,765
OPTN,OPTN,2017-10-13,2025-05-21,,False,2025,True,0,766
AIFU,AIFU,2007-11-01,2025-05-20,,False,2025,True,0,767
JWN,JWN,1986-07-09,2025-05-20,,False,2025,True,0,768
DFS,DFS,2007-06-14,2025-05-16,,False,2025,True,0,769
ALLK,ALLK,2018-07-19,2025-05-15,,False,2025,True,0,770
BUJAU,BUJAU,2023-06-28,2025-05-15,,False,2025,True,0,771
DESP,DESP,2017-09-20,2025-05-15,,False,2025,True,0,772
VRN,VRN,2006-07-20,2025-05-15,,False,2025,True,0,773
FINS-R,FINS-R,2021-09-21,2025-05-13,,False,2025,True,0,774
TSVT,TSVT,2021-11-03,2025-05-13,,False,2025,True,0,775
BUJA,BUJA,2023-08-21,2025-05-08,,False,2025,True,0,776
BUJAR,BUJAR,2023-08-21,2025-05-08,,False,2025,True,0,777
CMDB-W,CMDB-W,2025-05-01,2025-05-06,,False,2025,True,0,778
CMRE-W,CMRE-W,2025-05-01,2025-05-06,,False,2025,True,0,779
LGF-A,LGF-A,2016-12-09,2025-05-06,,False,2025,True,0,780
LGF-B,LGF-B,2016-12-09,2025-05-06,,False,2025,True,0,781
EVBN,EVBN,2001-07-09,2025-05-02,,False,2025,True,0,782
LION,LION,2024-05-14,2025-05-02,,False,2025,True,0,783
VCSA,VCSA,2021-04-08,2025-05-01,,False,2025,True,0,784
PAVMZ,PAVMZ,2018-04-10,2025-04-30,,False,2025,True,0,785
WMPN,WMPN,2008-04-16,2025-04-30,,False,2025,True,0,786
BECN,BECN,2004-09-23,2025-04-29,,False,2025,True,0,787
BERY,BERY,2012-10-04,2025-04-29,,False,2025,True,0,788
MKFG,MKFG,2020-10-08,2025-04-25,,False,2025,True,0,789
ML-WS,ML-WS,2021-09-23,2025-04-25,,False,2025,True,0,790
ML,ML,2020-08-14,2025-04-17,,False,2025,True,0,791
PDCO,PDCO,1992-10-28,2025-04-17,,False,2025,True,0,792
SWI,SWI,2018-10-19,2025-04-16,,False,2025,True,0,793
AMPS,AMPS,2021-02-01,2025-04-15,,False,2025,True,0,794
GBBKR,GBBKR,2022-06-17,2025-04-14,,False,2025,True,0,795
PYCR,PYCR,2021-07-21,2025-04-14,,False,2025,True,0,796
RBNEV,RBNEV,2025-04-11,2025-04-14,,False,2025,True,0,797
ATSG,ATSG,2003-07-23,2025-04-11,,False,2025,True,0,798
SKGR,SKGR,2022-08-18,2025-04-10,,False,2025,True,0,799
SKGRU,SKGRU,2022-06-24,2025-04-10,,False,2025,True,0,800
SKGRW,SKGRW,2022-08-15,2025-04-10,,False,2025,True,0,801
SST-WS,SST-WS,2022-01-28,2025-04-07,,False,2025,True,0,802
JQC-R,JQC-R,2025-04-02,2025-04-04,,False,2025,True,0,803
LGTY,LGTY,1984-09-07,2025-04-04,,False,2025,True,0,804
DM,DM,2019-05-03,2025-04-02,,False,2025,True,0,805
ITCI,ITCI,2014-01-07,2025-04-02,,False,2025,True,0,806
NVRO,NVRO,2014-11-06,2025-04-02,,False,2025,True,0,807
PTVE,PTVE,2020-09-17,2025-04-01,,False,2025,True,0,808
VOXX,VOXX,1992-03-16,2025-04-01,,False,2025,True,0,809
FBMS,FBMS,2003-01-02,2025-03-31,,False,2025,True,0,810
IVAC,IVAC,1995-11-21,2025-03-31,,False,2025,True,0,811
VBFC,VBFC,1996-04-01,2025-03-31,,False,2025,True,0,812
BKDT,BKDT,2022-11-17,2025-03-28,,False,2025,True,0,813
BTCTW,BTCTW,2020-04-15,2025-03-28,,False,2025,True,0,814
CYTH,CYTH,2011-02-23,2025-03-26,,False,2025,True,0,815
ETWO-WS,ETWO-WS,2020-06-15,2025-03-24,,False,2025,True,0,816
RDW-WS,RDW-WS,2021-09-03,2025-03-21,,False,2025,True,0,817
DGHI,DGHI,2021-11-15,2025-03-17,,False,2025,True,0,818
EHLDV,EHLDV,2025-03-07,2025-03-17,,False,2025,True,0,819
GBUG,GBUG,2019-10-08,2025-03-17,,False,2025,True,0,820
IPXXU,IPXXU,2023-05-25,2025-03-13,,False,2025,True,0,821
AZPN,AZPN,1994-10-26,2025-03-12,,False,2025,True,0,822
ICLK,ICLK,2017-12-21,2025-03-12,,False,2025,True,0,823
SPHA,SPHA,2025-01-28,2025-03-11,,False,2025,True,0,824
SPHAR,SPHAR,2025-01-27,2025-03-11,,False,2025,True,0,825
BEST,BEST,2017-09-20,2025-03-07,,False,2025,True,0,826
ALTM,ALTM,2024-01-03,2025-03-05,,False,2025,True,0,827
PFC,PFC,1993-07-21,2025-03-03,,False,2025,True,0,828
EMKR,EMKR,1997-03-07,2025-02-28,,False,2025,True,0,829
FREY-WS,FREY-WS,2021-07-08,2025-02-28,,False,2025,True,0,830
INFN,INFN,2007-06-07,2025-02-28,,False,2025,True,0,831
MTTR,MTTR,2021-02-02,2025-02-28,,False,2025,True,0,832
HCP,HCP,2021-12-09,2025-02-27,,False,2025,True,0,833
BON,BON,2021-06-24,2025-02-26,,False,2025,True,0,834
CTV-WS,CTV-WS,2021-04-05,2025-02-21,,False,2025,True,0,835
GRND-WS,GRND-WS,2021-01-14,2025-02-21,,False,2025,True,0,836
OMIC,OMIC,2021-05-27,2025-02-21,,False,2025,True,0,837
SNDKV,SNDKV,2025-02-13,2025-02-21,,False,2025,True,0,838
FLDDU,FLDDU,2021-12-16,2025-02-19,,False,2025,True,0,839
MGOL,MGOL,2023-01-13,2025-02-19,,False,2025,True,0,840
NARI,NARI,2020-05-22,2025-02-19,,False,2025,True,0,841
PWUPU,PWUPU,2022-02-18,2025-02-19,,False,2025,True,0,842
JFR-R,JFR-R,2025-01-23,2025-02-18,,False,2025,True,0,843
NRO-R,NRO-R,2025-01-24,2025-02-18,,False,2025,True,0,844
WAVSU,WAVSU,2022-01-12,2025-02-18,,False,2025,True,0,845
SILV,SILV,2015-10-26,2025-02-14,,False,2025,True,0,846
ZUO,ZUO,2018-04-11,2025-02-14,,False,2025,True,0,847
GSMGW,GSMGW,2018-09-12,2025-02-13,,False,2025,True,0,848
RFAC,RFAC,2022-04-20,2025-02-13,,False,2025,True,0,849
RFACR,RFACR,2022-04-20,2025-02-13,,False,2025,True,0,850
RFACU,RFACU,2022-03-24,2025-02-13,,False,2025,True,0,851
RFACW,RFACW,2022-04-20,2025-02-13,,False,2025,True,0,852
CTV,CTV,2021-12-01,2025-02-12,,False,2025,True,0,853
GNS-R,GNS-R,2025-01-27,2025-02-12,,False,2025,True,0,854
ROIC,ROIC,2009-11-03,2025-02-12,,False,2025,True,0,855
MRNS,MRNS,2014-07-31,2025-02-11,,False,2025,True,0,856
SUM,SUM,2015-03-12,2025-02-10,,False,2025,True,0,857
BALY-T,BALY-T,2024-11-21,2025-02-07,,False,2025,True,0,858
CDMO,CDMO,2018-01-08,2025-02-05,,False,2025,True,0,859
AE,AE,1984-09-07,2025-02-04,,False,2025,True,0,860
BCOV,BCOV,2012-02-17,2025-02-04,,False,2025,True,0,861
SCWX,SCWX,2016-04-22,2025-02-03,,False,2025,True,0,862
ENLC,ENLC,2004-01-13,2025-01-31,,False,2025,True,0,863
FMST,FMST,2023-07-05,2025-01-30,,False,2025,True,0,864
TWNPV,TWNPV,2025-01-28,2025-01-29,,False,2025,True,0,865
B,B,1984-09-07,2025-01-27,,False,2025,True,0,866
FRLAW,FRLAW,2021-12-27,2025-01-27,,False,2025,True,0,867
GODN,GODN,2023-06-28,2025-01-24,,False,2025,True,0,868
GODNR,GODNR,2023-06-28,2025-01-24,,False,2025,True,0,869
GODNU,GODNU,2023-05-02,2025-01-24,,False,2025,True,0,870
OBDE,OBDE,2024-01-25,2025-01-24,,False,2025,True,0,871
USAP,USAP,1994-12-28,2025-01-23,,False,2025,True,0,872
SMAR,SMAR,2018-04-27,2025-01-22,,False,2025,True,0,873
GATO,GATO,2020-10-28,2025-01-16,,False,2025,True,0,874
LATGU,LATGU,2022-01-25,2025-01-15,,False,2025,True,0,875
ARCH,ARCH,2016-10-05,2025-01-14,,False,2025,True,0,876
CLOER,CLOER,2021-09-10,2025-01-14,,False,2025,True,0,877
PSTX,PSTX,2020-07-10,2025-01-08,,False,2025,True,0,878
CPTN,CPTN,2022-02-11,2025-01-07,,False,2025,True,0,879
CPTNW,CPTNW,2021-03-23,2025-01-07,,False,2025,True,0,880
GEAR,GEAR,2024-11-27,2025-01-03,,False,2025,True,0,881
PFIE,PFIE,2010-03-10,2025-01-03,,False,2025,True,0,882
MARX,MARX,2023-03-14,2025-01-02,,False,2025,True,0,883
MARXR,MARXR,2023-03-14,2025-01-02,,False,2025,True,0,884
MARXU,MARXU,2023-02-13,2025-01-02,,False,2025,True,0,885
MNTX,MNTX,2005-02-15,2025-01-02,,False,2025,True,0,886
AILE,AILE,2024-04-17,2024-12-31,,False,2024,True,0,887
CNSL,CNSL,2005-07-22,2024-12-27,,False,2024,True,0,888
BIPC,BIPC,2020-03-31,2024-12-26,,False,2024,True,0,889
NAPA,NAPA,2021-03-18,2024-12-24,,False,2024,True,0,890
BEPC,BEPC,2020-07-24,2024-12-23,,False,2024,True,0,891
OUST-WS,OUST-WS,2021-03-12,2024-12-20,,False,2024,True,0,892
BROGW,BROGW,2018-07-13,2024-12-19,,False,2024,True,0,893
CTLT,CTLT,2014-07-31,2024-12-18,,False,2024,True,0,894
PNST-WS,PNST-WS,2024-01-02,2024-12-17,,False,2024,True,0,895
BFAC,BFAC,2022-02-04,2024-12-16,,False,2024,True,0,896
BFAC-U,BFAC-U,2021-12-15,2024-12-16,,False,2024,True,0,897
BFAC-WS,BFAC-WS,2022-02-04,2024-12-16,,False,2024,True,0,898
IVCPU,IVCPU,2021-12-15,2024-12-13,,False,2024,True,0,899
PGRU,PGRU,2022-03-18,2024-12-13,,False,2024,True,0,900
PIRS,PIRS,2015-04-13,2024-12-13,,False,2024,True,0,901
TBC,TBC,2018-08-08,2024-12-13,,False,2024,True,0,902
AY,AY,2014-06-13,2024-12-12,,False,2024,True,0,903
LUMO,LUMO,2011-11-11,2024-12-12,,False,2024,True,0,904
AMND,AMND,2020-07-16,2024-12-11,,False,2024,True,0,905
AMTR,AMTR,2020-10-21,2024-12-11,,False,2024,True,0,906
ESUS,ESUS,2021-09-15,2024-12-11,,False,2024,True,0,907
FEDL,FEDL,2021-09-15,2024-12-11,,False,2024,True,0,908
WUCT,WUCT,2023-03-27,2024-12-11,,False,2024,True,0,909
THCP,THCP,2021-09-09,2024-12-10,,False,2024,True,0,910
THCPU,THCPU,2021-06-30,2024-12-10,,False,2024,True,0,911
THCPW,THCPW,2021-09-01,2024-12-10,,False,2024,True,0,912
ROCL,ROCL,2022-01-06,2024-12-06,,False,2024,True,0,913
ROCLU,ROCLU,2021-12-01,2024-12-06,,False,2024,True,0,914
ROCLW,ROCLW,2022-01-05,2024-12-06,,False,2024,True,0,915
TLGY,TLGY,2022-01-25,2024-12-06,,False,2024,True,0,916
TLGYU,TLGYU,2021-12-01,2024-12-06,,False,2024,True,0,917
TLGYW,TLGYW,2022-01-21,2024-12-06,,False,2024,True,0,918
GHIXW,GHIXW,2022-03-11,2024-12-05,,False,2024,True,0,919
VZIO,VZIO,2021-03-25,2024-12-03,,False,2024,True,0,920
LBPH,LBPH,2021-03-12,2024-12-02,,False,2024,True,0,921
TTGT,TTGT,2007-05-17,2024-12-02,,False,2024,True,0,922
CMAX,CMAX,2020-09-21,2024-11-27,,False,2024,True,0,923
CMAXW,CMAXW,2020-09-28,2024-11-27,,False,2024,True,0,924
VSTO,VSTO,2015-02-10,2024-11-27,,False,2024,True,0,925
ENV,ENV,2010-07-29,2024-11-25,,False,2024,True,0,926
MRO,MRO,1970-01-02,2024-11-22,,False,2024,True,0,927
HAYN,HAYN,2007-03-21,2024-11-21,,False,2024,True,0,928
QOMOR,QOMOR,2022-12-02,2024-11-21,,False,2024,True,0,929
TMTCU,TMTCU,2023-03-28,2024-11-21,,False,2024,True,0,930
EXAI,EXAI,2021-10-01,2024-11-20,,False,2024,True,0,931
NOVVR,NOVVR,2021-09-30,2024-11-19,,False,2024,True,0,932
NOVVU,NOVVU,2021-08-06,2024-11-19,,False,2024,True,0,933
NOVVW,NOVVW,2021-10-01,2024-11-19,,False,2024,True,0,934
AXNX,AXNX,2018-10-31,2024-11-15,,False,2024,True,0,935
EVTL-WS,EVTL-WS,2021-12-16,2024-11-15,,False,2024,True,0,936
NVEI,NVEI,2020-10-28,2024-11-15,,False,2024,True,0,937
RCFA-U,RCFA-U,2021-11-11,2024-11-15,,False,2024,True,0,938
TWKS,TWKS,2021-09-15,2024-11-13,,False,2024,True,0,939
BCSAW,BCSAW,2021-12-31,2024-11-12,,False,2024,True,0,940
SNREV,SNREV,2024-11-04,2024-11-12,,False,2024,True,0,941
TDW-WS,TDW-WS,2018-11-26,2024-11-12,,False,2024,True,0,942
PRMW,PRMW,1992-06-16,2024-11-08,,False,2024,True,0,943
SBXC,SBXC,2023-05-01,2024-11-04,,False,2024,True,0,944
SBXC-U,SBXC-U,2023-02-28,2024-11-04,,False,2024,True,0,945
SBXC-WS,SBXC-WS,2023-05-01,2024-11-04,,False,2024,True,0,946
SEDA-U,SEDA-U,2021-10-29,2024-11-04,,False,2024,True,0,947
SEDA-WS,SEDA-WS,2021-12-28,2024-11-04,,False,2024,True,0,948
SRCL,SRCL,1996-08-23,2024-11-04,,False,2024,True,0,949
GVP,GVP,1995-07-27,2024-11-01,,False,2024,True,0,950
ITI,ITI,1994-01-04,2024-11-01,,False,2024,True,0,951
NEEPR,NEEPR,2009-10-22,2024-11-01,,False,2024,True,0,952
ECG-W,ECG-W,2024-10-28,2024-10-31,,False,2024,True,0,953
GRDI,GRDI,2021-03-03,2024-10-31,,False,2024,True,0,954
MDU-W,MDU-W,2023-05-25,2024-10-31,,False,2024,True,0,955
SOC-WS,SOC-WS,2024-02-15,2024-10-31,,False,2024,True,0,956
STER,STER,2021-09-23,2024-10-31,,False,2024,True,0,957
TELLL,TELLL,2021-11-11,2024-10-31,,False,2024,True,0,958
LLAP,LLAP,2021-04-26,2024-10-30,,False,2024,True,0,959
RMPL-P,RMPL-P,2017-10-18,2024-10-30,,False,2024,True,0,960
PHYT-WS,PHYT-WS,2021-12-17,2024-10-29,,False,2024,True,0,961
PETQ,PETQ,2017-07-21,2024-10-25,,False,2024,True,0,962
VSACW,VSACW,2021-12-23,2024-10-25,,False,2024,True,0,963
AAGR,AAGR,2023-12-07,2024-10-24,,False,2024,True,0,964
PHGE-U,PHGE-U,2018-12-14,2024-10-24,,False,2024,True,0,965
SHCR,SHCR,2020-11-23,2024-10-22,,False,2024,True,0,966
SHCRW,SHCRW,2020-11-25,2024-10-22,,False,2024,True,0,967
TOP,TOP,2022-06-01,2024-10-21,,False,2024,True,0,968
GUT-R,GUT-R,2021-03-16,2024-10-18,,False,2024,True,0,969
SQSP,SQSP,2021-05-19,2024-10-18,,False,2024,True,0,970
GTACW,GTACW,2021-12-17,2024-10-17,,False,2024,True,0,971
AVK-R,AVK-R,2024-09-23,2024-10-16,,False,2024,True,0,972
RBCP,RBCP,2022-09-26,2024-10-14,,False,2024,True,0,973
CHUY,CHUY,2012-07-24,2024-10-11,,False,2024,True,0,974
SEG-R,SEG-R,2024-09-24,2024-10-11,,False,2024,True,0,975
ADRT,ADRT,2022-02-09,2024-10-10,,False,2024,True,0,976
ADRT-U,ADRT-U,2021-12-16,2024-10-10,,False,2024,True,0,977
PRFT,PRFT,1999-07-29,2024-10-10,,False,2024,True,0,978
MPU,MPU,1998-01-20,2024-10-08,,False,2024,True,0,979
TELL,TELL,1995-08-18,2024-10-08,,False,2024,True,0,980
EHI-R,EHI-R,2024-09-12,2024-10-07,,False,2024,True,0,981
TRAK,TRAK,1999-10-27,2024-10-07,,False,2024,True,0,982
VGR,VGR,1987-10-09,2024-10-07,,False,2024,True,0,983
CHK,CHK,1993-02-16,2024-10-04,,False,2024,True,0,984
RPHM,RPHM,2021-04-08,2024-10-04,,False,2024,True,0,985
AUGX,AUGX,2021-03-31,2024-10-02,,False,2024,True,0,986
MFI,MFI,2024-04-22,2024-10-02,,False,2024,True,0,987
AMSWA,AMSWA,1984-09-07,2024-10-01,,False,2024,True,0,988
PWSC,PWSC,2021-07-28,2024-10-01,,False,2024,True,0,989
SWN,SWN,1987-12-30,2024-10-01,,False,2024,True,0,990
XFIN,XFIN,2021-12-16,2024-10-01,,False,2024,True,0,991
XFINU,XFINU,2021-10-21,2024-10-01,,False,2024,True,0,992
XFINW,XFINW,2021-12-13,2024-10-01,,False,2024,True,0,993
CURB-W,CURB-W,2024-09-26,2024-09-30,,False,2024,True,0,994
SGE,SGE,2023-05-16,2024-09-30,,False,2024,True,0,995
SITC-W,SITC-W,2024-09-26,2024-09-30,,False,2024,True,0,996
SITC-WI,SITC-WI,2024-09-26,2024-09-30,,False,2024,True,0,997
AMTM-W,AMTM-W,2024-09-24,2024-09-27,,False,2024,True,0,998
DOMA,DOMA,2021-07-29,2024-09-27,,False,2024,True,0,999
DUO,DUO,2019-11-01,2024-09-27,,False,2024,True,0,1000
J-W,J-W,2024-09-26,2024-09-27,,False,2024,True,0,1001
JW,JW,2024-09-26,2024-09-27,,False,2024,True,0,1002
O-P,O-P,2024-01-23,2024-09-27,,False,2024,True,0,1003
TEL,TEL,2007-06-14,2024-09-27,,False,2024,True,0,1004
MKFG-WS,MKFG-WS,2021-07-15,2024-09-26,,False,2024,True,0,1005
NBSE,NBSE,2007-05-01,2024-09-20,,False,2024,True,0,1006
GTHX,GTHX,2017-05-17,2024-09-18,,False,2024,True,0,1007
HA,HA,1995-06-21,2024-09-18,,False,2024,True,0,1008
CCTG,CCTG,2024-01-18,2024-09-17,,False,2024,True,0,1009
PTWO,PTWO,2022-09-26,2024-09-17,,False,2024,True,0,1010
PTWOU,PTWOU,2022-08-05,2024-09-17,,False,2024,True,0,1011
SILK,SILK,2019-04-04,2024-09-17,,False,2024,True,0,1012
PLMI,PLMI,2021-05-06,2024-09-16,,False,2024,True,0,1013
PLMIU,PLMIU,2021-03-16,2024-09-16,,False,2024,True,0,1014
PLMIW,PLMIW,2021-05-06,2024-09-16,,False,2024,True,0,1015
NNAGR,NNAGR,2023-10-09,2024-09-12,,False,2024,True,0,1016
NNAGW,NNAGW,2023-10-09,2024-09-12,,False,2024,True,0,1017
VHAI,VHAI,2024-02-22,2024-09-10,,False,2024,True,0,1018
VLD-WS,VLD-WS,2021-09-30,2024-09-10,,False,2024,True,0,1019
AULT,AULT,1997-05-05,2024-09-09,,False,2024,True,0,1020
CHR,CHR,2018-09-12,2024-09-09,,False,2024,True,0,1021
GMM,GMM,2023-10-09,2024-09-09,,False,2024,True,0,1022
GRIN,GRIN,2018-06-18,2024-09-09,,False,2024,True,0,1023
SIRI,SIRI,2024-09-09,2024-09-09,,False,2024,True,0,1024
SOAR-WS,SOAR-WS,2023-12-04,2024-09-09,,False,2024,True,0,1025
AMK,AMK,2019-07-18,2024-09-05,,False,2024,True,0,1026
MRDB,MRDB,2021-07-09,2024-09-04,,False,2024,True,0,1027
RSTN,RSTN,2024-08-08,2024-09-03,,False,2024,True,0,1028
IFIN-U,IFIN-U,2021-11-19,2024-08-30,,False,2024,True,0,1029
NUVO,NUVO,2024-08-30,2024-08-30,,False,2024,True,0,1030
BNRE-A,BNRE-A,2023-11-20,2024-08-29,,False,2024,True,0,1031
UCAR,UCAR,2023-04-20,2024-08-29,,False,2024,True,0,1032
MRDB-WS,MRDB-WS,2022-12-19,2024-08-27,,False,2024,True,0,1033
CPLP,CPLP,2007-03-30,2024-08-23,,False,2024,True,0,1034
ASXC,ASXC,1992-11-12,2024-08-22,,False,2024,True,0,1035
ATRI,ATRI,1984-09-07,2024-08-21,,False,2024,True,0,1036
IFIN,IFIN,2022-01-10,2024-08-21,,False,2024,True,0,1037
CVIIU,CVIIU,2021-02-12,2024-08-19,,False,2024,True,0,1038
CVIIW,CVIIW,2021-04-05,2024-08-19,,False,2024,True,0,1039
FEXDR,FEXDR,2022-01-13,2024-08-19,,False,2024,True,0,1040
KCGI,KCGI,2021-10-04,2024-08-16,,False,2024,True,0,1041
KCGI-WS,KCGI-WS,2021-10-04,2024-08-16,,False,2024,True,0,1042
MORF,MORF,2019-06-27,2024-08-16,,False,2024,True,0,1043
AACIU,AACIU,2021-08-13,2024-08-15,,False,2024,True,0,1044
BTEK,BTEK,2024-08-14,2024-08-15,,False,2024,True,0,1045
MACA,MACA,2021-04-07,2024-08-15,,False,2024,True,0,1046
MACAU,MACAU,2021-02-17,2024-08-15,,False,2024,True,0,1047
MACAW,MACAW,2021-04-09,2024-08-15,,False,2024,True,0,1048
SDPI,SDPI,2014-05-23,2024-08-15,,False,2024,True,0,1049
GAMCU,GAMCU,2021-03-17,2024-08-13,,False,2024,True,0,1050
TENKR,TENKR,2022-12-08,2024-08-12,,False,2024,True,0,1051
TENKU,TENKU,2022-10-14,2024-08-12,,False,2024,True,0,1052
QLI,QLI,2021-01-12,2024-08-09,,False,2024,True,0,1053
RETO,RETO,2017-11-29,2024-08-09,,False,2024,True,0,1054
FREEW,FREEW,2005-12-16,2024-08-05,,False,2024,True,0,1055
UCBI,UCBI,2024-07-29,2024-08-05,,False,2024,True,0,1056
BCDAW,BCDAW,2019-08-02,2024-08-02,,False,2024,True,0,1057
TRIS,TRIS,2021-12-06,2024-08-02,,False,2024,True,0,1058
TRIS-U,TRIS-U,2021-10-14,2024-08-02,,False,2024,True,0,1059
TRIS-WS,TRIS-WS,2021-12-06,2024-08-02,,False,2024,True,0,1060
CALB,CALB,2017-09-25,2024-08-01,,False,2024,True,0,1061
CETUU,CETUU,2023-01-31,2024-08-01,,False,2024,True,0,1062
MCBC,MCBC,1998-05-20,2024-08-01,,False,2024,True,0,1063
ARYD,ARYD,2021-02-26,2024-07-31,,False,2024,True,0,1064
CETU,CETU,2023-03-24,2024-07-31,,False,2024,True,0,1065
CETUR,CETUR,2023-03-24,2024-07-31,,False,2024,True,0,1066
CETUW,CETUW,2023-03-24,2024-07-31,,False,2024,True,0,1067
HHH-W,HHH-W,2024-07-31,2024-07-31,,False,2024,True,0,1068
SEG-W,SEG-W,2024-07-29,2024-07-31,,False,2024,True,0,1069
SLCA,SLCA,2012-02-01,2024-07-31,,False,2024,True,0,1070
SMLP,SMLP,2012-09-28,2024-07-31,,False,2024,True,0,1071
SBOW,SBOW,2016-05-03,2024-07-30,,False,2024,True,0,1072
PEGR,PEGR,2021-12-27,2024-07-29,,False,2024,True,0,1073
PEGRU,PEGRU,2021-10-29,2024-07-29,,False,2024,True,0,1074
PEGRW,PEGRW,2021-12-20,2024-07-29,,False,2024,True,0,1075
AINC,AINC,2014-11-13,2024-07-26,,False,2024,True,0,1076
OST,OST,2022-04-27,2024-07-26,,False,2024,True,0,1077
CONXU,CONXU,2020-10-30,2024-07-25,,False,2024,True,0,1078
HIBB,HIBB,1996-10-11,2024-07-25,,False,2024,True,0,1079
NFYS-U,NFYS-U,2021-10-06,2024-07-24,,False,2024,True,0,1080
LTMAY,LTMAY,2020-06-10,2024-07-23,,False,2024,True,0,1081
ETRN,ETRN,2018-10-31,2024-07-22,,False,2024,True,0,1082
GGT-R,GGT-R,2021-07-16,2024-07-19,,False,2024,True,0,1083
HGTY-WS,HGTY-WS,2021-12-03,2024-07-19,,False,2024,True,0,1084
XBIOW,XBIOW,2019-07-23,2024-07-18,,False,2024,True,0,1085
FUN,FUN,1987-04-23,2024-07-16,,False,2024,True,0,1086
SEPAW,SEPAW,2021-09-20,2024-07-16,,False,2024,True,0,1087
CATC,CATC,2017-02-01,2024-07-15,,False,2024,True,0,1088
VCXB,VCXB,2022-03-04,2024-07-12,,False,2024,True,0,1089
VCXB-U,VCXB-U,2022-01-12,2024-07-12,,False,2024,True,0,1090
VCXB-WS,VCXB-WS,2022-03-04,2024-07-12,,False,2024,True,0,1091
CLMT,CLMT,2006-01-26,2024-07-10,,False,2024,True,0,1092
DPSI,DPSI,2011-04-06,2024-07-10,,False,2024,True,0,1093
GLDI,GLDI,2024-06-03,2024-07-09,,False,2024,True,0,1094
SUNSV,SUNSV,2024-07-09,2024-07-09,,False,2024,True,0,1095
GPACU,GPACU,2021-01-12,2024-07-08,,False,2024,True,0,1096
WRK,WRK,2015-06-24,2024-07-05,,False,2024,True,0,1097
WIRE,WIRE,1992-07-20,2024-07-03,,False,2024,True,0,1098
BWAQ,BWAQ,2022-03-16,2024-07-01,,False,2024,True,0,1099
BWAQR,BWAQR,2022-03-16,2024-07-01,,False,2024,True,0,1100
BWAQU,BWAQU,2022-01-31,2024-07-01,,False,2024,True,0,1101
CVLY,CVLY,1997-04-25,2024-07-01,,False,2024,True,0,1102
FNCB,FNCB,2001-01-02,2024-07-01,,False,2024,True,0,1103
GMFI,GMFI,2022-03-03,2024-07-01,,False,2024,True,0,1104
GMFIU,GMFIU,2021-12-30,2024-07-01,,False,2024,True,0,1105
SIX,SIX,2010-05-11,2024-07-01,,False,2024,True,0,1106
VERY,VERY,2019-08-15,2024-07-01,,False,2024,True,0,1107
AIRC,AIRC,2020-12-15,2024-06-28,,False,2024,True,0,1108
BITE,BITE,2021-04-06,2024-06-28,,False,2024,True,0,1109
BITE-U,BITE-U,2021-02-12,2024-06-28,,False,2024,True,0,1110
BITE-WS,BITE-WS,2021-04-06,2024-06-28,,False,2024,True,0,1111
FXCO,FXCO,2022-01-10,2024-06-28,,False,2024,True,0,1112
HRT,HRT,2021-10-29,2024-06-28,,False,2024,True,0,1113
SCCB,SCCB,2019-06-28,2024-06-28,,False,2024,True,0,1114
TGAN,TGAN,2020-07-29,2024-06-28,,False,2024,True,0,1115
MODN,MODN,2013-03-20,2024-06-27,,False,2024,True,0,1116
TWLV,TWLV,2021-04-29,2024-06-25,,False,2024,True,0,1117
TWLVU,TWLVU,2021-02-26,2024-06-25,,False,2024,True,0,1118
DHACU,DHACU,2021-11-04,2024-06-24,,False,2024,True,0,1119
GRALV,GRALV,2024-06-12,2024-06-24,,False,2024,True,0,1120
SIFYR,SIFYR,2024-06-07,2024-06-24,,False,2024,True,0,1121
TARO,TARO,1993-04-01,2024-06-24,,False,2024,True,0,1122
ADTH,ADTH,2021-12-23,2024-06-21,,False,2024,True,0,1123
ADTHW,ADTHW,2021-04-20,2024-06-21,,False,2024,True,0,1124
APCA,APCA,2022-02-07,2024-06-21,,False,2024,True,0,1125
APCA-U,APCA-U,2021-12-17,2024-06-21,,False,2024,True,0,1126
APCA-WS,APCA-WS,2022-02-07,2024-06-21,,False,2024,True,0,1127
AVRO,AVRO,2024-06-21,2024-06-21,,False,2024,True,0,1128
FLFV,FLFV,2022-08-08,2024-06-21,,False,2024,True,0,1129
FLFVR,FLFVR,2022-08-08,2024-06-21,,False,2024,True,0,1130
FLFVU,FLFVU,2022-06-16,2024-06-21,,False,2024,True,0,1131
FLFVW,FLFVW,2022-08-08,2024-06-21,,False,2024,True,0,1132
RWODR,RWODR,2022-05-02,2024-06-21,,False,2024,True,0,1133
RWODU,RWODU,2022-03-31,2024-06-21,,False,2024,True,0,1134
SNPO,SNPO,2021-07-28,2024-06-21,,False,2024,True,0,1135
VZLA,VZLA,2022-01-21,2024-06-21,,False,2024,True,0,1136
GMFIW,GMFIW,2022-02-22,2024-06-20,,False,2024,True,0,1137
TDCX,TDCX,2021-10-01,2024-06-18,,False,2024,True,0,1138
TWLVW,TWLVW,2024-06-10,2024-06-18,,False,2024,True,0,1139
ARTLW,ARTLW,2019-06-21,2024-06-17,,False,2024,True,0,1140
FXCOR,FXCOR,2022-01-12,2024-06-17,,False,2024,True,0,1141
FXCOW,FXCOW,2022-01-10,2024-06-17,,False,2024,True,0,1142
AQNU,AQNU,2021-06-18,2024-06-14,,False,2024,True,0,1143
KERNW,KERNW,2024-03-26,2024-06-14,,False,2024,True,0,1144
VTRU,VTRU,2020-09-18,2024-06-14,,False,2024,True,0,1145
PLTN,PLTN,2023-01-11,2024-06-06,,False,2024,True,0,1146
PLTNR,PLTNR,2023-01-11,2024-06-06,,False,2024,True,0,1147
PLTNU,PLTNU,2022-11-10,2024-06-06,,False,2024,True,0,1148
PLTNW,PLTNW,2023-01-11,2024-06-06,,False,2024,True,0,1149
QDRO,QDRO,2021-04-14,2024-06-05,,False,2024,True,0,1150
QDROU,QDROU,2021-02-18,2024-06-05,,False,2024,True,0,1151
FUSN,FUSN,2020-06-26,2024-06-04,,False,2024,True,0,1152
ERF,ERF,2000-11-17,2024-05-31,,False,2024,True,0,1153
NSS,NSS,2013-01-29,2024-05-31,,False,2024,True,0,1154
SWAV,SWAV,2019-03-07,2024-05-31,,False,2024,True,0,1155
UGIC,UGIC,2021-05-18,2024-05-31,,False,2024,True,0,1156
INBX,INBX,2020-08-19,2024-05-30,,False,2024,True,0,1157
RILYO,RILYO,2019-05-08,2024-05-30,,False,2024,True,0,1158
FLJ,FLJ,2022-09-26,2024-05-29,,False,2024,True,0,1159
INBXV,INBXV,2024-05-28,2024-05-29,,False,2024,True,0,1160
INXBV,INXBV,2024-05-29,2024-05-29,,False,2024,True,0,1161
FATH,FATH,2021-03-29,2024-05-28,,False,2024,True,0,1162
FHLT,FHLT,2021-12-08,2024-05-28,,False,2024,True,0,1163
FHLTU,FHLTU,2021-09-10,2024-05-28,,False,2024,True,0,1164
MACK,MACK,2012-03-29,2024-05-28,,False,2024,True,0,1165
QDROW,QDROW,2021-04-15,2024-05-28,,False,2024,True,0,1166
SCX,SCX,1987-12-30,2024-05-28,,False,2024,True,0,1167
LABP,LABP,2021-02-04,2024-05-23,,False,2024,True,0,1168
CZOOF,CZOOF,2020-12-18,2024-05-21,,False,2024,True,0,1169
FHLTW,FHLTW,2021-12-09,2024-05-20,,False,2024,True,0,1170
NMIH,NMIH,2024-05-13,2024-05-20,,False,2024,True,0,1171
MIR-WS,MIR-WS,2018-07-30,2024-05-17,,False,2024,True,0,1172
OSI,OSI,2021-07-06,2024-05-17,,False,2024,True,0,1173
OSI-U,OSI-U,2021-05-14,2024-05-17,,False,2024,True,0,1174
OSI-WS,OSI-WS,2021-07-06,2024-05-17,,False,2024,True,0,1175
PMGM,PMGM,2021-03-01,2024-05-17,,False,2024,True,0,1176
TAST,TAST,2006-12-15,2024-05-16,,False,2024,True,0,1177
DOOR,DOOR,2009-07-24,2024-05-15,,False,2024,True,0,1178
LBAI,LBAI,1999-01-04,2024-05-15,,False,2024,True,0,1179
PMGMW,PMGMW,2021-03-01,2024-05-14,,False,2024,True,0,1180
IFN-R,IFN-R,2024-04-22,2024-05-13,,False,2024,True,0,1181
SCRM,SCRM,2022-03-01,2024-05-13,,False,2024,True,0,1182
SCRMU,SCRMU,2022-01-06,2024-05-13,,False,2024,True,0,1183
SCRMW,SCRMW,2022-02-28,2024-05-13,,False,2024,True,0,1184
ZFOX,ZFOX,2021-01-07,2024-05-13,,False,2024,True,0,1185
ZFOXW,ZFOXW,2021-01-07,2024-05-13,,False,2024,True,0,1186
QIWI,QIWI,2013-05-03,2024-05-09,,False,2024,True,0,1187
AIBBR,AIBBR,2022-02-23,2024-05-08,,False,2024,True,0,1188
RACY,RACY,2022-04-04,2024-05-08,,False,2024,True,0,1189
RACYU,RACYU,2022-02-11,2024-05-08,,False,2024,True,0,1190
AGTI,AGTI,2024-05-07,2024-05-07,,False,2024,True,0,1191
CRGEQ,CRGEQ,2017-10-05,2024-05-06,,False,2024,True,0,1192
SAVAW,SAVAW,2024-01-04,2024-05-06,,False,2024,True,0,1193
NS,NS,2001-04-10,2024-05-03,,False,2024,True,0,1194
PXD,PXD,1997-08-08,2024-05-03,,False,2024,True,0,1195
SMMF,SMMF,2000-01-07,2024-05-03,,False,2024,True,0,1196
AEL,AEL,2003-12-04,2024-05-02,,False,2024,True,0,1197
LGVC,LGVC,2022-01-03,2024-05-01,,False,2024,True,0,1198
LGVCU,LGVCU,2021-11-11,2024-05-01,,False,2024,True,0,1199
LGVCW,LGVCW,2022-01-03,2024-05-01,,False,2024,True,0,1200
TCN,TCN,2017-10-02,2024-05-01,,False,2024,True,0,1201
IBACU,IBACU,2024-03-26,2024-04-30,,False,2024,True,0,1202
JOANQ,JOANQ,2021-03-12,2024-04-30,,False,2024,True,0,1203
PGSS,PGSS,2021-12-13,2024-04-30,,False,2024,True,0,1204
PGSS-U,PGSS-U,2021-10-22,2024-04-30,,False,2024,True,0,1205
PGSS-WS,PGSS-WS,2021-12-13,2024-04-30,,False,2024,True,0,1206
AJXA,AJXA,2017-04-28,2024-04-29,,False,2024,True,0,1207
DSAQ-U,DSAQ-U,2021-09-24,2024-04-29,,False,2024,True,0,1208
NGMS,NGMS,2020-11-19,2024-04-25,,False,2024,True,0,1209
VATE-R,VATE-R,2024-03-11,2024-04-22,,False,2024,True,0,1210
KAMN,KAMN,1990-03-26,2024-04-19,,False,2024,True,0,1211
MDC,MDC,1980-03-11,2024-04-19,,False,2024,True,0,1212
XLYO,XLYO,2024-04-17,2024-04-18,,False,2024,True,0,1213
BEEMW,BEEMW,2019-04-16,2024-04-17,,False,2024,True,0,1214
ARRWU,ARRWU,2021-03-02,2024-04-16,,False,2024,True,0,1215
CSTR,CSTR,2016-09-22,2024-04-12,,False,2024,True,0,1216
GSDWW,GSDWW,2022-10-17,2024-04-12,,False,2024,True,0,1217
CPE,CPE,1990-03-26,2024-04-11,,False,2024,True,0,1218
MBTC,MBTC,2021-05-05,2024-04-10,,False,2024,True,0,1219
MBTCU,MBTCU,2021-03-31,2024-04-10,,False,2024,True,0,1220
SCTL,SCTL,2014-03-07,2024-04-08,,False,2024,True,0,1221
NGM,NGM,2019-04-04,2024-04-05,,False,2024,True,0,1222
VERBW,VERBW,2019-04-05,2024-04-05,,False,2024,True,0,1223
KYCH,KYCH,2022-03-04,2024-04-04,,False,2024,True,0,1224
KYCHR,KYCHR,2022-03-03,2024-04-04,,False,2024,True,0,1225
KYCHU,KYCHU,2022-01-25,2024-04-04,,False,2024,True,0,1226
KYCHW,KYCHW,2022-03-03,2024-04-04,,False,2024,True,0,1227
RCAC,RCAC,2022-02-09,2024-04-04,,False,2024,True,0,1228
RCACU,RCACU,2021-12-17,2024-04-04,,False,2024,True,0,1229
RCACW,RCACW,2022-02-10,2024-04-04,,False,2024,True,0,1230
ASCA,ASCA,2022-03-18,2024-04-03,,False,2024,True,0,1231
ASCAR,ASCAR,2022-03-18,2024-04-03,,False,2024,True,0,1232
ASCAU,ASCAU,2022-02-15,2024-04-03,,False,2024,True,0,1233
ASCAW,ASCAW,2022-03-17,2024-04-03,,False,2024,True,0,1234
KNTE,KNTE,2020-12-03,2024-04-03,,False,2024,True,0,1235
LIBY,LIBY,2021-12-27,2024-04-03,,False,2024,True,0,1236
LIBYW,LIBYW,2021-12-27,2024-04-03,,False,2024,True,0,1237
MBTCR,MBTCR,2021-05-03,2024-04-03,,False,2024,True,0,1238
APAC,APAC,2021-09-14,2024-04-02,,False,2024,True,0,1239
APACU,APACU,2021-07-16,2024-04-02,,False,2024,True,0,1240
AMNB,AMNB,1999-04-13,2024-04-01,,False,2024,True,0,1241
CBAY,CBAY,2014-02-03,2024-04-01,,False,2024,True,0,1242
CCLP,CCLP,2011-06-15,2024-04-01,,False,2024,True,0,1243
DSKE,DSKE,2015-10-12,2024-04-01,,False,2024,True,0,1244
GE-W,GE-W,2019-02-14,2024-04-01,,False,2024,True,0,1245
GEV-W,GEV-W,2024-03-27,2024-04-01,,False,2024,True,0,1246
MBINP,MBINP,2019-03-26,2024-04-01,,False,2024,True,0,1247
MCAF,MCAF,2021-07-30,2024-04-01,,False,2024,True,0,1248
MCAFR,MCAFR,2021-07-29,2024-04-01,,False,2024,True,0,1249
MCAFU,MCAFU,2021-06-30,2024-04-01,,False,2024,True,0,1250
CWBC,CWBC,1996-11-19,2024-03-28,,False,2024,True,0,1251
GTH,GTH,2020-06-15,2024-03-28,,False,2024,True,0,1252
MMM-W,MMM-W,2024-03-26,2024-03-28,,False,2024,True,0,1253
PARAP,PARAP,2022-02-17,2024-03-28,,False,2024,True,0,1254
PGTI,PGTI,2006-06-28,2024-03-28,,False,2024,True,0,1255
SOLV-W,SOLV-W,2024-03-26,2024-03-28,,False,2024,True,0,1256
WNNR,WNNR,2022-03-07,2024-03-28,,False,2024,True,0,1257
WNNR-U,WNNR-U,2022-01-13,2024-03-28,,False,2024,True,0,1258
TWOA,TWOA,2021-03-30,2024-03-27,,False,2024,True,0,1259
CNDB-U,CNDB-U,2021-11-04,2024-03-26,,False,2024,True,0,1260
GCTS,GCTS,2021-12-27,2024-03-26,,False,2024,True,0,1261
GCTSW,GCTSW,2021-12-27,2024-03-26,,False,2024,True,0,1262
LIBYU,LIBYU,2021-11-04,2024-03-26,,False,2024,True,0,1263
SOLO,SOLO,2018-08-07,2024-03-26,,False,2024,True,0,1264
DWAC,DWAC,2021-09-30,2024-03-25,,False,2024,True,0,1265
DWACU,DWACU,2021-09-03,2024-03-25,,False,2024,True,0,1266
DWACW,DWACW,2021-09-30,2024-03-25,,False,2024,True,0,1267
YGF,YGF,2023-03-28,2024-03-25,,False,2024,True,0,1268
ADOC,ADOC,2020-12-10,2024-03-21,,False,2024,True,0,1269
ADOCR,ADOCR,2020-12-10,2024-03-21,,False,2024,True,0,1270
PEPL,PEPL,2021-12-09,2024-03-21,,False,2024,True,0,1271
PEPLU,PEPLU,2021-10-15,2024-03-21,,False,2024,True,0,1272
PEPLW,PEPLW,2021-12-09,2024-03-21,,False,2024,True,0,1273
PORT-WS,PORT-WS,2022-01-31,2024-03-21,,False,2024,True,0,1274
ALTU,ALTU,2021-01-29,2024-03-20,,False,2024,True,0,1275
ALTUU,ALTUU,2020-12-09,2024-03-20,,False,2024,True,0,1276
ALTUW,ALTUW,2021-01-29,2024-03-20,,False,2024,True,0,1277
AYX,AYX,2017-03-24,2024-03-18,,False,2024,True,0,1278
BKCC,BKCC,2007-06-27,2024-03-18,,False,2024,True,0,1279
CYTT,CYTT,2021-06-18,2024-03-18,,False,2024,True,0,1280
TGVC,TGVC,2021-11-22,2024-03-15,,False,2024,True,0,1281
TGVCW,TGVCW,2021-11-22,2024-03-15,,False,2024,True,0,1282
DHCA,DHCA,2021-04-28,2024-03-14,,False,2024,True,0,1283
DHCAU,DHCAU,2021-03-02,2024-03-14,,False,2024,True,0,1284
ENCPU,ENCPU,2021-11-16,2024-03-14,,False,2024,True,0,1285
ENCPW,ENCPW,2022-01-10,2024-03-14,,False,2024,True,0,1286
SAGA,SAGA,2022-02-10,2024-03-14,,False,2024,True,0,1287
SAGAU,SAGAU,2021-12-21,2024-03-14,,False,2024,True,0,1288
TGH,TGH,2007-10-10,2024-03-14,,False,2024,True,0,1289
XPDB,XPDB,2022-02-01,2024-03-14,,False,2024,True,0,1290
XPDBU,XPDBU,2021-12-10,2024-03-14,,False,2024,True,0,1291
XPDBW,XPDBW,2022-01-31,2024-03-14,,False,2024,True,0,1292
ESACU,ESACU,2021-10-20,2024-03-13,,False,2024,True,0,1293
THWWW,THWWW,2018-03-12,2024-03-13,,False,2024,True,0,1294
INPX,INPX,2011-07-14,2024-03-12,,False,2024,True,0,1295
SASI,SASI,2010-09-20,2024-03-12,,False,2024,True,0,1296
SNCE,SNCE,2020-11-20,2024-03-12,,False,2024,True,0,1297
EACPU,EACPU,2021-01-15,2024-03-11,,False,2024,True,0,1298
EACPW,EACPW,2021-03-02,2024-03-11,,False,2024,True,0,1299
HARP,HARP,2019-02-08,2024-03-11,,False,2024,True,0,1300
LBBB,LBBB,2022-04-14,2024-03-11,,False,2024,True,0,1301
LBBBR,LBBBR,2022-04-14,2024-03-11,,False,2024,True,0,1302
LBBBU,LBBBU,2022-03-09,2024-03-11,,False,2024,True,0,1303
LBBBW,LBBBW,2022-04-14,2024-03-11,,False,2024,True,0,1304
FAZE,FAZE,2021-04-13,2024-03-08,,False,2024,True,0,1305
FAZEW,FAZEW,2021-04-13,2024-03-08,,False,2024,True,0,1306
SAGAR,SAGAR,2022-02-10,2024-03-08,,False,2024,True,0,1307
TGVCU,TGVCU,2021-11-03,2024-03-08,,False,2024,True,0,1308
AMAM,AMAM,2021-06-18,2024-03-07,,False,2024,True,0,1309
DOC,DOC,2013-07-19,2024-03-07,,False,2024,True,0,1310
BFX,BFX,2023-11-01,2024-03-05,,False,2024,True,0,1311
VAQC,VAQC,2021-03-10,2024-03-04,,False,2024,True,0,1312
BODI,BODI,2021-01-15,2024-03-01,,False,2024,True,0,1313
VHAQ-R,VHAQ-R,2021-02-04,2024-03-01,,False,2024,True,0,1314
ARIZ,ARIZ,2021-12-09,2024-02-29,,False,2024,True,0,1315
ARIZR,ARIZR,2021-12-09,2024-02-29,,False,2024,True,0,1316
ARIZU,ARIZU,2021-11-18,2024-02-29,,False,2024,True,0,1317
ARIZW,ARIZW,2021-12-09,2024-02-29,,False,2024,True,0,1318
FGH,FGH,2000-12-19,2024-02-29,,False,2024,True,0,1319
HKIT,HKIT,2023-03-31,2024-02-29,,False,2024,True,0,1320
LBC,LBC,2001-01-02,2024-02-29,,False,2024,True,0,1321
WRAC,WRAC,2021-09-16,2024-02-29,,False,2024,True,0,1322
WRAC-U,WRAC-U,2021-07-27,2024-02-29,,False,2024,True,0,1323
LCA,LCA,2021-05-18,2024-02-27,,False,2024,True,0,1324
LCAHU,LCAHU,2016-05-26,2024-02-27,,False,2024,True,0,1325
LCAHW,LCAHW,2021-05-18,2024-02-27,,False,2024,True,0,1326
ROI,ROI,2023-11-01,2024-02-27,,False,2024,True,0,1327
ROVR,ROVR,2021-02-01,2024-02-27,,False,2024,True,0,1328
SZZL,SZZL,2021-11-04,2024-02-27,,False,2024,True,0,1329
SZZLW,SZZLW,2022-02-02,2024-02-27,,False,2024,True,0,1330
AMEH,AMEH,2024-02-26,2024-02-26,,False,2024,True,0,1331
CENN,CENN,2009-12-16,2024-02-26,,False,2024,True,0,1332
EAR,EAR,2020-10-16,2024-02-26,,False,2024,True,0,1333
IDICQ,IDICQ,2017-12-01,2024-02-26,,False,2024,True,0,1334
SLAC,SLAC,2021-04-05,2024-02-26,,False,2024,True,0,1335
SLACU,SLACU,2021-02-12,2024-02-26,,False,2024,True,0,1336
SLACW,SLACW,2021-04-05,2024-02-26,,False,2024,True,0,1337
CHIC,CHIC,1999-10-20,2024-02-23,,False,2024,True,0,1338
HIX-R,HIX-R,2022-04-11,2024-02-23,,False,2024,True,0,1339
FICV,FICV,2021-08-30,2024-02-22,,False,2024,True,0,1340
FICVU,FICVU,2021-07-01,2024-02-22,,False,2024,True,0,1341
FICVW,FICVW,2021-09-10,2024-02-22,,False,2024,True,0,1342
LCAA,LCAA,2021-05-06,2024-02-22,,False,2024,True,0,1343
LCAAU,LCAAU,2021-03-11,2024-02-22,,False,2024,True,0,1344
LCAAW,LCAAW,2021-05-11,2024-02-22,,False,2024,True,0,1345
EPOW,EPOW,2021-02-09,2024-02-21,,False,2024,True,0,1346
NRAC,NRAC,2021-04-01,2024-02-21,,False,2024,True,0,1347
NRACU,NRACU,2021-02-02,2024-02-21,,False,2024,True,0,1348
CPTK,CPTK,2021-04-01,2024-02-20,,False,2024,True,0,1349
ICVX,ICVX,2021-07-29,2024-02-20,,False,2024,True,0,1350
CHEA,CHEA,2022-06-27,2024-02-15,,False,2024,True,0,1351
CHEAU,CHEAU,2022-04-28,2024-02-15,,False,2024,True,0,1352
CPTK-U,CPTK-U,2021-02-09,2024-02-15,,False,2024,True,0,1353
SNMP,SNMP,2006-11-15,2024-02-15,,False,2024,True,0,1354
AESC,AESC,2021-03-05,2024-02-14,,False,2024,True,0,1355
FLME,FLME,2021-04-19,2024-02-14,,False,2024,True,0,1356
FLME-U,FLME-U,2021-02-25,2024-02-14,,False,2024,True,0,1357
LGST,LGST,2022-01-05,2024-02-14,,False,2024,True,0,1358
LGSTU,LGSTU,2021-11-04,2024-02-14,,False,2024,True,0,1359
NRACW,NRACW,2021-03-26,2024-02-14,,False,2024,True,0,1360
PBAX,PBAX,2021-11-30,2024-02-14,,False,2024,True,0,1361
PBAXU,PBAXU,2021-10-06,2024-02-14,,False,2024,True,0,1362
SOCWS,SOCWS,2021-04-19,2024-02-14,,False,2024,True,0,1363
THRX,THRX,2021-10-07,2024-02-14,,False,2024,True,0,1364
SBET,SBET,1997-05-21,2024-02-13,,False,2024,True,0,1365
APTM,APTM,2023-12-28,2024-02-09,,False,2024,True,0,1366
HHLA,HHLA,2021-03-29,2024-02-09,,False,2024,True,0,1367
HHLA-U,HHLA-U,2021-02-05,2024-02-09,,False,2024,True,0,1368
HHLA-WS,HHLA-WS,2021-03-30,2024-02-09,,False,2024,True,0,1369
IMACW,IMACW,2019-02-13,2024-02-09,,False,2024,True,0,1370
OXUSU,OXUSU,2021-09-03,2024-02-07,,False,2024,True,0,1371
NUBI,NUBI,2022-05-02,2024-02-02,,False,2024,True,0,1372
NUBIU,NUBIU,2022-03-11,2024-02-02,,False,2024,True,0,1373
NUBIW,NUBIW,2022-05-02,2024-02-02,,False,2024,True,0,1374
DMAQR,DMAQR,2021-12-02,2024-01-31,,False,2024,True,0,1375
NSTB-U,NSTB-U,2021-01-26,2024-01-31,,False,2024,True,0,1376
PWM,PWM,2023-07-06,2024-01-31,,False,2024,True,0,1377
AIC,AIC,2015-03-20,2024-01-30,,False,2024,True,0,1378
OTEC,OTEC,2021-07-21,2024-01-30,,False,2024,True,0,1379
OTECU,OTECU,2021-05-28,2024-01-30,,False,2024,True,0,1380
OTECW,OTECW,2021-07-19,2024-01-30,,False,2024,True,0,1381
PMB,PMB,2024-01-26,2024-01-29,,False,2024,True,0,1382
ATAKU,ATAKU,2022-02-07,2024-01-26,,False,2024,True,0,1383
ESMT,ESMT,2021-09-23,2024-01-25,,False,2024,True,0,1384
NCAC,NCAC,2021-12-10,2024-01-25,,False,2024,True,0,1385
NCACU,NCACU,2021-10-20,2024-01-25,,False,2024,True,0,1386
NCACW,NCACW,2021-12-10,2024-01-25,,False,2024,True,0,1387
OPA,OPA,2021-05-18,2024-01-25,,False,2024,True,0,1388
OPA-U,OPA-U,2021-03-23,2024-01-25,,False,2024,True,0,1389
OPA-WS,OPA-WS,2021-05-18,2024-01-25,,False,2024,True,0,1390
ORTX,ORTX,2018-10-31,2024-01-24,,False,2024,True,0,1391
SRC,SRC,2012-09-20,2024-01-22,,False,2024,True,0,1392
ATAKR,ATAKR,2022-03-21,2024-01-18,,False,2024,True,0,1393
BVH,BVH,2016-01-04,2024-01-16,,False,2024,True,0,1394
CSTA,CSTA,2024-01-12,2024-01-12,,False,2024,True,0,1395
CSTA-U,CSTA-U,2024-01-12,2024-01-12,,False,2024,True,0,1396
CSTA-WS,CSTA-WS,2024-01-12,2024-01-12,,False,2024,True,0,1397
PTHR,PTHR,2023-04-03,2024-01-12,,False,2024,True,0,1398
PTHRU,PTHRU,2023-02-10,2024-01-12,,False,2024,True,0,1399
PTHRW,PTHRW,2023-04-03,2024-01-12,,False,2024,True,0,1400
DISH,DISH,1995-06-21,2024-01-09,,False,2024,True,0,1401
GPP,GPP,2015-06-26,2024-01-09,,False,2024,True,0,1402
CHS,CHS,1993-03-24,2024-01-05,,False,2024,True,0,1403
SRT,SRT,1997-06-19,2024-01-05,,False,2024,True,0,1404
MPLN-WS,MPLN-WS,2020-10-09,2024-01-03,,False,2024,True,0,1405
MRT-WS,MRT-WS,2023-07-11,2024-01-03,,False,2024,True,0,1406
DISA,DISA,2021-05-21,2024-01-02,,False,2024,True,0,1407
DISAU,DISAU,2021-03-24,2024-01-02,,False,2024,True,0,1408
RPT,RPT,1988-12-28,2024-01-02,,False,2024,True,0,1409
BYN-U,BYN-U,2022-01-20,2023-12-29,,False,2023,True,0,1410
NETI,NETI,2013-12-12,2023-12-29,,False,2023,True,0,1411
AMTI,AMTI,2020-06-05,2023-12-28,,False,2023,True,0,1412
IOAC,IOAC,2022-01-04,2023-12-28,,False,2023,True,0,1413
IOACU,IOACU,2021-10-27,2023-12-28,,False,2023,True,0,1414
EGGF-U,EGGF-U,2021-05-26,2023-12-27,,False,2023,True,0,1415
EGGF-WS,EGGF-WS,2021-07-16,2023-12-27,,False,2023,True,0,1416
GDNR,GDNR,2022-01-13,2023-12-27,,False,2023,True,0,1417
OHAA,OHAA,2021-12-23,2023-12-27,,False,2023,True,0,1418
OHAAU,OHAAU,2021-10-27,2023-12-27,,False,2023,True,0,1419
OHAAW,OHAAW,2021-12-20,2023-12-27,,False,2023,True,0,1420
PNT,PNT,2020-07-08,2023-12-27,,False,2023,True,0,1421
ENER,ENER,2021-12-01,2023-12-26,,False,2023,True,0,1422
ENERR,ENERR,2021-12-01,2023-12-26,,False,2023,True,0,1423
ENERU,ENERU,2021-10-21,2023-12-26,,False,2023,True,0,1424
ENERW,ENERW,2021-12-01,2023-12-26,,False,2023,True,0,1425
ID,ID,2001-01-02,2023-12-26,,False,2023,True,0,1426
JAQC,JAQC,2021-10-01,2023-12-26,,False,2023,True,0,1427
JAQCU,JAQCU,2021-08-13,2023-12-26,,False,2023,True,0,1428
JAQCW,JAQCW,2021-10-04,2023-12-26,,False,2023,True,0,1429
ONCE,ONCE,2015-01-30,2023-12-26,,False,2023,True,0,1430
BRLI,BRLI,2020-07-22,2023-12-22,,False,2023,True,0,1431
BRLIR,BRLIR,2020-07-22,2023-12-22,,False,2023,True,0,1432
BRLIU,BRLIU,2020-06-24,2023-12-22,,False,2023,True,0,1433
BRLIW,BRLIW,2020-07-22,2023-12-22,,False,2023,True,0,1434
CLINR,CLINR,2022-04-18,2023-12-22,,False,2023,True,0,1435
CLINU,CLINU,2022-02-24,2023-12-22,,False,2023,True,0,1436
CLINW,CLINW,2022-04-18,2023-12-22,,False,2023,True,0,1437
DISAW,DISAW,2021-05-17,2023-12-22,,False,2023,True,0,1438
LVOX,LVOX,2019-04-18,2023-12-22,,False,2023,True,0,1439
LVOXU,LVOXU,2019-03-08,2023-12-22,,False,2023,True,0,1440
LVOXW,LVOXW,2019-04-17,2023-12-22,,False,2023,True,0,1441
BYTSU,BYTSU,2021-03-19,2023-12-21,,False,2023,True,0,1442
CLAY,CLAY,2021-08-13,2023-12-21,,False,2023,True,0,1443
CLAYU,CLAYU,2021-07-20,2023-12-21,,False,2023,True,0,1444
DUNEU,DUNEU,2020-12-18,2023-12-21,,False,2023,True,0,1445
HHRS,HHRS,2021-10-05,2023-12-21,,False,2023,True,0,1446
MDWT,MDWT,2017-09-29,2023-12-21,,False,2023,True,0,1447
NSTBW,NSTBW,2021-02-11,2023-12-21,,False,2023,True,0,1448
OXSQL,OXSQL,2018-03-19,2023-12-21,,False,2023,True,0,1449
PATI,PATI,2015-02-02,2023-12-21,,False,2023,True,0,1450
PHUNW,PHUNW,2016-10-13,2023-12-21,,False,2023,True,0,1451
PRSR,PRSR,2021-03-01,2023-12-21,,False,2023,True,0,1452
PRSRU,PRSRU,2021-01-08,2023-12-21,,False,2023,True,0,1453
PFIN,PFIN,1992-03-03,2023-12-20,,False,2023,True,0,1454
BHIL-WS,BHIL-WS,2021-09-30,2023-12-19,,False,2023,True,0,1455
CD,CD,2020-09-30,2023-12-19,,False,2023,True,0,1456
CDLR-W,CDLR-W,2023-12-19,2023-12-19,,False,2023,True,0,1457
SMAPU,SMAPU,2021-10-19,2023-12-19,,False,2023,True,0,1458
NETC,NETC,2022-01-10,2023-12-18,,False,2023,True,0,1459
NETC-U,NETC-U,2021-11-17,2023-12-18,,False,2023,True,0,1460
NETC-WS,NETC-WS,2022-01-07,2023-12-18,,False,2023,True,0,1461
GDNRU,GDNRU,2021-12-22,2023-12-15,,False,2023,True,0,1462
GDNRW,GDNRW,2022-01-13,2023-12-15,,False,2023,True,0,1463
PCTI,PCTI,1999-08-10,2023-12-15,,False,2023,True,0,1464
AENZ,AENZ,2013-07-24,2023-12-14,,False,2023,True,0,1465
NM,NM,2005-01-06,2023-12-14,,False,2023,True,0,1466
VIIAU,VIIAU,2020-12-23,2023-12-14,,False,2023,True,0,1467
CTG,CTG,1988-01-05,2023-12-13,,False,2023,True,0,1468
MIRO,MIRO,2021-06-24,2023-12-13,,False,2023,True,0,1469
BURU-WS,BURU-WS,2021-05-20,2023-12-12,,False,2023,True,0,1470
EFHTR,EFHTR,2022-12-08,2023-12-12,,False,2023,True,0,1471
FATP,FATP,2021-12-03,2023-12-12,,False,2023,True,0,1472
FATPU,FATPU,2021-10-13,2023-12-12,,False,2023,True,0,1473
FRXB,FRXB,2021-05-03,2023-12-12,,False,2023,True,0,1474
FRXB-U,FRXB-U,2021-03-10,2023-12-12,,False,2023,True,0,1475
FRXB-WS,FRXB-WS,2021-05-03,2023-12-12,,False,2023,True,0,1476
BRD,BRD,2022-01-14,2023-12-11,,False,2023,True,0,1477
BRD-U,BRD-U,2021-11-24,2023-12-11,,False,2023,True,0,1478
BRD-WS,BRD-WS,2022-01-14,2023-12-11,,False,2023,True,0,1479
KVSA,KVSA,2021-03-04,2023-12-11,,False,2023,True,0,1480
TBCP,TBCP,2021-04-01,2023-12-11,,False,2023,True,0,1481
TBCPU,TBCPU,2021-02-05,2023-12-11,,False,2023,True,0,1482
TBCPW,TBCPW,2021-03-31,2023-12-11,,False,2023,True,0,1483
IPVF,IPVF,2021-04-26,2023-12-08,,False,2023,True,0,1484
IPVF-U,IPVF-U,2021-03-05,2023-12-08,,False,2023,True,0,1485
IPVF-WS,IPVF-WS,2021-04-26,2023-12-08,,False,2023,True,0,1486
MBAC,MBAC,2021-04-26,2023-12-08,,False,2023,True,0,1487
MBAC-U,MBAC-U,2021-03-04,2023-12-08,,False,2023,True,0,1488
MBAC-WS,MBAC-WS,2021-04-26,2023-12-08,,False,2023,True,0,1489
MOBV,MOBV,2022-09-26,2023-12-08,,False,2023,True,0,1490
MOBVU,MOBVU,2022-08-04,2023-12-08,,False,2023,True,0,1491
MOBVW,MOBVW,2022-09-26,2023-12-08,,False,2023,True,0,1492
QLTY,QLTY,2003-11-07,2023-12-08,,False,2023,True,0,1493
ARCE,ARCE,2018-09-26,2023-12-07,,False,2023,True,0,1494
BSQR,BSQR,1999-10-21,2023-12-07,,False,2023,True,0,1495
CFIV,CFIV,2021-02-16,2023-12-07,,False,2023,True,0,1496
CFIVU,CFIVU,2020-12-23,2023-12-07,,False,2023,True,0,1497
CFIVW,CFIVW,2021-02-16,2023-12-07,,False,2023,True,0,1498
FSRX,FSRX,2021-04-21,2023-12-07,,False,2023,True,0,1499
FSRXU,FSRXU,2021-02-18,2023-12-07,,False,2023,True,0,1500
FSRXW,FSRXW,2021-04-22,2023-12-07,,False,2023,True,0,1501
LIVB,LIVB,2022-03-15,2023-12-07,,False,2023,True,0,1502
LIVBU,LIVBU,2022-02-08,2023-12-07,,False,2023,True,0,1503
LIVBW,LIVBW,2022-03-11,2023-12-07,,False,2023,True,0,1504
VCXA,VCXA,2021-10-05,2023-12-06,,False,2023,True,0,1505
VCXAU,VCXAU,2021-08-11,2023-12-06,,False,2023,True,0,1506
VCXAW,VCXAW,2021-10-01,2023-12-06,,False,2023,True,0,1507
WMC,WMC,2012-05-11,2023-12-06,,False,2023,True,0,1508
KNSW,KNSW,2022-03-14,2023-12-05,,False,2023,True,0,1509
KNSW-U,KNSW-U,2022-01-21,2023-12-05,,False,2023,True,0,1510
KNSW-WS,KNSW-WS,2022-03-14,2023-12-05,,False,2023,True,0,1511
FATPW,FATPW,2021-12-03,2023-12-04,,False,2023,True,0,1512
HWEL,HWEL,2021-09-30,2023-12-04,,False,2023,True,0,1513
HWELU,HWELU,2021-08-03,2023-12-04,,False,2023,True,0,1514
CCVI,CCVI,2021-04-05,2023-12-01,,False,2023,True,0,1515
CCVI-U,CCVI-U,2021-02-12,2023-12-01,,False,2023,True,0,1516
CCVI-WS,CCVI-WS,2021-04-05,2023-12-01,,False,2023,True,0,1517
HEP,HEP,2004-07-08,2023-12-01,,False,2023,True,0,1518
HUT,HUT,2018-03-08,2023-12-01,,False,2023,True,0,1519
PACI-WS,PACI-WS,2022-01-21,2023-12-01,,False,2023,True,0,1520
SGII,SGII,2021-12-02,2023-12-01,,False,2023,True,0,1521
SGIIU,SGIIU,2021-11-17,2023-12-01,,False,2023,True,0,1522
SGIIW,SGIIW,2021-12-02,2023-12-01,,False,2023,True,0,1523
GHL,GHL,2004-05-06,2023-11-30,,False,2023,True,0,1524
NIMC,NIMC,2021-04-14,2023-11-30,,False,2023,True,0,1525
PACW,PACW,2000-06-05,2023-11-30,,False,2023,True,0,1526
PACWP,PACWP,2022-12-23,2023-11-30,,False,2023,True,0,1527
PTRS,PTRS,2013-04-02,2023-11-30,,False,2023,True,0,1528
VRTV,VRTV,2014-07-01,2023-11-30,,False,2023,True,0,1529
WOR-W,WOR-W,2023-11-28,2023-11-30,,False,2023,True,0,1530
WS-W,WS-W,2023-11-28,2023-11-30,,False,2023,True,0,1531
CFFE,CFFE,2021-05-05,2023-11-29,,False,2023,True,0,1532
CFFEU,CFFEU,2021-03-12,2023-11-29,,False,2023,True,0,1533
IXHL,IXHL,2022-03-02,2023-11-29,,False,2023,True,0,1534
LOCC,LOCC,2021-11-15,2023-11-29,,False,2023,True,0,1535
LOCC-U,LOCC-U,2021-09-23,2023-11-29,,False,2023,True,0,1536
LOCC-WS,LOCC-WS,2021-11-15,2023-11-29,,False,2023,True,0,1537
GETR-WS,GETR-WS,2022-12-09,2023-11-28,,False,2023,True,0,1538
HT,HT,1999-01-21,2023-11-28,,False,2023,True,0,1539
ODVWW,ODVWW,2023-07-06,2023-11-28,,False,2023,True,0,1540
ROSE,ROSE,2021-12-06,2023-11-28,,False,2023,True,0,1541
UPH-WS,UPH-WS,2021-06-10,2023-11-28,,False,2023,True,0,1542
APGB,APGB,2021-04-05,2023-11-27,,False,2023,True,0,1543
APGB-U,APGB-U,2021-02-10,2023-11-27,,False,2023,True,0,1544
APGB-WS,APGB-WS,2021-04-06,2023-11-27,,False,2023,True,0,1545
AVTA,AVTA,1998-12-15,2023-11-27,,False,2023,True,0,1546
JHAA,JHAA,2018-12-19,2023-11-27,,False,2023,True,0,1547
MDXH,MDXH,2009-04-16,2023-11-24,,False,2023,True,0,1548
VMW,VMW,2007-08-15,2023-11-22,,False,2023,True,0,1549
MTRY,MTRY,2021-11-22,2023-11-20,,False,2023,True,0,1550
MTRYU,MTRYU,2021-10-01,2023-11-20,,False,2023,True,0,1551
MTRYW,MTRYW,2021-11-22,2023-11-20,,False,2023,True,0,1552
ROSEW,ROSEW,2016-03-29,2023-11-20,,False,2023,True,0,1553
CEQP-P,CEQP-P,2018-06-15,2023-11-17,,False,2023,True,0,1554
CREXW,CREXW,2018-11-15,2023-11-17,,False,2023,True,0,1555
LHC,LHC,2018-04-16,2023-11-17,,False,2023,True,0,1556
LHC-U,LHC-U,2021-01-08,2023-11-17,,False,2023,True,0,1557
ARGO,ARGO,2007-08-07,2023-11-16,,False,2023,True,0,1558
OPAD-WS,OPAD-WS,2021-09-02,2023-11-16,,False,2023,True,0,1559
SHUA,SHUA,2022-04-26,2023-11-16,,False,2023,True,0,1560
SHUAU,SHUAU,2022-03-02,2023-11-16,,False,2023,True,0,1561
SHUAW,SHUAW,2022-04-22,2023-11-16,,False,2023,True,0,1562
ALKSV,ALKSV,2023-11-14,2023-11-15,,False,2023,True,0,1563
CCF,CCF,1995-10-25,2023-11-15,,False,2023,True,0,1564
JGGC,JGGC,2022-04-04,2023-11-15,,False,2023,True,0,1565
JGGCR,JGGCR,2022-04-04,2023-11-15,,False,2023,True,0,1566
JGGCU,JGGCU,2022-02-11,2023-11-15,,False,2023,True,0,1567
JGGCW,JGGCW,2022-04-04,2023-11-15,,False,2023,True,0,1568
PYR,PYR,2021-03-11,2023-11-15,,False,2023,True,0,1569
ALOR,ALOR,2022-01-13,2023-11-14,,False,2023,True,0,1570
ALORU,ALORU,2021-11-19,2023-11-14,,False,2023,True,0,1571
ALORW,ALORW,2022-01-11,2023-11-14,,False,2023,True,0,1572
APRN,APRN,2017-06-29,2023-11-13,,False,2023,True,0,1573
CANO-WS,CANO-WS,2021-06-04,2023-11-13,,False,2023,True,0,1574
AERT,AERT,2001-01-02,2023-11-09,,False,2023,True,0,1575
EQRX,EQRX,2021-12-20,2023-11-09,,False,2023,True,0,1576
EQRXW,EQRXW,2021-06-03,2023-11-09,,False,2023,True,0,1577
NXGN,NXGN,2001-01-02,2023-11-09,,False,2023,True,0,1578
OPTX,OPTX,2023-11-08,2023-11-09,,False,2023,True,0,1579
TBLTW,TBLTW,2018-12-03,2023-11-09,,False,2023,True,0,1580
INDIW,INDIW,2021-06-11,2023-11-08,,False,2023,True,0,1581
ALTMW,ALTMW,2017-05-01,2023-11-07,,False,2023,True,0,1582
AVID,AVID,1993-03-12,2023-11-07,,False,2023,True,0,1583
DKDCU,DKDCU,2021-05-07,2023-11-07,,False,2023,True,0,1584
HLGN-WS,HLGN-WS,2021-12-31,2023-11-07,,False,2023,True,0,1585
NEWR,NEWR,2014-12-12,2023-11-07,,False,2023,True,0,1586
OLITU,OLITU,2021-11-09,2023-11-07,,False,2023,True,0,1587
PRPC,PRPC,2021-03-30,2023-11-07,,False,2023,True,0,1588
PRPC-U,PRPC-U,2021-02-03,2023-11-07,,False,2023,True,0,1589
PRPC-WS,PRPC-WS,2021-03-29,2023-11-07,,False,2023,True,0,1590
TWNK,TWNK,2015-11-30,2023-11-07,,False,2023,True,0,1591
WWACU,WWACU,2021-10-20,2023-11-07,,False,2023,True,0,1592
ASPAW,ASPAW,2021-09-03,2023-11-06,,False,2023,True,0,1593
FBYDP,FBYDP,2023-10-09,2023-11-06,,False,2023,True,0,1594
PLM,PLM,2000-10-12,2023-11-06,,False,2023,True,0,1595
AMAO,AMAO,2021-05-05,2023-11-03,,False,2023,True,0,1596
AMAOU,AMAOU,2021-03-18,2023-11-03,,False,2023,True,0,1597
AMAOW,AMAOW,2021-04-30,2023-11-03,,False,2023,True,0,1598
AQNA,AQNA,2018-10-23,2023-11-03,,False,2023,True,0,1599
ARTE,ARTE,2021-11-23,2023-11-03,,False,2023,True,0,1600
ARTEU,ARTEU,2021-09-30,2023-11-03,,False,2023,True,0,1601
ARTEW,ARTEW,2021-11-22,2023-11-03,,False,2023,True,0,1602
CEQP,CEQP,2001-07-26,2023-11-03,,False,2023,True,0,1603
FREQ,FREQ,2019-10-03,2023-11-03,,False,2023,True,0,1604
TRHC,TRHC,2016-09-29,2023-11-03,,False,2023,True,0,1605
ASPAU,ASPAU,2021-08-10,2023-11-02,,False,2023,True,0,1606
DEN,DEN,2020-09-21,2023-11-02,,False,2023,True,0,1607
ITAQ,ITAQ,2022-03-04,2023-11-02,,False,2023,True,0,1608
ITAQU,ITAQU,2022-01-12,2023-11-02,,False,2023,True,0,1609
ITAQW,ITAQW,2022-03-04,2023-11-02,,False,2023,True,0,1610
TRCA,TRCA,2021-04-26,2023-11-02,,False,2023,True,0,1611
TRCA-U,TRCA-U,2021-03-04,2023-11-02,,False,2023,True,0,1612
CNNB,CNNB,2017-06-13,2023-11-01,,False,2023,True,0,1613
CNTF,CNTF,2005-05-06,2023-11-01,,False,2023,True,0,1614
ESTE,ESTE,1997-01-06,2023-11-01,,False,2023,True,0,1615
NLOP-W,NLOP-W,2023-10-27,2023-11-01,,False,2023,True,0,1616
FRBNU,FRBNU,2021-12-10,2023-10-31,,False,2023,True,0,1617
FRBNW,FRBNW,2022-02-01,2023-10-31,,False,2023,True,0,1618
BOAC,BOAC,2020-12-18,2023-10-30,,False,2023,True,0,1619
BOAC-U,BOAC-U,2020-10-28,2023-10-30,,False,2023,True,0,1620
BOAC-WS,BOAC-WS,2020-12-18,2023-10-30,,False,2023,True,0,1621
DRCTW,DRCTW,2022-02-11,2023-10-30,,False,2023,True,0,1622
FRGI,FRGI,2012-04-26,2023-10-30,,False,2023,True,0,1623
BODY-WS,BODY-WS,2021-06-28,2023-10-27,,False,2023,True,0,1624
WPC-W,WPC-W,2023-10-27,2023-10-27,,False,2023,True,0,1625
SKIL-WS,SKIL-WS,2021-06-14,2023-10-25,,False,2023,True,0,1626
NFNT,NFNT,2022-01-10,2023-10-24,,False,2023,True,0,1627
NFNT-WS,NFNT-WS,2022-01-10,2023-10-24,,False,2023,True,0,1628
CXAC,CXAC,2022-02-28,2023-10-23,,False,2023,True,0,1629
CXAC-U,CXAC-U,2022-01-07,2023-10-23,,False,2023,True,0,1630
CXAC-WS,CXAC-WS,2022-02-28,2023-10-23,,False,2023,True,0,1631
PFSW,PFSW,1999-12-02,2023-10-23,,False,2023,True,0,1632
SCPL,SCPL,2019-05-03,2023-10-23,,False,2023,True,0,1633
IXSE,IXSE,2019-04-04,2023-10-20,,False,2023,True,0,1634
CHEAW,CHEAW,2022-06-24,2023-10-19,,False,2023,True,0,1635
OTMO,OTMO,2021-08-16,2023-10-19,,False,2023,True,0,1636
PCCT,PCCT,2021-12-27,2023-10-19,,False,2023,True,0,1637
PCCTU,PCCTU,2021-10-28,2023-10-19,,False,2023,True,0,1638
CIR,CIR,1999-10-18,2023-10-18,,False,2023,True,0,1639
EMAN,EMAN,2000-01-21,2023-10-18,,False,2023,True,0,1640
HPLT,HPLT,2021-11-29,2023-10-18,,False,2023,True,0,1641
HPLTU,HPLTU,2021-09-30,2023-10-18,,False,2023,True,0,1642
HPLTW,HPLTW,2021-11-29,2023-10-18,,False,2023,True,0,1643
SDRL,SDRL,2005-12-28,2023-10-18,,False,2023,True,0,1644
HCCI,HCCI,2008-03-12,2023-10-17,,False,2023,True,0,1645
CCV,CCV,2021-02-05,2023-10-16,,False,2023,True,0,1646
CCV-U,CCV-U,2020-12-16,2023-10-16,,False,2023,True,0,1647
CCV-WS,CCV-WS,2021-02-05,2023-10-16,,False,2023,True,0,1648
NATL-W,NATL-W,2023-10-11,2023-10-16,,False,2023,True,0,1649
RBT-WS,RBT-WS,2022-08-16,2023-10-16,,False,2023,True,0,1650
THRN,THRN,2021-09-23,2023-10-16,,False,2023,True,0,1651
VYX-W,VYX-W,2023-10-11,2023-10-16,,False,2023,True,0,1652
ATVI,ATVI,1993-10-25,2023-10-13,,False,2023,True,0,1653
BTWN,BTWN,2020-12-07,2023-10-12,,False,2023,True,0,1654
BTWNU,BTWNU,2020-10-16,2023-10-12,,False,2023,True,0,1655
BTWNW,BTWNW,2020-12-07,2023-10-12,,False,2023,True,0,1656
KLR-WS,KLR-WS,2018-01-17,2023-10-12,,False,2023,True,0,1657
NATI,NATI,1995-03-14,2023-10-11,,False,2023,True,0,1658
SAMA,SAMA,2021-11-29,2023-10-11,,False,2023,True,0,1659
SAMAU,SAMAU,2021-10-08,2023-10-11,,False,2023,True,0,1660
SSU-WS,SSU-WS,2021-12-15,2023-10-11,,False,2023,True,0,1661
ZYNE,ZYNE,2015-08-05,2023-10-11,,False,2023,True,0,1662
MPRAU,MPRAU,2021-11-04,2023-10-10,,False,2023,True,0,1663
JUN,JUN,2021-12-23,2023-10-09,,False,2023,True,0,1664
JUN-U,JUN-U,2021-11-04,2023-10-09,,False,2023,True,0,1665
JUN-WS,JUN-WS,2021-12-23,2023-10-09,,False,2023,True,0,1666
BIOS,BIOS,2022-01-28,2023-10-06,,False,2023,True,0,1667
BIOSU,BIOSU,2021-12-03,2023-10-06,,False,2023,True,0,1668
BIOSW,BIOSW,2022-01-25,2023-10-06,,False,2023,True,0,1669
HZNP,HZNP,2011-07-28,2023-10-06,,False,2023,True,0,1670
FZT,FZT,2021-05-06,2023-10-05,,False,2023,True,0,1671
FZT-U,FZT-U,2021-03-16,2023-10-05,,False,2023,True,0,1672
IGICW,IGICW,2020-03-19,2023-10-04,,False,2023,True,0,1673
LAAC-W,LAAC-W,2023-10-02,2023-10-03,,False,2023,True,0,1674
LAC,LAC,2018-01-25,2023-10-03,,False,2023,True,0,1675
LAC-W,LAC-W,2023-10-02,2023-10-03,,False,2023,True,0,1676
CELL,CELL,2020-07-17,2023-10-02,,False,2023,True,0,1677
LFAC,LFAC,2022-01-20,2023-10-02,,False,2023,True,0,1678
LFACU,LFACU,2021-11-17,2023-10-02,,False,2023,True,0,1679
LFACW,LFACW,2022-01-10,2023-10-02,,False,2023,True,0,1680
ANZUU,ANZUU,2021-03-02,2023-09-29,,False,2023,True,0,1681
ARMK-W,ARMK-W,2023-09-27,2023-09-29,,False,2023,True,0,1682
CNFRL,CNFRL,2018-10-31,2023-09-29,,False,2023,True,0,1683
DHR-W,DHR-W,2016-06-17,2023-09-29,,False,2023,True,0,1684
GFOR-U,GFOR-U,2021-05-21,2023-09-29,,False,2023,True,0,1685
KLG-W,KLG-W,2023-09-27,2023-09-29,,False,2023,True,0,1686
MPRA,MPRA,2021-12-29,2023-09-29,,False,2023,True,0,1687
MPRAW,MPRAW,2021-12-29,2023-09-29,,False,2023,True,0,1688
UPTDU,UPTDU,2021-04-28,2023-09-29,,False,2023,True,0,1689
VLTO-W,VLTO-W,2023-09-27,2023-09-29,,False,2023,True,0,1690
VSTS-W,VSTS-W,2023-09-27,2023-09-29,,False,2023,True,0,1691
K-W,K-W,2023-09-27,2023-09-28,,False,2023,True,0,1692
SYNH,SYNH,2014-11-07,2023-09-28,,False,2023,True,0,1693
SGBXV,SGBXV,2023-09-19,2023-09-27,,False,2023,True,0,1694
SGDVV,SGDVV,2023-09-19,2023-09-27,,False,2023,True,0,1695
SLVRU,SLVRU,2021-09-10,2023-09-27,,False,2023,True,0,1696
SLVRW,SLVRW,2021-11-04,2023-09-27,,False,2023,True,0,1697
TRTN,TRTN,2005-10-12,2023-09-27,,False,2023,True,0,1698
ICNC,ICNC,2021-12-13,2023-09-26,,False,2023,True,0,1699
ICNC-U,ICNC-U,2021-10-22,2023-09-26,,False,2023,True,0,1700
ICNC-WS,ICNC-WS,2021-12-13,2023-09-26,,False,2023,True,0,1701
LMNL,LMNL,2019-11-18,2023-09-26,,False,2023,True,0,1702
OTMOW,OTMOW,2021-08-16,2023-09-26,,False,2023,True,0,1703
RETA,RETA,2016-05-26,2023-09-26,,False,2023,True,0,1704
ADER,ADER,2021-03-08,2023-09-25,,False,2023,True,0,1705
ADERU,ADERU,2021-01-15,2023-09-25,,False,2023,True,0,1706
ADERW,ADERW,2021-03-09,2023-09-25,,False,2023,True,0,1707
DBTX,DBTX,2021-02-12,2023-09-25,,False,2023,True,0,1708
GFGD,GFGD,2022-02-04,2023-09-25,,False,2023,True,0,1709
GFGDR,GFGDR,2022-01-31,2023-09-25,,False,2023,True,0,1710
GFGDU,GFGDU,2021-12-10,2023-09-25,,False,2023,True,0,1711
GFGDW,GFGDW,2022-01-31,2023-09-25,,False,2023,True,0,1712
MMP,MMP,2001-03-19,2023-09-25,,False,2023,True,0,1713
SUNL-WS,SUNL-WS,2021-07-12,2023-09-25,,False,2023,True,0,1714
ALLG-WS,ALLG-WS,2022-03-24,2023-09-22,,False,2023,True,0,1715
BRDS-WS,BRDS-WS,2021-11-04,2023-09-22,,False,2023,True,0,1716
CRHCF,CRHCF,2007-07-17,2023-09-22,,False,2023,True,0,1717
MURF,MURF,2022-03-28,2023-09-22,,False,2023,True,0,1718
MURFU,MURFU,2022-02-03,2023-09-22,,False,2023,True,0,1719
MURFW,MURFW,2022-03-31,2023-09-22,,False,2023,True,0,1720
LGVNR,LGVNR,2023-08-22,2023-09-21,,False,2023,True,0,1721
PRTK,PRTK,2006-05-11,2023-09-21,,False,2023,True,0,1722
RADI,RADI,2020-10-05,2023-09-21,,False,2023,True,0,1723
DTOCU,DTOCU,2021-03-10,2023-09-20,,False,2023,True,0,1724
MBSC,MBSC,2021-12-13,2023-09-20,,False,2023,True,0,1725
MBSC-U,MBSC-U,2021-10-22,2023-09-20,,False,2023,True,0,1726
MBSC-WS,MBSC-WS,2021-12-13,2023-09-20,,False,2023,True,0,1727
VHNA,VHNA,2022-01-13,2023-09-20,,False,2023,True,0,1728
VHNAU,VHNAU,2021-11-23,2023-09-20,,False,2023,True,0,1729
ZEV-WS,ZEV-WS,2021-05-07,2023-09-18,,False,2023,True,0,1730
CLDI-WS,CLDI-WS,2023-09-13,2023-09-15,,False,2023,True,0,1731
HHRSW,HHRSW,2021-10-01,2023-09-15,,False,2023,True,0,1732
SHOTW,SHOTW,2023-09-15,2023-09-15,,False,2023,True,0,1733
UTAA,UTAA,2022-01-25,2023-09-15,,False,2023,True,0,1734
UTAAU,UTAAU,2021-12-02,2023-09-15,,False,2023,True,0,1735
AGAC,AGAC,2021-03-25,2023-09-14,,False,2023,True,0,1736
PIAI,PIAI,2020-11-02,2023-09-14,,False,2023,True,0,1737
PIAI-WS,PIAI-WS,2020-11-02,2023-09-14,,False,2023,True,0,1738
FLAG-U,FLAG-U,2021-09-10,2023-09-12,,False,2023,True,0,1739
PRDS,PRDS,2021-12-27,2023-09-12,,False,2023,True,0,1740
RTL,RTL,2018-07-19,2023-09-12,,False,2023,True,0,1741
RTLPO,RTLPO,2020-12-15,2023-09-12,,False,2023,True,0,1742
RTLPP,RTLPP,2019-03-22,2023-09-12,,False,2023,True,0,1743
MGTA,MGTA,2018-06-21,2023-09-11,,False,2023,True,0,1744
NUVA,NUVA,2004-05-13,2023-09-11,,False,2023,True,0,1745
RCLFU,RCLFU,2021-02-12,2023-09-11,,False,2023,True,0,1746
WWE,WWE,1999-10-19,2023-09-11,,False,2023,True,0,1747
ATAQ,ATAQ,2021-04-26,2023-09-08,,False,2023,True,0,1748
ATAQ-U,ATAQ-U,2021-03-04,2023-09-08,,False,2023,True,0,1749
SURF,SURF,2018-04-19,2023-09-08,,False,2023,True,0,1750
TYGOW,TYGOW,2021-09-07,2023-09-08,,False,2023,True,0,1751
PACI-U,PACI-U,2021-12-01,2023-09-07,,False,2023,True,0,1752
GECCN,GECCN,2019-06-21,2023-09-06,,False,2023,True,0,1753
BKI,BKI,2015-05-20,2023-09-05,,False,2023,True,0,1754
CFMS,CFMS,2015-07-01,2023-09-05,,False,2023,True,0,1755
PDCE,PDCE,1990-03-26,2023-09-05,,False,2023,True,0,1756
APGN,APGN,2021-02-22,2023-09-01,,False,2023,True,0,1757
QUOT,QUOT,2014-03-07,2023-09-01,,False,2023,True,0,1758
ROIVW,ROIVW,2021-10-01,2023-09-01,,False,2023,True,0,1759
CCAI,CCAI,2021-10-22,2023-08-31,,False,2023,True,0,1760
CCAIU,CCAIU,2021-08-26,2023-08-31,,False,2023,True,0,1761
CCAIW,CCAIW,2021-10-28,2023-08-31,,False,2023,True,0,1762
EDTXU,EDTXU,2020-12-11,2023-08-31,,False,2023,True,0,1763
EDTXW,EDTXW,2021-02-12,2023-08-31,,False,2023,True,0,1764
FOCS,FOCS,2018-07-26,2023-08-31,,False,2023,True,0,1765
NEX,NEX,2017-01-20,2023-08-31,,False,2023,True,0,1766
SABRP,SABRP,2020-08-20,2023-08-31,,False,2023,True,0,1767
ZING,ZING,2022-01-12,2023-08-31,,False,2023,True,0,1768
FRGAP,FRGAP,2020-09-21,2023-08-30,,False,2023,True,0,1769
BETR,BETR,2015-08-05,2023-08-29,,False,2023,True,0,1770
EMBK,EMBK,2021-03-05,2023-08-29,,False,2023,True,0,1771
EXTO-W,EXTO-W,2023-08-23,2023-08-28,,False,2023,True,0,1772
UBP,UBP,1987-11-05,2023-08-28,,False,2023,True,0,1773
APMI,APMI,2021-10-06,2023-08-25,,False,2023,True,0,1774
FGMCW,FGMCW,2022-04-21,2023-08-25,,False,2023,True,0,1775
FRG,FRG,2012-07-02,2023-08-25,,False,2023,True,0,1776
PNAC,PNAC,2022-07-06,2023-08-25,,False,2023,True,0,1777
PNACR,PNACR,2022-07-06,2023-08-25,,False,2023,True,0,1778
PNACU,PNACU,2022-05-13,2023-08-25,,False,2023,True,0,1779
AEPPZ,AEPPZ,2020-10-01,2023-08-24,,False,2023,True,0,1780
APE,APE,2022-08-22,2023-08-24,,False,2023,True,0,1781
AURCU,AURCU,2021-03-04,2023-08-24,,False,2023,True,0,1782
FORG,FORG,2021-09-16,2023-08-24,,False,2023,True,0,1783
GFX,GFX,2021-02-08,2023-08-24,,False,2023,True,0,1784
GFX-U,GFX-U,2020-12-18,2023-08-24,,False,2023,True,0,1785
GFX-WS,GFX-WS,2021-02-08,2023-08-24,,False,2023,True,0,1786
PRTHW,PRTHW,2016-11-14,2023-08-24,,False,2023,True,0,1787
SAL,SAL,1998-08-25,2023-08-24,,False,2023,True,0,1788
WAVC,WAVC,2021-10-12,2023-08-24,,False,2023,True,0,1789
WAVC-U,WAVC-U,2021-08-20,2023-08-24,,False,2023,True,0,1790
WAVC-WS,WAVC-WS,2021-10-14,2023-08-24,,False,2023,True,0,1791
APGNW,APGNW,2021-06-17,2023-08-23,,False,2023,True,0,1792
AURC,AURC,2021-04-30,2023-08-23,,False,2023,True,0,1793
JNJ-WD,JNJ-WD,2023-08-21,2023-08-23,,False,2023,True,0,1794
KVUE-W,KVUE-W,2023-08-15,2023-08-23,,False,2023,True,0,1795
WE-WS,WE-WS,2021-10-21,2023-08-22,,False,2023,True,0,1796
ZINGU,ZINGU,2021-11-19,2023-08-22,,False,2023,True,0,1797
ZINGW,ZINGW,2022-01-10,2023-08-22,,False,2023,True,0,1798
FRRSF,FRRSF,2016-12-09,2023-08-21,,False,2023,True,0,1799
LGVNV,LGVNV,2023-08-17,2023-08-21,,False,2023,True,0,1800
AMRS,AMRS,2023-08-18,2023-08-18,,False,2023,True,0,1801
HMAC,HMAC,2022-09-12,2023-08-18,,False,2023,True,0,1802
APMIW,APMIW,2021-10-12,2023-08-17,,False,2023,True,0,1803
ARNC,ARNC,2020-04-01,2023-08-17,,False,2023,True,0,1804
BNGOW,BNGOW,2018-09-21,2023-08-17,,False,2023,True,0,1805
DFFN,DFFN,2023-08-17,2023-08-17,,False,2023,True,0,1806
HMACR,HMACR,2022-09-12,2023-08-17,,False,2023,True,0,1807
HMACU,HMACU,2022-08-11,2023-08-17,,False,2023,True,0,1808
HMACW,HMACW,2022-09-12,2023-08-17,,False,2023,True,0,1809
UBA,UBA,1998-08-17,2023-08-17,,False,2023,True,0,1810
AFTR,AFTR,2021-10-04,2023-08-15,,False,2023,True,0,1811
AFTR-U,AFTR-U,2021-08-16,2023-08-15,,False,2023,True,0,1812
AFTR-WS,AFTR-WS,2021-10-05,2023-08-15,,False,2023,True,0,1813
PCGU,PCGU,2020-06-26,2023-08-15,,False,2023,True,0,1814
POL-WS,POL-WS,2022-07-22,2023-08-15,,False,2023,True,0,1815
APMIU,APMIU,2021-08-13,2023-08-14,,False,2023,True,0,1816
BGRY,BGRY,2021-02-11,2023-08-14,,False,2023,True,0,1817
BSAQ,BSAQ,2021-09-07,2023-08-14,,False,2023,True,0,1818
BSAQ-U,BSAQ-U,2021-07-16,2023-08-14,,False,2023,True,0,1819
BSAQ-WS,BSAQ-WS,2021-09-07,2023-08-14,,False,2023,True,0,1820
DICE,DICE,2021-09-15,2023-08-14,,False,2023,True,0,1821
RCA,RCA,2018-10-01,2023-08-14,,False,2023,True,0,1822
ARBG,ARBG,2021-01-11,2023-08-11,,False,2023,True,0,1823
BWC,BWC,2021-10-11,2023-08-11,,False,2023,True,0,1824
CPAA,CPAA,2021-09-30,2023-08-11,,False,2023,True,0,1825
KDNY,KDNY,2015-04-15,2023-08-11,,False,2023,True,0,1826
SGTX,SGTX,2020-12-04,2023-08-11,,False,2023,True,0,1827
SOLOW,SOLOW,2018-08-09,2023-08-11,,False,2023,True,0,1828
GENQU,GENQU,2022-02-15,2023-08-10,,False,2023,True,0,1829
MTAC,MTAC,2021-02-08,2023-08-10,,False,2023,True,0,1830
MTACU,MTACU,2020-12-18,2023-08-10,,False,2023,True,0,1831
OXAC,OXAC,2021-10-01,2023-08-10,,False,2023,True,0,1832
OXACU,OXACU,2021-08-12,2023-08-10,,False,2023,True,0,1833
BWCAU,BWCAU,2021-08-04,2023-08-04,,False,2023,True,0,1834
BWCAW,BWCAW,2021-10-15,2023-08-04,,False,2023,True,0,1835
IRNT-WS,IRNT-WS,2021-08-27,2023-08-04,,False,2023,True,0,1836
WTT,WTT,1993-05-24,2023-08-04,,False,2023,True,0,1837
ARBGU,ARBGU,2020-11-20,2023-08-03,,False,2023,True,0,1838
ARBGW,ARBGW,2021-01-11,2023-08-03,,False,2023,True,0,1839
GENQ,GENQ,2022-04-07,2023-08-03,,False,2023,True,0,1840
GENQW,GENQW,2022-04-07,2023-08-03,,False,2023,True,0,1841
CPUH,CPUH,2021-03-29,2023-08-01,,False,2023,True,0,1842
CPUH-U,CPUH-U,2021-02-05,2023-08-01,,False,2023,True,0,1843
CPUH-WS,CPUH-WS,2021-03-29,2023-08-01,,False,2023,True,0,1844
ELIQ-WS,ELIQ-WS,2023-08-01,2023-08-01,,False,2023,True,0,1845
HMPT,HMPT,2021-01-29,2023-08-01,,False,2023,True,0,1846
QFTA-U,QFTA-U,2021-02-05,2023-08-01,,False,2023,True,0,1847
REUN,REUN,2021-07-29,2023-08-01,,False,2023,True,0,1848
SPPI,SPPI,1996-09-27,2023-08-01,,False,2023,True,0,1849
AEON-WS,AEON-WS,2023-07-24,2023-07-31,,False,2023,True,0,1850
BWAC,BWAC,2020-12-28,2023-07-31,,False,2023,True,0,1851
SHPW-WS,SHPW-WS,2021-09-30,2023-07-31,,False,2023,True,0,1852
TLGA-U,TLGA-U,2021-01-28,2023-07-31,,False,2023,True,0,1853
UNVR,UNVR,2015-06-18,2023-07-31,,False,2023,True,0,1854
BWACU,BWACU,2020-11-13,2023-07-28,,False,2023,True,0,1855
BWACW,BWACW,2020-12-28,2023-07-28,,False,2023,True,0,1856
CTCXW,CTCXW,2023-07-17,2023-07-28,,False,2023,True,0,1857
DALS,DALS,2021-07-28,2023-07-28,,False,2023,True,0,1858
ADILW,ADILW,2018-07-27,2023-07-27,,False,2023,True,0,1859
AJRD,AJRD,1981-02-02,2023-07-27,,False,2023,True,0,1860
BLNG,BLNG,2021-09-20,2023-07-26,,False,2023,True,0,1861
BLNGU,BLNGU,2021-07-23,2023-07-26,,False,2023,True,0,1862
BLNGW,BLNGW,2021-09-17,2023-07-26,,False,2023,True,0,1863
BSMX,BSMX,2012-09-26,2023-07-26,,False,2023,True,0,1864
HMA-U,HMA-U,2022-01-21,2023-07-25,,False,2023,True,0,1865
HMA-WS,HMA-WS,2022-03-14,2023-07-25,,False,2023,True,0,1866
TWCB,TWCB,2021-09-13,2023-07-25,,False,2023,True,0,1867
TWCBU,TWCBU,2021-07-16,2023-07-25,,False,2023,True,0,1868
TWCBW,TWCBW,2021-09-13,2023-07-25,,False,2023,True,0,1869
GRNAW,GRNAW,2021-03-08,2023-07-24,,False,2023,True,0,1870
ENTF,ENTF,2021-12-14,2023-07-21,,False,2023,True,0,1871
ENTFU,ENTFU,2021-10-19,2023-07-21,,False,2023,True,0,1872
ENTFW,ENTFW,2021-12-09,2023-07-21,,False,2023,True,0,1873
PMGMU,PMGMU,2021-02-09,2023-07-21,,False,2023,True,0,1874
SDAC,SDAC,2021-03-30,2023-07-21,,False,2023,True,0,1875
SDACU,SDACU,2021-02-05,2023-07-21,,False,2023,True,0,1876
SDACW,SDACW,2021-03-30,2023-07-21,,False,2023,True,0,1877
ALPS,ALPS,2022-09-28,2023-07-20,,False,2023,True,0,1878
BGRYW,BGRYW,2021-02-12,2023-07-20,,False,2023,True,0,1879
ESHAU,ESHAU,2023-06-14,2023-07-20,,False,2023,True,0,1880
MDGSW,MDGSW,2018-07-23,2023-07-19,,False,2023,True,0,1881
VBOC,VBOC,2022-03-01,2023-07-19,,False,2023,True,0,1882
VBOCU,VBOCU,2022-01-07,2023-07-19,,False,2023,True,0,1883
VBOCW,VBOCW,2022-03-01,2023-07-19,,False,2023,True,0,1884
FACT-U,FACT-U,2021-02-26,2023-07-17,,False,2023,True,0,1885
IMBIL,IMBIL,2021-09-29,2023-07-17,,False,2023,True,0,1886
MLVF,MLVF,2008-05-21,2023-07-17,,False,2023,True,0,1887
TESS,TESS,1994-09-29,2023-07-17,,False,2023,True,0,1888
ALPAU,ALPAU,2021-07-27,2023-07-14,,False,2023,True,0,1889
ARYE,ARYE,2021-07-12,2023-07-14,,False,2023,True,0,1890
FMIV,FMIV,2021-06-07,2023-07-14,,False,2023,True,0,1891
FMIVU,FMIVU,2021-03-18,2023-07-14,,False,2023,True,0,1892
FMIVW,FMIVW,2021-05-26,2023-07-14,,False,2023,True,0,1893
SCAQ,SCAQ,2021-05-03,2023-07-13,,False,2023,True,0,1894
SCAQU,SCAQU,2021-03-12,2023-07-13,,False,2023,True,0,1895
SCAQW,SCAQW,2021-05-03,2023-07-13,,False,2023,True,0,1896
GLOP,GLOP,2014-05-07,2023-07-12,,False,2023,True,0,1897
MEOA,MEOA,2021-10-18,2023-07-12,,False,2023,True,0,1898
MEOAU,MEOAU,2021-08-26,2023-07-12,,False,2023,True,0,1899
MEOAW,MEOAW,2021-10-18,2023-07-12,,False,2023,True,0,1900
DOMA-WS,DOMA-WS,2021-07-29,2023-07-11,,False,2023,True,0,1901
HWKZ,HWKZ,2021-11-29,2023-07-11,,False,2023,True,0,1902
HWKZ-U,HWKZ-U,2021-10-08,2023-07-11,,False,2023,True,0,1903
ISEE,ISEE,2013-09-25,2023-07-11,,False,2023,True,0,1904
GLTA,GLTA,2021-08-30,2023-07-10,,False,2023,True,0,1905
GLTA-U,GLTA-U,2021-07-09,2023-07-10,,False,2023,True,0,1906
GLTA-WS,GLTA-WS,2021-08-20,2023-07-10,,False,2023,True,0,1907
CORS,CORS,2021-08-24,2023-07-06,,False,2023,True,0,1908
CORS-U,CORS-U,2021-07-01,2023-07-06,,False,2023,True,0,1909
CORS-WS,CORS-WS,2021-08-24,2023-07-06,,False,2023,True,0,1910
FTRE,FTRE,2023-07-03,2023-07-06,,False,2023,True,0,1911
DSEY,DSEY,2021-03-24,2023-07-05,,False,2023,True,0,1912
GOGN,GOGN,2021-12-13,2023-07-05,,False,2023,True,0,1913
GOGN-U,GOGN-U,2021-10-21,2023-07-05,,False,2023,True,0,1914
GOGN-WS,GOGN-WS,2021-12-13,2023-07-05,,False,2023,True,0,1915
ERESU,ERESU,2020-07-23,2023-07-03,,False,2023,True,0,1916
PHIN-W,PHIN-W,2023-06-28,2023-07-03,,False,2023,True,0,1917
BGCP,BGCP,1999-12-10,2023-06-30,,False,2023,True,0,1918
DNAB,DNAB,2021-06-30,2023-06-30,,False,2023,True,0,1919
DNAD,DNAD,2021-06-30,2023-06-30,,False,2023,True,0,1920
EOCW,EOCW,2021-08-19,2023-06-30,,False,2023,True,0,1921
EOCW-U,EOCW-U,2021-06-29,2023-06-30,,False,2023,True,0,1922
GSRMR,GSRMR,2022-04-18,2023-06-30,,False,2023,True,0,1923
GSRMU,GSRMU,2022-02-25,2023-06-30,,False,2023,True,0,1924
IIVI,IIVI,2020-07-02,2023-06-30,,False,2023,True,0,1925
LH-W,LH-W,2023-06-21,2023-06-30,,False,2023,True,0,1926
USX,USX,2018-06-14,2023-06-30,,False,2023,True,0,1927
BBLN,BBLN,2021-04-01,2023-06-29,,False,2023,True,0,1928
BWA-W,BWA-W,2023-06-28,2023-06-29,,False,2023,True,0,1929
INDT,INDT,1997-06-18,2023-06-29,,False,2023,True,0,1930
BLU,BLU,2008-12-29,2023-06-28,,False,2023,True,0,1931
ENTXW,ENTXW,2018-06-28,2023-06-28,,False,2023,True,0,1932
XM,XM,2021-01-28,2023-06-28,,False,2023,True,0,1933
CTIC,CTIC,1997-03-21,2023-06-26,,False,2023,True,0,1934
UP-WS,UP-WS,2021-07-14,2023-06-26,,False,2023,True,0,1935
ALTIW,ALTIW,2023-01-04,2023-06-23,,False,2023,True,0,1936
HEXO,HEXO,2017-03-23,2023-06-22,,False,2023,True,0,1937
JUGG,JUGG,2021-08-11,2023-06-22,,False,2023,True,0,1938
JUGGU,JUGGU,2021-06-18,2023-06-22,,False,2023,True,0,1939
JUGGW,JUGGW,2021-08-11,2023-06-22,,False,2023,True,0,1940
CISSV,CISSV,2023-06-14,2023-06-21,,False,2023,True,0,1941
IMPPV,IMPPV,2023-06-14,2023-06-21,,False,2023,True,0,1942
METBV,METBV,2023-06-16,2023-06-21,,False,2023,True,0,1943
METCV,METCV,2023-06-16,2023-06-21,,False,2023,True,0,1944
DCP,DCP,2005-12-06,2023-06-20,,False,2023,True,0,1945
HHR,HHR,2019-05-09,2023-06-20,,False,2023,True,0,1946
MTCR,MTCR,2020-09-16,2023-06-20,,False,2023,True,0,1947
ROC,ROC,2021-12-29,2023-06-20,,False,2023,True,0,1948
ROCAR,ROCAR,2021-12-29,2023-06-20,,False,2023,True,0,1949
ROCAU,ROCAU,2021-12-02,2023-06-20,,False,2023,True,0,1950
ROCC,ROCC,2016-11-15,2023-06-20,,False,2023,True,0,1951
AHRN,AHRN,2022-02-08,2023-06-16,,False,2023,True,0,1952
AHRNU,AHRNU,2021-12-15,2023-06-16,,False,2023,True,0,1953
AHRNW,AHRNW,2022-02-04,2023-06-16,,False,2023,True,0,1954
HCNE,HCNE,2021-08-05,2023-06-16,,False,2023,True,0,1955
HCNEU,HCNEU,2021-06-11,2023-06-16,,False,2023,True,0,1956
HCNEW,HCNEW,2021-08-05,2023-06-16,,False,2023,True,0,1957
HVBC,HVBC,2017-01-12,2023-06-16,,False,2023,True,0,1958
MLACW,MLACW,2020-08-06,2023-06-16,,False,2023,True,0,1959
OWLT-WS,OWLT-WS,2021-07-16,2023-06-16,,False,2023,True,0,1960
TOAC,TOAC,2022-01-04,2023-06-16,,False,2023,True,0,1961
TOACU,TOACU,2021-11-04,2023-06-16,,False,2023,True,0,1962
TOACW,TOACW,2022-01-04,2023-06-16,,False,2023,True,0,1963
GSQB,GSQB,2021-08-05,2023-06-15,,False,2023,True,0,1964
GSQB-U,GSQB-U,2021-06-15,2023-06-15,,False,2023,True,0,1965
GSQB-WS,GSQB-WS,2021-08-06,2023-06-15,,False,2023,True,0,1966
LITT,LITT,2021-08-12,2023-06-15,,False,2023,True,0,1967
LITTU,LITTU,2021-06-11,2023-06-15,,False,2023,True,0,1968
LITTW,LITTW,2021-08-11,2023-06-15,,False,2023,True,0,1969
MEKA,MEKA,2021-09-29,2023-06-15,,False,2023,True,0,1970
OXSQR,OXSQR,2023-05-25,2023-06-15,,False,2023,True,0,1971
ZT,ZT,2021-08-17,2023-06-15,,False,2023,True,0,1972
ZTAQU,ZTAQU,2021-06-16,2023-06-15,,False,2023,True,0,1973
ZTAQW,ZTAQW,2021-08-17,2023-06-15,,False,2023,True,0,1974
OIL,OIL,2011-04-21,2023-06-14,,False,2023,True,0,1975
RUTH,RUTH,2005-08-09,2023-06-14,,False,2023,True,0,1976
CS,CS,1995-05-16,2023-06-13,,False,2023,True,0,1977
HSKA,HSKA,1997-07-01,2023-06-13,,False,2023,True,0,1978
GTXAP,GTXAP,2021-05-28,2023-06-12,,False,2023,True,0,1979
RJAC,RJAC,2022-01-31,2023-06-12,,False,2023,True,0,1980
RJAC-U,RJAC-U,2021-12-09,2023-06-12,,False,2023,True,0,1981
ATIP-WS,ATIP-WS,2021-06-17,2023-06-09,,False,2023,True,0,1982
GROV-WS,GROV-WS,2022-06-17,2023-06-09,,False,2023,True,0,1983
QTNT,QTNT,2014-04-25,2023-06-09,,False,2023,True,0,1984
SNRH,SNRH,2021-02-01,2023-06-09,,False,2023,True,0,1985
SNRHU,SNRHU,2020-12-11,2023-06-09,,False,2023,True,0,1986
SNRHW,SNRHW,2021-02-01,2023-06-09,,False,2023,True,0,1987
MTVC,MTVC,2022-01-27,2023-06-08,,False,2023,True,0,1988
MTVC-U,MTVC-U,2021-12-07,2023-06-08,,False,2023,True,0,1989
MTVC-WS,MTVC-WS,2022-01-27,2023-06-08,,False,2023,True,0,1990
RONI-U,RONI-U,2021-06-16,2023-06-08,,False,2023,True,0,1991
SCUA,SCUA,2022-01-31,2023-06-08,,False,2023,True,0,1992
SCUA-U,SCUA-U,2021-12-09,2023-06-08,,False,2023,True,0,1993
SCUA-WS,SCUA-WS,2022-01-31,2023-06-08,,False,2023,True,0,1994
AVAC,AVAC,2021-12-03,2023-06-07,,False,2023,True,0,1995
AVACU,AVACU,2021-10-06,2023-06-07,,False,2023,True,0,1996
AVACW,AVACW,2021-12-03,2023-06-07,,False,2023,True,0,1997
STET,STET,2022-01-24,2023-06-07,,False,2023,True,0,1998
STET-U,STET-U,2021-12-03,2023-06-07,,False,2023,True,0,1999
TANNI,TANNI,2013-01-22,2023-06-06,,False,2023,True,0,2000
TANNL,TANNL,2014-12-19,2023-06-06,,False,2023,True,0,2001
TANNZ,TANNZ,2015-10-09,2023-06-06,,False,2023,True,0,2002
BPAC,BPAC,2022-01-25,2023-06-05,,False,2023,True,0,2003
BPACU,BPACU,2021-12-03,2023-06-05,,False,2023,True,0,2004
BPACW,BPACW,2022-01-24,2023-06-05,,False,2023,True,0,2005
SPCM,SPCM,2022-04-25,2023-06-02,,False,2023,True,0,2006
SPCMU,SPCMU,2022-03-02,2023-06-02,,False,2023,True,0,2007
SPCMW,SPCMW,2022-04-22,2023-06-02,,False,2023,True,0,2008
JWAC,JWAC,2022-01-07,2023-06-01,,False,2023,True,0,2009
JWACR,JWACR,2022-01-07,2023-06-01,,False,2023,True,0,2010
KBAL,KBAL,1990-03-26,2023-06-01,,False,2023,True,0,2011
MGI,MGI,2004-07-01,2023-06-01,,False,2023,True,0,2012
SUMO,SUMO,2020-09-17,2023-06-01,,False,2023,True,0,2013
TCRR,TCRR,2019-02-14,2023-06-01,,False,2023,True,0,2014
AVCT,AVCT,2017-08-08,2023-05-31,,False,2023,True,0,2015
BDXB,BDXB,2020-05-21,2023-05-31,,False,2023,True,0,2016
BRMK,BRMK,2019-11-15,2023-05-31,,False,2023,True,0,2017
CLXT,CLXT,2017-07-20,2023-05-31,,False,2023,True,0,2018
KNF-W,KNF-W,2023-05-25,2023-05-31,,False,2023,True,0,2019
MNTV,MNTV,2018-09-26,2023-05-31,,False,2023,True,0,2020
AVCTW,AVCTW,2017-08-08,2023-05-30,,False,2023,True,0,2021
NVNOW,NVNOW,2018-05-31,2023-05-26,,False,2023,True,0,2022
PNTM,PNTM,2021-03-05,2023-05-26,,False,2023,True,0,2023
PNTM-U,PNTM-U,2021-01-13,2023-05-26,,False,2023,True,0,2024
PNTM-WS,PNTM-WS,2021-03-05,2023-05-26,,False,2023,True,0,2025
PSPC,PSPC,2021-07-16,2023-05-26,,False,2023,True,0,2026
PSPC-U,PSPC-U,2021-05-26,2023-05-26,,False,2023,True,0,2027
PSPC-WS,PSPC-WS,2021-07-16,2023-05-26,,False,2023,True,0,2028
SGHL,SGHL,2022-03-28,2023-05-26,,False,2023,True,0,2029
SGHLU,SGHLU,2022-02-11,2023-05-26,,False,2023,True,0,2030
SGHLW,SGHLW,2022-03-29,2023-05-26,,False,2023,True,0,2031
SIRE,SIRE,2015-11-06,2023-05-26,,False,2023,True,0,2032
AQUA,AQUA,2017-11-02,2023-05-24,,False,2023,True,0,2033
LAESV,LAESV,2023-05-22,2023-05-23,,False,2023,True,0,2034
NGIO,NGIO,2021-03-15,2023-05-23,,False,2023,True,0,2035
ROCGU,ROCGU,2021-08-06,2023-05-23,,False,2023,True,0,2036
WKEYV,WKEYV,2023-05-22,2023-05-23,,False,2023,True,0,2037
AXAC-R,AXAC-R,2022-03-25,2023-05-19,,False,2023,True,0,2038
AXAC-WS,AXAC-WS,2022-03-25,2023-05-19,,False,2023,True,0,2039
NORD,NORD,2014-03-26,2023-05-19,,False,2023,True,0,2040
GBRG,GBRG,2021-04-16,2023-05-17,,False,2023,True,0,2041
GBRGR,GBRGR,2021-04-16,2023-05-17,,False,2023,True,0,2042
GBRGU,GBRGU,2021-03-02,2023-05-17,,False,2023,True,0,2043
MTCN,MTCN,2020-05-28,2023-05-17,,False,2023,True,0,2044
ORIA,ORIA,2021-07-13,2023-05-17,,False,2023,True,0,2045
ORIAU,ORIAU,2021-05-12,2023-05-17,,False,2023,True,0,2046
ORIAW,ORIAW,2021-07-07,2023-05-17,,False,2023,True,0,2047
VMGA,VMGA,2022-01-03,2023-05-15,,False,2023,True,0,2048
VMGAU,VMGAU,2021-11-11,2023-05-15,,False,2023,True,0,2049
VMGAW,VMGAW,2022-01-03,2023-05-15,,False,2023,True,0,2050
BNNR,BNNR,2021-10-29,2023-05-12,,False,2023,True,0,2051
BNNRU,BNNRU,2021-09-08,2023-05-12,,False,2023,True,0,2052
BNNRW,BNNRW,2021-11-01,2023-05-12,,False,2023,True,0,2053
IBO,IBO,2017-10-17,2023-05-12,,False,2023,True,0,2054
ISG,ISG,2005-09-23,2023-05-12,,False,2023,True,0,2055
LVAC,LVAC,2021-12-22,2023-05-12,,False,2023,True,0,2056
LVACU,LVACU,2021-10-27,2023-05-12,,False,2023,True,0,2057
LVACW,LVACW,2021-12-17,2023-05-12,,False,2023,True,0,2058
RACYW,RACYW,2022-04-04,2023-05-12,,False,2023,True,0,2059
TBMCU,TBMCU,2023-03-29,2023-05-12,,False,2023,True,0,2060
ZZZ,ZZZ,2014-10-31,2023-05-12,,False,2023,True,0,2061
CSII,CSII,2006-06-28,2023-05-11,,False,2023,True,0,2062
MIMO-WS,MIMO-WS,2021-08-16,2023-05-11,,False,2023,True,0,2063
GVCI,GVCI,2022-01-03,2023-05-09,,False,2023,True,0,2064
GVCIU,GVCIU,2021-11-09,2023-05-09,,False,2023,True,0,2065
GVCIW,GVCIW,2021-12-31,2023-05-09,,False,2023,True,0,2066
PGRW,PGRW,2021-03-16,2023-05-09,,False,2023,True,0,2067
PGRWU,PGRWU,2021-02-09,2023-05-09,,False,2023,True,0,2068
PGRWW,PGRWW,2021-03-18,2023-05-09,,False,2023,True,0,2069
SVNA,SVNA,2021-12-27,2023-05-09,,False,2023,True,0,2070
SVNAU,SVNAU,2021-11-05,2023-05-09,,False,2023,True,0,2071
SVNAW,SVNAW,2021-12-23,2023-05-09,,False,2023,True,0,2072
EVOJ,EVOJ,2021-04-07,2023-05-08,,False,2023,True,0,2073
EVOJU,EVOJU,2021-02-09,2023-05-08,,False,2023,True,0,2074
EVOJW,EVOJW,2021-04-08,2023-05-08,,False,2023,True,0,2075
MAXR,MAXR,2009-02-13,2023-05-08,,False,2023,True,0,2076
TGR,TGR,2022-03-28,2023-05-08,,False,2023,True,0,2077
TGR-U,TGR-U,2022-02-04,2023-05-08,,False,2023,True,0,2078
TGR-WS,TGR-WS,2022-03-28,2023-05-08,,False,2023,True,0,2079
VLAT,VLAT,2021-06-24,2023-05-08,,False,2023,True,0,2080
TWNI,TWNI,2021-04-09,2023-05-05,,False,2023,True,0,2081
BRIV,BRIV,2021-07-06,2023-05-04,,False,2023,True,0,2082
BRIVU,BRIVU,2021-05-07,2023-05-04,,False,2023,True,0,2083
BRIVW,BRIVW,2021-06-29,2023-05-04,,False,2023,True,0,2084
IQMD,IQMD,2021-12-27,2023-05-04,,False,2023,True,0,2085
IQMDW,IQMDW,2021-12-27,2023-05-04,,False,2023,True,0,2086
JNCE,JNCE,2017-01-27,2023-05-04,,False,2023,True,0,2087
NHICW,NHICW,2020-09-22,2023-05-04,,False,2023,True,0,2088
TWNIU,TWNIU,2021-02-19,2023-05-04,,False,2023,True,0,2089
VLATU,VLATU,2021-05-04,2023-05-04,,False,2023,True,0,2090
VLATW,VLATW,2021-06-24,2023-05-03,,False,2023,True,0,2091
ADAL,ADAL,2021-12-29,2023-05-02,,False,2023,True,0,2092
ADALU,ADALU,2021-10-28,2023-05-02,,False,2023,True,0,2093
ADALW,ADALW,2021-12-27,2023-05-02,,False,2023,True,0,2094
OSH,OSH,2020-08-06,2023-05-02,,False,2023,True,0,2095
AVYA,AVYA,2017-12-19,2023-05-01,,False,2023,True,0,2096
CHEKZ,CHEKZ,2018-05-04,2023-05-01,,False,2023,True,0,2097
LMST,LMST,2006-09-22,2023-05-01,,False,2023,True,0,2098
TRAQ,TRAQ,2021-12-27,2023-05-01,,False,2023,True,0,2099
TRAQ-U,TRAQ-U,2021-11-03,2023-05-01,,False,2023,True,0,2100
TRAQ-WS,TRAQ-WS,2021-12-27,2023-05-01,,False,2023,True,0,2101
CIIG,CIIG,2021-11-05,2023-04-28,,False,2023,True,0,2102
CIIGU,CIIGU,2021-09-15,2023-04-28,,False,2023,True,0,2103
CEMI,CEMI,2004-05-05,2023-04-27,,False,2023,True,0,2104
PRVB,PRVB,2018-07-24,2023-04-27,,False,2023,True,0,2105
EUCR,EUCR,2020-12-29,2023-04-26,,False,2023,True,0,2106
EUCRU,EUCRU,2020-10-23,2023-04-26,,False,2023,True,0,2107
EUCRW,EUCRW,2021-01-07,2023-04-26,,False,2023,True,0,2108
IQMDU,IQMDU,2021-11-05,2023-04-26,,False,2023,True,0,2109
AMBC-WS,AMBC-WS,2013-08-22,2023-04-25,,False,2023,True,0,2110
HZON,HZON,2020-12-10,2023-04-25,,False,2023,True,0,2111
HZON-U,HZON-U,2020-10-20,2023-04-25,,False,2023,True,0,2112
HZON-WS,HZON-WS,2022-11-29,2023-04-25,,False,2023,True,0,2113
NHIC,NHIC,2021-01-06,2023-04-25,,False,2023,True,0,2114
NHICU,NHICU,2021-10-21,2023-04-25,,False,2023,True,0,2115
BMAQ,BMAQ,2021-11-04,2023-04-24,,False,2023,True,0,2116
BMAQR,BMAQR,2021-11-04,2023-04-24,,False,2023,True,0,2117
BMAQU,BMAQU,2021-10-19,2023-04-24,,False,2023,True,0,2118
BMAQW,BMAQW,2021-11-04,2023-04-24,,False,2023,True,0,2119
IPVI,IPVI,2021-04-30,2023-04-24,,False,2023,True,0,2120
IPVIU,IPVIU,2021-03-05,2023-04-24,,False,2023,True,0,2121
IPVIW,IPVIW,2021-04-30,2023-04-24,,False,2023,True,0,2122
TIG,TIG,2020-07-16,2023-04-21,,False,2023,True,0,2123
TIOA,TIOA,2021-06-10,2023-04-21,,False,2023,True,0,2124
TIOAU,TIOAU,2021-04-08,2023-04-21,,False,2023,True,0,2125
TIOAW,TIOAW,2021-06-09,2023-04-21,,False,2023,True,0,2126
SPHR-W,SPHR-W,2023-04-17,2023-04-20,,False,2023,True,0,2127
ATCX,ATCX,2019-01-23,2023-04-19,,False,2023,True,0,2128
PANA,PANA,2021-04-07,2023-04-18,,False,2023,True,0,2129
CIH,CIH,2019-06-12,2023-04-17,,False,2023,True,0,2130
ENBA,ENBA,2018-04-25,2023-04-14,,False,2023,True,0,2131
YTPG,YTPG,2021-04-14,2023-04-14,,False,2023,True,0,2132
BSGAR,BSGAR,2021-07-28,2023-04-13,,False,2023,True,0,2133
BSGAU,BSGAU,2021-06-10,2023-04-13,,False,2023,True,0,2134
BTDR,BTDR,2021-07-28,2023-04-13,,False,2023,True,0,2135
TCVA,TCVA,2021-04-14,2023-04-13,,False,2023,True,0,2136
AMYT,AMYT,2019-12-31,2023-04-12,,False,2023,True,0,2137
GEEX,GEEX,2022-01-25,2023-04-12,,False,2023,True,0,2138
GEEXU,GEEXU,2021-12-02,2023-04-12,,False,2023,True,0,2139
GEEXW,GEEXW,2022-01-25,2023-04-12,,False,2023,True,0,2140
NVCN,NVCN,2007-02-05,2023-04-11,,False,2023,True,0,2141
KVSC,KVSC,2021-03-24,2023-04-10,,False,2023,True,0,2142
REVE,REVE,2021-10-22,2023-04-10,,False,2023,True,0,2143
REVEU,REVEU,2021-08-31,2023-04-10,,False,2023,True,0,2144
REVEW,REVEW,2021-10-22,2023-04-10,,False,2023,True,0,2145
SAFE,SAFE,1989-11-16,2023-04-06,,False,2023,True,0,2146
DMYS,DMYS,2021-11-22,2023-04-05,,False,2023,True,0,2147
DMYS-U,DMYS-U,2021-10-01,2023-04-05,,False,2023,True,0,2148
DMYS-WS,DMYS-WS,2021-11-22,2023-04-05,,False,2023,True,0,2149
IGR-R,IGR-R,2023-03-14,2023-04-05,,False,2023,True,0,2150
RVI,RVI,2018-06-26,2023-04-04,,False,2023,True,0,2151
VLTA,VLTA,2020-11-02,2023-04-04,,False,2023,True,0,2152
CR-W,CR-W,2023-03-29,2023-04-03,,False,2023,True,0,2153
CXT-W,CXT-W,2023-03-29,2023-04-03,,False,2023,True,0,2154
PLM-R,PLM-R,2013-05-31,2023-04-03,,False,2023,True,0,2155
SGFY,SGFY,2021-02-11,2023-04-03,,False,2023,True,0,2156
SJR,SJR,1998-07-01,2023-04-03,,False,2023,True,0,2157
VLTA-WS,VLTA-WS,2020-11-02,2023-04-03,,False,2023,True,0,2158
AGFS,AGFS,2015-08-03,2023-03-31,,False,2023,True,0,2159
AUY,AUY,2004-01-12,2023-03-31,,False,2023,True,0,2160
RAMMU,RAMMU,2021-05-19,2023-03-31,,False,2023,True,0,2161
RAMMW,RAMMW,2021-07-09,2023-03-31,,False,2023,True,0,2162
DCT,DCT,2020-08-14,2023-03-30,,False,2023,True,0,2163
DHHCU,DHHCU,2021-01-26,2023-03-30,,False,2023,True,0,2164
STHOV,STHOV,2023-03-28,2023-03-30,,False,2023,True,0,2165
DISTU,DISTU,2023-02-15,2023-03-29,,False,2023,True,0,2166
JMACU,JMACU,2021-10-08,2023-03-29,,False,2023,True,0,2167
MSDA,MSDA,2021-05-25,2023-03-29,,False,2023,True,0,2168
MSDAU,MSDAU,2021-03-24,2023-03-29,,False,2023,True,0,2169
MSDAW,MSDAW,2021-05-27,2023-03-29,,False,2023,True,0,2170
AIP,AIP,2011-12-27,2023-03-28,,False,2023,True,0,2171
ATCO,ATCO,2020-02-28,2023-03-28,,False,2023,True,0,2172
TETC,TETC,2021-05-20,2023-03-28,,False,2023,True,0,2173
TETCU,TETCU,2021-03-17,2023-03-28,,False,2023,True,0,2174
TETCW,TETCW,2021-05-14,2023-03-28,,False,2023,True,0,2175
AIMC,AIMC,2006-12-15,2023-03-27,,False,2023,True,0,2176
CHAA-U,CHAA-U,2021-02-12,2023-03-27,,False,2023,True,0,2177
CRZN,CRZN,2021-06-10,2023-03-24,,False,2023,True,0,2178
CRZNU,CRZNU,2021-03-24,2023-03-24,,False,2023,True,0,2179
CRZNW,CRZNW,2021-05-17,2023-03-24,,False,2023,True,0,2180
EVOP,EVOP,2018-05-23,2023-03-24,,False,2023,True,0,2181
NGC,NGC,2021-05-18,2023-03-24,,False,2023,True,0,2182
NGC-U,NGC-U,2021-03-24,2023-03-24,,False,2023,True,0,2183
NGC-WS,NGC-WS,2021-05-17,2023-03-24,,False,2023,True,0,2184
RKTA,RKTA,2021-05-13,2023-03-24,,False,2023,True,0,2185
RKTA-U,RKTA-U,2021-03-23,2023-03-24,,False,2023,True,0,2186
SPKB,SPKB,2021-05-05,2023-03-24,,False,2023,True,0,2187
SPKBU,SPKBU,2021-03-11,2023-03-24,,False,2023,True,0,2188
SPKBW,SPKBW,2021-05-05,2023-03-24,,False,2023,True,0,2189
STRE,STRE,2021-05-14,2023-03-24,,False,2023,True,0,2190
STRE-U,STRE-U,2021-03-23,2023-03-24,,False,2023,True,0,2191
STRE-WS,STRE-WS,2021-05-13,2023-03-24,,False,2023,True,0,2192
DGNU,DGNU,2021-03-23,2023-03-23,,False,2023,True,0,2193
INKA,INKA,2021-03-01,2023-03-23,,False,2023,True,0,2194
INKAU,INKAU,2021-01-07,2023-03-23,,False,2023,True,0,2195
LDHA,LDHA,2021-05-13,2023-03-23,,False,2023,True,0,2196
LDHAU,LDHAU,2021-03-19,2023-03-23,,False,2023,True,0,2197
LDHAW,LDHAW,2021-05-17,2023-03-23,,False,2023,True,0,2198
LVRA,LVRA,2021-05-14,2023-03-23,,False,2023,True,0,2199
LVRAU,LVRAU,2021-03-19,2023-03-23,,False,2023,True,0,2200
LVRAW,LVRAW,2021-05-14,2023-03-23,,False,2023,True,0,2201
KNTK,KNTK,2022-11-11,2023-03-22,,False,2023,True,0,2202
ISO,ISO,2021-10-08,2023-03-21,,False,2023,True,0,2203
VPCB,VPCB,2021-05-05,2023-03-21,,False,2023,True,0,2204
FVE,FVE,2001-12-17,2023-03-20,,False,2023,True,0,2205
GXII,GXII,2021-05-10,2023-03-20,,False,2023,True,0,2206
IAA,IAA,2019-06-17,2023-03-20,,False,2023,True,0,2207
JATT-U,JATT-U,2021-07-14,2023-03-20,,False,2023,True,0,2208
VPCBU,VPCBU,2021-03-05,2023-03-20,,False,2023,True,0,2209
VPCBW,VPCBW,2021-05-06,2023-03-20,,False,2023,True,0,2210
ADRAU,ADRAU,2021-02-09,2023-03-17,,False,2023,True,0,2211
BOXD-WS,BOXD-WS,2021-12-09,2023-03-17,,False,2023,True,0,2212
GXIIU,GXIIU,2021-03-18,2023-03-17,,False,2023,True,0,2213
GXIIW,GXIIW,2021-05-13,2023-03-17,,False,2023,True,0,2214
BGSX,BGSX,2021-05-07,2023-03-16,,False,2023,True,0,2215
BGSX-U,BGSX-U,2021-03-17,2023-03-16,,False,2023,True,0,2216
FTPAW,FTPAW,2021-05-07,2023-03-16,,False,2023,True,0,2217
KSI,KSI,2021-05-18,2023-03-16,,False,2023,True,0,2218
KSICU,KSICU,2021-03-17,2023-03-16,,False,2023,True,0,2219
KSICW,KSICW,2021-05-17,2023-03-16,,False,2023,True,0,2220
SMIH,SMIH,2021-08-05,2023-03-16,,False,2023,True,0,2221
SMIHU,SMIHU,2021-06-09,2023-03-16,,False,2023,True,0,2222
AMOV,AMOV,2001-02-07,2023-03-15,,False,2023,True,0,2223
FRON,FRON,2021-05-03,2023-03-15,,False,2023,True,0,2224
FRONU,FRONU,2021-03-11,2023-03-15,,False,2023,True,0,2225
FRONW,FRONW,2021-05-03,2023-03-15,,False,2023,True,0,2226
FTPA,FTPA,2021-05-07,2023-03-15,,False,2023,True,0,2227
FTPAU,FTPAU,2021-03-12,2023-03-15,,False,2023,True,0,2228
GWII,GWII,2021-08-24,2023-03-15,,False,2023,True,0,2229
GWIIW,GWIIW,2021-08-23,2023-03-15,,False,2023,True,0,2230
LIONU,LIONU,2021-11-04,2023-03-15,,False,2023,True,0,2231
RKLY,RKLY,2021-08-12,2023-03-15,,False,2023,True,0,2232
GFLU,GFLU,2020-03-03,2023-03-14,,False,2023,True,0,2233
INPXV,INPXV,2023-03-06,2023-03-14,,False,2023,True,0,2234
KINZU,KINZU,2020-12-15,2023-03-14,,False,2023,True,0,2235
LEGA,LEGA,2021-05-26,2023-03-14,,False,2023,True,0,2236
LEGAU,LEGAU,2021-03-23,2023-03-14,,False,2023,True,0,2237
LEGAW,LEGAW,2021-05-17,2023-03-14,,False,2023,True,0,2238
PME,PME,2011-08-02,2023-03-14,,False,2023,True,0,2239
TBSA,TBSA,2021-06-09,2023-03-13,,False,2023,True,0,2240
TBSAU,TBSAU,2021-03-23,2023-03-13,,False,2023,True,0,2241
TBSAW,TBSAW,2021-05-18,2023-03-13,,False,2023,True,0,2242
AGGR,AGGR,2021-05-19,2023-03-10,,False,2023,True,0,2243
AGGRU,AGGRU,2021-03-10,2023-03-10,,False,2023,True,0,2244
AGGRW,AGGRW,2021-05-05,2023-03-10,,False,2023,True,0,2245
BACA-U,BACA-U,2021-09-28,2023-03-10,,False,2023,True,0,2246
CLAA,CLAA,2021-04-30,2023-03-10,,False,2023,True,0,2247
CLAA-U,CLAA-U,2021-03-10,2023-03-10,,False,2023,True,0,2248
CLAA-WS,CLAA-WS,2021-04-30,2023-03-10,,False,2023,True,0,2249
HORI,HORI,2022-02-07,2023-03-10,,False,2023,True,0,2250
HORIU,HORIU,2021-12-09,2023-03-10,,False,2023,True,0,2251
HORIW,HORIW,2022-01-31,2023-03-10,,False,2023,True,0,2252
PDOT,PDOT,2021-04-29,2023-03-10,,False,2023,True,0,2253
PDOT-U,PDOT-U,2021-03-09,2023-03-10,,False,2023,True,0,2254
PDOT-WS,PDOT-WS,2021-04-29,2023-03-10,,False,2023,True,0,2255
PTOC,PTOC,2021-05-06,2023-03-10,,False,2023,True,0,2256
PTOCU,PTOCU,2021-03-11,2023-03-10,,False,2023,True,0,2257
PTOCW,PTOCW,2021-05-13,2023-03-10,,False,2023,True,0,2258
ESM,ESM,2021-04-30,2023-03-09,,False,2023,True,0,2259
ESM-U,ESM-U,2021-03-10,2023-03-09,,False,2023,True,0,2260
ESM-WS,ESM-WS,2021-04-30,2023-03-09,,False,2023,True,0,2261
FCRD,FCRD,2010-04-22,2023-03-09,,False,2023,True,0,2262
FSTX,FSTX,2016-05-06,2023-03-09,,False,2023,True,0,2263
MYOV,MYOV,2016-10-27,2023-03-09,,False,2023,True,0,2264
SVFB,SVFB,2021-03-09,2023-03-09,,False,2023,True,0,2265
TMDI,TMDI,2023-03-09,2023-03-09,,False,2023,True,0,2266
VVNT,VVNT,2020-01-21,2023-03-09,,False,2023,True,0,2267
WPCA,WPCA,2021-04-26,2023-03-09,,False,2023,True,0,2268
WPCA-U,WPCA-U,2021-03-05,2023-03-09,,False,2023,True,0,2269
WPCB,WPCB,2021-04-26,2023-03-09,,False,2023,True,0,2270
WPCB-U,WPCB-U,2021-03-05,2023-03-09,,False,2023,True,0,2271
CTRMV,CTRMV,2023-03-03,2023-03-07,,False,2023,True,0,2272
FPAC-U,FPAC-U,2023-01-18,2023-03-07,,False,2023,True,0,2273
FRSG,FRSG,2021-04-29,2023-03-07,,False,2023,True,0,2274
FRSGU,FRSGU,2021-03-05,2023-03-07,,False,2023,True,0,2275
FRSGW,FRSGW,2021-04-29,2023-03-07,,False,2023,True,0,2276
HERA,HERA,2021-04-26,2023-03-07,,False,2023,True,0,2277
HERAU,HERAU,2021-03-04,2023-03-07,,False,2023,True,0,2278
HERAW,HERAW,2021-04-28,2023-03-07,,False,2023,True,0,2279
CNCE,CNCE,2014-02-13,2023-03-06,,False,2023,True,0,2280
GET,GET,2021-10-22,2023-03-06,,False,2023,True,0,2281
LOKM,LOKM,2021-04-22,2023-03-06,,False,2023,True,0,2282
LOKM-U,LOKM-U,2021-03-02,2023-03-06,,False,2023,True,0,2283
LOKM-WS,LOKM-WS,2021-04-22,2023-03-06,,False,2023,True,0,2284
RFP,RFP,2010-12-10,2023-03-06,,False,2023,True,0,2285
ZNH,ZNH,1997-07-30,2023-03-06,,False,2023,True,0,2286
FTEV,FTEV,2021-04-22,2023-03-03,,False,2023,True,0,2287
FTEV-U,FTEV-U,2021-03-02,2023-03-03,,False,2023,True,0,2288
HPX,HPX,2020-09-09,2023-03-03,,False,2023,True,0,2289
HPX-U,HPX-U,2020-07-16,2023-03-03,,False,2023,True,0,2290
HPX-WS,HPX-WS,2020-09-08,2023-03-03,,False,2023,True,0,2291
MLAI,MLAI,2021-12-23,2023-03-03,,False,2023,True,0,2292
MLAIU,MLAIU,2021-11-03,2023-03-03,,False,2023,True,0,2293
MLAIW,MLAIW,2021-12-23,2023-03-03,,False,2023,True,0,2294
OIIM,OIIM,2000-08-31,2023-03-03,,False,2023,True,0,2295
ALBO,ALBO,2007-05-11,2023-03-02,,False,2023,True,0,2296
EBAC,EBAC,2021-05-18,2023-03-02,,False,2023,True,0,2297
EBACU,EBACU,2021-03-16,2023-03-02,,False,2023,True,0,2298
EBACW,EBACW,2021-05-13,2023-03-02,,False,2023,True,0,2299
HNRA-WS,HNRA-WS,2022-04-05,2023-03-02,,False,2023,True,0,2300
LFC,LFC,2003-12-17,2023-03-02,,False,2023,True,0,2301
SJIJ,SJIJ,2019-09-18,2023-03-02,,False,2023,True,0,2302
COWN,COWN,2006-07-13,2023-03-01,,False,2023,True,0,2303
COWNL,COWNL,2018-06-13,2023-03-01,,False,2023,True,0,2304
IBER,IBER,2021-04-20,2023-03-01,,False,2023,True,0,2305
IBER-U,IBER-U,2021-02-26,2023-03-01,,False,2023,True,0,2306
IBER-WS,IBER-WS,2021-04-20,2023-03-01,,False,2023,True,0,2307
UMPQ,UMPQ,1998-06-03,2023-03-01,,False,2023,True,0,2308
COUP,COUP,2016-10-06,2023-02-28,,False,2023,True,0,2309
RNER,RNER,2022-01-03,2023-02-28,,False,2023,True,0,2310
RNERU,RNERU,2021-10-05,2023-02-28,,False,2023,True,0,2311
RNERW,RNERW,2022-01-03,2023-02-28,,False,2023,True,0,2312
TPBAU,TPBAU,2021-08-11,2023-02-28,,False,2023,True,0,2313
ELVT,ELVT,2017-04-06,2023-02-27,,False,2023,True,0,2314
ANAC-U,ANAC-U,2021-02-23,2023-02-24,,False,2023,True,0,2315
ANAC-WS,ANAC-WS,2021-04-15,2023-02-24,,False,2023,True,0,2316
CINC,CINC,2022-01-07,2023-02-24,,False,2023,True,0,2317
CPAQ,CPAQ,2022-04-05,2023-02-24,,False,2023,True,0,2318
CPAQU,CPAQU,2022-02-09,2023-02-24,,False,2023,True,0,2319
CPAQW,CPAQW,2022-04-01,2023-02-24,,False,2023,True,0,2320
DCRDU,DCRDU,2021-08-11,2023-02-24,,False,2023,True,0,2321
FNTC,FNTC,2023-02-22,2023-02-24,,False,2023,True,0,2322
FTAA,FTAA,2021-04-28,2023-02-23,,False,2023,True,0,2323
FTAAU,FTAAU,2021-02-23,2023-02-23,,False,2023,True,0,2324
FTAAW,FTAAW,2021-04-23,2023-02-23,,False,2023,True,0,2325
KIIIW,KIIIW,2021-04-26,2023-02-23,,False,2023,True,0,2326
LHCG,LHCG,2005-06-09,2023-02-22,,False,2023,True,0,2327
ONEM,ONEM,2020-01-31,2023-02-22,,False,2023,True,0,2328
PAYA,PAYA,2020-10-19,2023-02-22,,False,2023,True,0,2329
ZGN-WS,ZGN-WS,2021-12-20,2023-02-22,,False,2023,True,0,2330
LGAC,LGAC,2021-04-06,2023-02-21,,False,2023,True,0,2331
LGACU,LGACU,2021-02-10,2023-02-21,,False,2023,True,0,2332
LGACW,LGACW,2021-04-06,2023-02-21,,False,2023,True,0,2333
MFGP,MFGP,2017-08-17,2023-02-21,,False,2023,True,0,2334
NVSA,NVSA,2021-04-12,2023-02-21,,False,2023,True,0,2335
NVSAU,NVSAU,2021-02-17,2023-02-21,,False,2023,True,0,2336
NVSAW,NVSAW,2021-04-12,2023-02-21,,False,2023,True,0,2337
MCAER,MCAER,2021-06-21,2023-02-17,,False,2023,True,0,2338
MCAEU,MCAEU,2021-05-18,2023-02-17,,False,2023,True,0,2339
MSAC,MSAC,2021-04-07,2023-02-17,,False,2023,True,0,2340
MSACW,MSACW,2021-04-08,2023-02-17,,False,2023,True,0,2341
WEBR,WEBR,2021-08-05,2023-02-17,,False,2023,True,0,2342
BLNKW,BLNKW,2018-02-14,2023-02-16,,False,2023,True,0,2343
CNDWS,CNDWS,2021-01-28,2023-02-16,,False,2023,True,0,2344
CENQU,CENQU,2021-08-13,2023-02-15,,False,2023,True,0,2345
KIO-R,KIO-R,2023-01-24,2023-02-15,,False,2023,True,0,2346
LGTOU,LGTOU,2021-11-22,2023-02-15,,False,2023,True,0,2347
AEHAU,AEHAU,2021-09-15,2023-02-14,,False,2023,True,0,2348
CTAQ,CTAQ,2021-02-01,2023-02-14,,False,2023,True,0,2349
CTAQU,CTAQU,2020-12-10,2023-02-14,,False,2023,True,0,2350
CTAQW,CTAQW,2021-02-01,2023-02-14,,False,2023,True,0,2351
ITQ,ITQ,2021-04-01,2023-02-14,,False,2023,True,0,2352
ITQRU,ITQRU,2021-02-04,2023-02-14,,False,2023,True,0,2353
ITQRW,ITQRW,2021-03-31,2023-02-14,,False,2023,True,0,2354
MITWS,MITWS,2021-03-22,2023-02-14,,False,2023,True,0,2355
NAACW,NAACW,2021-03-16,2023-02-14,,False,2023,True,0,2356
GRAF,GRAF,2018-10-26,2023-02-13,,False,2023,True,0,2357
IPAXU,IPAXU,2021-09-22,2023-02-13,,False,2023,True,0,2358
PEAK,PEAK,2023-02-10,2023-02-13,,False,2023,True,0,2359
VLDRW,VLDRW,2020-10-01,2023-02-13,,False,2023,True,0,2360
WQGA,WQGA,2021-10-01,2023-02-13,,False,2023,True,0,2361
WQGA-U,WQGA-U,2021-08-23,2023-02-13,,False,2023,True,0,2362
WQGA-WS,WQGA-WS,2021-10-01,2023-02-13,,False,2023,True,0,2363
PFDRU,PFDRU,2021-02-17,2023-02-10,,False,2023,True,0,2364
SCOB,SCOB,2021-04-06,2023-02-10,,False,2023,True,0,2365
SCOBU,SCOBU,2021-02-10,2023-02-10,,False,2023,True,0,2366
SCOBW,SCOBW,2021-04-08,2023-02-10,,False,2023,True,0,2367
AMCIU,AMCIU,2018-11-16,2023-02-09,,False,2023,True,0,2368
GSQD,GSQD,2021-03-26,2023-02-08,,False,2023,True,0,2369
GSQD-U,GSQD-U,2021-02-05,2023-02-08,,False,2023,True,0,2370
QUMU,QUMU,1995-08-18,2023-02-08,,False,2023,True,0,2371
DEST,DEST,1993-03-16,2023-02-07,,False,2023,True,0,2372
HZN,HZN,2015-07-01,2023-02-07,,False,2023,True,0,2373
STOR,STOR,2014-11-18,2023-02-03,,False,2023,True,0,2374
ARCK,ARCK,2021-12-20,2023-02-02,,False,2023,True,0,2375
BIOT,BIOT,2021-03-22,2023-02-02,,False,2023,True,0,2376
BIOTU,BIOTU,2021-01-26,2023-02-02,,False,2023,True,0,2377
BIOTW,BIOTW,2021-03-18,2023-02-02,,False,2023,True,0,2378
MIT,MIT,2021-03-22,2023-02-02,,False,2023,True,0,2379
MIT-U,MIT-U,2021-01-29,2023-02-02,,False,2023,True,0,2380
SCMA,SCMA,2021-12-27,2023-02-02,,False,2023,True,0,2381
SCMAU,SCMAU,2021-10-28,2023-02-02,,False,2023,True,0,2382
SCMAW,SCMAW,2021-12-22,2023-02-02,,False,2023,True,0,2383
DTRT,DTRT,2021-10-26,2023-02-01,,False,2023,True,0,2384
DTRTU,DTRTU,2021-09-02,2023-02-01,,False,2023,True,0,2385
DTRTW,DTRTW,2021-10-25,2023-02-01,,False,2023,True,0,2386
KNBE,KNBE,2021-04-22,2023-02-01,,False,2023,True,0,2387
CPAR,CPAR,2021-07-15,2023-01-31,,False,2023,True,0,2388
CPARU,CPARU,2021-05-18,2023-01-31,,False,2023,True,0,2389
CPARW,CPARW,2021-07-14,2023-01-31,,False,2023,True,0,2390
ELAT,ELAT,2020-01-23,2023-01-31,,False,2023,True,0,2391
PFHD,PFHD,2017-03-15,2023-01-31,,False,2023,True,0,2392
SJI,SJI,1987-12-30,2023-01-31,,False,2023,True,0,2393
TWND-U,TWND-U,2020-09-04,2023-01-31,,False,2023,True,0,2394
TWND-WS,TWND-WS,2020-10-23,2023-01-31,,False,2023,True,0,2395
HMLP,HMLP,2014-08-07,2023-01-30,,False,2023,True,0,2396
CMCTP,CMCTP,2018-09-18,2023-01-27,,False,2023,True,0,2397
DNZ,DNZ,2021-03-23,2023-01-27,,False,2023,True,0,2398
DNZ-U,DNZ-U,2021-01-26,2023-01-27,,False,2023,True,0,2399
DNZ-WS,DNZ-WS,2021-03-18,2023-01-27,,False,2023,True,0,2400
FOXW,FOXW,2021-02-25,2023-01-27,,False,2023,True,0,2401
FOXWU,FOXWU,2021-01-20,2023-01-27,,False,2023,True,0,2402
FOXWW,FOXWW,2021-02-25,2023-01-27,,False,2023,True,0,2403
NAAC,NAAC,2021-03-18,2023-01-26,,False,2023,True,0,2404
NAACU,NAACU,2021-01-22,2023-01-26,,False,2023,True,0,2405
SVFA,SVFA,2021-01-27,2023-01-26,,False,2023,True,0,2406
SVFAU,SVFAU,2021-01-08,2023-01-26,,False,2023,True,0,2407
SVFAW,SVFAW,2021-01-27,2023-01-26,,False,2023,True,0,2408
GIACU,GIACU,2021-10-12,2023-01-25,,False,2023,True,0,2409
THAC,THAC,2021-12-08,2023-01-25,,False,2023,True,0,2410
THACU,THACU,2021-10-21,2023-01-25,,False,2023,True,0,2411
THACW,THACW,2021-12-08,2023-01-25,,False,2023,True,0,2412
BNFT,BNFT,2013-09-18,2023-01-24,,False,2023,True,0,2413
JCICU,JCICU,2021-01-22,2023-01-24,,False,2023,True,0,2414
RKLY-WS,RKLY-WS,2021-08-12,2023-01-24,,False,2023,True,0,2415
ARCKU,ARCKU,2021-10-29,2023-01-23,,False,2023,True,0,2416
ARCKW,ARCKW,2021-12-20,2023-01-23,,False,2023,True,0,2417
TCDA,TCDA,2023-01-23,2023-01-23,,False,2023,True,0,2418
AEAC,AEAC,2021-03-08,2023-01-20,,False,2023,True,0,2419
AEACU,AEACU,2021-01-15,2023-01-20,,False,2023,True,0,2420
AEACW,AEACW,2021-03-08,2023-01-20,,False,2023,True,0,2421
GENI-WS,GENI-WS,2021-04-21,2023-01-20,,False,2023,True,0,2422
TZPS,TZPS,2021-03-15,2023-01-20,,False,2023,True,0,2423
TZPSU,TZPSU,2021-01-20,2023-01-20,,False,2023,True,0,2424
TZPSW,TZPSW,2021-03-12,2023-01-20,,False,2023,True,0,2425
VGFC,VGFC,2020-07-31,2023-01-20,,False,2023,True,0,2426
AVEO,AVEO,2010-03-12,2023-01-19,,False,2023,True,0,2427
AYLA,AYLA,2020-05-08,2023-01-19,,False,2023,True,0,2428
MMX,MMX,2016-07-12,2023-01-18,,False,2023,True,0,2429
HIL,HIL,2004-08-12,2023-01-17,,False,2023,True,0,2430
VLNS,VLNS,2009-09-28,2023-01-17,,False,2023,True,0,2431
DLCA,DLCA,2021-03-05,2023-01-13,,False,2023,True,0,2432
DLCAU,DLCAU,2021-01-13,2023-01-13,,False,2023,True,0,2433
DLCAW,DLCAW,2021-03-05,2023-01-13,,False,2023,True,0,2434
FCAX,FCAX,2021-03-05,2023-01-13,,False,2023,True,0,2435
FCAX-U,FCAX-U,2021-01-13,2023-01-13,,False,2023,True,0,2436
FINM,FINM,2021-03-09,2023-01-13,,False,2023,True,0,2437
FINMU,FINMU,2021-01-13,2023-01-13,,False,2023,True,0,2438
FINMW,FINMW,2021-03-08,2023-01-13,,False,2023,True,0,2439
KAHC,KAHC,2021-05-07,2023-01-13,,False,2023,True,0,2440
PFXNL,PFXNL,2013-03-22,2023-01-13,,False,2023,True,0,2441
REVBU,REVBU,2020-10-08,2023-01-13,,False,2023,True,0,2442
VTS-W,VTS-W,2023-01-10,2023-01-13,,False,2023,True,0,2443
EPHY,EPHY,2021-03-01,2023-01-12,,False,2023,True,0,2444
EPHYU,EPHYU,2021-01-08,2023-01-12,,False,2023,True,0,2445
EPHYW,EPHYW,2021-03-01,2023-01-12,,False,2023,True,0,2446
PACX,PACX,2021-03-01,2023-01-12,,False,2023,True,0,2447
PACXU,PACXU,2021-01-08,2023-01-12,,False,2023,True,0,2448
PACXW,PACXW,2021-03-01,2023-01-12,,False,2023,True,0,2449
POWRU,POWRU,2021-01-08,2023-01-12,,False,2023,True,0,2450
POWRW,POWRW,2021-03-03,2023-01-12,,False,2023,True,0,2451
SWIR,SWIR,2000-05-05,2023-01-12,,False,2023,True,0,2452
IGAC,IGAC,2020-12-01,2023-01-11,,False,2023,True,0,2453
IGACU,IGACU,2020-10-01,2023-01-11,,False,2023,True,0,2454
IGACW,IGACW,2020-11-23,2023-01-11,,False,2023,True,0,2455
IMGO,IMGO,2021-07-16,2023-01-11,,False,2023,True,0,2456
USER,USER,2021-11-17,2023-01-11,,False,2023,True,0,2457
OSTRW,OSTRW,2021-03-12,2023-01-10,,False,2023,True,0,2458
RZA,RZA,2012-08-24,2023-01-09,,False,2023,True,0,2459
DRAYU,DRAYU,2021-07-01,2023-01-06,,False,2023,True,0,2460
DRAYW,DRAYW,2021-08-23,2023-01-06,,False,2023,True,0,2461
POSH,POSH,2021-01-14,2023-01-05,,False,2023,True,0,2462
GLS-WS,GLS-WS,2022-01-14,2023-01-04,,False,2023,True,0,2463
MPACR,MPACR,2021-06-11,2023-01-04,,False,2023,True,0,2464
MPACU,MPACU,2021-04-08,2023-01-04,,False,2023,True,0,2465
MPACW,MPACW,2022-11-14,2023-01-04,,False,2023,True,0,2466
SPNE,SPNE,2015-06-17,2023-01-04,,False,2023,True,0,2467
AERI,AERI,2013-10-25,2023-01-03,,False,2023,True,0,2468
AKUS,AKUS,2020-06-26,2023-01-03,,False,2023,True,0,2469
BTRS,BTRS,2019-08-06,2023-01-03,,False,2023,True,0,2470
CLVS,CLVS,2023-01-03,2023-01-03,,False,2023,True,0,2471
CZOO-WS,CZOO-WS,2021-08-27,2023-01-03,,False,2023,True,0,2472
GEHCV,GEHCV,2022-12-15,2023-01-03,,False,2023,True,0,2473
GLBLU,GLBLU,2021-02-24,2023-01-03,,False,2023,True,0,2474
GLBLW,GLBLW,2021-04-28,2023-01-03,,False,2023,True,0,2475
LOTZ,LOTZ,2019-05-09,2023-01-03,,False,2023,True,0,2476
OYST,OYST,2019-10-31,2023-01-03,,False,2023,True,0,2477
SPIR-WS,SPIR-WS,2021-08-17,2023-01-03,,False,2023,True,0,2478
BCTX,BCTX,2021-02-24,2022-12-30,,False,2022,True,0,2479
CGAU,CGAU,2021-04-15,2022-12-30,,False,2022,True,0,2480
CIXX,CIXX,2020-11-02,2022-12-30,,False,2022,True,0,2481
CORZW,CORZW,2021-04-08,2022-12-30,,False,2022,True,0,2482
DCBO,DCBO,2020-12-03,2022-12-30,,False,2022,True,0,2483
EGLX,EGLX,2021-04-21,2022-12-30,,False,2022,True,0,2484
EMCF,EMCF,1999-03-08,2022-12-30,,False,2022,True,0,2485
HITI,HITI,2021-06-02,2022-12-30,,False,2022,True,0,2486
ICCM,ICCM,2021-08-26,2022-12-30,,False,2022,True,0,2487
INM,INM,2020-11-12,2022-12-30,,False,2022,True,0,2488
IPA,IPA,2020-12-30,2022-12-30,,False,2022,True,0,2489
KAIR,KAIR,2021-02-26,2022-12-30,,False,2022,True,0,2490
KAIRU,KAIRU,2021-01-06,2022-12-30,,False,2022,True,0,2491
KAIRW,KAIRW,2021-02-26,2022-12-30,,False,2022,True,0,2492
KMPH,KMPH,2021-01-08,2022-12-30,,False,2022,True,0,2493
LJAQ,LJAQ,2021-03-02,2022-12-30,,False,2022,True,0,2494
LJAQU,LJAQU,2021-01-08,2022-12-30,,False,2022,True,0,2495
LJAQW,LJAQW,2021-03-02,2022-12-30,,False,2022,True,0,2496
MDVL,MDVL,2020-11-23,2022-12-30,,False,2022,True,0,2497
MXCT,MXCT,2021-07-30,2022-12-30,,False,2022,True,0,2498
NYAX,NYAX,2022-09-21,2022-12-30,,False,2022,True,0,2499
NYMTZ,NYMTZ,2021-11-18,2022-12-30,,False,2022,True,0,2500
NYXH,NYXH,2021-04-28,2022-12-30,,False,2022,True,0,2501
PCSB,PCSB,2017-04-21,2022-12-30,,False,2022,True,0,2502
POET,POET,2022-03-14,2022-12-30,,False,2022,True,0,2503
PRTG,PRTG,2021-02-25,2022-12-30,,False,2022,True,0,2504
RCM,RCM,2022-06-22,2022-12-30,,False,2022,True,0,2505
REAX,REAX,2021-06-15,2022-12-30,,False,2022,True,0,2506
SGML,SGML,2021-09-13,2022-12-30,,False,2022,True,0,2507
SYTA,SYTA,2020-09-25,2022-12-30,,False,2022,True,0,2508
UROY,UROY,2021-04-28,2022-12-30,,False,2022,True,0,2509
VOXR,VOXR,2020-08-04,2022-12-30,,False,2022,True,0,2510
AFAQ,AFAQ,2021-05-27,2022-12-29,,False,2022,True,0,2511
AKIC,AKIC,2021-02-26,2022-12-29,,False,2022,True,0,2512
ASAX,ASAX,2021-03-15,2022-12-29,,False,2022,True,0,2513
ASAXU,ASAXU,2021-02-04,2022-12-29,,False,2022,True,0,2514
ASAXW,ASAXW,2021-03-15,2022-12-29,,False,2022,True,0,2515
CLAS,CLAS,2021-03-08,2022-12-29,,False,2022,True,0,2516
CLAS-U,CLAS-U,2021-01-15,2022-12-29,,False,2022,True,0,2517
CLAS-WS,CLAS-WS,2021-03-08,2022-12-29,,False,2022,True,0,2518
CLRM,CLRM,2021-03-23,2022-12-29,,False,2022,True,0,2519
FACA,FACA,2021-04-13,2022-12-29,,False,2022,True,0,2520
FACA-U,FACA-U,2021-02-19,2022-12-29,,False,2022,True,0,2521
FFHL,FFHL,2006-12-19,2022-12-29,,False,2022,True,0,2522
FTCV,FTCV,2021-01-25,2022-12-29,,False,2022,True,0,2523
GGMC,GGMC,2021-05-27,2022-12-29,,False,2022,True,0,2524
GIIX,GIIX,2021-04-26,2022-12-29,,False,2022,True,0,2525
GIIXU,GIIXU,2021-02-25,2022-12-29,,False,2022,True,0,2526
GIIXW,GIIXW,2021-04-23,2022-12-29,,False,2022,True,0,2527
GLHA,GLHA,2021-05-18,2022-12-29,,False,2022,True,0,2528
GNAC,GNAC,2021-03-09,2022-12-29,,False,2022,True,0,2529
MDH,MDH,2021-03-26,2022-12-29,,False,2022,True,0,2530
MDH-U,MDH-U,2021-02-02,2022-12-29,,False,2022,True,0,2531
MDHWS,MDHWS,2021-03-26,2022-12-29,,False,2022,True,0,2532
SPK,SPK,2021-08-04,2022-12-29,,False,2022,True,0,2533
SPKAR,SPKAR,2021-07-26,2022-12-29,,False,2022,True,0,2534
SPKAU,SPKAU,2021-06-08,2022-12-29,,False,2022,True,0,2535
SWET,SWET,2021-03-05,2022-12-29,,False,2022,True,0,2536
AKICU,AKICU,2021-01-06,2022-12-28,,False,2022,True,0,2537
AKICW,AKICW,2021-02-26,2022-12-28,,False,2022,True,0,2538
FTVI,FTVI,2021-08-19,2022-12-28,,False,2022,True,0,2539
FTVIU,FTVIU,2021-06-24,2022-12-28,,False,2022,True,0,2540
FWP,FWP,2022-12-27,2022-12-28,,False,2022,True,0,2541
GACQ,GACQ,2021-08-02,2022-12-28,,False,2022,True,0,2542
GACQU,GACQU,2021-06-09,2022-12-28,,False,2022,True,0,2543
HUGS,HUGS,2021-04-19,2022-12-28,,False,2022,True,0,2544
ISAA,ISAA,2021-06-09,2022-12-28,,False,2022,True,0,2545
LFG,LFG,2020-12-14,2022-12-28,,False,2022,True,0,2546
MNRL,MNRL,2019-04-18,2022-12-28,,False,2022,True,0,2547
OMEG,OMEG,2021-01-07,2022-12-28,,False,2022,True,0,2548
SHCA,SHCA,2021-12-29,2022-12-28,,False,2022,True,0,2549
SPTK,SPTK,2021-04-09,2022-12-28,,False,2022,True,0,2550
SPTKU,SPTKU,2021-02-17,2022-12-28,,False,2022,True,0,2551
FTVIW,FTVIW,2021-08-19,2022-12-27,,False,2022,True,0,2552
GACQW,GACQW,2021-07-30,2022-12-27,,False,2022,True,0,2553
HUGS-U,HUGS-U,2021-02-25,2022-12-27,,False,2022,True,0,2554
RUM,RUM,2022-09-16,2022-12-27,,False,2022,True,0,2555
SHCAU,SHCAU,2021-11-04,2022-12-27,,False,2022,True,0,2556
SHCAW,SHCAW,2021-12-27,2022-12-27,,False,2022,True,0,2557
SPTKW,SPTKW,2021-04-09,2022-12-27,,False,2022,True,0,2558
BKKT-WS,BKKT-WS,2020-11-20,2022-12-23,,False,2022,True,0,2559
BMTX-WS,BMTX-WS,2018-09-21,2022-12-23,,False,2022,True,0,2560
CLBR-U,CLBR-U,2021-06-10,2022-12-23,,False,2022,True,0,2561
EVEX-WS,EVEX-WS,2021-01-07,2022-12-23,,False,2022,True,0,2562
FZT-WS,FZT-WS,2021-05-17,2022-12-23,,False,2022,True,0,2563
GIWWU,GIWWU,2021-05-19,2022-12-23,,False,2022,True,0,2564
GIWWW,GIWWW,2021-07-12,2022-12-23,,False,2022,True,0,2565
HLLY-WS,HLLY-WS,2020-11-27,2022-12-23,,False,2022,True,0,2566
HOLO,HOLO,2021-08-06,2022-12-23,,False,2022,True,0,2567
HR,HR,2012-06-06,2022-12-23,,False,2022,True,0,2568
IONQ-WS,IONQ-WS,2021-01-04,2022-12-23,,False,2022,True,0,2569
JOBY-WS,JOBY-WS,2020-11-09,2022-12-23,,False,2022,True,0,2570
KAHCU,KAHCU,2021-03-17,2022-12-23,,False,2022,True,0,2571
LCW-U,LCW-U,2021-10-11,2022-12-23,,False,2022,True,0,2572
MONCU,MONCU,2021-01-14,2022-12-23,,False,2022,True,0,2573
MONCW,MONCW,2021-03-16,2022-12-23,,False,2022,True,0,2574
NFNT-U,NFNT-U,2021-11-22,2022-12-23,,False,2022,True,0,2575
NRDY-WS,NRDY-WS,2020-11-27,2022-12-23,,False,2022,True,0,2576
OPFI-WS,OPFI-WS,2020-11-20,2022-12-23,,False,2022,True,0,2577
PL-WS,PL-WS,2021-04-26,2022-12-23,,False,2022,True,0,2578
RUMBW,RUMBW,2021-04-15,2022-12-23,,False,2022,True,0,2579
SGHC-WS,SGHC-WS,2020-11-23,2022-12-23,,False,2022,True,0,2580
SKYH-WS,SKYH-WS,2022-01-04,2022-12-23,,False,2022,True,0,2581
SMR-WS,SMR-WS,2020-12-09,2022-12-23,,False,2022,True,0,2582
STR-WS,STR-WS,2017-09-20,2022-12-23,,False,2022,True,0,2583
TEWS,TEWS,2021-07-12,2022-12-23,,False,2022,True,0,2584
THCA,THCA,2019-07-30,2022-12-23,,False,2022,True,0,2585
THCAU,THCAU,2019-07-12,2022-12-23,,False,2022,True,0,2586
THCAW,THCAW,2019-08-13,2022-12-23,,False,2022,True,0,2587
TRCA-WS,TRCA-WS,2021-05-10,2022-12-23,,False,2022,True,0,2588
UHAL-B,UHAL-B,2022-11-10,2022-12-23,,False,2022,True,0,2589
VAL-WS,VAL-WS,2021-05-17,2022-12-23,,False,2022,True,0,2590
AFAQU,AFAQU,2021-03-19,2022-12-22,,False,2022,True,0,2591
AFAQW,AFAQW,2021-05-21,2022-12-22,,False,2022,True,0,2592
DILA,DILA,2021-08-05,2022-12-22,,False,2022,True,0,2593
DILAU,DILAU,2021-06-15,2022-12-22,,False,2022,True,0,2594
DILAW,DILAW,2021-08-04,2022-12-22,,False,2022,True,0,2595
HCAR,HCAR,2021-01-05,2022-12-22,,False,2022,True,0,2596
HCARU,HCARU,2020-12-23,2022-12-22,,False,2022,True,0,2597
HCARW,HCARW,2021-01-05,2022-12-22,,False,2022,True,0,2598
PSAG,PSAG,2021-04-14,2022-12-22,,False,2022,True,0,2599
PSAGU,PSAGU,2021-03-04,2022-12-22,,False,2022,True,0,2600
PSAGW,PSAGW,2021-04-09,2022-12-22,,False,2022,True,0,2601
RNWK,RNWK,1997-11-21,2022-12-22,,False,2022,True,0,2602
DAOO,DAOO,2022-01-12,2022-12-21,,False,2022,True,0,2603
DAOOU,DAOOU,2021-12-07,2022-12-21,,False,2022,True,0,2604
DAOOW,DAOOW,2022-01-12,2022-12-21,,False,2022,True,0,2605
EQHA,EQHA,2021-03-22,2022-12-21,,False,2022,True,0,2606
EQHA-U,EQHA-U,2021-01-29,2022-12-21,,False,2022,True,0,2607
GNACU,GNACU,2021-01-15,2022-12-21,,False,2022,True,0,2608
GNACW,GNACW,2021-03-09,2022-12-21,,False,2022,True,0,2609
HCICU,HCICU,2021-01-15,2022-12-21,,False,2022,True,0,2610
HCICW,HCICW,2021-03-08,2022-12-21,,False,2022,True,0,2611
HCII,HCII,2021-03-30,2022-12-21,,False,2022,True,0,2612
HCIIU,HCIIU,2021-01-26,2022-12-21,,False,2022,True,0,2613
HCIIW,HCIIW,2021-03-22,2022-12-21,,False,2022,True,0,2614
HIII,HIII,2021-04-20,2022-12-21,,False,2022,True,0,2615
HIIIU,HIIIU,2021-02-24,2022-12-21,,False,2022,True,0,2616
HIIIW,HIIIW,2021-04-20,2022-12-21,,False,2022,True,0,2617
IIII,IIII,2021-02-08,2022-12-21,,False,2022,True,0,2618
IIIIU,IIIIU,2020-12-18,2022-12-21,,False,2022,True,0,2619
IIIIW,IIIIW,2021-02-08,2022-12-21,,False,2022,True,0,2620
NMG,NMG,2021-05-24,2022-12-21,,False,2022,True,0,2621
OPALW,OPALW,2022-07-22,2022-12-21,,False,2022,True,0,2622
SCOA,SCOA,2021-02-08,2022-12-21,,False,2022,True,0,2623
SCOAU,SCOAU,2020-12-17,2022-12-21,,False,2022,True,0,2624
SCOAW,SCOAW,2021-02-08,2022-12-21,,False,2022,True,0,2625
SHQA,SHQA,2021-08-25,2022-12-21,,False,2022,True,0,2626
SHQAU,SHQAU,2021-06-30,2022-12-21,,False,2022,True,0,2627
SHQAW,SHQAW,2021-08-24,2022-12-21,,False,2022,True,0,2628
AGCB,AGCB,2021-01-07,2022-12-20,,False,2022,True,0,2629
ARGU,ARGU,2021-11-15,2022-12-20,,False,2022,True,0,2630
ARGUU,ARGUU,2021-09-22,2022-12-20,,False,2022,True,0,2631
ARGUW,ARGUW,2021-11-12,2022-12-20,,False,2022,True,0,2632
BLTS,BLTS,2021-03-01,2022-12-20,,False,2022,True,0,2633
COLI,COLI,2021-04-16,2022-12-20,,False,2022,True,0,2634
COLIU,COLIU,2021-02-24,2022-12-20,,False,2022,True,0,2635
COLIW,COLIW,2021-04-16,2022-12-20,,False,2022,True,0,2636
COVA,COVA,2021-03-31,2022-12-20,,False,2022,True,0,2637
COVAU,COVAU,2021-02-05,2022-12-20,,False,2022,True,0,2638
COVAW,COVAW,2021-04-01,2022-12-20,,False,2022,True,0,2639
FLYA,FLYA,2021-11-08,2022-12-20,,False,2022,True,0,2640
FLYA-U,FLYA-U,2021-09-16,2022-12-20,,False,2022,True,0,2641
FLYA-WS,FLYA-WS,2021-11-08,2022-12-20,,False,2022,True,0,2642
RXRA,RXRA,2021-04-29,2022-12-20,,False,2022,True,0,2643
RXRAU,RXRAU,2021-03-04,2022-12-20,,False,2022,True,0,2644
RXRAW,RXRAW,2021-05-03,2022-12-20,,False,2022,True,0,2645
VELOU,VELOU,2021-02-23,2022-12-20,,False,2022,True,0,2646
VELOW,VELOW,2021-04-23,2022-12-20,,False,2022,True,0,2647
ZVSAW,ZVSAW,2022-02-11,2022-12-20,,False,2022,True,0,2648
CND,CND,2021-01-28,2022-12-19,,False,2022,True,0,2649
OSTR,OSTR,2021-03-12,2022-12-19,,False,2022,True,0,2650
OSTRU,OSTRU,2021-01-20,2022-12-19,,False,2022,True,0,2651
ATA,ATA,2021-01-28,2022-12-16,,False,2022,True,0,2652
ATA-U,ATA-U,2020-12-15,2022-12-16,,False,2022,True,0,2653
ATA-WS,ATA-WS,2021-01-28,2022-12-16,,False,2022,True,0,2654
BAM,BAM,2022-12-01,2022-12-16,,False,2022,True,0,2655
GGMCU,GGMCU,2021-03-19,2022-12-16,,False,2022,True,0,2656
GGMCW,GGMCW,2021-05-18,2022-12-16,,False,2022,True,0,2657
GLHAU,GLHAU,2021-03-23,2022-12-16,,False,2022,True,0,2658
GLHAW,GLHAW,2021-05-19,2022-12-16,,False,2022,True,0,2659
KLAQ,KLAQ,2021-03-01,2022-12-16,,False,2022,True,0,2660
KLAQU,KLAQU,2021-01-08,2022-12-16,,False,2022,True,0,2661
KLAQW,KLAQW,2021-03-01,2022-12-16,,False,2022,True,0,2662
PAFO,PAFO,2021-09-27,2022-12-16,,False,2022,True,0,2663
PAFOR,PAFOR,2021-09-27,2022-12-16,,False,2022,True,0,2664
PAFOU,PAFOU,2021-09-14,2022-12-16,,False,2022,True,0,2665
PCX,PCX,2021-12-14,2022-12-16,,False,2022,True,0,2666
PCXCU,PCXCU,2021-10-06,2022-12-16,,False,2022,True,0,2667
PCXCW,PCXCW,2021-12-14,2022-12-16,,False,2022,True,0,2668
POND-U,POND-U,2021-05-18,2022-12-16,,False,2022,True,0,2669
SIER,SIER,2021-11-08,2022-12-16,,False,2022,True,0,2670
SIERU,SIERU,2021-09-15,2022-12-16,,False,2022,True,0,2671
SIERW,SIERW,2021-11-08,2022-12-16,,False,2022,True,0,2672
TRQ,TRQ,2003-11-18,2022-12-16,,False,2022,True,0,2673
GHAC,GHAC,2021-03-29,2022-12-15,,False,2022,True,0,2674
GHACU,GHACU,2021-02-03,2022-12-15,,False,2022,True,0,2675
GHACW,GHACW,2021-03-26,2022-12-15,,False,2022,True,0,2676
GSEV,GSEV,2021-04-15,2022-12-15,,False,2022,True,0,2677
GSEVU,GSEVU,2021-02-23,2022-12-15,,False,2022,True,0,2678
GSEVW,GSEVW,2021-04-15,2022-12-15,,False,2022,True,0,2679
GTPA,GTPA,2021-05-06,2022-12-15,,False,2022,True,0,2680
GTPAU,GTPAU,2021-03-12,2022-12-15,,False,2022,True,0,2681
GTPAW,GTPAW,2021-05-06,2022-12-15,,False,2022,True,0,2682
GTPB,GTPB,2021-05-05,2022-12-15,,False,2022,True,0,2683
GTPBU,GTPBU,2021-03-12,2022-12-15,,False,2022,True,0,2684
GTPBW,GTPBW,2021-05-06,2022-12-15,,False,2022,True,0,2685
LGV-U,LGV-U,2021-03-19,2022-12-15,,False,2022,True,0,2686
LGV-WS,LGV-WS,2021-05-10,2022-12-15,,False,2022,True,0,2687
SPGS,SPGS,2021-04-12,2022-12-15,,False,2022,True,0,2688
SPGS-U,SPGS-U,2021-02-19,2022-12-15,,False,2022,True,0,2689
TSPQ,TSPQ,2021-04-22,2022-12-15,,False,2022,True,0,2690
TSPQ-U,TSPQ-U,2021-03-02,2022-12-15,,False,2022,True,0,2691
AMPI,AMPI,2021-04-22,2022-12-14,,False,2022,True,0,2692
AMPI-U,AMPI-U,2021-03-02,2022-12-14,,False,2022,True,0,2693
HLAH,HLAH,2021-03-18,2022-12-14,,False,2022,True,0,2694
HLAHU,HLAHU,2021-01-13,2022-12-14,,False,2022,True,0,2695
HLAHW,HLAHW,2021-03-15,2022-12-14,,False,2022,True,0,2696
JOFF,JOFF,2021-03-30,2022-12-14,,False,2022,True,0,2697
JOFFU,JOFFU,2021-02-05,2022-12-14,,False,2022,True,0,2698
JOFFW,JOFFW,2021-03-29,2022-12-14,,False,2022,True,0,2699
MBC-W,MBC-W,2022-12-09,2022-12-14,,False,2022,True,0,2700
PBUG,PBUG,2021-06-16,2022-12-14,,False,2022,True,0,2701
PCPC,PCPC,2021-02-02,2022-12-14,,False,2022,True,0,2702
PCPC-U,PCPC-U,2020-12-10,2022-12-14,,False,2022,True,0,2703
PV-U,PV-U,2021-01-22,2022-12-14,,False,2022,True,0,2704
EPWR,EPWR,2021-03-01,2022-12-13,,False,2022,True,0,2705
EPWR-U,EPWR-U,2021-01-08,2022-12-13,,False,2022,True,0,2706
LHAA,LHAA,2021-03-05,2022-12-13,,False,2022,True,0,2707
BLTSU,BLTSU,2021-01-07,2022-12-12,,False,2022,True,0,2708
BLTSW,BLTSW,2021-03-01,2022-12-12,,False,2022,True,0,2709
BSKY,BSKY,2021-07-01,2022-12-12,,False,2022,True,0,2710
BSKYU,BSKYU,2021-04-28,2022-12-12,,False,2022,True,0,2711
BSKYW,BSKYW,2021-06-21,2022-12-12,,False,2022,True,0,2712
CND-U,CND-U,2020-12-08,2022-12-12,,False,2022,True,0,2713
FCAX-WS,FCAX-WS,2021-03-05,2022-12-12,,False,2022,True,0,2714
LSPR,LSPR,2022-02-10,2022-12-12,,False,2022,True,0,2715
LSPRU,LSPRU,2021-12-21,2022-12-12,,False,2022,True,0,2716
SSAA,SSAA,2021-03-22,2022-12-12,,False,2022,True,0,2717
SSAAU,SSAAU,2021-01-26,2022-12-12,,False,2022,True,0,2718
SSAAW,SSAAW,2021-03-24,2022-12-12,,False,2022,True,0,2719
VENAR,VENAR,2021-04-13,2022-12-12,,False,2022,True,0,2720
VENAU,VENAU,2021-02-09,2022-12-12,,False,2022,True,0,2721
BAM-W,BAM-W,2016-06-01,2022-12-09,,False,2022,True,0,2722
BN-W,BN-W,2022-12-01,2022-12-09,,False,2022,True,0,2723
CVU,CVU,2022-10-05,2022-12-09,,False,2022,True,0,2724
DHBC,DHBC,2021-04-23,2022-12-09,,False,2022,True,0,2725
DHBCU,DHBCU,2021-03-02,2022-12-09,,False,2022,True,0,2726
DHBCW,DHBCW,2021-04-23,2022-12-09,,False,2022,True,0,2727
LOTZW,LOTZW,2019-04-15,2022-12-09,,False,2022,True,0,2728
SCLE,SCLE,2021-04-06,2022-12-09,,False,2022,True,0,2729
SCLEU,SCLEU,2021-02-12,2022-12-09,,False,2022,True,0,2730
SCLEW,SCLEW,2021-04-08,2022-12-09,,False,2022,True,0,2731
SHAC,SHAC,2021-03-15,2022-12-09,,False,2022,True,0,2732
SHACU,SHACU,2021-01-22,2022-12-09,,False,2022,True,0,2733
SHACW,SHACW,2021-03-15,2022-12-09,,False,2022,True,0,2734
VTIQ,VTIQ,2021-03-03,2022-12-09,,False,2022,True,0,2735
VTIQU,VTIQU,2021-01-07,2022-12-09,,False,2022,True,0,2736
VTIQW,VTIQW,2021-03-03,2022-12-09,,False,2022,True,0,2737
AFAC,AFAC,2022-01-04,2022-12-08,,False,2022,True,0,2738
AFACU,AFACU,2021-11-10,2022-12-08,,False,2022,True,0,2739
AFACW,AFACW,2022-01-03,2022-12-08,,False,2022,True,0,2740
CLIM-U,CLIM-U,2021-01-27,2022-12-08,,False,2022,True,0,2741
FTCVU,FTCVU,2020-12-04,2022-12-08,,False,2022,True,0,2742
FTCVW,FTCVW,2021-01-25,2022-12-08,,False,2022,True,0,2743
IPVA-U,IPVA-U,2021-03-05,2022-12-08,,False,2022,True,0,2744
KAHC-WS,KAHC-WS,2021-05-07,2022-12-08,,False,2022,True,0,2745
OEPW,OEPW,2021-03-18,2022-12-08,,False,2022,True,0,2746
OEPWU,OEPWU,2021-01-22,2022-12-08,,False,2022,True,0,2747
OEPWW,OEPWW,2021-03-15,2022-12-08,,False,2022,True,0,2748
ZWRK,ZWRK,2021-04-05,2022-12-08,,False,2022,True,0,2749
ZWRKU,ZWRKU,2021-01-29,2022-12-08,,False,2022,True,0,2750
ZWRKW,ZWRKW,2021-03-24,2022-12-08,,False,2022,True,0,2751
CLRMU,CLRMU,2021-01-29,2022-12-07,,False,2022,True,0,2752
CLRMW,CLRMW,2021-03-23,2022-12-07,,False,2022,True,0,2753
EFHTU,EFHTU,2022-09-09,2022-12-07,,False,2022,True,0,2754
FSSI,FSSI,2021-03-22,2022-12-07,,False,2022,True,0,2755
FSSIU,FSSIU,2021-01-27,2022-12-07,,False,2022,True,0,2756
FSSIW,FSSIW,2021-03-19,2022-12-07,,False,2022,True,0,2757
HTPA,HTPA,2021-01-25,2022-12-07,,False,2022,True,0,2758
HTPA-U,HTPA-U,2020-12-03,2022-12-07,,False,2022,True,0,2759
MACC,MACC,2021-04-26,2022-12-07,,False,2022,True,0,2760
MACC-U,MACC-U,2021-03-03,2022-12-07,,False,2022,True,0,2761
LAAAU,LAAAU,2021-06-11,2022-12-06,,False,2022,True,0,2762
MTL-P,MTL-P,2014-09-22,2022-12-06,,False,2022,True,0,2763
RACB,RACB,2021-03-18,2022-12-06,,False,2022,True,0,2764
REVH,REVH,2021-05-12,2022-12-06,,False,2022,True,0,2765
REVHU,REVHU,2021-03-18,2022-12-06,,False,2022,True,0,2766
REVHW,REVHW,2021-05-11,2022-12-06,,False,2022,True,0,2767
RCOR,RCOR,2020-06-22,2022-12-05,,False,2022,True,0,2768
RCOR-WS,RCOR-WS,2021-09-03,2022-12-05,,False,2022,True,0,2769
SWCH,SWCH,2017-10-06,2022-12-05,,False,2022,True,0,2770
NDAC,NDAC,2021-04-23,2022-12-02,,False,2022,True,0,2771
NDACU,NDACU,2021-03-02,2022-12-02,,False,2022,True,0,2772
NDACW,NDACW,2021-04-22,2022-12-02,,False,2022,True,0,2773
AGTC,AGTC,2014-03-27,2022-12-01,,False,2022,True,0,2774
HMCO,HMCO,2021-01-29,2022-12-01,,False,2022,True,0,2775
HMCOU,HMCOU,2020-12-09,2022-12-01,,False,2022,True,0,2776
HMCOW,HMCOW,2021-02-01,2022-12-01,,False,2022,True,0,2777
OHPA,OHPA,2021-04-26,2022-12-01,,False,2022,True,0,2778
OHPAU,OHPAU,2021-03-02,2022-12-01,,False,2022,True,0,2779
OHPAW,OHPAW,2021-04-23,2022-12-01,,False,2022,True,0,2780
SWETU,SWETU,2021-01-12,2022-12-01,,False,2022,True,0,2781
SWETW,SWETW,2021-03-05,2022-12-01,,False,2022,True,0,2782
TMAC,TMAC,2021-03-26,2022-12-01,,False,2022,True,0,2783
TMAC-U,TMAC-U,2021-02-03,2022-12-01,,False,2022,True,0,2784
CRU,CRU,2021-02-25,2022-11-30,,False,2022,True,0,2785
CRU-U,CRU-U,2021-01-05,2022-11-30,,False,2022,True,0,2786
FBC,FBC,1997-04-30,2022-11-30,,False,2022,True,0,2787
FG-W,FG-W,2022-11-22,2022-11-30,,False,2022,True,0,2788
LMACA,LMACA,2021-03-16,2022-11-30,,False,2022,True,0,2789
LMACU,LMACU,2021-01-22,2022-11-30,,False,2022,True,0,2790
LMACW,LMACW,2021-03-15,2022-11-30,,False,2022,True,0,2791
PBFX,PBFX,2014-05-09,2022-11-30,,False,2022,True,0,2792
PCPCW,PCPCW,2021-02-01,2022-11-30,,False,2022,True,0,2793
TSIB,TSIB,2021-04-05,2022-11-30,,False,2022,True,0,2794
TSIBU,TSIBU,2021-02-12,2022-11-30,,False,2022,True,0,2795
TSIBW,TSIBW,2021-04-06,2022-11-30,,False,2022,True,0,2796
PHIC,PHIC,2021-01-12,2022-11-29,,False,2022,True,0,2797
PHICU,PHICU,2020-11-18,2022-11-29,,False,2022,True,0,2798
PHICW,PHICW,2021-01-12,2022-11-29,,False,2022,True,0,2799
PTICU,PTICU,2020-12-04,2022-11-29,,False,2022,True,0,2800
SBII,SBII,2021-04-30,2022-11-29,,False,2022,True,0,2801
SBII-U,SBII-U,2021-03-10,2022-11-29,,False,2022,True,0,2802
ETPA,ETPA,2019-02-01,2022-11-28,,False,2022,True,0,2803
FRW,FRW,2021-05-06,2022-11-28,,False,2022,True,0,2804
FRWAU,FRWAU,2021-03-10,2022-11-28,,False,2022,True,0,2805
FRWAW,FRWAW,2021-05-06,2022-11-28,,False,2022,True,0,2806
RADA,RADA,1993-04-01,2022-11-28,,False,2022,True,0,2807
SONG,SONG,2019-09-11,2022-11-25,,False,2022,True,0,2808
JYAC,JYAC,2020-11-19,2022-11-23,,False,2022,True,0,2809
ASZ,ASZ,2021-04-19,2022-11-22,,False,2022,True,0,2810
ASZ-U,ASZ-U,2021-02-26,2022-11-22,,False,2022,True,0,2811
AUS,AUS,2021-04-19,2022-11-22,,False,2022,True,0,2812
AUS-U,AUS-U,2021-02-26,2022-11-22,,False,2022,True,0,2813
FLAC,FLAC,2021-02-08,2022-11-22,,False,2022,True,0,2814
FLACU,FLACU,2020-12-09,2022-11-22,,False,2022,True,0,2815
FLACW,FLACW,2021-02-08,2022-11-22,,False,2022,True,0,2816
FVIV,FVIV,2021-05-07,2022-11-22,,False,2022,True,0,2817
FVIV-U,FVIV-U,2021-03-16,2022-11-22,,False,2022,True,0,2818
FVT,FVT,2021-02-25,2022-11-22,,False,2022,True,0,2819
FVT-U,FVT-U,2021-01-05,2022-11-22,,False,2022,True,0,2820
ZEN,ZEN,2014-05-15,2022-11-21,,False,2022,True,0,2821
IACC,IACC,2021-04-30,2022-11-17,,False,2022,True,0,2822
LAXXR,LAXXR,2021-12-14,2022-11-17,,False,2022,True,0,2823
LAXXU,LAXXU,2021-11-22,2022-11-17,,False,2022,True,0,2824
TINV-U,TINV-U,2020-11-24,2022-11-17,,False,2022,True,0,2825
FLAG-WS,FLAG-WS,2021-11-01,2022-11-16,,False,2022,True,0,2826
LOGC,LOGC,2018-10-19,2022-11-16,,False,2022,True,0,2827
MITO,MITO,2019-02-15,2022-11-16,,False,2022,True,0,2828
TEN,TEN,1982-01-04,2022-11-16,,False,2022,True,0,2829
ECOM,ECOM,2013-05-23,2022-11-15,,False,2022,True,0,2830
AGBAR,AGBAR,2019-07-18,2022-11-14,,False,2022,True,0,2831
AGBAU,AGBAU,2019-05-14,2022-11-14,,False,2022,True,0,2832
PYS,PYS,2007-12-27,2022-11-14,,False,2022,True,0,2833
SWT,SWT,2019-11-08,2022-11-14,,False,2022,True,0,2834
ESSCR,ESSCR,2020-03-27,2022-11-11,,False,2022,True,0,2835
ESSCU,ESSCU,2020-02-20,2022-11-11,,False,2022,True,0,2836
CRHC-U,CRHC-U,2020-09-09,2022-11-10,,False,2022,True,0,2837
NOAC,NOAC,2021-01-29,2022-11-10,,False,2022,True,0,2838
NOACU,NOACU,2020-11-11,2022-11-10,,False,2022,True,0,2839
NOACW,NOACW,2021-01-29,2022-11-10,,False,2022,True,0,2840
STZ-B,STZ-B,2002-07-17,2022-11-10,,False,2022,True,0,2841
USWSW,USWSW,2017-05-05,2022-11-10,,False,2022,True,0,2842
VCKAU,VCKAU,2021-01-07,2022-11-10,,False,2022,True,0,2843
CHG,CHG,2011-07-07,2022-11-04,,False,2022,True,0,2844
IS,IS,2021-01-15,2022-11-04,,False,2022,True,0,2845
WETF,WETF,2022-10-20,2022-11-04,,False,2022,True,0,2846
AMPIW,AMPIW,2021-04-23,2022-11-03,,False,2022,True,0,2847
CYBE,CYBE,1991-11-19,2022-11-03,,False,2022,True,0,2848
HAAC,HAAC,2021-01-14,2022-11-03,,False,2022,True,0,2849
HAACU,HAACU,2020-11-13,2022-11-03,,False,2022,True,0,2850
HAACW,HAACW,2021-01-14,2022-11-03,,False,2022,True,0,2851
MONDW,MONDW,2022-07-19,2022-11-03,,False,2022,True,0,2852
STON,STON,2004-09-15,2022-11-03,,False,2022,True,0,2853
CCXI,CCXI,2012-02-08,2022-11-02,,False,2022,True,0,2854
CTXS,CTXS,1995-12-08,2022-11-02,,False,2022,True,0,2855
CVET,CVET,2019-02-05,2022-11-02,,False,2022,True,0,2856
FMTX,FMTX,2020-06-19,2022-11-02,,False,2022,True,0,2857
GBT,GBT,2015-08-12,2022-11-02,,False,2022,True,0,2858
ZY,ZY,2021-04-22,2022-11-02,,False,2022,True,0,2859
AHPA,AHPA,2021-09-30,2022-11-01,,False,2022,True,0,2860
AHPAU,AHPAU,2021-08-10,2022-11-01,,False,2022,True,0,2861
IGNYU,IGNYU,2021-01-28,2022-11-01,,False,2022,True,0,2862
LUXA,LUXA,2020-12-18,2022-11-01,,False,2022,True,0,2863
USWS,USWS,2017-05-05,2022-11-01,,False,2022,True,0,2864
BENE,BENE,2021-01-28,2022-10-31,,False,2022,True,0,2865
BENER,BENER,2021-01-28,2022-10-31,,False,2022,True,0,2866
BENEU,BENEU,2021-01-05,2022-10-31,,False,2022,True,0,2867
BENEW,BENEW,2021-01-28,2022-10-31,,False,2022,True,0,2868
HTAQ,HTAQ,2021-12-30,2022-10-31,,False,2022,True,0,2869
HTAQ-U,HTAQ-U,2021-11-09,2022-10-31,,False,2022,True,0,2870
RXO-W,RXO-W,2022-10-27,2022-10-31,,False,2022,True,0,2871
SRLP,SRLP,2013-10-25,2022-10-31,,False,2022,True,0,2872
XPO-W,XPO-W,2021-07-23,2022-10-31,,False,2022,True,0,2873
AVLR,AVLR,2018-06-15,2022-10-28,,False,2022,True,0,2874
BHSE,BHSE,2022-10-28,2022-10-28,,False,2022,True,0,2875
BHSEU,BHSEU,2020-10-30,2022-10-28,,False,2022,True,0,2876
BOAS,BOAS,2021-04-06,2022-10-28,,False,2022,True,0,2877
CNVY,CNVY,2021-06-16,2022-10-28,,False,2022,True,0,2878
EPRE,EPRE,2022-10-28,2022-10-28,,False,2022,True,0,2879
EXTN,EXTN,2015-11-04,2022-10-28,,False,2022,True,0,2880
LMAO,LMAO,2021-03-18,2022-10-28,,False,2022,True,0,2881
LMAOU,LMAOU,2021-01-26,2022-10-28,,False,2022,True,0,2882
LUXAU,LUXAU,2020-10-27,2022-10-28,,False,2022,True,0,2883
LUXAW,LUXAW,2020-12-22,2022-10-28,,False,2022,True,0,2884
MN,MN,2011-11-18,2022-10-28,,False,2022,True,0,2885
PAQC,PAQC,2022-10-27,2022-10-28,,False,2022,True,0,2886
PAQCU,PAQCU,2021-01-08,2022-10-28,,False,2022,True,0,2887
SHLX,SHLX,2014-10-29,2022-10-28,,False,2022,True,0,2888
SRSA,SRSA,2020-12-29,2022-10-28,,False,2022,True,0,2889
SRSAU,SRSAU,2020-10-21,2022-10-28,,False,2022,True,0,2890
SRSAW,SRSAW,2020-12-24,2022-10-28,,False,2022,True,0,2891
TMX,TMX,2014-06-26,2022-10-28,,False,2022,True,0,2892
TWTR,TWTR,2013-11-07,2022-10-28,,False,2022,True,0,2893
Y,Y,1980-03-05,2022-10-28,,False,2022,True,0,2894
ZVZZC,ZVZZC,2016-01-29,2022-10-28,,False,2022,True,0,2895
EDNC,EDNC,2021-11-08,2022-10-27,,False,2022,True,0,2896
EDNCU,EDNCU,2021-09-15,2022-10-27,,False,2022,True,0,2897
EDNCW,EDNCW,2021-11-08,2022-10-27,,False,2022,True,0,2898
PIPP,PIPP,2021-01-07,2022-10-27,,False,2022,True,0,2899
PIPP-U,PIPP-U,2020-11-17,2022-10-27,,False,2022,True,0,2900
TEKK,TEKK,2020-12-29,2022-10-27,,False,2022,True,0,2901
TEKKU,TEKKU,2020-10-22,2022-10-27,,False,2022,True,0,2902
TEKKW,TEKKW,2020-12-29,2022-10-27,,False,2022,True,0,2903
BLSA,BLSA,2020-10-22,2022-10-26,,False,2022,True,0,2904
BOAS-U,BOAS-U,2021-02-24,2022-10-26,,False,2022,True,0,2905
GBTG-WS,GBTG-WS,2020-11-23,2022-10-26,,False,2022,True,0,2906
MAAQR,MAAQR,2022-01-14,2022-10-25,,False,2022,True,0,2907
MAAQU,MAAQU,2021-11-23,2022-10-25,,False,2022,True,0,2908
ENPC-U,ENPC-U,2020-09-16,2022-10-24,,False,2022,True,0,2909
GRNT-WS,GRNT-WS,2020-11-06,2022-10-24,,False,2022,True,0,2910
LFTR,LFTR,2020-12-18,2022-10-24,,False,2022,True,0,2911
LFTRU,LFTRU,2020-10-21,2022-10-24,,False,2022,True,0,2912
LFTRW,LFTRW,2020-12-16,2022-10-24,,False,2022,True,0,2913
TMAC-WS,TMAC-WS,2021-03-26,2022-10-24,,False,2022,True,0,2914
HIGA,HIGA,2020-12-11,2022-10-21,,False,2022,True,0,2915
HIGA-U,HIGA-U,2020-10-21,2022-10-21,,False,2022,True,0,2916
HYMCZ,HYMCZ,2017-02-17,2022-10-21,,False,2022,True,0,2917
TEUM,TEUM,2001-01-02,2022-10-21,,False,2022,True,0,2918
SANB,SANB,2021-11-09,2022-10-20,,False,2022,True,0,2919
SANBU,SANBU,2021-10-15,2022-10-20,,False,2022,True,0,2920
SANBW,SANBW,2021-11-09,2022-10-20,,False,2022,True,0,2921
AVAN,AVAN,2020-11-23,2022-10-19,,False,2022,True,0,2922
TMPM,TMPM,2020-12-29,2022-10-19,,False,2022,True,0,2923
TMPMU,TMPMU,2020-10-16,2022-10-19,,False,2022,True,0,2924
TMPMW,TMPMW,2020-12-24,2022-10-19,,False,2022,True,0,2925
GETY-WS,GETY-WS,2022-07-25,2022-10-18,,False,2022,True,0,2926
FVAM,FVAM,2020-10-14,2022-10-17,,False,2022,True,0,2927
PING,PING,2019-09-19,2022-10-17,,False,2022,True,0,2928
IPOD,IPOD,2020-11-30,2022-10-14,,False,2022,True,0,2929
IPOD-U,IPOD-U,2020-10-09,2022-10-14,,False,2022,True,0,2930
IPOF,IPOF,2020-11-30,2022-10-14,,False,2022,True,0,2931
IPOF-U,IPOF-U,2020-10-09,2022-10-14,,False,2022,True,0,2932
PIPP-WS,PIPP-WS,2021-01-07,2022-10-14,,False,2022,True,0,2933
RMO,RMO,2019-04-01,2022-10-14,,False,2022,True,0,2934
FVIV-WS,FVIV-WS,2021-05-17,2022-10-13,,False,2022,True,0,2935
NLSN,NLSN,2011-01-27,2022-10-11,,False,2022,True,0,2936
CNTQ,CNTQ,2021-08-24,2022-10-10,,False,2022,True,0,2937
TPGY,TPGY,2020-11-27,2022-10-10,,False,2022,True,0,2938
CNTQU,CNTQU,2021-08-11,2022-10-07,,False,2022,True,0,2939
IEA,IEA,2018-03-26,2022-10-07,,False,2022,True,0,2940
IEAWW,IEAWW,2018-03-28,2022-10-07,,False,2022,True,0,2941
REEAW,REEAW,2021-07-23,2022-10-07,,False,2022,True,0,2942
RNDB,RNDB,2016-07-01,2022-10-07,,False,2022,True,0,2943
TPGY-U,TPGY-U,2020-10-07,2022-10-07,,False,2022,True,0,2944
ZEAL,ZEAL,2017-08-09,2022-10-07,,False,2022,True,0,2945
AVAN-WS,AVAN-WS,2020-11-23,2022-10-06,,False,2022,True,0,2946
BRG,BRG,2014-03-28,2022-10-06,,False,2022,True,0,2947
GCP,GCP,2016-01-26,2022-10-06,,False,2022,True,0,2948
MPTI-W,MPTI-W,2022-10-03,2022-10-06,,False,2022,True,0,2949
SLCR,SLCR,2021-03-11,2022-10-06,,False,2022,True,0,2950
ASAQ,ASAQ,2020-10-15,2022-10-05,,False,2022,True,0,2951
ASAQ-U,ASAQ-U,2020-10-02,2022-10-05,,False,2022,True,0,2952
ASAQ-WS,ASAQ-WS,2020-10-15,2022-10-05,,False,2022,True,0,2953
BHM-W,BHM-W,2022-09-28,2022-10-05,,False,2022,True,0,2954
RCHG,RCHG,2020-11-27,2022-10-05,,False,2022,True,0,2955
RCHGU,RCHGU,2020-10-01,2022-10-05,,False,2022,True,0,2956
RCHGW,RCHGW,2020-11-23,2022-10-05,,False,2022,True,0,2957
VYGG,VYGG,2020-11-20,2022-10-05,,False,2022,True,0,2958
VYGG-U,VYGG-U,2020-10-02,2022-10-05,,False,2022,True,0,2959
BHVN,BHVN,2017-05-04,2022-10-03,,False,2022,True,0,2960
BHVN-W,BHVN-W,2022-09-23,2022-10-03,,False,2022,True,0,2961
CHNG,CHNG,2019-06-27,2022-10-03,,False,2022,True,0,2962
DRE,DRE,1987-11-05,2022-10-03,,False,2022,True,0,2963
NMMC,NMMC,2020-11-18,2022-09-30,,False,2022,True,0,2964
NMMCU,NMMCU,2020-09-18,2022-09-30,,False,2022,True,0,2965
NMMCW,NMMCW,2020-11-13,2022-09-30,,False,2022,True,0,2966
XPER-W,XPER-W,2022-09-20,2022-09-30,,False,2022,True,0,2967
MTE,MTE,2016-01-04,2022-09-29,,False,2022,True,0,2968
NLITU,NLITU,2021-06-24,2022-09-28,,False,2022,True,0,2969
SLCRU,SLCRU,2021-01-14,2022-09-28,,False,2022,True,0,2970
BBQ,BBQ,1996-11-04,2022-09-27,,False,2022,True,0,2971
VYGG-WS,VYGG-WS,2020-11-20,2022-09-27,,False,2022,True,0,2972
IMPX,IMPX,2020-11-23,2022-09-26,,False,2022,True,0,2973
IMPX-U,IMPX-U,2020-10-01,2022-09-26,,False,2022,True,0,2974
IMPX-WS,IMPX-WS,2020-11-23,2022-09-26,,False,2022,True,0,2975
MUDSW,MUDSW,2018-03-12,2022-09-21,,False,2022,True,0,2976
VTAQR,VTAQR,2021-02-05,2022-09-21,,False,2022,True,0,2977
VTAQU,VTAQU,2020-12-24,2022-09-21,,False,2022,True,0,2978
IPOF-WS,IPOF-WS,2020-11-30,2022-09-20,,False,2022,True,0,2979
CFVIU,CFVIU,2021-02-19,2022-09-16,,False,2022,True,0,2980
DCGOW,DCGOW,2020-12-17,2022-09-16,,False,2022,True,0,2981
DISCA,DISCA,2022-04-06,2022-09-16,,False,2022,True,0,2982
DISCK,DISCK,2008-09-18,2022-09-16,,False,2022,True,0,2983
ECOL,ECOL,1990-03-26,2022-09-16,,False,2022,True,0,2984
EPAY,EPAY,1999-02-12,2022-09-16,,False,2022,True,0,2985
EQD,EQD,2020-11-06,2022-09-16,,False,2022,True,0,2986
EQD-U,EQD-U,2020-09-16,2022-09-16,,False,2022,True,0,2987
GPCOR,GPCOR,2021-08-05,2022-09-16,,False,2022,True,0,2988
GPCOU,GPCOU,2021-06-22,2022-09-16,,False,2022,True,0,2989
ISBC,ISBC,2005-10-12,2022-09-16,,False,2022,True,0,2990
MANT,MANT,2002-02-07,2022-09-16,,False,2022,True,0,2991
MCFE,MCFE,2020-10-22,2022-09-16,,False,2022,True,0,2992
MIME,MIME,2015-11-19,2022-09-16,,False,2022,True,0,2993
MNDT,MNDT,2013-09-20,2022-09-16,,False,2022,True,0,2994
TYME,TYME,2015-03-12,2022-09-16,,False,2022,True,0,2995
XENT,XENT,2014-07-24,2022-09-16,,False,2022,True,0,2996
DWIN-U,DWIN-U,2020-12-11,2022-09-15,,False,2022,True,0,2997
HLG,HLG,2015-07-07,2022-09-15,,False,2022,True,0,2998
MUDS,MUDS,2021-01-29,2022-09-15,,False,2022,True,0,2999
USAK,USAK,1992-03-20,2022-09-15,,False,2022,True,0,3000
CTT,CTT,2013-12-12,2022-09-14,,False,2022,True,0,3001
KCAC-U,KCAC-U,2021-02-26,2022-09-14,,False,2022,True,0,3002
HMTV,HMTV,2013-04-05,2022-09-13,,False,2022,True,0,3003
CLAQR,CLAQR,2021-08-04,2022-09-12,,False,2022,True,0,3004
CLAQU,CLAQU,2021-07-15,2022-09-12,,False,2022,True,0,3005
MUDSU,MUDSU,2018-02-08,2022-09-12,,False,2022,True,0,3006
ANAT,ANAT,1984-09-07,2022-09-08,,False,2022,True,0,3007
BLCT,BLCT,2020-07-08,2022-09-08,,False,2022,True,0,3008
CCMP,CCMP,2000-04-05,2022-09-08,,False,2022,True,0,3009
CDK,CDK,2014-09-24,2022-09-08,,False,2022,True,0,3010
CERN,CERN,1990-03-26,2022-09-08,,False,2022,True,0,3011
EPZM,EPZM,2013-05-31,2022-09-08,,False,2022,True,0,3012
HMHC,HMHC,2013-11-14,2022-09-08,,False,2022,True,0,3013
JOBS,JOBS,2004-09-29,2022-09-08,,False,2022,True,0,3014
MMM-WD,MMM-WD,2022-09-07,2022-09-08,,False,2022,True,0,3015
NEOGV,NEOGV,2022-09-01,2022-09-08,,False,2022,True,0,3016
NTUS,NTUS,2001-07-31,2022-09-08,,False,2022,True,0,3017
OCDX,OCDX,2021-01-28,2022-09-08,,False,2022,True,0,3018
REGI,REGI,2012-01-19,2022-09-08,,False,2022,True,0,3019
RTLR,RTLR,2019-05-23,2022-09-08,,False,2022,True,0,3020
SAFM,SAFM,1989-12-20,2022-09-08,,False,2022,True,0,3021
TPTX,TPTX,2019-04-17,2022-09-08,,False,2022,True,0,3022
TSC,TSC,2013-05-09,2022-09-08,,False,2022,True,0,3023
TVTY,TVTY,1991-08-13,2022-09-08,,False,2022,True,0,3024
VG,VG,2006-05-24,2022-09-08,,False,2022,True,0,3025
ZNGA,ZNGA,2011-12-16,2022-09-08,,False,2022,True,0,3026
BKEPP,BKEPP,2012-03-05,2022-09-07,,False,2022,True,0,3027
GOAC,GOAC,2020-09-25,2022-09-07,,False,2022,True,0,3028
GTYH,GTYH,2016-11-18,2022-09-07,,False,2022,True,0,3029
MBII,MBII,2013-08-02,2022-09-07,,False,2022,True,0,3030
MILE,MILE,2020-11-09,2022-09-07,,False,2022,True,0,3031
PBIP,PBIP,2005-03-30,2022-09-07,,False,2022,True,0,3032
PWPPW,PWPPW,2020-11-20,2022-09-07,,False,2022,True,0,3033
RBAC,RBAC,2020-10-05,2022-09-07,,False,2022,True,0,3034
SHI,SHI,1993-07-26,2022-09-07,,False,2022,True,0,3035
SMED,SMED,1999-05-24,2022-09-07,,False,2022,True,0,3036
TUFN,TUFN,2019-04-11,2022-09-07,,False,2022,True,0,3037
WARR,WARR,2021-04-19,2022-09-07,,False,2022,True,0,3038
AXU,AXU,2006-09-08,2022-09-06,,False,2022,True,0,3039
ETAC,ETAC,2020-09-18,2022-09-02,,False,2022,True,0,3040
ETACU,ETACU,2020-07-31,2022-09-02,,False,2022,True,0,3041
ETACW,ETACW,2020-09-18,2022-09-02,,False,2022,True,0,3042
WARR-U,WARR-U,2021-02-26,2022-09-02,,False,2022,True,0,3043
WARR-WS,WARR-WS,2021-04-20,2022-09-02,,False,2022,True,0,3044
CYPS,CYPS,2007-07-16,2022-09-01,,False,2022,True,0,3045
AUTO,AUTO,2001-01-02,2022-08-31,,False,2022,True,0,3046
CTEK,CTEK,2017-09-08,2022-08-31,,False,2022,True,0,3047
NWG-W,NWG-W,2022-08-30,2022-08-31,,False,2022,True,0,3048
RDBX,RDBX,2020-12-10,2022-08-31,,False,2022,True,0,3049
POLY,POLY,1994-01-20,2022-08-29,,False,2022,True,0,3050
SWAGU,SWAGU,2021-07-29,2022-08-29,,False,2022,True,0,3051
EJFA,EJFA,2021-04-21,2022-08-26,,False,2022,True,0,3052
ISLEW,ISLEW,2021-03-30,2022-08-26,,False,2022,True,0,3053
RVAC,RVAC,2021-10-19,2022-08-26,,False,2022,True,0,3054
RVACU,RVACU,2021-08-06,2022-08-26,,False,2022,True,0,3055
RVACW,RVACW,2021-10-12,2022-08-26,,False,2022,True,0,3056
FST,FST,2020-10-12,2022-08-25,,False,2022,True,0,3057
FST-U,FST-U,2020-08-21,2022-08-25,,False,2022,True,0,3058
FST-WS,FST-WS,2020-10-12,2022-08-25,,False,2022,True,0,3059
CDR,CDR,1993-02-19,2022-08-22,,False,2022,True,0,3060
DNAA,DNAA,2021-06-30,2022-08-19,,False,2022,True,0,3061
OWL-WS,OWL-WS,2021-05-21,2022-08-19,,False,2022,True,0,3062
BRQSW,BRQSW,2015-10-30,2022-08-18,,False,2022,True,0,3063
CBDE,CBDE,2015-12-03,2022-08-18,,False,2022,True,0,3064
GSV,GSV,2012-06-08,2022-08-17,,False,2022,True,0,3065
GOAC-U,GOAC-U,2020-08-05,2022-08-16,,False,2022,True,0,3066
LEAP,LEAP,2020-11-02,2022-08-16,,False,2022,True,0,3067
RBAC-U,RBAC-U,2020-08-13,2022-08-16,,False,2022,True,0,3068
RBAC-WS,RBAC-WS,2020-10-05,2022-08-16,,False,2022,True,0,3069
SAIL,SAIL,2017-11-17,2022-08-16,,False,2022,True,0,3070
TEOZF,TEOZF,2018-01-17,2022-08-16,,False,2022,True,0,3071
FOUNU,FOUNU,2021-10-15,2022-08-15,,False,2022,True,0,3072
LEAP-U,LEAP-U,2020-09-11,2022-08-12,,False,2022,True,0,3073
RDBXW,RDBXW,2020-12-09,2022-08-11,,False,2022,True,0,3074
EQD-WS,EQD-WS,2020-11-06,2022-08-10,,False,2022,True,0,3075
NCRA,NCRA,2016-02-02,2022-08-10,,False,2022,True,0,3076
CHWA,CHWA,2021-09-27,2022-08-09,,False,2022,True,0,3077
CHWAU,CHWAU,2021-08-30,2022-08-09,,False,2022,True,0,3078
CHWAW,CHWAW,2021-09-24,2022-08-09,,False,2022,True,0,3079
GGPI,GGPI,2021-05-18,2022-08-09,,False,2022,True,0,3080
OBCI,OBCI,1995-07-13,2022-08-09,,False,2022,True,0,3081
SREV,SREV,2011-03-25,2022-08-09,,False,2022,True,0,3082
CTXRW,CTXRW,2017-08-03,2022-08-08,,False,2022,True,0,3083
ETTX,ETTX,2018-09-26,2022-08-05,,False,2022,True,0,3084
XPOA,XPOA,2020-12-11,2022-08-05,,False,2022,True,0,3085
XPOA-U,XPOA-U,2020-10-21,2022-08-05,,False,2022,True,0,3086
XPOA-WS,XPOA-WS,2020-12-14,2022-08-05,,False,2022,True,0,3087
ASPC,ASPC,2021-04-14,2022-08-03,,False,2022,True,0,3088
ASPCU,ASPCU,2021-02-19,2022-08-03,,False,2022,True,0,3089
ASPCW,ASPCW,2021-04-16,2022-08-03,,False,2022,True,0,3090
LEAP-WS,LEAP-WS,2020-11-02,2022-08-03,,False,2022,True,0,3091
LNFA,LNFA,2021-01-07,2022-08-03,,False,2022,True,0,3092
LNFA-U,LNFA-U,2020-11-19,2022-08-03,,False,2022,True,0,3093
MTOR,MTOR,2000-07-10,2022-08-03,,False,2022,True,0,3094
NPTN,NPTN,2011-02-02,2022-08-03,,False,2022,True,0,3095
NRGV-WS,NRGV-WS,2021-03-30,2022-08-02,,False,2022,True,0,3096
FIPWV,FIPWV,2022-07-20,2022-08-01,,False,2022,True,0,3097
FTAIV,FTAIV,2022-07-25,2022-08-01,,False,2022,True,0,3098
BCACU,BCACU,2021-01-29,2022-07-29,,False,2022,True,0,3099
DSACU,DSACU,2020-10-29,2022-07-29,,False,2022,True,0,3100
DYFN,DYFN,2020-06-26,2022-07-29,,False,2022,True,0,3101
GOBI,GOBI,2021-06-29,2022-07-29,,False,2022,True,0,3102
MILEW,MILEW,2020-11-20,2022-07-28,,False,2022,True,0,3103
WBT,WBT,2016-02-18,2022-07-28,,False,2022,True,0,3104
WALDU,WALDU,2021-03-16,2022-07-27,,False,2022,True,0,3105
GSAQ,GSAQ,2021-03-01,2022-07-26,,False,2022,True,0,3106
GSAQU,GSAQU,2021-01-08,2022-07-26,,False,2022,True,0,3107
GSAQW,GSAQW,2021-03-01,2022-07-26,,False,2022,True,0,3108
PSTH,PSTH,2020-09-11,2022-07-26,,False,2022,True,0,3109
CNR,CNR,2016-01-04,2022-07-25,,False,2022,True,0,3110
PSTH-WS,PSTH-WS,2020-09-11,2022-07-25,,False,2022,True,0,3111
NEXTW,NEXTW,2015-04-16,2022-07-22,,False,2022,True,0,3112
PRPB-U,PRPB-U,2020-07-31,2022-07-22,,False,2022,True,0,3113
PRPB-WS,PRPB-WS,2020-09-21,2022-07-22,,False,2022,True,0,3114
ACTDU,ACTDU,2021-03-23,2022-07-21,,False,2022,True,0,3115
ACTDW,ACTDW,2021-05-21,2022-07-21,,False,2022,True,0,3116
GSK-W,GSK-W,2022-07-19,2022-07-21,,False,2022,True,0,3117
HLN-W,HLN-W,2022-07-18,2022-07-21,,False,2022,True,0,3118
PSB,PSB,1991-03-27,2022-07-20,,False,2022,True,0,3119
BRPMU,BRPMU,2021-02-19,2022-07-19,,False,2022,True,0,3120
ITHX,ITHX,2021-03-24,2022-07-19,,False,2022,True,0,3121
ITHXU,ITHXU,2021-01-28,2022-07-18,,False,2022,True,0,3122
ITHXW,ITHXW,2021-03-22,2022-07-18,,False,2022,True,0,3123
GSLD,GSLD,2019-11-22,2022-07-15,,False,2022,True,0,3124
GLSPT,GLSPT,2021-05-10,2022-07-13,,False,2022,True,0,3125
GLSPU,GLSPU,2021-04-08,2022-07-13,,False,2022,True,0,3126
GLSPW,GLSPW,2021-05-10,2022-07-13,,False,2022,True,0,3127
SAK,SAK,2020-06-30,2022-07-13,,False,2022,True,0,3128
XELAU,XELAU,2015-01-16,2022-07-12,,False,2022,True,0,3129
XELAW,XELAW,2015-03-27,2022-07-12,,False,2022,True,0,3130
DNAC,DNAC,2021-06-30,2022-07-11,,False,2022,True,0,3131
FRGE-WS,FRGE-WS,2021-02-01,2022-07-08,,False,2022,True,0,3132
LBPS,LBPS,2021-03-22,2022-07-07,,False,2022,True,0,3133
GGGV,GGGV,2021-08-17,2022-07-06,,False,2022,True,0,3134
GGGVR,GGGVR,2021-08-17,2022-07-06,,False,2022,True,0,3135
GGGVU,GGGVU,2021-07-01,2022-07-06,,False,2022,True,0,3136
MNMD,MNMD,2020-03-03,2022-07-05,,False,2022,True,0,3137
NP,NP,2004-11-17,2022-07-05,,False,2022,True,0,3138
COHR,COHR,1990-03-26,2022-07-01,,False,2022,True,0,3139
SRRA,SRRA,2015-07-16,2022-07-01,,False,2022,True,0,3140
EHAB-W,EHAB-W,2022-06-23,2022-06-30,,False,2022,True,0,3141
EHC-W,EHC-W,2022-06-23,2022-06-30,,False,2022,True,0,3142
NSEC,NSEC,1990-03-30,2022-06-30,,False,2022,True,0,3143
PCOM,PCOM,2011-02-10,2022-06-30,,False,2022,True,0,3144
BBIGV,BBIGV,2022-05-17,2022-06-29,,False,2022,True,0,3145
TYDEV,TYDEV,2022-05-18,2022-06-29,,False,2022,True,0,3146
GLU-R,GLU-R,2018-11-13,2022-06-28,,False,2022,True,0,3147
RICO,RICO,2021-09-02,2022-06-28,,False,2022,True,0,3148
RICOU,RICOU,2021-07-08,2022-06-28,,False,2022,True,0,3149
RICOW,RICOW,2021-09-01,2022-06-28,,False,2022,True,0,3150
TREC,TREC,2006-07-31,2022-06-27,,False,2022,True,0,3151
APTS,APTS,2011-04-01,2022-06-23,,False,2022,True,0,3152
GGPIU,GGPIU,2021-03-23,2022-06-23,,False,2022,True,0,3153
GGPIW,GGPIW,2021-05-17,2022-06-23,,False,2022,True,0,3154
MSP,MSP,2020-10-21,2022-06-23,,False,2022,True,0,3155
EJFAU,EJFAU,2021-02-25,2022-06-22,,False,2022,True,0,3156
EJFAW,EJFAW,2021-04-22,2022-06-22,,False,2022,True,0,3157
PLAN,PLAN,2018-10-12,2022-06-22,,False,2022,True,0,3158
SUMR,SUMR,2007-03-07,2022-06-22,,False,2022,True,0,3159
BBLN-WS,BBLN-WS,2021-10-22,2022-06-21,,False,2022,True,0,3160
CPTAG,CPTAG,2017-06-02,2022-06-21,,False,2022,True,0,3161
CPTAL,CPTAL,2017-05-23,2022-06-21,,False,2022,True,0,3162
IRCP,IRCP,2003-11-05,2022-06-21,,False,2022,True,0,3163
LUB,LUB,1985-07-01,2022-06-21,,False,2022,True,0,3164
OTIV,OTIV,2002-11-12,2022-06-21,,False,2022,True,0,3165
ENIA,ENIA,2022-06-17,2022-06-17,,False,2022,True,0,3166
OXLCN,OXLCN,2022-06-10,2022-06-17,,False,2022,True,0,3167
VGII-U,VGII-U,2021-03-23,2022-06-16,,False,2022,True,0,3168
GBBKU,GBBKU,2022-05-10,2022-06-15,,False,2022,True,0,3169
OACB,OACB,2020-11-09,2022-06-15,,False,2022,True,0,3170
OACB-U,OACB-U,2020-09-17,2022-06-15,,False,2022,True,0,3171
OACB-WS,OACB-WS,2020-11-09,2022-06-15,,False,2022,True,0,3172
TCAC,TCAC,2021-04-06,2022-06-14,,False,2022,True,0,3173
TCACU,TCACU,2021-02-12,2022-06-14,,False,2022,True,0,3174
STRDW,STRDW,2022-06-06,2022-06-13,,False,2022,True,0,3175
IMRNW,IMRNW,2017-06-09,2022-06-10,,False,2022,True,0,3176
GLAQ,GLAQ,2021-02-05,2022-06-09,,False,2022,True,0,3177
GLAQU,GLAQU,2020-12-11,2022-06-09,,False,2022,True,0,3178
GLAQW,GLAQW,2021-02-05,2022-06-09,,False,2022,True,0,3179
TACA,TACA,2021-01-22,2022-06-09,,False,2022,True,0,3180
TACA-U,TACA-U,2020-12-02,2022-06-09,,False,2022,True,0,3181
TACA-WS,TACA-WS,2021-01-22,2022-06-09,,False,2022,True,0,3182
CAS-U,CAS-U,2020-11-20,2022-06-07,,False,2022,True,0,3183
CAS-WS,CAS-WS,2021-01-15,2022-06-07,,False,2022,True,0,3184
TSCAP,TSCAP,2018-03-16,2022-06-01,,False,2022,True,0,3185
CMPI,CMPI,2020-08-07,2022-05-31,,False,2022,True,0,3186
MSPRV,MSPRV,2022-05-24,2022-05-31,,False,2022,True,0,3187
OCA,OCA,2021-01-12,2022-05-31,,False,2022,True,0,3188
OCA-U,OCA-U,2020-11-20,2022-05-31,,False,2022,True,0,3189
OCA-WS,OCA-WS,2021-01-12,2022-05-31,,False,2022,True,0,3190
APSG-U,APSG-U,2020-10-02,2022-05-27,,False,2022,True,0,3191
ALAC,ALAC,2018-11-21,2022-05-25,,False,2022,True,0,3192
CHPM,CHPM,2020-01-10,2022-05-25,,False,2022,True,0,3193
GNOG,GNOG,2019-06-06,2022-05-25,,False,2022,True,0,3194
HBP,HBP,2009-01-05,2022-05-25,,False,2022,True,0,3195
JCO,JCO,2017-03-29,2022-05-25,,False,2022,True,0,3196
SUNS,SUNS,2011-02-25,2022-05-25,,False,2022,True,0,3197
VWTR,VWTR,1991-03-21,2022-05-25,,False,2022,True,0,3198
ARTA,ARTA,2021-07-16,2022-05-24,,False,2022,True,0,3199
ATRS,ATRS,1996-10-03,2022-05-24,,False,2022,True,0,3200
IIN,IIN,1980-03-17,2022-05-24,,False,2022,True,0,3201
MACU,MACU,2020-12-11,2022-05-24,,False,2022,True,0,3202
LCAPU,LCAPU,2020-08-14,2022-05-23,,False,2022,True,0,3203
NCBS,NCBS,2022-05-10,2022-05-23,,False,2022,True,0,3204
MGP,MGP,2016-04-20,2022-05-19,,False,2022,True,0,3205
OTRA,OTRA,2020-12-21,2022-05-19,,False,2022,True,0,3206
OTRAU,OTRAU,2020-11-16,2022-05-19,,False,2022,True,0,3207
OTRAW,OTRAW,2020-12-16,2022-05-19,,False,2022,True,0,3208
IAUX,IAUX,2021-04-22,2022-05-18,,False,2022,True,0,3209
ARTAU,ARTAU,2021-05-14,2022-05-17,,False,2022,True,0,3210
ARTAW,ARTAW,2021-07-19,2022-05-17,,False,2022,True,0,3211
MANA,MANA,2022-05-16,2022-05-16,,False,2022,True,0,3212
BOWL-WS,BOWL-WS,2021-05-03,2022-05-13,,False,2022,True,0,3213
ESBK,ESBK,1993-03-04,2022-05-13,,False,2022,True,0,3214
HGH,HGH,2012-04-25,2022-05-13,,False,2022,True,0,3215
NDRAW,NDRAW,2017-06-28,2022-05-12,,False,2022,True,0,3216
SHIPZ,SHIPZ,2019-05-10,2022-05-11,,False,2022,True,0,3217
ZNTEU,ZNTEU,2020-11-16,2022-05-09,,False,2022,True,0,3218
ALACU,ALACU,2018-10-24,2022-05-05,,False,2022,True,0,3219
BRCC-WS,BRCC-WS,2021-04-26,2022-05-03,,False,2022,True,0,3220
ECOLW,ECOLW,2019-11-01,2022-05-02,,False,2022,True,0,3221
SVSVU,SVSVU,2020-11-24,2022-05-02,,False,2022,True,0,3222
DGLT,DGLT,2016-01-04,2022-04-29,,False,2022,True,0,3223
MACUU,MACUU,2020-10-27,2022-04-29,,False,2022,True,0,3224
MACUW,MACUW,2020-11-30,2022-04-29,,False,2022,True,0,3225
TUGCU,TUGCU,2021-04-29,2022-04-29,,False,2022,True,0,3226
WTRU,WTRU,2019-04-18,2022-04-29,,False,2022,True,0,3227
GWGHQ,GWGHQ,2014-09-25,2022-04-28,,False,2022,True,0,3228
ATSPT,ATSPT,2021-04-23,2022-04-27,,False,2022,True,0,3229
ATSPU,ATSPU,2021-03-11,2022-04-27,,False,2022,True,0,3230
ALACR,ALACR,2018-11-21,2022-04-26,,False,2022,True,0,3231
ALACW,ALACW,2018-11-21,2022-04-26,,False,2022,True,0,3232
VOLT,VOLT,1990-03-26,2022-04-25,,False,2022,True,0,3233
CHPMU,CHPMU,2019-11-22,2022-04-22,,False,2022,True,0,3234
CHPMW,CHPMW,2020-01-10,2022-04-22,,False,2022,True,0,3235
FOE,FOE,1987-11-05,2022-04-21,,False,2022,True,0,3236
GBLL,GBLL,2012-04-24,2022-04-14,,False,2022,True,0,3237
DISCB,DISCB,2005-11-10,2022-04-08,,False,2022,True,0,3238
MLTX,MLTX,2022-04-05,2022-04-08,,False,2022,True,0,3239
STXB,STXB,2018-05-04,2022-04-08,,False,2022,True,0,3240
WBDWV,WBDWV,2022-04-04,2022-04-08,,False,2022,True,0,3241
TLMD,TLMD,2020-01-28,2022-04-06,,False,2022,True,0,3242
TLMDW,TLMDW,2020-01-28,2022-04-06,,False,2022,True,0,3243
BPMP,BPMP,2017-10-26,2022-04-05,,False,2022,True,0,3244
LAB,LAB,2011-02-10,2022-04-05,,False,2022,True,0,3245
PBCT,PBCT,1990-03-26,2022-04-04,,False,2022,True,0,3246
PPGHU,PPGHU,2021-01-06,2022-04-04,,False,2022,True,0,3247
HNRA-U,HNRA-U,2022-02-11,2022-04-01,,False,2022,True,0,3248
VNE,VNE,2018-06-11,2022-04-01,,False,2022,True,0,3249
VRS,VRS,2016-07-19,2022-04-01,,False,2022,True,0,3250
DC,DC,2012-07-23,2022-03-31,,False,2022,True,0,3251
EMBCV,EMBCV,2022-03-22,2022-03-31,,False,2022,True,0,3252
GFED,GFED,1995-04-10,2022-03-31,,False,2022,True,0,3253
GMBT,GMBT,2021-03-15,2022-03-31,,False,2022,True,0,3254
GMBTU,GMBTU,2021-01-20,2022-03-31,,False,2022,True,0,3255
GMBTW,GMBTW,2021-03-15,2022-03-31,,False,2022,True,0,3256
LEVL,LEVL,2018-04-20,2022-03-31,,False,2022,True,0,3257
LEVLP,LEVLP,2020-08-18,2022-03-31,,False,2022,True,0,3258
APR,APR,2021-02-11,2022-03-29,,False,2022,True,0,3259
ESAB-W,ESAB-W,2022-03-29,2022-03-29,,False,2022,True,0,3260
GSKY,GSKY,2018-05-24,2022-03-29,,False,2022,True,0,3261
FMAC-U,FMAC-U,2020-10-06,2022-03-28,,False,2022,True,0,3262
RESN,RESN,2014-05-29,2022-03-28,,False,2022,True,0,3263
CONE,CONE,2013-01-18,2022-03-25,,False,2022,True,0,3264
TWNT-U,TWNT-U,2021-03-05,2022-03-25,,False,2022,True,0,3265
AXAC-U,AXAC-U,2022-02-16,2022-03-24,,False,2022,True,0,3266
OBAS,OBAS,1999-04-07,2022-03-23,,False,2022,True,0,3267
BDSI,BDSI,2002-07-25,2022-03-22,,False,2022,True,0,3268
WBK,WBK,1989-06-30,2022-03-22,,False,2022,True,0,3269
MOTV-U,MOTV-U,2020-12-14,2022-03-21,,False,2022,True,0,3270
FRTA,FRTA,2016-10-20,2022-03-18,,False,2022,True,0,3271
KRA,KRA,2009-12-17,2022-03-18,,False,2022,True,0,3272
BTNB,BTNB,2021-01-26,2022-03-17,,False,2022,True,0,3273
SPAQ-U,SPAQ-U,2021-02-09,2022-03-16,,False,2022,True,0,3274
SPAQ-WS,SPAQ-WS,2018-10-01,2022-03-16,,False,2022,True,0,3275
ARNA,ARNA,2000-07-28,2022-03-15,,False,2022,True,0,3276
BFRA,BFRA,2018-02-14,2022-03-15,,False,2022,True,0,3277
ZGNX,ZGNX,2010-11-23,2022-03-15,,False,2022,True,0,3278
AEPPL,AEPPL,2019-03-15,2022-03-14,,False,2022,True,0,3279
FMBI,FMBI,1990-03-26,2022-03-11,,False,2022,True,0,3280
BRBR-W,BRBR-W,2022-02-25,2022-03-10,,False,2022,True,0,3281
BBUC-W,BBUC-W,2022-03-04,2022-03-09,,False,2022,True,0,3282
POST-W,POST-W,2022-02-25,2022-03-08,,False,2022,True,0,3283
PSXP,PSXP,2013-07-23,2022-03-08,,False,2022,True,0,3284
SCVX-U,SCVX-U,2020-03-16,2022-03-08,,False,2022,True,0,3285
TACO,TACO,2014-01-08,2022-03-08,,False,2022,True,0,3286
BBU-W,BBU-W,2022-03-04,2022-03-07,,False,2022,True,0,3287
HCCCU,HCCCU,2021-01-15,2022-03-07,,False,2022,True,0,3288
NVTSW,NVTSW,2021-01-25,2022-03-07,,False,2022,True,0,3289
FTSI,FTSI,2018-02-02,2022-03-04,,False,2022,True,0,3290
NUAN,NUAN,1995-12-11,2022-03-04,,False,2022,True,0,3291
CPLG,CPLG,2018-05-31,2022-03-03,,False,2022,True,0,3292
BTAQ,BTAQ,2020-10-08,2022-03-01,,False,2022,True,0,3293
BTAQU,BTAQU,2020-08-27,2022-03-01,,False,2022,True,0,3294
BTAQW,BTAQW,2020-10-08,2022-03-01,,False,2022,True,0,3295
SNII-U,SNII-U,2021-03-02,2022-03-01,,False,2022,True,0,3296
STFC,STFC,1991-06-28,2022-03-01,,False,2022,True,0,3297
CYXTW,CYXTW,2020-11-05,2022-02-28,,False,2022,True,0,3298
EBSB,EBSB,2008-01-23,2022-02-28,,False,2022,True,0,3299
LORL,LORL,2005-07-27,2022-02-28,,False,2022,True,0,3300
PAE,PAE,2018-10-31,2022-02-28,,False,2022,True,0,3301
RKLBW,RKLBW,2020-12-04,2022-02-28,,False,2022,True,0,3302
TBIO,TBIO,2018-06-28,2022-02-28,,False,2022,True,0,3303
ZIMVV,ZIMVV,2022-02-16,2022-02-28,,False,2022,True,0,3304
RRD,RRD,1985-07-01,2022-02-25,,False,2022,True,0,3305
HBMD,HBMD,2007-10-09,2022-02-24,,False,2022,True,0,3306
DSKEW,DSKEW,2015-09-14,2022-02-23,,False,2022,True,0,3307
NES,NES,2007-11-20,2022-02-23,,False,2022,True,0,3308
VCRA,VCRA,2012-03-28,2022-02-23,,False,2022,True,0,3309
CSLT,CSLT,2014-03-14,2022-02-17,,False,2022,True,0,3310
SGLBW,SGLBW,2017-02-15,2022-02-17,,False,2022,True,0,3311
FTF-R,FTF-R,2022-02-14,2022-02-16,,False,2022,True,0,3312
OTLKW,OTLKW,2016-06-20,2022-02-16,,False,2022,True,0,3313
VIACP,VIACP,2021-03-24,2022-02-16,,False,2022,True,0,3314
IHC,IHC,1990-03-26,2022-02-15,,False,2022,True,0,3315
PAEWW,PAEWW,2018-11-05,2022-02-15,,False,2022,True,0,3316
LFT-R,LFT-R,2022-01-19,2022-02-14,,False,2022,True,0,3317
ROCR,ROCR,2021-03-31,2022-02-14,,False,2022,True,0,3318
ROCRU,ROCRU,2021-03-03,2022-02-14,,False,2022,True,0,3319
XLNX,XLNX,1990-06-18,2022-02-14,,False,2022,True,0,3320
ECCY,ECCY,2017-08-09,2022-02-11,,False,2022,True,0,3321
NXU-U,NXU-U,2021-02-04,2022-02-11,,False,2022,True,0,3322
TVACU,TVACU,2020-12-11,2022-02-11,,False,2022,True,0,3323
GCAC,GCAC,2021-03-25,2022-02-10,,False,2022,True,0,3324
GCACU,GCACU,2021-01-29,2022-02-10,,False,2022,True,0,3325
CCAC,CCAC,2020-04-23,2022-02-09,,False,2022,True,0,3326
SBEAU,SBEAU,2021-02-26,2022-02-09,,False,2022,True,0,3327
CCAC-U,CCAC-U,2020-02-11,2022-02-08,,False,2022,True,0,3328
KL,KL,2016-12-06,2022-02-08,,False,2022,True,0,3329
VMAC,VMAC,2020-08-21,2022-02-08,,False,2022,True,0,3330
ENNVU,ENNVU,2021-02-09,2022-02-04,,False,2022,True,0,3331
DO,DO,1995-10-11,2022-02-03,,False,2022,True,0,3332
GSS,GSS,2001-09-26,2022-02-03,,False,2022,True,0,3333
IVAN-U,IVAN-U,2021-01-07,2022-02-03,,False,2022,True,0,3334
VMACU,VMACU,2020-08-07,2022-02-03,,False,2022,True,0,3335
ENVIU,ENVIU,2021-01-14,2022-02-02,,False,2022,True,0,3336
GRNA,GRNA,2021-03-08,2022-02-02,,False,2022,True,0,3337
GWB,GWB,2014-10-15,2022-02-02,,False,2022,True,0,3338
CEGVV,CEGVV,2022-01-19,2022-02-01,,False,2022,True,0,3339
EXCVV,EXCVV,2022-01-19,2022-02-01,,False,2022,True,0,3340
OMP,OMP,2017-09-21,2022-02-01,,False,2022,True,0,3341
CDY,CDY,2016-01-04,2022-01-31,,False,2022,True,0,3342
GTS,GTS,2007-12-07,2022-01-31,,False,2022,True,0,3343
RDS-A,RDS-A,2005-07-21,2022-01-31,,False,2022,True,0,3344
SHEL-W,SHEL-W,2022-01-31,2022-01-31,,False,2022,True,0,3345
STL,STL,1999-01-08,2022-01-31,,False,2022,True,0,3346
BBL,BBL,2003-06-25,2022-01-28,,False,2022,True,0,3347
PAVMW,PAVMW,2016-08-01,2022-01-28,,False,2022,True,0,3348
RDS-B,RDS-B,1987-12-30,2022-01-28,,False,2022,True,0,3349
SC,SC,2014-01-23,2022-01-28,,False,2022,True,0,3350
CETXW,CETXW,2017-02-17,2022-01-27,,False,2022,True,0,3351
SEAH,SEAH,2020-11-23,2022-01-27,,False,2022,True,0,3352
SEAH-U,SEAH-U,2020-10-02,2022-01-27,,False,2022,True,0,3353
TREB-U,TREB-U,2020-06-17,2022-01-27,,False,2022,True,0,3354
NFH,NFH,2018-07-27,2022-01-26,,False,2022,True,0,3355
NFH-WS,NFH-WS,2019-12-20,2022-01-26,,False,2022,True,0,3356
CFFVU,CFFVU,2021-01-29,2022-01-25,,False,2022,True,0,3357
LICY-WS,LICY-WS,2021-08-11,2022-01-25,,False,2022,True,0,3358
YSAC-U,YSAC-U,2022-01-04,2022-01-25,,False,2022,True,0,3359
CSPR,CSPR,2020-02-06,2022-01-24,,False,2022,True,0,3360
HMG,HMG,1995-08-18,2022-01-24,,False,2022,True,0,3361
NVACU,NVACU,2021-12-20,2022-01-21,,False,2022,True,0,3362
MRLN,MRLN,2003-11-12,2022-01-20,,False,2022,True,0,3363
XPDIU,XPDIU,2021-02-10,2022-01-19,,False,2022,True,0,3364
GMIIU,GMIIU,2021-01-20,2022-01-18,,False,2022,True,0,3365
IGOI,IGOI,2000-06-30,2022-01-18,,False,2022,True,0,3366
KOR,KOR,2016-01-04,2022-01-18,,False,2022,True,0,3367
PDLI,PDLI,1992-01-29,2022-01-18,,False,2022,True,0,3368
SPE-R,SPE-R,2016-08-04,2022-01-18,,False,2022,True,0,3369
BSA,BSA,2018-03-26,2022-01-14,,False,2022,True,0,3370
MTTRW,MTTRW,2021-02-02,2022-01-14,,False,2022,True,0,3371
CPSR-U,CPSR-U,2020-07-02,2022-01-13,,False,2022,True,0,3372
DCRN,DCRN,2021-04-01,2022-01-13,,False,2022,True,0,3373
DCRNU,DCRNU,2021-02-04,2022-01-13,,False,2022,True,0,3374
ROVRW,ROVRW,2021-02-04,2022-01-12,,False,2022,True,0,3375
TGP,TGP,2005-05-05,2022-01-12,,False,2022,True,0,3376
CDOR,CDOR,2001-01-02,2022-01-10,,False,2022,True,0,3377
SEVN,SEVN,2021-12-23,2022-01-10,,False,2022,True,0,3378
ENVXW,ENVXW,2021-01-05,2022-01-07,,False,2022,True,0,3379
FTNW,FTNW,2016-05-26,2022-01-07,,False,2022,True,0,3380
FXCOU,FXCOU,2021-12-10,2022-01-07,,False,2022,True,0,3381
FCCY,FCCY,1999-03-15,2022-01-06,,False,2022,True,0,3382
JWACU,JWACU,2021-12-07,2022-01-06,,False,2022,True,0,3383
AZ,AZ,2022-01-05,2022-01-05,,False,2022,True,0,3384
VPCC-U,VPCC-U,2021-03-05,2022-01-05,,False,2022,True,0,3385
MGLN,MGLN,2004-02-25,2022-01-04,,False,2022,True,0,3386
YSACU,YSACU,2020-10-22,2022-01-04,,False,2022,True,0,3387
CIT,CIT,2009-12-10,2022-01-03,,False,2022,True,0,3388
ATH,ATH,2016-12-09,2021-12-31,,False,2021,True,0,3389
BMTC,BMTC,1985-08-08,2021-12-31,,False,2021,True,0,3390
EVA,EVA,2015-04-29,2021-12-31,,False,2021,True,0,3391
GDP,GDP,2016-12-08,2021-12-31,,False,2021,True,0,3392
RBNC,RBNC,2018-01-02,2021-12-31,,False,2021,True,0,3393
ATHN-U,ATHN-U,2021-03-17,2021-12-30,,False,2021,True,0,3394
BTRSW,BTRSW,2019-07-29,2021-12-30,,False,2021,True,0,3395
ASLEW,ASLEW,2019-02-28,2021-12-29,,False,2021,True,0,3396
NGCA,NGCA,2021-05-19,2021-12-29,,False,2021,True,0,3397
NGCAU,NGCAU,2021-03-23,2021-12-29,,False,2021,True,0,3398
PBC,PBC,2018-12-12,2021-12-29,,False,2021,True,0,3399
CCCS-WS,CCCS-WS,2020-10-05,2021-12-28,,False,2021,True,0,3400
COR,COR,2010-09-23,2021-12-28,,False,2021,True,0,3401
DRNA,DRNA,2014-01-30,2021-12-28,,False,2021,True,0,3402
ASTRW,ASTRW,2020-10-05,2021-12-27,,False,2021,True,0,3403
DBDRU,DBDRU,2020-11-05,2021-12-27,,False,2021,True,0,3404
PUK-P,PUK-P,2016-01-04,2021-12-27,,False,2021,True,0,3405
ADSE,ADSE,2021-03-10,2021-12-23,,False,2021,True,0,3406
ATMR-U,ATMR-U,2021-02-05,2021-12-23,,False,2021,True,0,3407
INSEW,INSEW,2016-12-28,2021-12-23,,False,2021,True,0,3408
ZIXI,ZIXI,1989-11-10,2021-12-23,,False,2021,True,0,3409
DVD,DVD,1996-10-04,2021-12-22,,False,2021,True,0,3410
EUSGU,EUSGU,2021-01-22,2021-12-22,,False,2021,True,0,3411
HLMNW,HLMNW,2020-11-27,2021-12-22,,False,2021,True,0,3412
LMMKP,LMMKP,2018-04-20,2021-12-22,,False,2021,True,0,3413
LMRK,LMRK,2014-11-14,2021-12-22,,False,2021,True,0,3414
LMRKO,LMRKO,2016-08-04,2021-12-22,,False,2021,True,0,3415
LMRKP,LMRKP,2016-04-01,2021-12-22,,False,2021,True,0,3416
MACQ,MACQ,2021-04-20,2021-12-22,,False,2021,True,0,3417
MACQU,MACQU,2021-02-26,2021-12-22,,False,2021,True,0,3418
MEUSW,MEUSW,2020-11-23,2021-12-22,,False,2021,True,0,3419
FCRW,FCRW,2018-10-09,2021-12-21,,False,2021,True,0,3420
NEEPK,NEEPK,2016-06-09,2021-12-21,,False,2021,True,0,3421
PHIOW,PHIOW,2016-12-21,2021-12-21,,False,2021,True,0,3422
CMLT,CMLT,2021-06-03,2021-12-17,,False,2021,True,0,3423
CMLTU,CMLTU,2021-04-07,2021-12-17,,False,2021,True,0,3424
IIAC,IIAC,2021-01-11,2021-12-17,,False,2021,True,0,3425
IIAC-U,IIAC-U,2020-11-19,2021-12-17,,False,2021,True,0,3426
IIAC-WS,IIAC-WS,2021-01-11,2021-12-17,,False,2021,True,0,3427
NYMTP,NYMTP,2013-06-04,2021-12-17,,False,2021,True,0,3428
BBAI,BBAI,2021-04-05,2021-12-16,,False,2021,True,0,3429
BBAI-WS,BBAI-WS,2021-04-01,2021-12-16,,False,2021,True,0,3430
ITMR,ITMR,2019-03-07,2021-12-16,,False,2021,True,0,3431
SOLY,SOLY,2019-02-19,2021-12-16,,False,2021,True,0,3432
WHFBZ,WHFBZ,2018-11-30,2021-12-16,,False,2021,True,0,3433
BSN-U,BSN-U,2020-09-11,2021-12-15,,False,2021,True,0,3434
DTY,DTY,2016-12-08,2021-12-15,,False,2021,True,0,3435
EVTL,EVTL,2020-11-02,2021-12-15,,False,2021,True,0,3436
ISOS-U,ISOS-U,2021-03-03,2021-12-15,,False,2021,True,0,3437
SNGXW,SNGXW,2016-12-13,2021-12-15,,False,2021,True,0,3438
IPLDP,IPLDP,2018-12-31,2021-12-14,,False,2021,True,0,3439
JMPNZ,JMPNZ,2019-09-27,2021-12-14,,False,2021,True,0,3440
KSU-P,KSU-P,2014-09-22,2021-12-14,,False,2021,True,0,3441
MEME,MEME,2008-10-06,2021-12-14,,False,2021,True,0,3442
YAC-U,YAC-U,2020-08-04,2021-12-14,,False,2021,True,0,3443
HRC,HRC,1987-03-02,2021-12-13,,False,2021,True,0,3444
KSU,KSU,1987-11-05,2021-12-13,,False,2021,True,0,3445
AMPS-WS,AMPS-WS,2021-12-10,2021-12-10,,False,2021,True,0,3446
ESXB,ESXB,2006-09-06,2021-12-10,,False,2021,True,0,3447
ICBK,ICBK,2015-01-16,2021-12-10,,False,2021,True,0,3448
CBAH-U,CBAH-U,2020-12-11,2021-12-09,,False,2021,True,0,3449
SHIPW,SHIPW,2016-12-08,2021-12-09,,False,2021,True,0,3450
DCRCU,DCRCU,2021-03-24,2021-12-08,,False,2021,True,0,3451
DGNS,DGNS,2020-11-16,2021-12-08,,False,2021,True,0,3452
PPD,PPD,2020-02-06,2021-12-08,,False,2021,True,0,3453
SVOKU,SVOKU,2020-12-18,2021-12-08,,False,2021,True,0,3454
CXP,CXP,2013-10-10,2021-12-07,,False,2021,True,0,3455
DMYQ-U,DMYQ-U,2021-03-05,2021-12-07,,False,2021,True,0,3456
GIGGU,GIGGU,2021-02-09,2021-12-07,,False,2021,True,0,3457
MCF,MCF,1994-04-04,2021-12-07,,False,2021,True,0,3458
SOFIW,SOFIW,2021-01-04,2021-12-06,,False,2021,True,0,3459
ENFAU,ENFAU,2021-01-12,2021-12-03,,False,2021,True,0,3460
FOREU,FOREU,2021-02-10,2021-12-03,,False,2021,True,0,3461
THMAU,THMAU,2021-02-02,2021-12-03,,False,2021,True,0,3462
ADF-U,ADF-U,2021-04-09,2021-12-02,,False,2021,True,0,3463
DSPG,DSPG,1994-02-14,2021-12-02,,False,2021,True,0,3464
ENBL,ENBL,2014-04-11,2021-12-02,,False,2021,True,0,3465
AGCUU,AGCUU,2020-10-01,2021-12-01,,False,2021,True,0,3466
DMAQU,DMAQU,2021-10-27,2021-12-01,,False,2021,True,0,3467
IACB,IACB,2021-04-05,2021-12-01,,False,2021,True,0,3468
CVA,CVA,1992-03-17,2021-11-30,,False,2021,True,0,3469
DDMX,DDMX,2021-01-27,2021-11-30,,False,2021,True,0,3470
DDMXU,DDMXU,2020-12-08,2021-11-30,,False,2021,True,0,3471
IACB-U,IACB-U,2021-02-11,2021-11-30,,False,2021,True,0,3472
RAVN,RAVN,1980-03-17,2021-11-30,,False,2021,True,0,3473
RIVE,RIVE,2009-09-04,2021-11-30,,False,2021,True,0,3474
UFS,UFS,2001-01-02,2021-11-30,,False,2021,True,0,3475
ADMS,ADMS,2014-04-10,2021-11-24,,False,2021,True,0,3476
INOV,INOV,2015-02-12,2021-11-24,,False,2021,True,0,3477
SANG,SANG,2007-07-13,2021-11-24,,False,2021,True,0,3478
XOG,XOG,2021-01-21,2021-11-24,,False,2021,True,0,3479
XONE,XONE,2013-02-07,2021-11-24,,False,2021,True,0,3480
AMTBB,AMTBB,2018-08-29,2021-11-22,,False,2021,True,0,3481
BPY,BPY,2013-03-22,2021-11-22,,False,2021,True,0,3482
CAI,CAI,2015-08-14,2021-11-22,,False,2021,True,0,3483
CAIIP,CAIIP,2018-08-07,2021-11-22,,False,2021,True,0,3484
DVCR,DVCR,1999-11-16,2021-11-22,,False,2021,True,0,3485
MSON,MSON,1993-03-25,2021-11-22,,False,2021,True,0,3486
OFSSI,OFSSI,2019-10-16,2021-11-22,,False,2021,True,0,3487
SCR,SCR,2021-11-18,2021-11-22,,False,2021,True,0,3488
SGAM,SGAM,2021-11-22,2021-11-22,,False,2021,True,0,3489
SVBI,SVBI,2001-01-02,2021-11-22,,False,2021,True,0,3490
VOSO,VOSO,2021-03-16,2021-11-22,,False,2021,True,0,3491
XLRN,XLRN,2013-09-19,2021-11-22,,False,2021,True,0,3492
LIII-U,LIII-U,2021-02-26,2021-11-19,,False,2021,True,0,3493
ZGYH,ZGYH,2020-04-20,2021-11-19,,False,2021,True,0,3494
ZGYHR,ZGYHR,2020-05-13,2021-11-19,,False,2021,True,0,3495
ZGYHU,ZGYHU,2020-02-13,2021-11-19,,False,2021,True,0,3496
ZGYHW,ZGYHW,2020-05-13,2021-11-19,,False,2021,True,0,3497
TRIL,TRIL,2005-03-23,2021-11-18,,False,2021,True,0,3498
VOSOU,VOSOU,2021-01-22,2021-11-18,,False,2021,True,0,3499
MOTNU,MOTNU,2020-10-15,2021-11-17,,False,2021,True,0,3500
WALA,WALA,2016-06-21,2021-11-16,,False,2021,True,0,3501
JMP,JMP,2007-05-11,2021-11-15,,False,2021,True,0,3502
CNBKA,CNBKA,1990-03-27,2021-11-12,,False,2021,True,0,3503
DFPHU,DFPHU,2020-03-11,2021-11-12,,False,2021,True,0,3504
ONL-W,ONL-W,2021-11-01,2021-11-12,,False,2021,True,0,3505
PNNTG,PNNTG,2019-09-30,2021-11-12,,False,2021,True,0,3506
JBI-WS,JBI-WS,2019-12-20,2021-11-11,,False,2021,True,0,3507
EMBKW,EMBKW,2021-03-05,2021-11-10,,False,2021,True,0,3508
NGAB-U,NGAB-U,2021-01-13,2021-11-10,,False,2021,True,0,3509
RCF-U,RCF-U,2021-11-10,2021-11-10,,False,2021,True,0,3510
KDMN,KDMN,2016-07-27,2021-11-09,,False,2021,True,0,3511
ADS-W,ADS-W,2021-11-05,2021-11-05,,False,2021,True,0,3512
ADSW,ADSW,2016-10-06,2021-11-05,,False,2021,True,0,3513
LYLTV,LYLTV,2021-11-02,2021-11-05,,False,2021,True,0,3514
MOTN,MOTN,2020-12-17,2021-11-05,,False,2021,True,0,3515
QADA,QADA,2010-12-16,2021-11-05,,False,2021,True,0,3516
QADB,QADB,1997-08-06,2021-11-05,,False,2021,True,0,3517
SWBK-U,SWBK-U,2021-01-08,2021-11-04,,False,2021,True,0,3518
TSVTV,TSVTV,2021-11-03,2021-11-04,,False,2021,True,0,3519
TWNKW,TWNKW,2015-11-25,2021-11-04,,False,2021,True,0,3520
KD-W,KD-W,2021-10-22,2021-11-03,,False,2021,True,0,3521
LTRY,LTRY,2021-10-29,2021-11-03,,False,2021,True,0,3522
RTPYU,RTPYU,2021-03-16,2021-11-03,,False,2021,True,0,3523
SKINW,SKINW,2020-11-30,2021-11-03,,False,2021,True,0,3524
CDLA,CDLA,2017-10-02,2021-11-02,,False,2021,True,0,3525
GTAT,GTAT,2008-07-25,2021-11-02,,False,2021,True,0,3526
IBM-W,IBM-W,2021-10-26,2021-11-02,,False,2021,True,0,3527
BNIXU,BNIXU,2021-09-10,2021-11-01,,False,2021,True,0,3528
CLDB,CLDB,2001-01-02,2021-11-01,,False,2021,True,0,3529
FDUSG,FDUSG,2019-10-17,2021-11-01,,False,2021,True,0,3530
FDUSZ,FDUSZ,2019-02-11,2021-11-01,,False,2021,True,0,3531
VEI,VEI,2021-03-18,2021-11-01,,False,2021,True,0,3532
VMW-W,VMW-W,2021-10-28,2021-11-01,,False,2021,True,0,3533
BPOPN,BPOPN,2004-05-05,2021-10-29,,False,2021,True,0,3534
GLADL,GLADL,2019-10-15,2021-10-29,,False,2021,True,0,3535
MDLA,MDLA,2019-07-19,2021-10-29,,False,2021,True,0,3536
OFSSG,OFSSG,2020-09-21,2021-10-29,,False,2021,True,0,3537
PTRAW,PTRAW,2020-11-24,2021-10-29,,False,2021,True,0,3538
TDACU,TDACU,2018-05-30,2021-10-29,,False,2021,True,0,3539
VER,VER,2015-07-31,2021-10-29,,False,2021,True,0,3540
APOP,APOP,2021-10-28,2021-10-28,,False,2021,True,0,3541
MCADR,MCADR,2021-03-24,2021-10-28,,False,2021,True,0,3542
MCADU,MCADU,2021-01-08,2021-10-28,,False,2021,True,0,3543
TMTS,TMTS,2020-11-02,2021-10-28,,False,2021,True,0,3544
TMTSU,TMTSU,2020-10-15,2021-10-28,,False,2021,True,0,3545
TMTSW,TMTSW,2020-11-04,2021-10-28,,False,2021,True,0,3546
GGO,GGO,2016-11-02,2021-10-25,,False,2021,True,0,3547
BCYPU,BCYPU,2021-01-12,2021-10-22,,False,2021,True,0,3548
RPAI,RPAI,2012-04-09,2021-10-22,,False,2021,True,0,3549
SGAMU,SGAMU,2020-11-30,2021-10-22,,False,2021,True,0,3550
GETVV,GETVV,2021-10-18,2021-10-21,,False,2021,True,0,3551
ITCB-R,ITCB-R,2021-10-08,2021-10-21,,False,2021,True,0,3552
KURI,KURI,2021-04-01,2021-10-21,,False,2021,True,0,3553
KURIU,KURIU,2021-02-05,2021-10-21,,False,2021,True,0,3554
KURIW,KURIW,2021-04-05,2021-10-21,,False,2021,True,0,3555
RILYI,RILYI,2018-09-12,2021-10-21,,False,2021,True,0,3556
SIC,SIC,2018-08-16,2021-10-21,,False,2021,True,0,3557
BOWXU,BOWXU,2020-08-05,2021-10-20,,False,2021,True,0,3558
GSAH,GSAH,2021-10-19,2021-10-20,,False,2021,True,0,3559
GSAH-U,GSAH-U,2018-06-08,2021-10-20,,False,2021,True,0,3560
FBRT,FBRT,2021-03-24,2021-10-19,,False,2021,True,0,3561
LEGO,LEGO,2021-03-04,2021-10-19,,False,2021,True,0,3562
LEGOU,LEGOU,2021-01-20,2021-10-19,,False,2021,True,0,3563
LEGOW,LEGOW,2021-03-04,2021-10-19,,False,2021,True,0,3564
LOKB-U,LOKB-U,2020-12-03,2021-10-19,,False,2021,True,0,3565
CMO,CMO,1987-11-05,2021-10-18,,False,2021,True,0,3566
HZAC-U,HZAC-U,2020-12-30,2021-10-18,,False,2021,True,0,3567
NNA,NNA,2008-07-07,2021-10-18,,False,2021,True,0,3568
OZ,OZ,2021-10-18,2021-10-18,,False,2021,True,0,3569
PMBC,PMBC,2000-01-26,2021-10-18,,False,2021,True,0,3570
SLCT,SLCT,2003-12-16,2021-10-18,,False,2021,True,0,3571
CSOD,CSOD,2011-03-17,2021-10-15,,False,2021,True,0,3572
HBANN,HBANN,2016-08-19,2021-10-15,,False,2021,True,0,3573
LFG-WS,LFG-WS,2021-09-16,2021-10-15,,False,2021,True,0,3574
MRAC,MRAC,2021-02-04,2021-10-15,,False,2021,True,0,3575
MRACU,MRACU,2020-12-15,2021-10-15,,False,2021,True,0,3576
SOJB,SOJB,2016-09-20,2021-10-15,,False,2021,True,0,3577
VIHAU,VIHAU,2020-09-23,2021-10-15,,False,2021,True,0,3578
GPX,GPX,1992-03-17,2021-10-14,,False,2021,True,0,3579
TDA,TDA,2012-12-04,2021-10-13,,False,2021,True,0,3580
LCIDW,LCIDW,2020-09-18,2021-10-12,,False,2021,True,0,3581
CLDR,CLDR,2017-04-28,2021-10-11,,False,2021,True,0,3582
CCSI,CCSI,2021-10-08,2021-10-08,,False,2021,True,0,3583
ITACW,ITACW,2020-10-30,2021-10-08,,False,2021,True,0,3584
STWO,STWO,2020-11-30,2021-10-08,,False,2021,True,0,3585
STWOU,STWOU,2020-09-17,2021-10-08,,False,2021,True,0,3586
CCSIV,CCSIV,2021-09-30,2021-10-07,,False,2021,True,0,3587
ITAC,ITAC,2020-10-30,2021-10-07,,False,2021,True,0,3588
ITACU,ITACU,2020-09-09,2021-10-07,,False,2021,True,0,3589
ZDVSV,ZDVSV,2021-10-01,2021-10-07,,False,2021,True,0,3590
DUKH,DUKH,2013-01-16,2021-10-06,,False,2021,True,0,3591
GPR,GPR,2013-08-21,2021-10-05,,False,2021,True,0,3592
IEC,IEC,1993-02-12,2021-10-05,,False,2021,True,0,3593
SBBP,SBBP,2015-10-16,2021-10-05,,False,2021,True,0,3594
STMP,STMP,1999-06-25,2021-10-05,,False,2021,True,0,3595
GIPRU,GIPRU,2021-09-03,2021-10-04,,False,2021,True,0,3596
KCAC,KCAC,2021-04-19,2021-10-04,,False,2021,True,0,3597
LDL,LDL,1990-01-12,2021-10-04,,False,2021,True,0,3598
RBC-W,RBC-W,2021-09-28,2021-10-04,,False,2021,True,0,3599
RXN-W,RXN-W,2021-09-30,2021-10-04,,False,2021,True,0,3600
XEC,XEC,2002-09-25,2021-10-04,,False,2021,True,0,3601
ASRVP,ASRVP,2021-06-01,2021-10-01,,False,2021,True,0,3602
INBKL,INBKL,2016-10-12,2021-10-01,,False,2021,True,0,3603
ALTA,ALTA,2015-06-11,2021-09-30,,False,2021,True,0,3604
BOCH,BOCH,1999-11-03,2021-09-30,,False,2021,True,0,3605
CTAC,CTAC,2020-12-11,2021-09-30,,False,2021,True,0,3606
CTAC-U,CTAC-U,2020-10-22,2021-09-30,,False,2021,True,0,3607
CTAC-WS,CTAC-WS,2020-12-14,2021-09-30,,False,2021,True,0,3608
DMYI-U,DMYI-U,2020-11-13,2021-09-30,,False,2021,True,0,3609
JAX,JAX,2015-09-29,2021-09-30,,False,2021,True,0,3610
MAAC,MAAC,2020-12-08,2021-09-30,,False,2021,True,0,3611
MAACU,MAACU,2020-10-07,2021-09-30,,False,2021,True,0,3612
MAACW,MAACW,2020-12-09,2021-09-30,,False,2021,True,0,3613
PAYAW,PAYAW,2020-10-19,2021-09-30,,False,2021,True,0,3614
SLVM-W,SLVM-W,2021-09-23,2021-09-30,,False,2021,True,0,3615
SPFR,SPFR,2021-01-25,2021-09-30,,False,2021,True,0,3616
TRMT,TRMT,2017-09-14,2021-09-30,,False,2021,True,0,3617
VLN,VLN,2020-09-23,2021-09-30,,False,2021,True,0,3618
GLEO-U,GLEO-U,2019-10-18,2021-09-29,,False,2021,True,0,3619
LATN,LATN,2019-12-09,2021-09-29,,False,2021,True,0,3620
LATNU,LATNU,2019-10-18,2021-09-29,,False,2021,True,0,3621
LATNW,LATNW,2019-12-09,2021-09-29,,False,2021,True,0,3622
PTK-U,PTK-U,2020-07-13,2021-09-29,,False,2021,True,0,3623
SPFR-U,SPFR-U,2020-12-03,2021-09-29,,False,2021,True,0,3624
STPC,STPC,2021-02-26,2021-09-29,,False,2021,True,0,3625
STPC-U,STPC-U,2021-01-06,2021-09-29,,False,2021,True,0,3626
CAHC,CAHC,2021-03-19,2021-09-28,,False,2021,True,0,3627
CAHCU,CAHCU,2021-01-27,2021-09-28,,False,2021,True,0,3628
TLC,TLC,2018-11-21,2021-09-28,,False,2021,True,0,3629
AMHC,AMHC,2020-01-10,2021-09-24,,False,2021,True,0,3630
AMHCU,AMHCU,2019-11-20,2021-09-24,,False,2021,True,0,3631
PFBI,PFBI,1996-05-17,2021-09-24,,False,2021,True,0,3632
ROT,ROT,2021-03-08,2021-09-24,,False,2021,True,0,3633
ROT-U,ROT-U,2021-01-15,2021-09-24,,False,2021,True,0,3634
SOGO,SOGO,2017-11-09,2021-09-23,,False,2021,True,0,3635
FUSE-U,FUSE-U,2020-06-26,2021-09-22,,False,2021,True,0,3636
SNR,SNR,2014-10-27,2021-09-21,,False,2021,True,0,3637
PACE-U,PACE-U,2020-10-07,2021-09-20,,False,2021,True,0,3638
DEH-U,DEH-U,2020-07-15,2021-09-17,,False,2021,True,0,3639
JXN-W,JXN-W,2021-09-01,2021-09-17,,False,2021,True,0,3640
PROS,PROS,2019-07-25,2021-09-17,,False,2021,True,0,3641
PUK-W,PUK-W,2021-09-01,2021-09-17,,False,2021,True,0,3642
STEM-WS,STEM-WS,2020-10-08,2021-09-17,,False,2021,True,0,3643
TAT,TAT,2007-04-09,2021-09-17,,False,2021,True,0,3644
SPRT,SPRT,2000-07-19,2021-09-16,,False,2021,True,0,3645
SRNGU,SRNGU,2021-02-24,2021-09-16,,False,2021,True,0,3646
AMRB,AMRB,1999-01-04,2021-09-15,,False,2021,True,0,3647
CHMA,CHMA,2015-07-16,2021-09-15,,False,2021,True,0,3648
GRSV,GRSV,2020-09-29,2021-09-15,,False,2021,True,0,3649
MMAC,MMAC,1996-08-30,2021-09-15,,False,2021,True,0,3650
RICE-U,RICE-U,2020-10-22,2021-09-15,,False,2021,True,0,3651
UUUU-WS,UUUU-WS,2017-01-10,2021-09-15,,False,2021,True,0,3652
AEB,AEB,2005-11-23,2021-09-14,,False,2021,True,0,3653
QELL,QELL,2020-11-23,2021-09-14,,False,2021,True,0,3654
QELLU,QELLU,2020-09-30,2021-09-14,,False,2021,True,0,3655
QELLW,QELLW,2020-11-23,2021-09-14,,False,2021,True,0,3656
DNK,DNK,2020-01-17,2021-09-13,,False,2021,True,0,3657
JMPNL,JMPNL,2017-11-30,2021-09-10,,False,2021,True,0,3658
OSN,OSN,2010-12-21,2021-09-10,,False,2021,True,0,3659
BLUW,BLUW,2021-02-09,2021-09-09,,False,2021,True,0,3660
BLUWU,BLUWU,2020-12-15,2021-09-09,,False,2021,True,0,3661
EVLVU,EVLVU,2020-07-31,2021-09-09,,False,2021,True,0,3662
NWHM,NWHM,2014-01-31,2021-09-09,,False,2021,True,0,3663
SFTW-U,SFTW-U,2019-11-01,2021-09-09,,False,2021,True,0,3664
SOAC,SOAC,2020-06-26,2021-09-09,,False,2021,True,0,3665
SOAC-U,SOAC-U,2020-05-06,2021-09-09,,False,2021,True,0,3666
THTI,THTI,2009-12-16,2021-09-08,,False,2021,True,0,3667
RILYH,RILYH,2018-05-18,2021-09-07,,False,2021,True,0,3668
CENH,CENH,2021-04-01,2021-09-03,,False,2021,True,0,3669
CENHU,CENHU,2021-02-04,2021-09-03,,False,2021,True,0,3670
MFNC,MFNC,2000-03-17,2021-09-03,,False,2021,True,0,3671
CHAQ-U,CHAQ-U,2020-04-24,2021-09-02,,False,2021,True,0,3672
GNPK,GNPK,2021-01-14,2021-09-02,,False,2021,True,0,3673
GNPK-U,GNPK-U,2020-11-24,2021-09-02,,False,2021,True,0,3674
GNPK-WS,GNPK-WS,2021-01-14,2021-09-02,,False,2021,True,0,3675
CORE,CORE,2005-04-13,2021-09-01,,False,2021,True,0,3676
MXIM,MXIM,1990-03-26,2021-09-01,,False,2021,True,0,3677
ORBC,ORBC,2006-11-06,2021-09-01,,False,2021,True,0,3678
SHSP,SHSP,2015-12-02,2021-09-01,,False,2021,True,0,3679
SPNV-U,SPNV-U,2020-10-21,2021-09-01,,False,2021,True,0,3680
PFPT,PFPT,2012-04-20,2021-08-31,,False,2021,True,0,3681
QTS,QTS,2013-10-09,2021-08-31,,False,2021,True,0,3682
QTTTP,QTTTP,2018-06-21,2021-08-31,,False,2021,True,0,3683
TDI,TDI,2005-04-12,2021-08-31,,False,2021,True,0,3684
UZA,UZA,2011-05-16,2021-08-31,,False,2021,True,0,3685
AIRTW,AIRTW,2019-06-12,2021-08-30,,False,2021,True,0,3686
CEREW,CEREW,2020-10-28,2021-08-30,,False,2021,True,0,3687
DRUA,DRUA,2016-07-25,2021-08-30,,False,2021,True,0,3688
GDYNW,GDYNW,2018-10-31,2021-08-30,,False,2021,True,0,3689
TWCT,TWCT,2020-11-06,2021-08-30,,False,2021,True,0,3690
TWCTU,TWCTU,2020-09-11,2021-08-30,,False,2021,True,0,3691
BRAG,BRAG,2017-04-24,2021-08-27,,False,2021,True,0,3692
EXFO,EXFO,2000-06-30,2021-08-27,,False,2021,True,0,3693
KIN,KIN,2013-12-12,2021-08-27,,False,2021,True,0,3694
SYKE,SYKE,1996-04-30,2021-08-27,,False,2021,True,0,3695
VIA,VIA,2014-07-29,2021-08-27,,False,2021,True,0,3696
AHAC,AHAC,2020-12-01,2021-08-26,,False,2021,True,0,3697
AHACU,AHACU,2020-09-18,2021-08-26,,False,2021,True,0,3698
AJAX-WS,AJAX-WS,2020-12-18,2021-08-26,,False,2021,True,0,3699
AJAXU,AJAXU,2020-10-28,2021-08-26,,False,2021,True,0,3700
DFNSU,DFNSU,2019-11-07,2021-08-26,,False,2021,True,0,3701
KSMTU,KSMTU,2020-08-06,2021-08-26,,False,2021,True,0,3702
SNPR-U,SNPR-U,2020-09-11,2021-08-26,,False,2021,True,0,3703
USCR,USCR,2010-10-15,2021-08-26,,False,2021,True,0,3704
LWACU,LWACU,2021-01-08,2021-08-25,,False,2021,True,0,3705
VACQ,VACQ,2020-11-24,2021-08-24,,False,2021,True,0,3706
VACQU,VACQU,2020-09-25,2021-08-24,,False,2021,True,0,3707
CLOVW,CLOVW,2021-01-11,2021-08-23,,False,2021,True,0,3708
LIVKU,LIVKU,2019-12-11,2021-08-23,,False,2021,True,0,3709
QS-WS,QS-WS,2020-11-27,2021-08-23,,False,2021,True,0,3710
RMGBU,RMGBU,2020-12-10,2021-08-23,,False,2021,True,0,3711
TPCO,TPCO,2014-07-24,2021-08-23,,False,2021,True,0,3712
BOKFL,BOKFL,2016-06-28,2021-08-20,,False,2021,True,0,3713
GWIIU,GWIIU,2021-07-12,2021-08-20,,False,2021,True,0,3714
NGAC,NGAC,2020-12-08,2021-08-20,,False,2021,True,0,3715
NGACU,NGACU,2020-10-07,2021-08-19,,False,2021,True,0,3716
BPYUP,BPYUP,2018-08-29,2021-08-18,,False,2021,True,0,3717
KCGI-U,KCGI-U,2021-08-13,2021-08-18,,False,2021,True,0,3718
SAII,SAII,2020-10-06,2021-08-18,,False,2021,True,0,3719
CFACU,CFACU,2020-11-13,2021-08-17,,False,2021,True,0,3720
BWL-A,BWL-A,1984-09-07,2021-08-16,,False,2021,True,0,3721
INNTW,INNTW,2016-07-08,2021-08-16,,False,2021,True,0,3722
NSH-U,NSH-U,2020-09-10,2021-08-16,,False,2021,True,0,3723
GRNVR,GRNVR,2019-12-09,2021-08-13,,False,2021,True,0,3724
GRNVU,GRNVU,2019-11-19,2021-08-13,,False,2021,True,0,3725
NBA-U,NBA-U,2020-10-30,2021-08-13,,False,2021,True,0,3726
SAIIU,SAIIU,2020-09-15,2021-08-13,,False,2021,True,0,3727
SAIIW,SAIIW,2020-10-06,2021-08-13,,False,2021,True,0,3728
SKLZ-WS,SKLZ-WS,2020-04-27,2021-08-13,,False,2021,True,0,3729
SRACU,SRACU,2019-11-08,2021-08-12,,False,2021,True,0,3730
CHFW,CHFW,2021-01-11,2021-08-11,,False,2021,True,0,3731
CHFW-U,CHFW-U,2020-11-19,2021-08-11,,False,2021,True,0,3732
CHFW-WS,CHFW-WS,2021-01-11,2021-08-11,,False,2021,True,0,3733
HLM-P,HLM-P,2014-09-22,2021-08-11,,False,2021,True,0,3734
SCPE,SCPE,2019-09-05,2021-08-11,,False,2021,True,0,3735
SCPE-U,SCPE-U,2019-07-12,2021-08-11,,False,2021,True,0,3736
SCPE-WS,SCPE-WS,2019-09-05,2021-08-11,,False,2021,True,0,3737
PDAC-U,PDAC-U,2020-09-24,2021-08-10,,False,2021,True,0,3738
PDAC-WS,PDAC-WS,2020-11-16,2021-08-10,,False,2021,True,0,3739
RTP-U,RTP-U,2020-09-17,2021-08-10,,False,2021,True,0,3740
TLND,TLND,2016-07-29,2021-08-09,,False,2021,True,0,3741
HIMS-WS,HIMS-WS,2019-09-10,2021-08-06,,False,2021,True,0,3742
AIW,AIW,2013-05-06,2021-08-05,,False,2021,True,0,3743
GRSVU,GRSVU,2020-08-06,2021-08-04,,False,2021,True,0,3744
ICON,ICON,1990-03-06,2021-08-04,,False,2021,True,0,3745
APOPW,APOPW,2016-07-29,2021-08-03,,False,2021,True,0,3746
WRI,WRI,1988-01-05,2021-08-03,,False,2021,True,0,3747
BBWI-W,BBWI-W,2021-07-21,2021-08-02,,False,2021,True,0,3748
ECVT,ECVT,2017-09-29,2021-08-02,,False,2021,True,0,3749
FLY,FLY,2007-09-28,2021-08-02,,False,2021,True,0,3750
MDCA,MDCA,1995-04-17,2021-08-02,,False,2021,True,0,3751
RTPZ,RTPZ,2021-01-11,2021-08-02,,False,2021,True,0,3752
RTPZ-U,RTPZ-U,2020-11-19,2021-08-02,,False,2021,True,0,3753
VSCO-W,VSCO-W,2021-07-21,2021-08-02,,False,2021,True,0,3754
DGNR,DGNR,2020-10-05,2021-07-30,,False,2021,True,0,3755
DGNR-U,DGNR-U,2020-08-14,2021-07-30,,False,2021,True,0,3756
GXO-W,GXO-W,2021-07-22,2021-07-30,,False,2021,True,0,3757
NEBCU,NEBCU,2020-12-09,2021-07-30,,False,2021,True,0,3758
NYMTO,NYMTO,2015-05-04,2021-07-29,,False,2021,True,0,3759
SVACU,SVACU,2020-09-10,2021-07-29,,False,2021,True,0,3760
ALXN,ALXN,1996-02-28,2021-07-28,,False,2021,True,0,3761
CAP-U,CAP-U,2020-12-02,2021-07-28,,False,2021,True,0,3762
ROCCU,ROCCU,2020-12-11,2021-07-28,,False,2021,True,0,3763
HOME,HOME,2016-08-04,2021-07-27,,False,2021,True,0,3764
SBLKZ,SBLKZ,2017-11-13,2021-07-27,,False,2021,True,0,3765
BPYU,BPYU,2018-08-28,2021-07-26,,False,2021,True,0,3766
CCIV-U,CCIV-U,2020-07-30,2021-07-23,,False,2021,True,0,3767
HCAPZ,HCAPZ,2017-08-31,2021-07-23,,False,2021,True,0,3768
ONTXW,ONTXW,2016-08-03,2021-07-23,,False,2021,True,0,3769
RILYG,RILYG,2017-12-14,2021-07-23,,False,2021,True,0,3770
THCBU,THCBU,2019-03-05,2021-07-23,,False,2021,True,0,3771
TRTL-U,TRTL-U,2021-07-20,2021-07-23,,False,2021,True,0,3772
ALSK,ALSK,1999-11-18,2021-07-22,,False,2021,True,0,3773
CMLFU,CMLFU,2020-09-02,2021-07-22,,False,2021,True,0,3774
GECCL,GECCL,2017-09-25,2021-07-22,,False,2021,True,0,3775
GHVIU,GHVIU,2020-12-11,2021-07-22,,False,2021,True,0,3776
VCVC,VCVC,2021-01-13,2021-07-22,,False,2021,True,0,3777
VCVCU,VCVCU,2020-11-24,2021-07-22,,False,2021,True,0,3778
VCVCW,VCVCW,2021-01-12,2021-07-22,,False,2021,True,0,3779
BAYN,BAYN,2000-06-15,2021-07-21,,False,2021,True,0,3780
FCBP,FCBP,2018-01-05,2021-07-21,,False,2021,True,0,3781
PSACU,PSACU,2020-07-22,2021-07-21,,False,2021,True,0,3782
RAACU,RAACU,2020-12-08,2021-07-21,,False,2021,True,0,3783
WORK,WORK,2019-06-20,2021-07-21,,False,2021,True,0,3784
ANDAR,ANDAR,2019-03-06,2021-07-20,,False,2021,True,0,3785
FGNA-U,FGNA-U,2020-09-30,2021-07-20,,False,2021,True,0,3786
ISNS,ISNS,1995-05-05,2021-07-20,,False,2021,True,0,3787
TFSCW,TFSCW,2014-08-07,2021-07-20,,False,2021,True,0,3788
DSSI,DSSI,2019-03-28,2021-07-19,,False,2021,True,0,3789
NABL-W,NABL-W,2021-07-19,2021-07-19,,False,2021,True,0,3790
PPX,PPX,2013-03-18,2021-07-19,,False,2021,True,0,3791
ARVLW,ARVLW,2021-03-25,2021-07-16,,False,2021,True,0,3792
DCRBU,DCRBU,2020-10-20,2021-07-16,,False,2021,True,0,3793
EMPW-U,EMPW-U,2020-10-07,2021-07-16,,False,2021,True,0,3794
GXGXU,GXGXU,2019-05-21,2021-07-16,,False,2021,True,0,3795
CNST,CNST,2018-07-19,2021-07-15,,False,2021,True,0,3796
HBANO,HBANO,2016-03-28,2021-07-15,,False,2021,True,0,3797
SBG-U,SBG-U,2020-09-15,2021-07-15,,False,2021,True,0,3798
AONE-U,AONE-U,2020-08-18,2021-07-14,,False,2021,True,0,3799
LCYAU,LCYAU,2020-10-09,2021-07-14,,False,2021,True,0,3800
LMNX,LMNX,2000-04-06,2021-07-14,,False,2021,True,0,3801
RSVAU,RSVAU,2020-12-02,2021-07-14,,False,2021,True,0,3802
ASPL-U,ASPL-U,2020-09-23,2021-07-13,,False,2021,True,0,3803
BST-R,BST-R,2021-06-22,2021-07-13,,False,2021,True,0,3804
NEWA,NEWA,2017-07-28,2021-07-13,,False,2021,True,0,3805
SWI-W,SWI-W,2021-07-13,2021-07-13,,False,2021,True,0,3806
WTREP,WTREP,2019-08-12,2021-07-12,,False,2021,True,0,3807
MSGN,MSGN,2010-01-25,2021-07-09,,False,2021,True,0,3808
SPRQ-U,SPRQ-U,2020-11-25,2021-07-09,,False,2021,True,0,3809
ALUS,ALUS,2010-01-04,2021-07-07,,False,2021,True,0,3810
ALUS-U,ALUS-U,2019-11-26,2021-07-07,,False,2021,True,0,3811
ALUS-WS,ALUS-WS,2020-01-10,2021-07-07,,False,2021,True,0,3812
NSPR-WS,NSPR-WS,2016-08-01,2021-07-07,,False,2021,True,0,3813
ALIT-WS,ALIT-WS,2021-07-06,2021-07-06,,False,2021,True,0,3814
CCRC,CCRC,2015-12-21,2021-07-06,,False,2021,True,0,3815
CHPT-WS,CHPT-WS,2019-09-16,2021-07-02,,False,2021,True,0,3816
WPF-U,WPF-U,2020-05-27,2021-07-02,,False,2021,True,0,3817
APXTU,APXTU,2019-09-17,2021-07-01,,False,2021,True,0,3818
CLII-U,CLII-U,2020-09-30,2021-07-01,,False,2021,True,0,3819
FCACU,FCACU,2020-09-22,2021-07-01,,False,2021,True,0,3820
PRAH,PRAH,2014-11-13,2021-07-01,,False,2021,True,0,3821
WTRE,WTRE,2019-03-28,2021-07-01,,False,2021,True,0,3822
BPFH,BPFH,1994-02-14,2021-06-30,,False,2021,True,0,3823
DTE-W,DTE-W,2021-06-18,2021-06-30,,False,2021,True,0,3824
DTM-W,DTM-W,2021-06-18,2021-06-30,,False,2021,True,0,3825
HCXZ,HCXZ,2018-05-03,2021-06-30,,False,2021,True,0,3826
HOLUU,HOLUU,2020-08-05,2021-06-30,,False,2021,True,0,3827
NAV,NAV,1970-01-02,2021-06-30,,False,2021,True,0,3828
STNEV,STNEV,2021-06-28,2021-06-30,,False,2021,True,0,3829
DTJ,DTJ,2016-06-01,2021-06-29,,False,2021,True,0,3830
GOODM,GOODM,2016-06-06,2021-06-29,,False,2021,True,0,3831
IACA,IACA,2020-10-27,2021-06-29,,False,2021,True,0,3832
IACA-U,IACA-U,2020-10-02,2021-06-29,,False,2021,True,0,3833
FIIIU,FIIIU,2020-08-19,2021-06-25,,False,2021,True,0,3834
FRX-U,FRX-U,2020-11-25,2021-06-25,,False,2021,True,0,3835
FTOC,FTOC,2020-10-16,2021-06-25,,False,2021,True,0,3836
FTOCU,FTOCU,2020-08-26,2021-06-25,,False,2021,True,0,3837
FTOCW,FTOCW,2020-10-16,2021-06-25,,False,2021,True,0,3838
LINX,LINX,2019-06-26,2021-06-25,,False,2021,True,0,3839
FTIVU,FTIVU,2020-09-25,2021-06-24,,False,2021,True,0,3840
GAME,GAME,2009-09-25,2021-06-23,,False,2021,True,0,3841
GFNCP,GFNCP,2013-05-20,2021-06-23,,False,2021,True,0,3842
GFNSZ,GFNSZ,2020-11-02,2021-06-23,,False,2021,True,0,3843
HECCU,HECCU,2020-06-09,2021-06-22,,False,2021,True,0,3844
CATM,CATM,2007-12-13,2021-06-21,,False,2021,True,0,3845
GLO-R,GLO-R,2021-05-28,2021-06-21,,False,2021,True,0,3846
GLQ-R,GLQ-R,2019-07-18,2021-06-21,,False,2021,True,0,3847
GLV-R,GLV-R,2019-07-16,2021-06-21,,False,2021,True,0,3848
TCBIL,TCBIL,2012-09-28,2021-06-21,,False,2021,True,0,3849
FCRZ,FCRZ,2015-12-16,2021-06-18,,False,2021,True,0,3850
FAII-U,FAII-U,2020-08-12,2021-06-16,,False,2021,True,0,3851
FSKR,FSKR,2020-06-17,2021-06-16,,False,2021,True,0,3852
STAY,STAY,2013-11-13,2021-06-16,,False,2021,True,0,3853
VGAC-U,VGAC-U,2020-10-02,2021-06-16,,False,2021,True,0,3854
DNMR-WS,DNMR-WS,2020-05-28,2021-06-15,,False,2021,True,0,3855
HWCC,HWCC,2006-06-15,2021-06-15,,False,2021,True,0,3856
SSPKU,SSPKU,2019-08-08,2021-06-15,,False,2021,True,0,3857
UZC,UZC,2015-11-24,2021-06-15,,False,2021,True,0,3858
GLOG,GLOG,2012-03-30,2021-06-14,,False,2021,True,0,3859
HWCPL,HWCPL,2018-05-25,2021-06-14,,False,2021,True,0,3860
LEAF,LEAF,2011-01-27,2021-06-14,,False,2021,True,0,3861
TCBIP,TCBIP,2013-03-25,2021-06-14,,False,2021,True,0,3862
CCX-U,CCX-U,2019-06-27,2021-06-11,,False,2021,True,0,3863
GOVN,GOVN,2016-05-31,2021-06-11,,False,2021,True,0,3864
GRUB,GRUB,2014-04-04,2021-06-11,,False,2021,True,0,3865
ZIONN,ZIONN,2014-09-22,2021-06-11,,False,2021,True,0,3866
CAPAU,CAPAU,2020-09-04,2021-06-10,,False,2021,True,0,3867
THBR,THBR,2019-10-04,2021-06-10,,False,2021,True,0,3868
THBRU,THBRU,2019-08-09,2021-06-10,,False,2021,True,0,3869
THBRW,THBRW,2019-10-04,2021-06-10,,False,2021,True,0,3870
ARYA,ARYA,2018-12-12,2021-06-09,,False,2021,True,0,3871
FSRVU,FSRVU,2019-11-01,2021-06-09,,False,2021,True,0,3872
GIX-U,GIX-U,2019-06-06,2021-06-09,,False,2021,True,0,3873
GIXRT,GIXRT,2019-07-01,2021-06-09,,False,2021,True,0,3874
HCAP,HCAP,2013-05-03,2021-06-09,,False,2021,True,0,3875
TCFCP,TCFCP,2019-08-02,2021-06-09,,False,2021,True,0,3876
CLGX,CLGX,1990-03-23,2021-06-08,,False,2021,True,0,3877
DFHTU,DFHTU,2020-07-17,2021-06-08,,False,2021,True,0,3878
PGV,PGV,2009-10-09,2021-06-08,,False,2021,True,0,3879
BSPE,BSPE,2021-02-08,2021-06-07,,False,2021,True,0,3880
JIH-U,JIH-U,2019-11-08,2021-06-07,,False,2021,True,0,3881
MP-WS,MP-WS,2020-06-22,2021-06-04,,False,2021,True,0,3882
TSIAU,TSIAU,2020-11-10,2021-06-04,,False,2021,True,0,3883
JWS-U,JWS-U,2020-05-14,2021-06-03,,False,2021,True,0,3884
CMD,CMD,1993-02-19,2021-06-02,,False,2021,True,0,3885
MRK-W,MRK-W,2021-05-27,2021-06-02,,False,2021,True,0,3886
OGN-W,OGN-W,2021-05-14,2021-06-02,,False,2021,True,0,3887
WIFI,WIFI,2011-05-04,2021-06-02,,False,2021,True,0,3888
FTR,FTR,2020-04-23,2021-06-01,,False,2021,True,0,3889
PTVCA,PTVCA,2001-01-02,2021-06-01,,False,2021,True,0,3890
PTVCB,PTVCB,2001-01-02,2021-06-01,,False,2021,True,0,3891
STIC-U,STIC-U,2020-11-11,2021-06-01,,False,2021,True,0,3892
GMTA,GMTA,2016-05-18,2021-05-28,,False,2021,True,0,3893
IPOE-U,IPOE-U,2020-10-09,2021-05-28,,False,2021,True,0,3894
IPOE-WS,IPOE-WS,2020-11-30,2021-05-28,,False,2021,True,0,3895
KCAPL,KCAPL,2017-08-28,2021-05-28,,False,2021,True,0,3896
STND,STND,2010-10-07,2021-05-28,,False,2021,True,0,3897
ACB,ACB,2007-03-07,2021-05-26,,False,2021,True,0,3898
QIPT,QIPT,2010-08-10,2021-05-26,,False,2021,True,0,3899
CUB,CUB,1989-02-21,2021-05-25,,False,2021,True,0,3900
FFG,FFG,1996-07-19,2021-05-25,,False,2021,True,0,3901
GFN,GFN,2006-07-06,2021-05-25,,False,2021,True,0,3902
BRPAR,BRPAR,2017-12-01,2021-05-24,,False,2021,True,0,3903
BRPAU,BRPAU,2017-11-20,2021-05-24,,False,2021,True,0,3904
VMEOV,VMEOV,2021-05-19,2021-05-24,,False,2021,True,0,3905
GMLPF,GMLPF,2017-10-25,2021-05-21,,False,2021,True,0,3906
NEWP,NEWP,2016-01-04,2021-05-21,,False,2021,True,0,3907
VGII-WS,VGII-WS,2021-05-13,2021-05-21,,False,2021,True,0,3908
RBY,RBY,2016-01-04,2021-05-20,,False,2021,True,0,3909
ATAC-U,ATAC-U,2020-10-23,2021-05-19,,False,2021,True,0,3910
ATAC-WS,ATAC-WS,2020-12-14,2021-05-19,,False,2021,True,0,3911
SBG-WS,SBG-WS,2020-11-05,2021-05-19,,False,2021,True,0,3912
GPOR,GPOR,1999-03-03,2021-05-18,,False,2021,True,0,3913
AEGN,AEGN,1989-04-24,2021-05-17,,False,2021,True,0,3914
CHKAQ,CHKAQ,2021-03-17,2021-05-17,,False,2021,True,0,3915
MNEL,MNEL,2007-07-24,2021-05-17,,False,2021,True,0,3916
ATHN-WS,ATHN-WS,2021-05-07,2021-05-14,,False,2021,True,0,3917
EXPCU,EXPCU,2019-09-13,2021-05-14,,False,2021,True,0,3918
FLIR,FLIR,1993-06-22,2021-05-14,,False,2021,True,0,3919
NBLX,NBLX,2016-09-15,2021-05-11,,False,2021,True,0,3920
TDE,TDE,2011-05-10,2021-05-11,,False,2021,True,0,3921
TDJ,TDJ,2011-03-28,2021-05-11,,False,2021,True,0,3922
UZB,UZB,2014-12-09,2021-05-11,,False,2021,True,0,3923
APHA,APHA,2015-03-18,2021-05-07,,False,2021,True,0,3924
ATAQ-WS,ATAQ-WS,2021-04-26,2021-05-07,,False,2021,True,0,3925
IPVA-WS,IPVA-WS,2021-04-26,2021-05-07,,False,2021,True,0,3926
RNET,RNET,2010-12-15,2021-05-07,,False,2021,True,0,3927
WPCB-WS,WPCB-WS,2021-04-28,2021-05-07,,False,2021,True,0,3928
GIK-U,GIK-U,2020-05-14,2021-05-06,,False,2021,True,0,3929
NGA,NGA,2020-10-08,2021-05-06,,False,2021,True,0,3930
NGA-U,NGA-U,2020-08-18,2021-05-06,,False,2021,True,0,3931
NGA-WS,NGA-WS,2020-10-08,2021-05-06,,False,2021,True,0,3932
PRSP,PRSP,2018-06-01,2021-05-06,,False,2021,True,0,3933
BXG,BXG,2017-11-17,2021-05-05,,False,2021,True,0,3934
FRANQ,FRANQ,2011-07-22,2021-05-05,,False,2021,True,0,3935
GWPH,GWPH,2013-05-01,2021-05-05,,False,2021,True,0,3936
VINCW,VINCW,2020-05-21,2021-05-05,,False,2021,True,0,3937
VSPRU,VSPRU,2020-09-30,2021-05-05,,False,2021,True,0,3938
ISOS-WS,ISOS-WS,2021-04-23,2021-04-30,,False,2021,True,0,3939
MACC-WS,MACC-WS,2021-04-23,2021-04-30,,False,2021,True,0,3940
TWNT-WS,TWNT-WS,2021-04-26,2021-04-30,,False,2021,True,0,3941
WDR,WDR,1998-03-05,2021-04-30,,False,2021,True,0,3942
GLUU,GLUU,2007-03-22,2021-04-29,,False,2021,True,0,3943
STPK-U,STPK-U,2020-08-18,2021-04-28,,False,2021,True,0,3944
CMFNL,CMFNL,2018-07-13,2021-04-23,,False,2021,True,0,3945
HTFA,HTFA,2017-10-04,2021-04-23,,False,2021,True,0,3946
COWNZ,COWNZ,2017-12-15,2021-04-22,,False,2021,True,0,3947
CRHM,CRHM,2015-09-03,2021-04-22,,False,2021,True,0,3948
GNMK,GNMK,2010-05-28,2021-04-22,,False,2021,True,0,3949
RP,RP,2010-08-12,2021-04-22,,False,2021,True,0,3950
EGOV,EGOV,1999-07-15,2021-04-21,,False,2021,True,0,3951
CBPO,CBPO,2008-01-29,2021-04-20,,False,2021,True,0,3952
DMYD,DMYD,2020-10-05,2021-04-20,,False,2021,True,0,3953
DMYD-WS,DMYD-WS,2020-10-05,2021-04-20,,False,2021,True,0,3954
IPHI,IPHI,2010-11-12,2021-04-20,,False,2021,True,0,3955
RUHN,RUHN,2019-04-03,2021-04-20,,False,2021,True,0,3956
AAC,AAC,2014-10-02,2021-04-19,,False,2021,True,0,3957
CLRBZ,CLRBZ,2016-04-20,2021-04-16,,False,2021,True,0,3958
FPRX,FPRX,2013-09-18,2021-04-16,,False,2021,True,0,3959
PRCHW,PRCHW,2020-01-13,2021-04-16,,False,2021,True,0,3960
SPGS-WS,SPGS-WS,2021-04-12,2021-04-16,,False,2021,True,0,3961
VAR,VAR,1988-01-05,2021-04-16,,False,2021,True,0,3962
CKH,CKH,2018-01-29,2021-04-15,,False,2021,True,0,3963
GMLP,GMLP,2011-04-08,2021-04-15,,False,2021,True,0,3964
MIK,MIK,2014-06-27,2021-04-15,,False,2021,True,0,3965
MFINL,MFINL,2016-05-02,2021-04-14,,False,2021,True,0,3966
OXLCO,OXLCO,2013-07-01,2021-04-14,,False,2021,True,0,3967
SQM-R,SQM-R,2021-04-01,2021-04-14,,False,2021,True,0,3968
CDMOP,CDMOP,2018-01-08,2021-04-13,,False,2021,True,0,3969
VINCU,VINCU,2020-03-06,2021-04-12,,False,2021,True,0,3970
ALTG-WS,ALTG-WS,2019-04-26,2021-04-09,,False,2021,True,0,3971
VKTXW,VKTXW,2016-04-08,2021-04-08,,False,2021,True,0,3972
MTSC,MTSC,1990-03-26,2021-04-07,,False,2021,True,0,3973
MSACU,MSACU,2021-02-16,2021-04-06,,False,2021,True,0,3974
NPAUU,NPAUU,2019-09-11,2021-04-06,,False,2021,True,0,3975
PS,PS,2018-05-17,2021-04-06,,False,2021,True,0,3976
CGROU,CGROU,2020-05-01,2021-04-05,,False,2021,True,0,3977
CGROW,CGROW,2020-06-26,2021-04-05,,False,2021,True,0,3978
SMTX,SMTX,2000-07-21,2021-04-05,,False,2021,True,0,3979
BUR,BUR,2010-04-05,2021-04-01,,False,2021,True,0,3980
DNB,DNB,1983-06-10,2021-04-01,,False,2021,True,0,3981
HMSY,HMSY,1992-12-18,2021-04-01,,False,2021,True,0,3982
HPR,HPR,2018-03-19,2021-04-01,,False,2021,True,0,3983
RMO-WS,RMO-WS,2019-04-01,2021-04-01,,False,2021,True,0,3984
RPLA-U,RPLA-U,2019-04-04,2021-04-01,,False,2021,True,0,3985
SYNC,SYNC,2012-02-13,2021-04-01,,False,2021,True,0,3986
TPVY,TPVY,2017-07-19,2021-04-01,,False,2021,True,0,3987
NMCI,NMCI,2018-12-10,2021-03-31,,False,2021,True,0,3988
OTEL,OTEL,2004-12-16,2021-03-31,,False,2021,True,0,3989
AXO,AXO,2018-10-01,2021-03-30,,False,2021,True,0,3990
BFT-U,BFT-U,2020-10-09,2021-03-30,,False,2021,True,0,3991
BFT-WS,BFT-WS,2020-10-09,2021-03-30,,False,2021,True,0,3992
FGP,FGP,1994-06-28,2021-03-30,,False,2021,True,0,3993
RILYZ,RILYZ,2017-06-01,2021-03-30,,False,2021,True,0,3994
ISLEU,ISLEU,2021-02-25,2021-03-29,,False,2021,True,0,3995
UROV,UROV,2018-09-27,2021-03-29,,False,2021,True,0,3996
DM-WS,DM-WS,2019-05-03,2021-03-26,,False,2021,True,0,3997
EQOSW,EQOSW,2019-05-16,2021-03-26,,False,2021,True,0,3998
SNDEQ,SNDEQ,2016-09-02,2021-03-26,,False,2021,True,0,3999
VIABP,VIABP,2021-03-25,2021-03-26,,False,2021,True,0,4000
GSUM,GSUM,2016-09-23,2021-03-25,,False,2021,True,0,4001
RCP,RCP,2018-10-01,2021-03-25,,False,2021,True,0,4002
AFC,AFC,2007-04-17,2021-03-24,,False,2021,True,0,4003
BMLP,BMLP,2016-12-21,2021-03-24,,False,2021,True,0,4004
CIIC,CIIC,2020-02-03,2021-03-24,,False,2021,True,0,4005
CIICU,CIICU,2019-12-13,2021-03-24,,False,2021,True,0,4006
CIICW,CIICW,2020-02-13,2021-03-24,,False,2021,True,0,4007
MBINN,MBINN,2021-03-16,2021-03-23,,False,2021,True,0,4008
RSI-WS,RSI-WS,2020-05-08,2021-03-23,,False,2021,True,0,4009
NBAC,NBAC,2020-05-01,2021-03-22,,False,2021,True,0,4010
NBACR,NBACR,2020-04-30,2021-03-22,,False,2021,True,0,4011
NBACU,NBACU,2020-02-14,2021-03-22,,False,2021,True,0,4012
NBACW,NBACW,2020-04-30,2021-03-22,,False,2021,True,0,4013
SINA,SINA,2000-04-13,2021-03-22,,False,2021,True,0,4014
ANH,ANH,1998-03-12,2021-03-19,,False,2021,True,0,4015
LOAC,LOAC,2018-10-16,2021-03-19,,False,2021,True,0,4016
LOACR,LOACR,2018-10-15,2021-03-19,,False,2021,True,0,4017
LOACU,LOACU,2018-08-29,2021-03-19,,False,2021,True,0,4018
LOACW,LOACW,2018-10-15,2021-03-19,,False,2021,True,0,4019
NEOS,NEOS,2015-07-23,2021-03-19,,False,2021,True,0,4020
OCSI,OCSI,2013-07-12,2021-03-19,,False,2021,True,0,4021
DL,DL,2008-07-30,2021-03-18,,False,2021,True,0,4022
QEP,QEP,2010-06-16,2021-03-18,,False,2021,True,0,4023
RLH,RLH,1998-04-03,2021-03-17,,False,2021,True,0,4024
TCP,TCP,1999-05-25,2021-03-16,,False,2021,True,0,4025
VIE,VIE,2019-10-03,2021-03-15,,False,2021,True,0,4026
AIZP,AIZP,2018-03-08,2021-03-12,,False,2021,True,0,4027
IPV-U,IPV-U,2020-02-04,2021-03-12,,False,2021,True,0,4028
DCM,DCM,2002-03-01,2021-03-11,,False,2021,True,0,4029
OFSSL,OFSSL,2018-04-20,2021-03-11,,False,2021,True,0,4030
OFSSZ,OFSSZ,2018-10-25,2021-03-11,,False,2021,True,0,4031
CSAN-W,CSAN-W,2021-03-08,2021-03-10,,False,2021,True,0,4032
GNOGW,GNOGW,2019-06-06,2021-03-09,,False,2021,True,0,4033
LAZRW,LAZRW,2019-03-25,2021-03-09,,False,2021,True,0,4034
CFIIU,CFIIU,2020-08-27,2021-03-08,,False,2021,True,0,4035
IGCWS,IGCWS,2011-02-08,2021-03-08,,False,2021,True,0,4036
NMFCL,NMFCL,2018-09-28,2021-03-08,,False,2021,True,0,4037
OXFD,OXFD,2013-11-22,2021-03-08,,False,2021,True,0,4038
CZZ,CZZ,2007-09-04,2021-03-05,,False,2021,True,0,4039
CBD-W,CBD-W,2021-03-02,2021-03-04,,False,2021,True,0,4040
DRIOW,DRIOW,2016-03-04,2021-03-04,,False,2021,True,0,4041
NTTNP,NTTNP,2016-06-30,2021-03-04,,False,2021,True,0,4042
UWMC,UWMC,2020-03-24,2021-03-04,,False,2021,True,0,4043
ASAI-W,ASAI-W,2021-03-02,2021-03-03,,False,2021,True,0,4044
HBANP,HBANP,2008-04-17,2021-03-03,,False,2021,True,0,4045
IMCC,IMCC,2021-03-01,2021-03-03,,False,2021,True,0,4046
PRGX,PRGX,1996-03-27,2021-03-03,,False,2021,True,0,4047
GAINM,GAINM,2016-09-21,2021-03-02,,False,2021,True,0,4048
EV,EV,1990-03-27,2021-03-01,,False,2021,True,0,4049
AERO,AERO,2007-01-08,2021-02-26,,False,2021,True,0,4050
CPAH,CPAH,2004-04-07,2021-02-26,,False,2021,True,0,4051
EBAYL,EBAYL,2016-03-10,2021-02-26,,False,2021,True,0,4052
SBE-U,SBE-U,2019-07-26,2021-02-26,,False,2021,True,0,4053
SG,SG,2018-11-06,2021-02-26,,False,2021,True,0,4054
XL-WS,XL-WS,2019-09-03,2021-02-26,,False,2021,True,0,4055
NHLDW,NHLDW,2017-01-23,2021-02-25,,False,2021,True,0,4056
CRRS,CRRS,2016-01-04,2021-02-24,,False,2021,True,0,4057
CAP,CAP,2007-05-16,2021-02-23,,False,2021,True,0,4058
TALO-WS,TALO-WS,2018-05-10,2021-02-23,,False,2021,True,0,4059
LBCC,LBCC,2009-10-30,2021-02-22,,False,2021,True,0,4060
ZAGG,ZAGG,2007-09-04,2021-02-22,,False,2021,True,0,4061
NEWTI,NEWTI,2018-02-22,2021-02-19,,False,2021,True,0,4062
MRCCL,MRCCL,2018-09-18,2021-02-17,,False,2021,True,0,4063
PPTA,PPTA,2016-01-04,2021-02-17,,False,2021,True,0,4064
TNAV,TNAV,2010-05-13,2021-02-17,,False,2021,True,0,4065
GYC,GYC,2005-11-21,2021-02-16,,False,2021,True,0,4066
TTCFW,TTCFW,2017-05-02,2021-02-16,,False,2021,True,0,4067
LGVW-U,LGVW-U,2020-07-22,2021-02-12,,False,2021,True,0,4068
PBB,PBB,2015-12-21,2021-02-12,,False,2021,True,0,4069
LANDP,LANDP,2016-08-12,2021-02-11,,False,2021,True,0,4070
VRTU,VRTU,2007-08-03,2021-02-11,,False,2021,True,0,4071
EIGI,EIGI,2013-10-25,2021-02-10,,False,2021,True,0,4072
MCACR,MCACR,2020-08-27,2021-02-10,,False,2021,True,0,4073
MCACU,MCACU,2020-06-05,2021-02-10,,False,2021,True,0,4074
PANA-U,PANA-U,2020-07-01,2021-02-10,,False,2021,True,0,4075
BEAT,BEAT,2008-03-19,2021-02-09,,False,2021,True,0,4076
INAQU,INAQU,2020-09-03,2021-02-09,,False,2021,True,0,4077
CLCT,CLCT,1999-11-05,2021-02-08,,False,2021,True,0,4078
WSG,WSG,2019-07-26,2021-02-05,,False,2021,True,0,4079
PCPL-U,PCPL-U,2020-04-24,2021-02-04,,False,2021,True,0,4080
DD-WD,DD-WD,2021-02-02,2021-02-03,,False,2021,True,0,4081
IFF-W,IFF-W,2021-01-25,2021-02-03,,False,2021,True,0,4082
IFF-WI,IFF-WI,1981-12-31,2021-02-03,,False,2021,True,0,4083
OSB,OSB,2016-01-04,2021-02-03,,False,2021,True,0,4084
NGHCP,NGHCP,2014-06-20,2021-02-02,,False,2021,True,0,4085
NGHCZ,NGHCZ,2015-08-19,2021-02-02,,False,2021,True,0,4086
ATV,ATV,2007-05-03,2021-01-29,,False,2021,True,0,4087
DCOM,DCOM,1996-06-26,2021-01-29,,False,2021,True,0,4088
NOVSU,NOVSU,2020-05-15,2021-01-29,,False,2021,True,0,4089
FBM,FBM,2017-02-10,2021-01-28,,False,2021,True,0,4090
EIDX,EIDX,2018-06-20,2021-01-26,,False,2021,True,0,4091
ARA,ARA,2016-04-21,2021-01-25,,False,2021,True,0,4092
HYMCL,HYMCL,2020-10-06,2021-01-25,,False,2021,True,0,4093
PRVL,PRVL,2019-06-20,2021-01-22,,False,2021,True,0,4094
ACAMU,ACAMU,2019-02-22,2021-01-21,,False,2021,True,0,4095
GHIVU,GHIVU,2020-01-24,2021-01-21,,False,2021,True,0,4096
MCEP,MCEP,2011-12-15,2021-01-21,,False,2021,True,0,4097
CFBI,CFBI,2017-04-28,2021-01-20,,False,2021,True,0,4098
CSWCL,CSWCL,2017-12-18,2021-01-20,,False,2021,True,0,4099
FDUSL,FDUSL,2018-02-05,2021-01-20,,False,2021,True,0,4100
OAC-U,OAC-U,2019-07-18,2021-01-20,,False,2021,True,0,4101
CXO,CXO,2007-08-03,2021-01-15,,False,2021,True,0,4102
RIDEW,RIDEW,2019-04-17,2021-01-15,,False,2021,True,0,4103
VERT-U,VERT-U,2020-02-10,2021-01-15,,False,2021,True,0,4104
FIT,FIT,2015-06-18,2021-01-14,,False,2021,True,0,4105
GFNSL,GFNSL,2014-09-24,2021-01-14,,False,2021,True,0,4106
SFTTW,SFTTW,2019-06-04,2021-01-14,,False,2021,True,0,4107
VS,VS,2016-02-03,2021-01-14,,False,2021,True,0,4108
WPX,WPX,2011-12-12,2021-01-14,,False,2021,True,0,4109
AIG-WS,AIG-WS,1973-01-02,2021-01-13,,False,2021,True,0,4110
SMMCU,SMMCU,2019-06-20,2021-01-12,,False,2021,True,0,4111
RESI,RESI,2012-12-24,2021-01-11,,False,2021,True,0,4112
TIF,TIF,1987-12-30,2021-01-08,,False,2021,True,0,4113
IPOC-U,IPOC-U,2020-04-22,2021-01-07,,False,2021,True,0,4114
GLADD,GLADD,2018-11-13,2021-01-06,,False,2021,True,0,4115
VVNT-WS,VVNT-WS,2020-01-21,2021-01-06,,False,2021,True,0,4116
MFAC-U,MFAC-U,2018-08-24,2021-01-05,,False,2021,True,0,4117
MFO,MFO,2012-04-17,2021-01-05,,False,2021,True,0,4118
BMCH,BMCH,2016-01-04,2021-01-04,,False,2021,True,0,4119
BMYRT,BMYRT,2019-11-21,2021-01-04,,False,2021,True,0,4120
NGHC,NGHC,2014-02-20,2021-01-04,,False,2021,True,0,4121
TOTAU,TOTAU,2018-08-02,2021-01-04,,False,2021,True,0,4122
CCR,CCR,2017-11-29,2020-12-31,,False,2020,True,0,4123
TOTA,TOTA,2018-08-27,2020-12-31,,False,2020,True,0,4124
AMRHW,AMRHW,2017-11-17,2020-12-30,,False,2020,True,0,4125
GLIBP,GLIBP,2018-03-12,2020-12-30,,False,2020,True,0,4126
TOTAR,TOTAR,2018-08-27,2020-12-30,,False,2020,True,0,4127
TOTAW,TOTAW,2018-08-27,2020-12-30,,False,2020,True,0,4128
DMYT-U,DMYT-U,2020-02-21,2020-12-29,,False,2020,True,0,4129
HYLN-WS,HYLN-WS,2019-04-24,2020-12-29,,False,2020,True,0,4130
LOAK-U,LOAK-U,2020-05-06,2020-12-29,,False,2020,True,0,4131
RMG-U,RMG-U,2019-02-08,2020-12-29,,False,2020,True,0,4132
TCO,TCO,1992-11-20,2020-12-29,,False,2020,True,0,4133
DMYD-U,DMYD-U,2020-08-14,2020-12-28,,False,2020,True,0,4134
GEC,GEC,1999-06-11,2020-12-28,,False,2020,True,0,4135
DLPNW,DLPNW,2017-12-21,2020-12-24,,False,2020,True,0,4136
HDS,HDS,2013-06-27,2020-12-24,,False,2020,True,0,4137
MVC,MVC,2000-06-26,2020-12-24,,False,2020,True,0,4138
MVCD,MVCD,2017-11-20,2020-12-24,,False,2020,True,0,4139
PTACU,PTACU,2019-11-22,2020-12-24,,False,2020,True,0,4140
UNT,UNT,1988-01-05,2020-12-23,,False,2020,True,0,4141
BREZU,BREZU,2020-11-23,2020-12-22,,False,2020,True,0,4142
HYACU,HYACU,2017-10-25,2020-12-22,,False,2020,True,0,4143
MNCLU,MNCLU,2019-02-07,2020-12-22,,False,2020,True,0,4144
HCACU,HCACU,2019-03-01,2020-12-21,,False,2020,True,0,4145
PIC-U,PIC-U,2019-07-12,2020-12-21,,False,2020,True,0,4146
PRCP,PRCP,1992-08-21,2020-12-21,,False,2020,True,0,4147
ELJ,ELJ,2012-07-06,2020-12-18,,False,2020,True,0,4148
ELU,ELU,2013-05-23,2020-12-18,,False,2020,True,0,4149
IPOB-U,IPOB-U,2020-04-28,2020-12-18,,False,2020,True,0,4150
SAMAW,SAMAW,2019-01-09,2020-12-18,,False,2020,True,0,4151
LLEXQ,LLEXQ,2020-12-07,2020-12-17,,False,2020,True,0,4152
NRGO,NRGO,2019-04-10,2020-12-17,,False,2020,True,0,4153
NRGZ,NRGZ,2019-04-10,2020-12-17,,False,2020,True,0,4154
YGRN,YGRN,2019-04-10,2020-12-17,,False,2020,True,0,4155
FEAC-U,FEAC-U,2020-03-06,2020-12-16,,False,2020,True,0,4156
OPESU,OPESU,2018-03-14,2020-12-16,,False,2020,True,0,4157
DNKN,DNKN,2011-07-27,2020-12-15,,False,2020,True,0,4158
TZACU,TZACU,2018-08-21,2020-12-14,,False,2020,True,0,4159
BTYS,BTYS,2020-02-05,2020-12-11,,False,2020,True,0,4160
CTY,CTY,2013-05-24,2020-12-11,,False,2020,True,0,4161
HCCH,HCCH,2018-07-18,2020-12-10,,False,2020,True,0,4162
HCCHR,HCCHR,2018-07-18,2020-12-10,,False,2020,True,0,4163
HCCHU,HCCHU,2018-06-28,2020-12-10,,False,2020,True,0,4164
HCCHW,HCCHW,2018-07-18,2020-12-10,,False,2020,True,0,4165
ADOCU,ADOCU,2020-11-10,2020-12-09,,False,2020,True,0,4166
BDCY,BDCY,2019-10-25,2020-12-09,,False,2020,True,0,4167
LMLB,LMLB,2019-10-25,2020-12-09,,False,2020,True,0,4168
SSWA,SSWA,2017-10-24,2020-12-09,,False,2020,True,0,4169
TRNE-U,TRNE-U,2019-03-15,2020-12-09,,False,2020,True,0,4170
CRC,CRC,2014-11-13,2020-12-04,,False,2020,True,0,4171
GWACU,GWACU,2020-10-20,2020-12-04,,False,2020,True,0,4172
LLEX,LLEX,2009-10-26,2020-12-04,,False,2020,True,0,4173
PFH,PFH,1999-04-05,2020-12-04,,False,2020,True,0,4174
ATCXW,ATCXW,2019-02-13,2020-12-02,,False,2020,True,0,4175
GMHIU,GMHIU,2019-02-01,2020-12-02,,False,2020,True,0,4176
HUD,HUD,2018-02-01,2020-12-02,,False,2020,True,0,4177
PRPLW,PRPLW,2015-08-25,2020-12-02,,False,2020,True,0,4178
MOBL,MOBL,2014-06-12,2020-12-01,,False,2020,True,0,4179
CNXCV,CNXCV,2020-11-24,2020-11-30,,False,2020,True,0,4180
PRG-W,PRG-W,2020-11-25,2020-11-30,,False,2020,True,0,4181
UN,UN,1985-05-17,2020-11-27,,False,2020,True,0,4182
VIV-W,VIV-W,2020-11-24,2020-11-27,,False,2020,True,0,4183
ANVS,ANVS,2010-02-12,2020-11-25,,False,2020,True,0,4184
FORK,FORK,2015-11-04,2020-11-23,,False,2020,True,0,4185
KTOVW,KTOVW,2015-11-20,2020-11-23,,False,2020,True,0,4186
LGC-U,LGC-U,2017-11-17,2020-11-20,,False,2020,True,0,4187
LGC-WS,LGC-WS,2017-11-30,2020-11-20,,False,2020,True,0,4188
OAS,OAS,2010-06-17,2020-11-20,,False,2020,True,0,4189
MCX,MCX,2015-12-23,2020-11-19,,False,2020,True,0,4190
MYL,MYL,1987-12-18,2020-11-19,,False,2020,True,0,4191
YIN,YIN,2016-04-27,2020-11-18,,False,2020,True,0,4192
CFFA,CFFA,2019-02-05,2020-11-17,,False,2020,True,0,4193
CFFAU,CFFAU,2018-12-13,2020-11-17,,False,2020,True,0,4194
CFFAW,CFFAW,2019-01-31,2020-11-17,,False,2020,True,0,4195
FVAC-U,FVAC-U,2020-07-22,2020-11-17,,False,2020,True,0,4196
MYOK,MYOK,2015-10-29,2020-11-17,,False,2020,True,0,4197
ORSN,ORSN,2019-11-07,2020-11-17,,False,2020,True,0,4198
ORSNR,ORSNR,2019-11-07,2020-11-17,,False,2020,True,0,4199
ORSNU,ORSNU,2019-08-02,2020-11-17,,False,2020,True,0,4200
ORSNW,ORSNW,2019-11-07,2020-11-17,,False,2020,True,0,4201
VTRSV,VTRSV,2020-11-12,2020-11-17,,False,2020,True,0,4202
AMAG,AMAG,1986-06-12,2020-11-16,,False,2020,True,0,4203
BMRG-U,BMRG-U,2020-05-20,2020-11-16,,False,2020,True,0,4204
LILAR,LILAR,2020-09-11,2020-11-16,,False,2020,True,0,4205
PFE-W,PFE-W,2020-11-13,2020-11-16,,False,2020,True,0,4206
AFGH,AFGH,2015-11-18,2020-11-13,,False,2020,True,0,4207
LBY,LBY,2020-06-02,2020-11-13,,False,2020,True,0,4208
MR,MR,2014-06-20,2020-11-12,,False,2020,True,0,4209
WMGI,WMGI,2001-07-17,2020-11-11,,False,2020,True,0,4210
JCAP,JCAP,2015-03-27,2020-11-09,,False,2020,True,0,4211
BITA,BITA,2010-11-18,2020-11-06,,False,2020,True,0,4212
KBLMR,KBLMR,2017-06-27,2020-11-06,,False,2020,True,0,4213
KBLMU,KBLMU,2017-06-02,2020-11-06,,False,2020,True,0,4214
LONE,LONE,2016-01-04,2020-11-05,,False,2020,True,0,4215
PACDQ,PACDQ,2020-11-03,2020-11-03,,False,2020,True,0,4216
SSI,SSI,2020-05-12,2020-11-02,,False,2020,True,0,4217
EZT,EZT,2014-09-22,2020-10-30,,False,2020,True,0,4218
HCCOU,HCCOU,2019-12-13,2020-10-30,,False,2020,True,0,4219
LVGO,LVGO,2019-07-25,2020-10-30,,False,2020,True,0,4220
GARS,GARS,2013-03-27,2020-10-29,,False,2020,True,0,4221
CPAAU,CPAAU,2016-07-15,2020-10-28,,False,2020,True,0,4222
LMFAW,LMFAW,2015-12-10,2020-10-28,,False,2020,True,0,4223
ARYB,ARYB,2020-07-30,2020-10-27,,False,2020,True,0,4224
ARYBU,ARYBU,2020-06-05,2020-10-27,,False,2020,True,0,4225
ARYBW,ARYBW,2020-07-30,2020-10-27,,False,2020,True,0,4226
RST,RST,2009-04-16,2020-10-26,,False,2020,True,0,4227
CTZ,CTZ,2015-09-22,2020-10-23,,False,2020,True,0,4228
DPHCU,DPHCU,2019-02-28,2020-10-23,,False,2020,True,0,4229
IMMU,IMMU,1990-03-26,2020-10-23,,False,2020,True,0,4230
DTQ,DTQ,2012-10-03,2020-10-21,,False,2020,True,0,4231
SOJA,SOJA,2015-10-09,2020-10-19,,False,2020,True,0,4232
FTAC,FTAC,2019-01-18,2020-10-16,,False,2020,True,0,4233
FTACU,FTACU,2018-11-16,2020-10-16,,False,2020,True,0,4234
FTACW,FTACW,2019-01-11,2020-10-16,,False,2020,True,0,4235
FMCIU,FMCIU,2017-04-07,2020-10-15,,False,2020,True,0,4236
ONDK,ONDK,2014-12-17,2020-10-15,,False,2020,True,0,4237
PIR,PIR,1987-12-30,2020-10-15,,False,2020,True,0,4238
TIMB-W,TIMB-W,2020-10-13,2020-10-15,,False,2020,True,0,4239
CHAP,CHAP,2017-05-19,2020-10-14,,False,2020,True,0,4240
INSUU,INSUU,2019-03-20,2020-10-14,,False,2020,True,0,4241
SAQNU,SAQNU,2019-11-20,2020-10-14,,False,2020,True,0,4242
AIMT,AIMT,2015-08-06,2020-10-13,,False,2020,True,0,4243
CETV,CETV,1994-10-14,2020-10-13,,False,2020,True,0,4244
EAB,EAB,2012-12-18,2020-10-13,,False,2020,True,0,4245
EAE,EAE,2013-06-06,2020-10-13,,False,2020,True,0,4246
AKCA,AKCA,2017-07-14,2020-10-12,,False,2020,True,0,4247
TSU,TSU,1998-11-16,2020-10-12,,False,2020,True,0,4248
SKYS,SKYS,2014-11-13,2020-10-09,,False,2020,True,0,4249
VSLR,VSLR,2014-10-01,2020-10-09,,False,2020,True,0,4250
CCXX-U,CCXX-U,2020-02-14,2020-10-08,,False,2020,True,0,4251
CLA-U,CLA-U,2020-08-21,2020-10-08,,False,2020,True,0,4252
VNT-W,VNT-W,2020-09-24,2020-10-08,,False,2020,True,0,4253
AMTD,AMTD,1997-03-04,2020-10-07,,False,2020,True,0,4254
LSPD,LSPD,2008-01-23,2020-10-06,,False,2020,True,0,4255
NBL,NBL,1982-01-04,2020-10-06,,False,2020,True,0,4256
DLPH,DLPH,2017-12-05,2020-10-02,,False,2020,True,0,4257
ETFC,ETFC,1996-08-16,2020-10-02,,False,2020,True,0,4258
INWK,INWK,2006-08-16,2020-10-02,,False,2020,True,0,4259
MNTA,MNTA,2004-06-22,2020-10-02,,False,2020,True,0,4260
PLAG,PLAG,2008-04-29,2020-10-02,,False,2020,True,0,4261
PFNX,PFNX,2014-07-24,2020-10-01,,False,2020,True,0,4262
SHLL-U,SHLL-U,2019-02-28,2020-10-01,,False,2020,True,0,4263
SHLO,SHLO,1993-06-29,2020-10-01,,False,2020,True,0,4264
SMRTQ,SMRTQ,1992-04-27,2020-10-01,,False,2020,True,0,4265
TRPX,TRPX,2020-07-08,2020-10-01,,False,2020,True,0,4266
ANDAU,ANDAU,2015-11-25,2020-09-30,,False,2020,True,0,4267
BREW,BREW,1995-08-18,2020-09-30,,False,2020,True,0,4268
JFKKR,JFKKR,2019-05-16,2020-09-30,,False,2020,True,0,4269
JFKKU,JFKKU,2019-03-28,2020-09-30,,False,2020,True,0,4270
KLR,KLR,2004-07-26,2020-09-30,,False,2020,True,0,4271
ASFI,ASFI,1995-11-14,2020-09-29,,False,2020,True,0,4272
CNXM,CNXM,2018-01-04,2020-09-29,,False,2020,True,0,4273
GRAF-U,GRAF-U,2018-10-16,2020-09-29,,False,2020,True,0,4274
WMG,WMG,2006-12-28,2020-09-29,,False,2020,True,0,4275
PRNB,PRNB,2018-09-14,2020-09-28,,False,2020,True,0,4276
PLLL,PLLL,2017-11-07,2020-09-25,,False,2020,True,0,4277
PJH,PJH,2012-12-12,2020-09-22,,False,2020,True,0,4278
THGA,THGA,2013-04-01,2020-09-22,,False,2020,True,0,4279
MJCO,MJCO,2015-06-29,2020-09-21,,False,2020,True,0,4280
UTZ-WS,UTZ-WS,2020-08-31,2020-09-18,,False,2020,True,0,4281
WUBA,WUBA,2013-10-31,2020-09-17,,False,2020,True,0,4282
ACI,ACI,1988-08-12,2020-09-15,,False,2020,True,0,4283
FSRV,FSRV,1995-01-20,2020-09-15,,False,2020,True,0,4284
QRTAV,QRTAV,2020-09-03,2020-09-14,,False,2020,True,0,4285
QRTEV,QRTEV,2020-09-01,2020-09-14,,False,2020,True,0,4286
LILRV,LILRV,2020-09-10,2020-09-10,,False,2020,True,0,4287
PSTH-U,PSTH-U,2020-07-22,2020-09-10,,False,2020,True,0,4288
MEET,MEET,2003-09-04,2020-09-04,,False,2020,True,0,4289
PACK-WS,PACK-WS,2019-06-05,2020-09-04,,False,2020,True,0,4290
RKT,RKT,1994-03-03,2020-09-02,,False,2020,True,0,4291
CBSHP,CBSHP,2014-06-16,2020-08-31,,False,2020,True,0,4292
CWENA,CWENA,2015-05-15,2020-08-31,,False,2020,True,0,4293
FPAC,FPAC,2018-06-27,2020-08-31,,False,2020,True,0,4294
FPAC-WS,FPAC-WS,2018-06-27,2020-08-31,,False,2020,True,0,4295
LOGM,LOGM,2009-07-01,2020-08-31,,False,2020,True,0,4296
CCH-U,CCH-U,2018-10-05,2020-08-28,,False,2020,True,0,4297
GSB,GSB,2003-09-09,2020-08-28,,False,2020,True,0,4298
BIOX-WS,BIOX-WS,2018-03-22,2020-08-27,,False,2020,True,0,4299
SPWR-V,SPWR-V,2020-08-18,2020-08-26,,False,2020,True,0,4300
AOUTV,AOUTV,2020-08-21,2020-08-24,,False,2020,True,0,4301
SWBIV,SWBIV,2020-08-20,2020-08-24,,False,2020,True,0,4302
API,API,1991-02-12,2020-08-21,,False,2020,True,0,4303
BFYT,BFYT,2013-02-08,2020-08-21,,False,2020,True,0,4304
LMIBL,LMIBL,2016-08-16,2020-08-21,,False,2020,True,0,4305
LMICL,LMICL,2016-03-24,2020-08-21,,False,2020,True,0,4306
NKLAW,NKLAW,2018-06-11,2020-08-21,,False,2020,True,0,4307
PACQ,PACQ,2011-06-08,2020-08-21,,False,2020,True,0,4308
PACQU,PACQU,2011-03-25,2020-08-21,,False,2020,True,0,4309
PACQW,PACQW,2018-05-29,2020-08-21,,False,2020,True,0,4310
BXE,BXE,2005-11-07,2020-08-20,,False,2020,True,0,4311
ELGX,ELGX,1996-06-21,2020-08-20,,False,2020,True,0,4312
GEENQ,GEENQ,2011-06-17,2020-08-20,,False,2020,True,0,4313
RYCE,RYCE,2012-10-10,2020-08-18,,False,2020,True,0,4314
FSCT,FSCT,2017-10-27,2020-08-17,,False,2020,True,0,4315
FSB,FSB,2015-03-26,2020-08-14,,False,2020,True,0,4316
GBLIZ,GBLIZ,2015-08-28,2020-08-14,,False,2020,True,0,4317
ZTM,ZTM,2008-09-15,2020-08-12,,False,2020,True,0,4318
ATEST-Z,ATEST-Z,2020-08-11,2020-08-11,,False,2020,True,0,4319
EYEGW,EYEGW,2015-07-31,2020-08-05,,False,2020,True,0,4320
ROSEU,ROSEU,2016-03-11,2020-08-05,,False,2020,True,0,4321
AGFSW,AGFSW,2015-08-03,2020-08-04,,False,2020,True,0,4322
NIHD,NIHD,2015-07-06,2020-08-03,,False,2020,True,0,4323
SMTA,SMTA,2018-06-01,2020-08-03,,False,2020,True,0,4324
GCAP,GCAP,2010-12-15,2020-07-31,,False,2020,True,0,4325
LM,LM,1987-11-05,2020-07-31,,False,2020,True,0,4326
SBBX,SBBX,1998-02-20,2020-07-31,,False,2020,True,0,4327
TERP,TERP,2014-07-18,2020-07-31,,False,2020,True,0,4328
DNR,DNR,1995-09-06,2020-07-30,,False,2020,True,0,4329
ECT,ECT,2010-07-01,2020-07-30,,False,2020,True,0,4330
BEP-W,BEP-W,2020-07-24,2020-07-29,,False,2020,True,0,4331
BEPCW,BEPCW,2020-07-24,2020-07-29,,False,2020,True,0,4332
BEPW,BEPW,2020-07-24,2020-07-29,,False,2020,True,0,4333
CYRXW,CYRXW,2015-07-24,2020-07-29,,False,2020,True,0,4334
EE,EE,1989-07-07,2020-07-29,,False,2020,True,0,4335
TMUSR,TMUSR,2020-06-24,2020-07-28,,False,2020,True,0,4336
TTPH,TTPH,2013-03-20,2020-07-28,,False,2020,True,0,4337
QES,QES,2018-02-09,2020-07-27,,False,2020,True,0,4338
FNJN,FNJN,2007-03-16,2020-07-24,,False,2020,True,0,4339
RBS,RBS,2020-07-22,2020-07-22,,False,2020,True,0,4340
RTIX,RTIX,2000-08-10,2020-07-22,,False,2020,True,0,4341
BGG,BGG,1984-09-07,2020-07-20,,False,2020,True,0,4342
CZR,CZR,2012-02-08,2020-07-20,,False,2020,True,0,4343
SDI,SDI,2001-01-02,2020-07-16,,False,2020,True,0,4344
MSBF,MSBF,2007-06-20,2020-07-10,,False,2020,True,0,4345
DKNGZ,DKNGZ,2019-07-19,2020-07-08,,False,2020,True,0,4346
RTW,RTW,2004-10-07,2020-07-06,,False,2020,True,0,4347
CATS,CATS,2006-12-28,2020-07-02,,False,2020,True,0,4348
DGLD,DGLD,2020-06-30,2020-07-02,,False,2020,True,0,4349
DSLV,DSLV,2020-06-30,2020-07-02,,False,2020,True,0,4350
PTLA,PTLA,2013-05-22,2020-07-02,,False,2020,True,0,4351
ALO,ALO,2006-11-24,2020-07-01,,False,2020,True,0,4352
ARYAU,ARYAU,2018-10-05,2020-07-01,,False,2020,True,0,4353
ARYAW,ARYAW,2018-12-12,2020-07-01,,False,2020,True,0,4354
GPAQ,GPAQ,2018-03-12,2020-07-01,,False,2020,True,0,4355
GPAQU,GPAQU,2018-01-25,2020-07-01,,False,2020,True,0,4356
GPAQW,GPAQW,2018-03-12,2020-07-01,,False,2020,True,0,4357
IBKC,IBKC,1995-04-10,2020-07-01,,False,2020,True,0,4358
IBKCN,IBKCN,2019-03-29,2020-07-01,,False,2020,True,0,4359
IBKCO,IBKCO,2016-05-23,2020-07-01,,False,2020,True,0,4360
IBKCP,IBKCP,2015-08-31,2020-07-01,,False,2020,True,0,4361
MINI,MINI,1994-02-17,2020-07-01,,False,2020,True,0,4362
BMYR,BMYR,2019-11-21,2020-06-30,,False,2020,True,0,4363
CVIA,CVIA,2018-06-01,2020-06-30,,False,2020,True,0,4364
GIXR,GIXR,2019-07-01,2020-06-30,,False,2020,True,0,4365
GNC,GNC,2011-04-01,2020-06-30,,False,2020,True,0,4366
TECD,TECD,1990-03-26,2020-06-30,,False,2020,True,0,4367
IOTS,IOTS,2015-10-27,2020-06-29,,False,2020,True,0,4368
TACOW,TACOW,2014-10-22,2020-06-26,,False,2020,True,0,4369
ACTT,ACTT,2019-05-14,2020-06-24,,False,2020,True,0,4370
ACTTU,ACTTU,2019-04-26,2020-06-24,,False,2020,True,0,4371
ACTTW,ACTTW,2019-05-14,2020-06-24,,False,2020,True,0,4372
AXE,AXE,1984-07-19,2020-06-19,,False,2020,True,0,4373
PGNX,PGNX,1997-11-19,2020-06-19,,False,2020,True,0,4374
EQM,EQM,2012-06-27,2020-06-16,,False,2020,True,0,4375
PAAC,PAAC,2015-11-05,2020-06-16,,False,2020,True,0,4376
PAACR,PAACR,2015-10-30,2020-06-16,,False,2020,True,0,4377
PAACU,PAACU,2015-10-15,2020-06-16,,False,2020,True,0,4378
PAACW,PAACW,2015-10-30,2020-06-16,,False,2020,True,0,4379
PYX,PYX,1995-04-03,2020-06-16,,False,2020,True,0,4380
IMVTU,IMVTU,2019-05-10,2020-06-15,,False,2020,True,0,4381
IMVTW,IMVTW,2019-12-19,2020-06-15,,False,2020,True,0,4382
KEM,KEM,1992-10-26,2020-06-12,,False,2020,True,0,4383
AVH,AVH,2013-11-06,2020-06-10,,False,2020,True,0,4384
NEBUU,NEBUU,2018-01-09,2020-06-10,,False,2020,True,0,4385
NEBUW,NEBUW,2018-03-22,2020-06-10,,False,2020,True,0,4386
STML,STML,2013-01-29,2020-06-10,,False,2020,True,0,4387
CHX-W,CHX-W,2020-05-29,2020-06-05,,False,2020,True,0,4388
CSFL,CSFL,2001-01-30,2020-06-05,,False,2020,True,0,4389
ECL-WD,ECL-WD,2020-06-03,2020-06-05,,False,2020,True,0,4390
LSXMR,LSXMR,2020-05-15,2020-06-05,,False,2020,True,0,4391
VAM,VAM,2018-05-10,2020-06-05,,False,2020,True,0,4392
BCSF-R,BCSF-R,2020-05-11,2020-06-04,,False,2020,True,0,4393
SRTSW,SRTSW,2016-07-25,2020-06-04,,False,2020,True,0,4394
CHX,CHX,2018-04-27,2020-06-03,,False,2020,True,0,4395
FMCI,FMCI,2017-05-02,2020-06-03,,False,2020,True,0,4396
FG-WS,FG-WS,2017-12-01,2020-06-01,,False,2020,True,0,4397
HJV,HJV,2007-03-27,2020-06-01,,False,2020,True,0,4398
JBN,JBN,2007-02-16,2020-06-01,,False,2020,True,0,4399
JBR,JBR,2007-04-23,2020-06-01,,False,2020,True,0,4400
KTP,KTP,1999-07-06,2020-06-01,,False,2020,True,0,4401
OPB,OPB,2014-04-16,2020-06-01,,False,2020,True,0,4402
TIVO,TIVO,1997-03-13,2020-06-01,,False,2020,True,0,4403
WEBK,WEBK,2012-01-26,2020-05-29,,False,2020,True,0,4404
WBC,WBC,2007-08-01,2020-05-28,,False,2020,True,0,4405
CORV,CORV,2003-07-17,2020-05-27,,False,2020,True,0,4406
NUROW,NUROW,2015-05-27,2020-05-27,,False,2020,True,0,4407
PSTVZ,PSTVZ,2018-05-25,2020-05-26,,False,2020,True,0,4408
DXB,DXB,2007-05-21,2020-05-22,,False,2020,True,0,4409
DXB-CL,DXB-CL,2020-04-08,2020-05-22,,False,2020,True,0,4410
ZIONW,ZIONW,2010-05-20,2020-05-22,,False,2020,True,0,4411
DXBCL,DXBCL,2007-06-21,2020-05-21,,False,2020,True,0,4412
CUO,CUO,1992-03-17,2020-05-19,,False,2020,True,0,4413
BVSN,BVSN,1996-06-21,2020-05-18,,False,2020,True,0,4414
SES,SES,2005-06-06,2020-05-15,,False,2020,True,0,4415
SORL,SORL,2005-11-10,2020-05-15,,False,2020,True,0,4416
PIY,PIY,2003-10-09,2020-05-14,,False,2020,True,0,4417
SBNA,SBNA,2014-05-20,2020-05-14,,False,2020,True,0,4418
SWP,SWP,2017-05-12,2020-05-14,,False,2020,True,0,4419
BVXVW,BVXVW,2015-05-12,2020-05-13,,False,2020,True,0,4420
HHHHR,HHHHR,2019-03-07,2020-05-08,,False,2020,True,0,4421
POPE,POPE,1991-07-25,2020-05-08,,False,2020,True,0,4422
GBDCR,GBDCR,2020-04-09,2020-05-06,,False,2020,True,0,4423
NTGN,NTGN,2018-06-27,2020-05-06,,False,2020,True,0,4424
OPGNW,OPGNW,2015-05-05,2020-05-06,,False,2020,True,0,4425
CARO,CARO,2013-10-22,2020-05-01,,False,2020,True,0,4426
FSBC,FSBC,2007-08-31,2020-05-01,,False,2020,True,0,4427
SONGW,SONGW,2019-09-11,2020-05-01,,False,2020,True,0,4428
BDXA,BDXA,2017-05-11,2020-04-30,,False,2020,True,0,4429
INAPQ,INAPQ,1999-09-29,2020-04-30,,False,2020,True,0,4430
PBBI,PBBI,2016-01-08,2020-04-30,,False,2020,True,0,4431
HHHHU,HHHHU,2019-02-06,2020-04-29,,False,2020,True,0,4432
RBZ,RBZ,2018-12-19,2020-04-29,,False,2020,True,0,4433
TC,TC,2006-06-08,2020-04-29,,False,2020,True,0,4434
MLNX,MLNX,2007-02-08,2020-04-27,,False,2020,True,0,4435
MFSF,MFSF,1999-12-30,2020-04-24,,False,2020,True,0,4436
DEACU,DEACU,2019-05-10,2020-04-23,,False,2020,True,0,4437
ALGR,ALGR,2018-08-13,2020-04-20,,False,2020,True,0,4438
ALGRR,ALGRR,2018-08-13,2020-04-20,,False,2020,True,0,4439
ALGRU,ALGRU,2018-07-03,2020-04-20,,False,2020,True,0,4440
ALGRW,ALGRW,2018-08-13,2020-04-20,,False,2020,True,0,4441
CYOU,CYOU,2009-04-02,2020-04-17,,False,2020,True,0,4442
MSGS-W,MSGS-W,2020-04-09,2020-04-17,,False,2020,True,0,4443
CY,CY,1989-04-05,2020-04-16,,False,2020,True,0,4444
TGE,TGE,2015-05-07,2020-04-16,,False,2020,True,0,4445
YUMA,YUMA,1997-01-02,2020-04-16,,False,2020,True,0,4446
BNTCW,BNTCW,2015-08-18,2020-04-14,,False,2020,True,0,4447
CTST,CTST,2017-08-24,2020-04-14,,False,2020,True,0,4448
ISG-CL,ISG-CL,2020-03-17,2020-04-14,,False,2020,True,0,4449
JMEI,JMEI,2014-05-16,2020-04-14,,False,2020,True,0,4450
SPCE-U,SPCE-U,2019-10-28,2020-04-09,,False,2020,True,0,4451
SPCE-WS,SPCE-WS,2019-10-28,2020-04-09,,False,2020,True,0,4452
TW,TW,2016-01-04,2020-04-08,,False,2020,True,0,4453
WRLSR,WRLSR,2017-08-08,2020-04-08,,False,2020,True,0,4454
FTSV,FTSV,2018-06-28,2020-04-07,,False,2020,True,0,4455
QHC,QHC,2016-05-02,2020-04-07,,False,2020,True,0,4456
WRLSU,WRLSU,2017-07-27,2020-04-07,,False,2020,True,0,4457
RTN,RTN,1981-12-31,2020-04-03,,False,2020,True,0,4458
HABT,HABT,2014-11-20,2020-04-02,,False,2020,True,0,4459
RARX,RARX,2016-10-26,2020-04-02,,False,2020,True,0,4460
SGB,SGB,1996-08-30,2020-04-02,,False,2020,True,0,4461
UTX-W,UTX-W,2020-03-25,2020-04-02,,False,2020,True,0,4462
OBE,OBE,2005-11-15,2020-04-01,,False,2020,True,0,4463
OMN,OMN,1999-09-27,2020-04-01,,False,2020,True,0,4464
TLRA,TLRA,2013-06-27,2020-03-31,,False,2020,True,0,4465
BCRH,BCRH,2013-11-06,2020-03-30,,False,2020,True,0,4466
BIP-W,BIP-W,2020-03-30,2020-03-30,,False,2020,True,0,4467
EDTX,EDTX,2018-10-17,2020-03-30,,False,2020,True,0,4468
AVX,AVX,1995-08-15,2020-03-27,,False,2020,True,0,4469
AYR,AYR,2006-08-08,2020-03-27,,False,2020,True,0,4470
WAAS,WAAS,2016-10-06,2020-03-27,,False,2020,True,0,4471
INST,INST,2015-11-13,2020-03-23,,False,2020,True,0,4472
CCC-WS,CCC-WS,2018-10-29,2020-03-20,,False,2020,True,0,4473
TIBR,TIBR,2018-04-10,2020-03-17,,False,2020,True,0,4474
TIBRU,TIBRU,2018-03-16,2020-03-17,,False,2020,True,0,4475
TIBRW,TIBRW,2018-04-10,2020-03-17,,False,2020,True,0,4476
PEGI,PEGI,2013-09-27,2020-03-16,,False,2020,True,0,4477
AKS,AKS,1994-03-30,2020-03-13,,False,2020,True,0,4478
INXN,INXN,2011-01-28,2020-03-13,,False,2020,True,0,4479
OCSLL,OCSLL,2013-04-05,2020-03-13,,False,2020,True,0,4480
CHNGV,CHNGV,2020-03-06,2020-03-12,,False,2020,True,0,4481
DDMXW,DDMXW,2018-10-23,2020-03-12,,False,2020,True,0,4482
MCK-WD,MCK-WD,2020-03-11,2020-03-12,,False,2020,True,0,4483
ZAYO,ZAYO,2014-10-17,2020-03-11,,False,2020,True,0,4484
FOMX,FOMX,2014-09-18,2020-03-09,,False,2020,True,0,4485
ATISW,ATISW,2017-01-25,2020-03-06,,False,2020,True,0,4486
FLLC,FLLC,2019-10-31,2020-03-06,,False,2020,True,0,4487
CTACU,CTACU,2018-10-05,2020-03-05,,False,2020,True,0,4488
FLLCR,FLLCR,2019-10-31,2020-03-04,,False,2020,True,0,4489
FLLCU,FLLCU,2019-07-25,2020-03-04,,False,2020,True,0,4490
FLLCW,FLLCW,2019-10-31,2020-03-04,,False,2020,True,0,4491
GCVRZ,GCVRZ,2011-03-31,2020-03-04,,False,2020,True,0,4492
PNRL,PNRL,2018-10-04,2020-03-04,,False,2020,True,0,4493
CSS,CSS,1992-03-17,2020-03-03,,False,2020,True,0,4494
OSBCP,OSBCP,2003-06-30,2020-02-28,,False,2020,True,0,4495
OSLE-CL,OSLE-CL,2020-02-03,2020-02-28,,False,2020,True,0,4496
SSW,SSW,2005-08-09,2020-02-27,,False,2020,True,0,4497
SAUC,SAUC,2015-11-09,2020-02-25,,False,2020,True,0,4498
CHEKW,CHEKW,2015-03-20,2020-02-20,,False,2020,True,0,4499
DERM,DERM,2014-10-03,2020-02-20,,False,2020,True,0,4500
FPAYW,FPAYW,2018-09-26,2020-02-19,,False,2020,True,0,4501
XBITV,XBITV,2020-02-14,2020-02-19,,False,2020,True,0,4502
TKKSR,TKKSR,2018-09-12,2020-02-18,,False,2020,True,0,4503
TKKSU,TKKSU,2018-08-16,2020-02-18,,False,2020,True,0,4504
BWMCU,BWMCU,2018-11-16,2020-02-14,,False,2020,True,0,4505
LTS,LTS,1999-08-25,2020-02-14,,False,2020,True,0,4506
BRPM-U,BRPM-U,2019-04-09,2020-02-13,,False,2020,True,0,4507
MNI,MNI,1989-06-30,2020-02-13,,False,2020,True,0,4508
FTEO,FTEO,2013-05-16,2020-02-12,,False,2020,True,0,4509
CLPT,CLPT,2012-05-22,2020-02-11,,False,2020,True,0,4510
CRCM,CRCM,2014-01-24,2020-02-10,,False,2020,True,0,4511
GRSHU,GRSHU,2016-01-04,2020-02-10,,False,2020,True,0,4512
MPVD,MPVD,1996-05-01,2020-02-10,,False,2020,True,0,4513
PKD,PKD,1983-04-06,2020-02-10,,False,2020,True,0,4514
SAB,SAB,2016-12-27,2020-02-10,,False,2020,True,0,4515
DPLO,DPLO,2014-10-10,2020-02-07,,False,2020,True,0,4516
IPHS,IPHS,2006-11-02,2020-02-07,,False,2020,True,0,4517
PKDC,PKDC,2019-04-03,2020-02-07,,False,2020,True,0,4518
SAB-CL,SAB-CL,2020-01-09,2020-02-06,,False,2020,True,0,4519
CBPX,CBPX,2014-02-05,2020-02-05,,False,2020,True,0,4520
CPL,CPL,2004-09-29,2020-02-05,,False,2020,True,0,4521
WLH,WLH,2013-05-16,2020-02-05,,False,2020,True,0,4522
CISN,CISN,2017-05-22,2020-02-03,,False,2020,True,0,4523
GNMX,GNMX,2011-04-08,2020-02-03,,False,2020,True,0,4524
LPT,LPT,1994-06-17,2020-02-03,,False,2020,True,0,4525
VRTSP,VRTSP,2017-01-27,2020-02-03,,False,2020,True,0,4526
ABDC,ABDC,2014-05-09,2020-01-31,,False,2020,True,0,4527
OSLE,OSLE,2012-11-01,2020-01-31,,False,2020,True,0,4528
UCFC,UCFC,1998-07-09,2020-01-31,,False,2020,True,0,4529
ECCA-CL,ECCA-CL,2019-12-20,2020-01-30,,False,2020,True,0,4530
ECCA,ECCA,2015-05-15,2020-01-29,,False,2020,True,0,4531
THOR,THOR,1996-01-02,2020-01-23,,False,2020,True,0,4532
WCG,WCG,2004-07-01,2020-01-23,,False,2020,True,0,4533
MDR,MDR,1982-12-31,2020-01-22,,False,2020,True,0,4534
SNOAW,SNOAW,2016-01-04,2020-01-22,,False,2020,True,0,4535
TOO,TOO,2006-12-14,2020-01-22,,False,2020,True,0,4536
MOSC,MOSC,2017-12-11,2020-01-17,,False,2020,True,0,4537
MOSC-U,MOSC-U,2017-10-19,2020-01-17,,False,2020,True,0,4538
MOSC-WS,MOSC-WS,2017-12-08,2020-01-17,,False,2020,True,0,4539
ARQL,ARQL,1996-10-16,2020-01-16,,False,2020,True,0,4540
NVLNF,NVLNF,1990-03-26,2020-01-16,,False,2020,True,0,4541
BOLD,BOLD,2016-07-20,2020-01-15,,False,2020,True,0,4542
SWJ-CL,SWJ-CL,2012-07-26,2020-01-15,,False,2020,True,0,4543
JAG,JAG,2017-01-27,2020-01-14,,False,2020,True,0,4544
SRCI,SRCI,2008-02-27,2020-01-14,,False,2020,True,0,4545
CARB,CARB,2011-08-11,2020-01-10,,False,2020,True,0,4546
WAIR,WAIR,2011-07-28,2020-01-09,,False,2020,True,0,4547
MDCO,MDCO,2000-08-08,2020-01-06,,False,2020,True,0,4548
AVP,AVP,1972-06-01,2020-01-03,,False,2020,True,0,4549
PVTL,PVTL,2018-04-20,2020-01-03,,False,2020,True,0,4550
TCLD,TCLD,2019-02-01,2020-01-03,,False,2020,True,0,4551
GWR,GWR,1996-06-25,2020-01-02,,False,2020,True,0,4552
TRCB,TRCB,2006-04-11,2020-01-02,,False,2020,True,0,4553
BKJ,BKJ,2008-06-03,2019-12-31,,False,2019,True,0,4554
CART,CART,2004-12-21,2019-12-31,,False,2019,True,0,4555
EEI,EEI,1992-03-17,2019-12-31,,False,2019,True,0,4556
ENFC,ENFC,2014-10-01,2019-12-31,,False,2019,True,0,4557
NTRSP,NTRSP,2014-07-31,2019-12-31,,False,2019,True,0,4558
IDSA,IDSA,1996-05-30,2019-12-30,,False,2019,True,0,4559
DKT,DKT,2008-05-05,2019-12-27,,False,2019,True,0,4560
DKTCL,DKTCL,2008-05-05,2019-12-26,,False,2019,True,0,4561
SBFGP,SBFGP,2015-02-02,2019-12-26,,False,2019,True,0,4562
DHXM,DHXM,2014-10-23,2019-12-23,,False,2019,True,0,4563
AFGE-CL,AFGE-CL,2019-11-27,2019-12-20,,False,2019,True,0,4564
BROGR,BROGR,2018-07-13,2019-12-20,,False,2019,True,0,4565
BROGU,BROGU,2018-06-20,2019-12-20,,False,2019,True,0,4566
CRZO,CRZO,1997-08-06,2019-12-20,,False,2019,True,0,4567
HOS,HOS,2004-03-26,2019-12-20,,False,2019,True,0,4568
ARTX,ARTX,1994-02-24,2019-12-19,,False,2019,True,0,4569
CIVBP,CIVBP,2014-02-03,2019-12-19,,False,2019,True,0,4570
PSDO,PSDO,2017-03-10,2019-12-19,,False,2019,True,0,4571
DHR-WD,DHR-WD,2019-12-16,2019-12-18,,False,2019,True,0,4572
HSAC,HSAC,2019-06-21,2019-12-18,,False,2019,True,0,4573
HSACW,HSACW,2019-06-26,2019-12-18,,False,2019,True,0,4574
NFC,NFC,2018-07-27,2019-12-18,,False,2019,True,0,4575
NFC-U,NFC-U,2018-06-28,2019-12-18,,False,2019,True,0,4576
NFC-WS,NFC-WS,2018-07-27,2019-12-18,,False,2019,True,0,4577
OHAI,OHAI,2004-11-10,2019-12-18,,False,2019,True,0,4578
PVT-U,PVT-U,2019-01-31,2019-12-18,,False,2019,True,0,4579
PVT-WS,PVT-WS,2019-03-25,2019-12-18,,False,2019,True,0,4580
DISHR,DISHR,2019-11-25,2019-12-16,,False,2019,True,0,4581
MTFB,MTFB,2016-11-18,2019-12-16,,False,2019,True,0,4582
MTFBW,MTFBW,2016-11-18,2019-12-16,,False,2019,True,0,4583
PALDF,PALDF,2015-04-17,2019-12-16,,False,2019,True,0,4584
SNNA,SNNA,2017-07-27,2019-12-16,,False,2019,True,0,4585
VSI,VSI,2009-10-28,2019-12-16,,False,2019,True,0,4586
AEH,AEH,2005-06-15,2019-12-13,,False,2019,True,0,4587
AEH-CL,AEH-CL,2019-10-25,2019-12-13,,False,2019,True,0,4588
FCSC,FCSC,2009-10-21,2019-12-13,,False,2019,True,0,4589
RWGE,RWGE,2018-01-22,2019-12-13,,False,2019,True,0,4590
RWGE-U,RWGE-U,2017-12-01,2019-12-13,,False,2019,True,0,4591
RWGE-WS,RWGE-WS,2018-01-22,2019-12-13,,False,2019,True,0,4592
WFTIQ,WFTIQ,1973-05-03,2019-12-13,,False,2019,True,0,4593
LGCYQ,LGCYQ,2019-06-28,2019-12-12,,False,2019,True,0,4594
MCMJU,MCMJU,2019-11-05,2019-12-11,,False,2019,True,0,4595
GYB,GYB,2004-06-04,2019-12-06,,False,2019,True,0,4596
ROAN,ROAN,2017-03-13,2019-12-06,,False,2019,True,0,4597
STI,STI,1987-12-30,2019-12-06,,False,2019,True,0,4598
CBM,CBM,1987-09-23,2019-12-05,,False,2019,True,0,4599
GYB-CL,GYB-CL,2019-11-27,2019-12-05,,False,2019,True,0,4600
GJV,GJV,2007-08-01,2019-12-04,,False,2019,True,0,4601
GJV-CL,GJV-CL,2019-12-02,2019-12-04,,False,2019,True,0,4602
VIAB,VIAB,2005-12-05,2019-12-04,,False,2019,True,0,4603
VIAC,VIAC,2005-12-05,2019-12-04,,False,2019,True,0,4604
ORIT,ORIT,2007-01-24,2019-12-02,,False,2019,True,0,4605
CELGZ,CELGZ,2010-10-06,2019-11-29,,False,2019,True,0,4606
DNBF,DNBF,1999-01-12,2019-11-29,,False,2019,True,0,4607
IGLD,IGLD,1999-08-06,2019-11-29,,False,2019,True,0,4608
BPL,BPL,1986-12-17,2019-11-27,,False,2019,True,0,4609
CVRS,CVRS,2014-09-12,2019-11-27,,False,2019,True,0,4610
KEGX,KEGX,1992-03-17,2019-11-27,,False,2019,True,0,4611
AGNCB,AGNCB,2014-05-09,2019-11-25,,False,2019,True,0,4612
GIG-R,GIG-R,2018-01-17,2019-11-25,,False,2019,True,0,4613
GIG-U,GIG-U,2017-12-08,2019-11-25,,False,2019,True,0,4614
CELG,CELG,1990-03-26,2019-11-22,,False,2019,True,0,4615
MCRN,MCRN,2015-06-25,2019-11-22,,False,2019,True,0,4616
NYNY,NYNY,1993-11-05,2019-11-22,,False,2019,True,0,4617
OLBK,OLBK,2003-09-17,2019-11-22,,False,2019,True,0,4618
AVDR,AVDR,2019-02-14,2019-11-21,,False,2019,True,0,4619
BXRX,BXRX,2019-11-14,2019-11-21,,False,2019,True,0,4620
REPHV,REPHV,2019-11-14,2019-11-21,,False,2019,True,0,4621
TBLTU,TBLTU,2018-11-13,2019-11-21,,False,2019,True,0,4622
TPGH,TPGH,2017-08-24,2019-11-20,,False,2019,True,0,4623
TPGH-U,TPGH-U,2017-06-28,2019-11-20,,False,2019,True,0,4624
TPGH-WS,TPGH-WS,2017-08-24,2019-11-20,,False,2019,True,0,4625
GCI,GCI,1985-07-01,2019-11-19,,False,2019,True,0,4626
APDNW,APDNW,2014-11-17,2019-11-18,,False,2019,True,0,4627
FELP,FELP,2014-06-18,2019-11-15,,False,2019,True,0,4628
GDV-R,GDV-R,2019-10-04,2019-11-14,,False,2019,True,0,4629
TMCX,TMCX,2018-05-31,2019-11-14,,False,2019,True,0,4630
TMCXU,TMCXU,2018-05-15,2019-11-14,,False,2019,True,0,4631
TMCXW,TMCXW,2018-05-31,2019-11-14,,False,2019,True,0,4632
DOVA,DOVA,2017-06-29,2019-11-12,,False,2019,True,0,4633
DFBHU,DFBHU,2018-02-16,2019-11-08,,False,2019,True,0,4634
GHDX,GHDX,2005-09-29,2019-11-08,,False,2019,True,0,4635
SLNOW,SLNOW,2014-11-13,2019-11-08,,False,2019,True,0,4636
STNL,STNL,2018-01-11,2019-11-07,,False,2019,True,0,4637
STNLU,STNLU,2017-11-03,2019-11-07,,False,2019,True,0,4638
STNLW,STNLW,2018-01-10,2019-11-07,,False,2019,True,0,4639
RVEN,RVEN,2014-11-10,2019-11-04,,False,2019,True,0,4640
BRSWQ,BRSWQ,1990-03-26,2019-10-31,,False,2019,True,0,4641
HPJ,HPJ,2008-06-19,2019-10-31,,False,2019,True,0,4642
LTXB,LTXB,2006-10-03,2019-10-31,,False,2019,True,0,4643
NRCG,NRCG,2017-08-01,2019-10-31,,False,2019,True,0,4644
NRCG-WS,NRCG-WS,2017-08-01,2019-10-31,,False,2019,True,0,4645
SSFN,SSFN,1999-05-25,2019-10-31,,False,2019,True,0,4646
UBNK,UBNK,2005-08-17,2019-10-31,,False,2019,True,0,4647
CJ,CJ,2017-01-12,2019-10-30,,False,2019,True,0,4648
MDSO,MDSO,2009-06-25,2019-10-28,,False,2019,True,0,4649
ARGD,ARGD,2002-12-10,2019-10-25,,False,2019,True,0,4650
GOODO,GOODO,2006-10-25,2019-10-25,,False,2019,True,0,4651
GOODP,GOODP,2006-09-07,2019-10-25,,False,2019,True,0,4652
IPOA,IPOA,2017-09-29,2019-10-25,,False,2019,True,0,4653
IPOA-U,IPOA-U,2017-09-14,2019-10-25,,False,2019,True,0,4654
IPOA-WS,IPOA-WS,2017-09-29,2019-10-25,,False,2019,True,0,4655
ISRL,ISRL,1995-08-18,2019-10-25,,False,2019,True,0,4656
JMPB,JMPB,2013-02-07,2019-10-25,,False,2019,True,0,4657
JMPB-CL,JMPB-CL,2019-09-30,2019-10-25,,False,2019,True,0,4658
NEWTL,NEWTL,2016-04-25,2019-10-25,,False,2019,True,0,4659
RTEC,RTEC,1999-11-12,2019-10-25,,False,2019,True,0,4660
SREA,SREA,2001-01-02,2019-10-25,,False,2019,True,0,4661
SHOS,SHOS,2012-10-12,2019-10-23,,False,2019,True,0,4662
ALDR,ALDR,2014-05-08,2019-10-22,,False,2019,True,0,4663
MAMS,MAMS,1999-10-05,2019-10-21,,False,2019,True,0,4664
ISCA,ISCA,1997-03-10,2019-10-18,,False,2019,True,0,4665
AQ,AQ,2017-11-03,2019-10-14,,False,2019,True,0,4666
BID,BID,1988-05-13,2019-10-14,,False,2019,True,0,4667
DHCPQ,DHCPQ,2018-02-06,2019-10-14,,False,2019,True,0,4668
NCI,NCI,1996-10-04,2019-10-14,,False,2019,True,0,4669
VSM,VSM,2016-10-03,2019-10-14,,False,2019,True,0,4670
DRYS,DRYS,2005-02-03,2019-10-11,,False,2019,True,0,4671
TYPE,TYPE,2007-07-25,2019-10-11,,False,2019,True,0,4672
ARGSQ,ARGSQ,2014-02-07,2019-10-10,,False,2019,True,0,4673
CTWS,CTWS,1992-02-25,2019-10-09,,False,2019,True,0,4674
ROX,ROX,2006-04-07,2019-10-09,,False,2019,True,0,4675
CBLK,CBLK,2018-05-04,2019-10-08,,False,2019,True,0,4676
HKRSQ,HKRSQ,2004-05-25,2019-10-08,,False,2019,True,0,4677
OAK,OAK,2012-04-12,2019-10-08,,False,2019,True,0,4678
TOWR,TOWR,2010-10-15,2019-10-08,,False,2019,True,0,4679
NRE,NRE,2015-11-02,2019-10-07,,False,2019,True,0,4680
TCGP,TCGP,2017-09-07,2019-10-04,,False,2019,True,0,4681
PNTR,PNTR,1994-06-17,2019-10-03,,False,2019,True,0,4682
GLADN,GLADN,2017-09-28,2019-10-01,,False,2019,True,0,4683
NUANV,NUANV,2019-09-24,2019-10-01,,False,2019,True,0,4684
TRCO,TRCO,2013-01-07,2019-09-27,,False,2019,True,0,4685
CHSP,CHSP,2010-01-26,2019-09-26,,False,2019,True,0,4686
CRAY,CRAY,1995-09-27,2019-09-25,,False,2019,True,0,4687
DFRG,DFRG,2012-07-27,2019-09-25,,False,2019,True,0,4688
SFLY,SFLY,2006-09-29,2019-09-25,,False,2019,True,0,4689
FNSR,FNSR,1999-11-12,2019-09-24,,False,2019,True,0,4690
SEHI,SEHI,2017-09-29,2019-09-24,,False,2019,True,0,4691
SKIS,SKIS,2014-11-21,2019-09-24,,False,2019,True,0,4692
BTTGY,BTTGY,1984-12-03,2019-09-23,,False,2019,True,0,4693
IMI,IMI,2011-11-18,2019-09-20,,False,2019,True,0,4694
MSL,MSL,1993-04-26,2019-09-20,,False,2019,True,0,4695
EMCI,EMCI,1990-03-26,2019-09-19,,False,2019,True,0,4696
TRK,TRK,1995-02-24,2019-09-17,,False,2019,True,0,4697
ASV,ASV,2017-05-12,2019-09-11,,False,2019,True,0,4698
MMDM,MMDM,2017-06-07,2019-09-11,,False,2019,True,0,4699
NXTDW,NXTDW,2014-09-24,2019-09-11,,False,2019,True,0,4700
HLTH,HLTH,2009-02-13,2019-09-10,,False,2019,True,0,4701
MMDMR,MMDMR,2017-06-07,2019-09-10,,False,2019,True,0,4702
MMDMU,MMDMU,2017-05-12,2019-09-10,,False,2019,True,0,4703
HYGS,HYGS,2000-11-01,2019-09-09,,False,2019,True,0,4704
MMDMW,MMDMW,2017-06-07,2019-09-09,,False,2019,True,0,4705
SDLP,SDLP,2012-10-19,2019-09-05,,False,2019,True,0,4706
MBTF,MBTF,1999-01-04,2019-09-03,,False,2019,True,0,4707
ASCMA,ASCMA,2008-09-18,2019-08-30,,False,2019,True,0,4708
CTEST-P,CTEST-P,2019-07-25,2019-08-30,,False,2019,True,0,4709
CTEST-W,CTEST-W,2019-07-25,2019-08-30,,False,2019,True,0,4710
NTEST-R,NTEST-R,2019-07-03,2019-08-30,,False,2019,True,0,4711
PCMI,PCMI,1995-04-04,2019-08-30,,False,2019,True,0,4712
WAGE,WAGE,2012-05-11,2019-08-30,,False,2019,True,0,4713
AFGC,AFGC,2011-08-04,2019-08-29,,False,2019,True,0,4714
CNACR,CNACR,2017-08-10,2019-08-29,,False,2019,True,0,4715
ORGOW,ORGOW,2017-01-05,2019-08-29,,False,2019,True,0,4716
NEWTZ,NEWTZ,2015-09-28,2019-08-28,,False,2019,True,0,4717
CNACU,CNACU,2017-06-20,2019-08-26,,False,2019,True,0,4718
OKDCC,OKDCC,2017-11-29,2019-08-26,,False,2019,True,0,4719
CMRO,CMRO,1976-10-15,2019-08-22,,False,2019,True,0,4720
APU,APU,1995-04-12,2019-08-21,,False,2019,True,0,4721
CLRBW,CLRBW,2014-08-15,2019-08-20,,False,2019,True,0,4722
ENIA-R,ENIA-R,2019-07-08,2019-08-20,,False,2019,True,0,4723
HIVE,HIVE,2014-03-28,2019-08-20,,False,2019,True,0,4724
AIY,AIY,2013-06-26,2019-08-19,,False,2019,True,0,4725
BKS,BKS,1993-09-28,2019-08-19,,False,2019,True,0,4726
DATA,DATA,2013-05-17,2019-08-19,,False,2019,True,0,4727
KMPA,KMPA,2014-09-22,2019-08-19,,False,2019,True,0,4728
DCUD,DCUD,2016-08-10,2019-08-14,,False,2019,True,0,4729
BRACR,BRACR,2017-10-25,2019-08-09,,False,2019,True,0,4730
BRACU,BRACU,2017-10-05,2019-08-09,,False,2019,True,0,4731
APC,APC,1986-09-09,2019-08-08,,False,2019,True,0,4732
BIQI,BIQI,2010-07-20,2019-08-08,,False,2019,True,0,4733
ANDX,ANDX,2011-04-20,2019-08-07,,False,2019,True,0,4734
BRSS,BRSS,2013-05-23,2019-08-07,,False,2019,True,0,4735
CTEST-B,CTEST-B,2019-07-25,2019-08-07,,False,2019,True,0,4736
CTEST-C,CTEST-C,2019-07-25,2019-08-07,,False,2019,True,0,4737
CTEST-D,CTEST-D,2019-07-25,2019-08-07,,False,2019,True,0,4738
CTEST-E,CTEST-E,2019-07-25,2019-08-07,,False,2019,True,0,4739
CTEST-F,CTEST-F,2019-07-25,2019-08-07,,False,2019,True,0,4740
CTEST-G,CTEST-G,2019-07-25,2019-08-07,,False,2019,True,0,4741
CTEST-H,CTEST-H,2019-07-25,2019-08-07,,False,2019,True,0,4742
CTEST-I,CTEST-I,2019-07-25,2019-08-07,,False,2019,True,0,4743
CTEST-J,CTEST-J,2019-07-25,2019-08-07,,False,2019,True,0,4744
CTEST-K,CTEST-K,2019-07-25,2019-08-07,,False,2019,True,0,4745
CTEST-L,CTEST-L,2019-07-25,2019-08-07,,False,2019,True,0,4746
CTEST-M,CTEST-M,2019-07-25,2019-08-07,,False,2019,True,0,4747
CTEST-N,CTEST-N,2019-07-25,2019-08-07,,False,2019,True,0,4748
CTEST-O,CTEST-O,2019-07-25,2019-08-07,,False,2019,True,0,4749
CTEST-Q,CTEST-Q,2019-07-25,2019-08-07,,False,2019,True,0,4750
CTEST-R,CTEST-R,2019-07-25,2019-08-07,,False,2019,True,0,4751
CTEST-S,CTEST-S,2019-07-25,2019-08-07,,False,2019,True,0,4752
CTEST-T,CTEST-T,2019-07-25,2019-08-07,,False,2019,True,0,4753
CTEST-U,CTEST-U,2019-07-25,2019-08-07,,False,2019,True,0,4754
CTEST-V,CTEST-V,2019-07-25,2019-08-07,,False,2019,True,0,4755
CTEST-WD,CTEST-WD,2019-07-25,2019-08-07,,False,2019,True,0,4756
CTEST-WS,CTEST-WS,2019-07-25,2019-08-07,,False,2019,True,0,4757
CTEST-X,CTEST-X,2019-07-25,2019-08-07,,False,2019,True,0,4758
CTEST-Y,CTEST-Y,2019-07-25,2019-08-07,,False,2019,True,0,4759
CTEST-Z,CTEST-Z,2019-07-25,2019-08-07,,False,2019,True,0,4760
IFS,IFS,2018-01-18,2019-08-07,,False,2019,True,0,4761
NTEST-A,NTEST-A,2016-09-19,2019-08-07,,False,2019,True,0,4762
NTEST-B,NTEST-B,2016-09-21,2019-08-07,,False,2019,True,0,4763
NTEST-C,NTEST-C,2016-09-27,2019-08-07,,False,2019,True,0,4764
NTEST-D,NTEST-D,2019-02-11,2019-08-07,,False,2019,True,0,4765
NTEST-E,NTEST-E,2019-07-25,2019-08-07,,False,2019,True,0,4766
NTEST-F,NTEST-F,2019-07-25,2019-08-07,,False,2019,True,0,4767
NTEST-S,NTEST-S,2019-07-03,2019-08-07,,False,2019,True,0,4768
NTEST-T,NTEST-T,2019-07-03,2019-08-07,,False,2019,True,0,4769
NTEST-U,NTEST-U,2019-07-05,2019-08-07,,False,2019,True,0,4770
NTEST-W,NTEST-W,2019-07-03,2019-08-07,,False,2019,True,0,4771
NTEST-WD,NTEST-WD,2019-06-24,2019-08-07,,False,2019,True,0,4772
NTEST-WS,NTEST-WS,2019-07-05,2019-08-07,,False,2019,True,0,4773
TI,TI,2003-10-09,2019-08-07,,False,2019,True,0,4774
TI-A,TI-A,2003-10-09,2019-08-07,,False,2019,True,0,4775
TST,TST,1999-05-11,2019-08-07,,False,2019,True,0,4776
UPLM,UPLM,2017-04-13,2019-08-07,,False,2019,True,0,4777
WP,WP,2018-01-12,2019-08-05,,False,2019,True,0,4778
CTRL,CTRL,2013-08-02,2019-08-01,,False,2019,True,0,4779
LINDW,LINDW,2015-07-09,2019-08-01,,False,2019,True,0,4780
NTEST-X,NTEST-X,2019-06-28,2019-08-01,,False,2019,True,0,4781
SLTB,SLTB,2014-09-29,2019-08-01,,False,2019,True,0,4782
SLTB-CL,SLTB-CL,2019-07-08,2019-08-01,,False,2019,True,0,4783
CIC-U,CIC-U,2017-08-16,2019-07-31,,False,2019,True,0,4784
CIC-WS,CIC-WS,2017-10-06,2019-07-31,,False,2019,True,0,4785
MTB-P,MTB-P,2014-09-24,2019-07-31,,False,2019,True,0,4786
TCF,TCF,1989-06-30,2019-07-31,,False,2019,True,0,4787
UQM,UQM,2000-10-02,2019-07-31,,False,2019,True,0,4788
ARRY,ARRY,2000-11-30,2019-07-30,,False,2019,True,0,4789
AMBR,AMBR,2014-03-21,2019-07-29,,False,2019,True,0,4790
HFBC,HFBC,1998-02-09,2019-07-26,,False,2019,True,0,4791
LEXEA,LEXEA,2016-11-04,2019-07-26,,False,2019,True,0,4792
LEXEB,LEXEB,2016-12-07,2019-07-26,,False,2019,True,0,4793
TLCVF,TLCVF,1997-07-02,2019-07-26,,False,2019,True,0,4794
EVFTC,EVFTC,2017-11-30,2019-07-25,,False,2019,True,0,4795
MGY-WS,MGY-WS,2017-06-26,2019-07-24,,False,2019,True,0,4796
EFII,EFII,1992-10-02,2019-07-23,,False,2019,True,0,4797
NTEST-V,NTEST-V,2019-07-08,2019-07-23,,False,2019,True,0,4798
AMID,AMID,2011-07-27,2019-07-22,,False,2019,True,0,4799
PETX,PETX,2013-06-27,2019-07-18,,False,2019,True,0,4800
SZC-R,SZC-R,2018-02-15,2019-07-17,,False,2019,True,0,4801
XYN,XYN,2017-07-18,2019-07-16,,False,2019,True,0,4802
HTZ-R,HTZ-R,2019-06-20,2019-07-11,,False,2019,True,0,4803
TBRGU,TBRGU,2018-06-19,2019-07-11,,False,2019,True,0,4804
KPFS,KPFS,2018-10-04,2019-07-08,,False,2019,True,0,4805
RHT,RHT,1999-08-11,2019-07-08,,False,2019,True,0,4806
LNC-WS,LNC-WS,1984-10-05,2019-07-05,,False,2019,True,0,4807
PULS,PULS,1972-06-01,2019-07-02,,False,2019,True,0,4808
CZFC,CZFC,1999-03-30,2019-07-01,,False,2019,True,0,4809
HF,HF,2007-01-31,2019-07-01,,False,2019,True,0,4810
LABL,LABL,1990-03-26,2019-07-01,,False,2019,True,0,4811
TTTM,TTTM,2013-07-18,2019-07-01,,False,2019,True,0,4812
BMS,BMS,1984-09-07,2019-06-28,,False,2019,True,0,4813
JASNW,JASNW,2014-09-24,2019-06-28,,False,2019,True,0,4814
LGCY,LGCY,2007-01-12,2019-06-28,,False,2019,True,0,4815
LXFT,LXFT,2013-06-26,2019-06-28,,False,2019,True,0,4816
IAA-WI,IAA-WI,2019-06-17,2019-06-27,,False,2019,True,0,4817
KAR-W,KAR-W,2019-06-17,2019-06-27,,False,2019,True,0,4818
SXCP,SXCP,2013-01-18,2019-06-27,,False,2019,True,0,4819
ALGI,ALGI,2016-01-06,2019-06-26,,False,2019,True,0,4820
UGNEQ,UGNEQ,2017-09-20,2019-06-25,,False,2019,True,0,4821
HIG-WS,HIG-WS,1995-12-15,2019-06-21,,False,2019,True,0,4822
MRT,MRT,2016-09-29,2019-06-21,,False,2019,True,0,4823
JSYNR,JSYNR,2016-04-26,2019-06-19,,False,2019,True,0,4824
JSYNU,JSYNU,2016-03-03,2019-06-19,,False,2019,True,0,4825
QTNA,QTNA,2016-10-28,2019-06-18,,False,2019,True,0,4826
MTECU,MTECU,2018-01-30,2019-06-17,,False,2019,True,0,4827
AED,AED,2005-11-23,2019-06-14,,False,2019,True,0,4828
AED-CL,AED-CL,2019-05-08,2019-06-14,,False,2019,True,0,4829
DTRM,DTRM,2015-10-19,2019-06-14,,False,2019,True,0,4830
ISF,ISF,2007-06-13,2019-06-14,,False,2019,True,0,4831
ISF-CL,ISF-CL,2019-04-26,2019-06-14,,False,2019,True,0,4832
NETS,NETS,2017-04-12,2019-06-14,,False,2019,True,0,4833
UWN,UWN,1999-05-03,2019-06-14,,False,2019,True,0,4834
DSKX,DSKX,2010-05-20,2019-06-12,,False,2019,True,0,4835
KEYW,KEYW,2010-10-01,2019-06-12,,False,2019,True,0,4836
NITE,NITE,2017-09-28,2019-06-07,,False,2019,True,0,4837
HCLP,HCLP,2012-08-16,2019-05-31,,False,2019,True,0,4838
OMAD,OMAD,2018-03-05,2019-05-31,,False,2019,True,0,4839
OMAD-U,OMAD-U,2018-01-18,2019-05-31,,False,2019,True,0,4840
OMAD-WS,OMAD-WS,2018-02-26,2019-05-31,,False,2019,True,0,4841
TVPT,TVPT,2014-09-25,2019-05-30,,False,2019,True,0,4842
OMNT,OMNT,2015-12-03,2019-05-24,,False,2019,True,0,4843
FRSH,FRSH,2014-05-02,2019-05-23,,False,2019,True,0,4844
NAVG,NAVG,1990-03-26,2019-05-23,,False,2019,True,0,4845
VFC-W,VFC-W,2019-05-21,2019-05-22,,False,2019,True,0,4846
USG,USG,1988-07-07,2019-05-20,,False,2019,True,0,4847
SIFI,SIFI,2004-10-01,2019-05-17,,False,2019,True,0,4848
HIFR,HIFR,2015-01-30,2019-05-16,,False,2019,True,0,4849
MXWL,MXWL,1990-03-26,2019-05-16,,False,2019,True,0,4850
SOHOK,SOHOK,2018-02-16,2019-05-15,,False,2019,True,0,4851
BCACR,BCACR,2017-07-18,2019-05-14,,False,2019,True,0,4852
IRDMB,IRDMB,2014-05-16,2019-05-14,,False,2019,True,0,4853
CCC-U,CCC-U,2018-09-07,2019-05-10,,False,2019,True,0,4854
ATTU,ATTU,1993-01-26,2019-05-06,,False,2019,True,0,4855
TISA,TISA,1996-11-25,2019-05-06,,False,2019,True,0,4856
ULTI,ULTI,1998-06-17,2019-05-03,,False,2019,True,0,4857
CMSSR,CMSSR,2017-11-06,2019-05-01,,False,2019,True,0,4858
CMSSU,CMSSU,2017-10-26,2019-05-01,,False,2019,True,0,4859
GPIC,GPIC,1994-03-29,2019-05-01,,False,2019,True,0,4860
FSBS,FSBS,2000-02-11,2019-04-30,,False,2019,True,0,4861
HBK,HBK,2012-10-10,2019-04-30,,False,2019,True,0,4862
LEVB,LEVB,2017-11-17,2019-04-30,,False,2019,True,0,4863
SSWN,SSWN,2014-04-08,2019-04-29,,False,2019,True,0,4864
WHLRW,WHLRW,2014-09-24,2019-04-29,,False,2019,True,0,4865
OMED,OMED,2013-07-18,2019-04-23,,False,2019,True,0,4866
ORM,ORM,2013-07-01,2019-04-23,,False,2019,True,0,4867
HFGIC,HFGIC,2017-12-07,2019-04-22,,False,2019,True,0,4868
CASM,CASM,1999-12-22,2019-04-18,,False,2019,True,0,4869
BEL,BEL,2000-08-03,2019-04-17,,False,2019,True,0,4870
CMTA,CMTA,2017-08-02,2019-04-17,,False,2019,True,0,4871
ELLI,ELLI,2011-04-15,2019-04-17,,False,2019,True,0,4872
GG,GG,1995-08-18,2019-04-17,,False,2019,True,0,4873
OSIR,OSIR,2006-08-09,2019-04-17,,False,2019,True,0,4874
VEAC,VEAC,2017-04-28,2019-04-15,,False,2019,True,0,4875
VEACU,VEACU,2017-04-11,2019-04-15,,False,2019,True,0,4876
VEACW,VEACW,2017-05-10,2019-04-15,,False,2019,True,0,4877
CAW,CAW,1984-09-07,2019-04-12,,False,2019,True,0,4878
RDC,RDC,1983-04-06,2019-04-11,,False,2019,True,0,4879
GGLR,GGLR,1998-12-31,2019-04-10,,False,2019,True,0,4880
EHIC,EHIC,2014-11-18,2019-04-09,,False,2019,True,0,4881
IVANF,IVANF,2017-09-18,2019-04-09,,False,2019,True,0,4882
ARRS,ARRS,1993-09-17,2019-04-04,,False,2019,True,0,4883
ESCRQ,ESCRQ,1995-03-27,2019-04-04,,False,2019,True,0,4884
FBCI,FBCI,2017-10-11,2019-04-03,,False,2019,True,0,4885
PGLC,PGLC,2010-11-15,2019-04-03,,False,2019,True,0,4886
AST,AST,2014-07-21,2019-04-02,,False,2019,True,0,4887
IMDZ,IMDZ,2014-07-24,2019-04-02,,False,2019,True,0,4888
CYCNV,CYCNV,2019-03-18,2019-04-01,,False,2019,True,0,4889
DWDP-W,DWDP-W,2019-03-20,2019-04-01,,False,2019,True,0,4890
TIS,TIS,2005-07-15,2019-04-01,,False,2019,True,0,4891
BHBK,BHBK,2014-07-22,2019-03-29,,False,2019,True,0,4892
BLMT,BLMT,2011-10-05,2019-03-29,,False,2019,True,0,4893
HMTA,HMTA,2007-09-26,2019-03-29,,False,2019,True,0,4894
IDTI,IDTI,1990-03-26,2019-03-29,,False,2019,True,0,4895
NCOM,NCOM,2015-03-19,2019-03-29,,False,2019,True,0,4896
SCAC,SCAC,2016-11-15,2019-03-29,,False,2019,True,0,4897
SCACU,SCACU,2016-09-16,2019-03-29,,False,2019,True,0,4898
SCACW,SCACW,2016-11-15,2019-03-29,,False,2019,True,0,4899
DDE,DDE,2002-03-19,2019-03-28,,False,2019,True,0,4900
SGZA,SGZA,2013-02-22,2019-03-25,,False,2019,True,0,4901
SGZA-CL,SGZA-CL,2019-03-04,2019-03-25,,False,2019,True,0,4902
SKBI,SKBI,2006-02-16,2019-03-25,,False,2019,True,0,4903
MBFIO,MBFIO,2017-11-16,2019-03-22,,False,2019,True,0,4904
MBFI,MBFI,1995-04-07,2019-03-21,,False,2019,True,0,4905
TFCF,TFCF,1987-12-30,2019-03-20,,False,2019,True,0,4906
TFCFA,TFCFA,1996-03-11,2019-03-20,,False,2019,True,0,4907
SBBC,SBBC,2017-04-11,2019-03-19,,False,2019,True,0,4908
TAHO,TAHO,2010-09-23,2019-03-18,,False,2019,True,0,4909
EAGLU,EAGLU,2013-07-25,2019-03-15,,False,2019,True,0,4910
WTRHW,WTRHW,2016-09-07,2019-03-15,,False,2019,True,0,4911
ESL,ESL,1973-05-03,2019-03-14,,False,2019,True,0,4912
LTN-R,LTN-R,2018-03-22,2019-03-14,,False,2019,True,0,4913
LTN-U,LTN-U,2018-02-28,2019-03-14,,False,2019,True,0,4914
ASNS,ASNS,2017-11-16,2019-03-13,,False,2019,True,0,4915
ELAN-W,ELAN-W,2019-03-01,2019-03-13,,False,2019,True,0,4916
LLY-WD,LLY-WD,2001-01-02,2019-03-13,,False,2019,True,0,4917
AMGP,AMGP,2017-05-04,2019-03-12,,False,2019,True,0,4918
NTRI,NTRI,2000-03-30,2019-03-08,,False,2019,True,0,4919
VZA,VZA,2014-02-26,2019-03-08,,False,2019,True,0,4920
VZA-CL,VZA-CL,2019-02-08,2019-03-08,,False,2019,True,0,4921
WMGIZ,WMGIZ,2013-03-05,2019-03-08,,False,2019,True,0,4922
GRBIC,GRBIC,2018-02-21,2019-03-07,,False,2019,True,0,4923
NSU,NSU,2002-12-19,2019-03-07,,False,2019,True,0,4924
PQUEQ,PQUEQ,2001-01-02,2019-03-05,,False,2019,True,0,4925
SPA,SPA,1973-05-03,2019-03-04,,False,2019,True,0,4926
EGLTQ,EGLTQ,2014-02-06,2019-03-01,,False,2019,True,0,4927
LLEN,LLEN,2009-01-05,2019-03-01,,False,2019,True,0,4928
LTHM,LTHM,2018-10-11,2019-03-01,,False,2019,True,0,4929
REN,REN,2007-10-08,2019-03-01,,False,2019,True,0,4930
BNCL,BNCL,2007-07-16,2019-02-28,,False,2019,True,0,4931
LIWA,LIWA,2017-09-21,2019-02-28,,False,2019,True,0,4932
NXEO,NXEO,2014-09-24,2019-02-28,,False,2019,True,0,4933
NXEOU,NXEOU,2014-06-06,2019-02-28,,False,2019,True,0,4934
WES,WES,2008-05-09,2019-02-28,,False,2019,True,0,4935
P,P,2011-06-15,2019-02-26,,False,2019,True,0,4936
SEND,SEND,2017-11-15,2019-02-26,,False,2019,True,0,4937
TLP,TLP,2005-05-25,2019-02-26,,False,2019,True,0,4938
VVC,VVC,1987-11-05,2019-02-26,,False,2019,True,0,4939
WRD,WRD,2016-12-14,2019-02-26,,False,2019,True,0,4940
MOC,MOC,1992-10-26,2019-02-21,,False,2019,True,0,4941
NXTM,NXTM,2005-10-27,2019-02-21,,False,2019,True,0,4942
ORBK,ORBK,1990-03-26,2019-02-20,,False,2019,True,0,4943
GTYHU,GTYHU,2016-10-27,2019-02-19,,False,2019,True,0,4944
AHL,AHL,2003-12-05,2019-02-15,,False,2019,True,0,4945
LOXO,LOXO,2014-08-01,2019-02-15,,False,2019,True,0,4946
MB,MB,2015-06-19,2019-02-15,,False,2019,True,0,4947
RRTS-R,RRTS-R,2019-02-06,2019-02-15,,False,2019,True,0,4948
NFX,NFX,1993-11-12,2019-02-14,,False,2019,True,0,4949
IPAS,IPAS,2003-09-29,2019-02-13,,False,2019,True,0,4950
ATHN,ATHN,2007-09-20,2019-02-11,,False,2019,True,0,4951
HSICV,HSICV,2019-02-06,2019-02-07,,False,2019,True,0,4952
ONSM,ONSM,1997-07-30,2019-02-07,,False,2019,True,0,4953
LKM,LKM,2011-05-05,2019-02-06,,False,2019,True,0,4954
VLP,VLP,2013-12-11,2019-02-04,,False,2019,True,0,4955
ESIO,ESIO,1990-03-26,2019-02-01,,False,2019,True,0,4956
HTGX,HTGX,2014-07-17,2019-02-01,,False,2019,True,0,4957
HTGX-CL,HTGX-CL,2018-12-12,2019-02-01,,False,2019,True,0,4958
ANCX,ANCX,2004-07-19,2019-01-31,,False,2019,True,0,4959
ESI,ESI,2019-01-31,2019-01-31,,False,2019,True,0,4960
ESND,ESND,1990-03-26,2019-01-31,,False,2019,True,0,4961
CVRR,CVRR,2013-01-17,2019-01-30,,False,2019,True,0,4962
VTRB,VTRB,2013-03-11,2019-01-29,,False,2019,True,0,4963
BOJA,BOJA,2015-05-08,2019-01-28,,False,2019,True,0,4964
CLIRW,CLIRW,2017-01-27,2019-01-25,,False,2019,True,0,4965
ENLK,ENLK,2003-02-25,2019-01-25,,False,2019,True,0,4966
INVC,INVC,2017-10-16,2019-01-22,,False,2019,True,0,4967
EQGP,EQGP,2015-05-12,2019-01-18,,False,2019,True,0,4968
KANG,KANG,2014-04-09,2019-01-18,,False,2019,True,0,4969
TSRO,TSRO,2012-06-28,2019-01-18,,False,2019,True,0,4970
HQCL,HQCL,2006-12-20,2019-01-16,,False,2019,True,0,4971
TCBIW,TCBIW,2010-03-12,2019-01-16,,False,2019,True,0,4972
CYHHZ,CYHHZ,2014-09-24,2019-01-11,,False,2019,True,0,4973
EGL,EGL,2012-07-18,2019-01-11,,False,2019,True,0,4974
INTX,INTX,2004-04-30,2019-01-11,,False,2019,True,0,4975
APTI,APTI,2016-09-23,2019-01-10,,False,2019,True,0,4976
IMPV,IMPV,2011-11-09,2019-01-10,,False,2019,True,0,4977
SHPG,SHPG,1998-03-25,2019-01-08,,False,2019,True,0,4978
BBOX,BBOX,1992-12-17,2019-01-07,,False,2019,True,0,4979
CVON,CVON,2018-02-21,2019-01-04,,False,2019,True,0,4980
FSAC,FSAC,2017-09-08,2019-01-04,,False,2019,True,0,4981
FSACW,FSACW,2017-09-08,2019-01-04,,False,2019,True,0,4982
FBR,FBR,2000-04-14,2019-01-03,,False,2019,True,0,4983
HDP,HDP,2014-12-12,2019-01-03,,False,2019,True,0,4984
BVX,BVX,1999-02-22,2018-12-31,,False,2018,True,0,4985
FCB,FCB,2014-08-01,2018-12-31,,False,2018,True,0,4986
FSACU,FSACU,2017-08-30,2018-12-31,,False,2018,True,0,4987
GBNK,GBNK,2005-10-03,2018-12-31,,False,2018,True,0,4988
GNBC,GNBC,2014-08-08,2018-12-31,,False,2018,True,0,4989
GOLD,GOLD,2002-07-30,2018-12-31,,False,2018,True,0,4990
SIR,SIR,2012-03-07,2018-12-31,,False,2018,True,0,4991
STBZ,STBZ,2009-12-23,2018-12-31,,False,2018,True,0,4992
DVMT,DVMT,2016-08-17,2018-12-27,,False,2018,True,0,4993
PNC-WS,PNC-WS,1988-09-07,2018-12-26,,False,2018,True,0,4994
FFBCW,FFBCW,2010-06-03,2018-12-24,,False,2018,True,0,4995
ECYT,ECYT,2011-02-04,2018-12-21,,False,2018,True,0,4996
GMET,GMET,2016-01-05,2018-12-21,,False,2018,True,0,4997
XOXO,XOXO,1999-12-02,2018-12-21,,False,2018,True,0,4998
EEP,EEP,1991-12-20,2018-12-20,,False,2018,True,0,4999
EEQ,EEQ,2002-10-11,2018-12-20,,False,2018,True,0,5000
CCT,CCT,2011-06-28,2018-12-19,,False,2018,True,0,5001
DOTA,DOTA,2017-10-12,2018-12-19,,False,2018,True,0,5002
DOTAR,DOTAR,2017-10-12,2018-12-19,,False,2018,True,0,5003
DOTAW,DOTAW,2017-10-12,2018-12-19,,False,2018,True,0,5004
MTB-WS,MTB-WS,1991-10-04,2018-12-19,,False,2018,True,0,5005
MZOR,MZOR,2013-05-28,2018-12-19,,False,2018,True,0,5006
OIBR-R,OIBR-R,2018-11-20,2018-12-19,,False,2018,True,0,5007
CQH,CQH,2013-12-13,2018-12-18,,False,2018,True,0,5008
CVG,CVG,1998-08-13,2018-12-14,,False,2018,True,0,5009
CYTXW,CYTXW,2016-06-15,2018-12-14,,False,2018,True,0,5010
KS,KS,2005-09-14,2018-12-14,,False,2018,True,0,5011
PHH,PHH,2005-01-19,2018-12-14,,False,2018,True,0,5012
SEP,SEP,2007-07-26,2018-12-14,,False,2018,True,0,5013
SVU,SVU,1985-07-01,2018-12-14,,False,2018,True,0,5014
WTFCW,WTFCW,2011-02-09,2018-12-14,,False,2018,True,0,5015
XRM,XRM,2005-05-16,2018-12-14,,False,2018,True,0,5016
DWCH,DWCH,1992-05-29,2018-12-13,,False,2018,True,0,5017
NAP,NAP,2014-11-13,2018-12-13,,False,2018,True,0,5018
YECO,YECO,2015-06-26,2018-12-13,,False,2018,True,0,5019
ADCC,ADCC,2018-02-07,2018-12-12,,False,2018,True,0,5020
KERX,KERX,2000-07-28,2018-12-12,,False,2018,True,0,5021
SBNYW,SBNYW,2010-03-11,2018-12-12,,False,2018,True,0,5022
DOTAU,DOTAU,2017-09-15,2018-12-11,,False,2018,True,0,5023
RIBTW,RIBTW,2014-09-24,2018-12-11,,False,2018,True,0,5024
RSYS,RSYS,1995-10-20,2018-12-11,,False,2018,True,0,5025
FCE-A,FCE-A,1983-10-25,2018-12-10,,False,2018,True,0,5026
OCLR,OCLR,2000-04-11,2018-12-10,,False,2018,True,0,5027
PBSK,PBSK,2011-09-14,2018-12-10,,False,2018,True,0,5028
SONC,SONC,1991-02-28,2018-12-10,,False,2018,True,0,5029
JTPY,JTPY,2012-05-11,2018-12-06,,False,2018,True,0,5030
ARII,ARII,2006-01-23,2018-12-04,,False,2018,True,0,5031
FSFF,FSFF,2016-03-16,2018-12-04,,False,2018,True,0,5032
JDOGQ,JDOGQ,2017-09-26,2018-12-04,,False,2018,True,0,5033
ORIG,ORIG,2011-09-19,2018-12-04,,False,2018,True,0,5034
SODA,SODA,2010-11-03,2018-12-04,,False,2018,True,0,5035
INDUU,INDUU,2017-07-27,2018-12-03,,False,2018,True,0,5036
BGCPV,BGCPV,2018-11-20,2018-11-30,,False,2018,True,0,5037
LHO,LHO,1998-04-24,2018-11-30,,False,2018,True,0,5038
MITL,MITL,2010-04-22,2018-11-30,,False,2018,True,0,5039
AFSI,AFSI,2006-11-13,2018-11-29,,False,2018,True,0,5040
EGN,EGN,1984-07-19,2018-11-29,,False,2018,True,0,5041
CORI,CORI,2014-04-03,2018-11-27,,False,2018,True,0,5042
JHA,JHA,2015-11-13,2018-11-26,,False,2018,True,0,5043
RITTW,RITTW,2016-01-04,2018-11-23,,False,2018,True,0,5044
FNCX,FNCX,1990-03-26,2018-11-21,,False,2018,True,0,5045
IAMXR,IAMXR,2017-10-09,2018-11-21,,False,2018,True,0,5046
KAP,KAP,2012-10-17,2018-11-21,,False,2018,True,0,5047
ZOES,ZOES,2014-04-11,2018-11-21,,False,2018,True,0,5048
KAP-CL,KAP-CL,2018-10-26,2018-11-20,,False,2018,True,0,5049
BPFHW,BPFHW,2011-02-02,2018-11-19,,False,2018,True,0,5050
ASB-WS,ASB-WS,2014-12-23,2018-11-16,,False,2018,True,0,5051
LPNT,LPNT,1999-05-12,2018-11-16,,False,2018,True,0,5052
ANCB,ANCB,2011-01-26,2018-11-15,,False,2018,True,0,5053
GLF,GLF,1997-05-01,2018-11-15,,False,2018,True,0,5054
GLF-WS,GLF-WS,2017-11-16,2018-11-15,,False,2018,True,0,5055
CALL,CALL,1996-02-07,2018-11-14,,False,2018,True,0,5056
WAFDW,WAFDW,2010-03-10,2018-11-14,,False,2018,True,0,5057
ZIONZ,ZIONZ,2014-09-26,2018-11-14,,False,2018,True,0,5058
CATYW,CATYW,2014-10-10,2018-11-13,,False,2018,True,0,5059
EQT-W,EQT-W,2018-10-31,2018-11-12,,False,2018,True,0,5060
CMA-WS,CMA-WS,1980-03-17,2018-11-09,,False,2018,True,0,5061
COF-WS,COF-WS,1994-11-16,2018-11-09,,False,2018,True,0,5062
KAACU,KAACU,2017-03-30,2018-11-09,,False,2018,True,0,5063
KTWO,KTWO,2014-05-08,2018-11-09,,False,2018,True,0,5064
PRSS,PRSS,2012-03-29,2018-11-09,,False,2018,True,0,5065
TCF-WS,TCF-WS,2017-05-08,2018-11-09,,False,2018,True,0,5066
VLYWW,VLYWW,2008-07-11,2018-11-09,,False,2018,True,0,5067
VNLPY,VNLPY,2007-07-13,2018-11-07,,False,2018,True,0,5068
WSCI,WSCI,1990-03-27,2018-11-07,,False,2018,True,0,5069
NYRT,NYRT,2014-04-15,2018-11-06,,False,2018,True,0,5070
CRDA,CRDA,2001-08-16,2018-11-05,,False,2018,True,0,5071
EACQ,EACQ,2015-10-02,2018-11-05,,False,2018,True,0,5072
EACQW,EACQW,2015-10-21,2018-11-05,,False,2018,True,0,5073
SMPLW,SMPLW,2017-07-10,2018-11-05,,False,2018,True,0,5074
SNMX,SNMX,2004-06-22,2018-11-05,,False,2018,True,0,5075
TCRX,TCRX,2014-11-24,2018-11-02,,False,2018,True,0,5076
TCRX-CL,TCRX-CL,2018-10-08,2018-11-02,,False,2018,True,0,5077
EDGW,EDGW,1996-11-15,2018-11-01,,False,2018,True,0,5078
BHACR,BHACR,2015-03-06,2018-10-31,,False,2018,True,0,5079
BKHU,BKHU,2015-11-30,2018-10-31,,False,2018,True,0,5080
RIV-R,RIV-R,2018-10-03,2018-10-31,,False,2018,True,0,5081
RLJE,RLJE,2011-04-08,2018-10-31,,False,2018,True,0,5082
TRN-W,TRN-W,2018-10-30,2018-10-31,,False,2018,True,0,5083
FCEA,FCEA,2017-07-13,2018-10-30,,False,2018,True,0,5084
BFA,BFA,2017-09-08,2018-10-29,,False,2018,True,0,5085
BWLA,BWLA,2009-09-08,2018-10-29,,False,2018,True,0,5086
EBRB,EBRB,2018-10-29,2018-10-29,,False,2018,True,0,5087
DSXN,DSXN,2015-05-29,2018-10-26,,False,2018,True,0,5088
DSXN-CL,DSXN-CL,2018-10-01,2018-10-26,,False,2018,True,0,5089
PF,PF,2013-03-28,2018-10-26,,False,2018,True,0,5090
EMON,EMON,2015-04-27,2018-10-25,,False,2018,True,0,5091
STLRU,STLRU,2016-08-19,2018-10-25,,False,2018,True,0,5092
WFC-WS,WFC-WS,1972-06-01,2018-10-24,,False,2018,True,0,5093
EACQU,EACQU,2015-07-30,2018-10-23,,False,2018,True,0,5094
IVTY,IVTY,2015-06-15,2018-10-23,,False,2018,True,0,5095
JPM-WS,JPM-WS,2001-04-03,2018-10-23,,False,2018,True,0,5096
MBNAA,MBNAA,2018-08-29,2018-10-23,,False,2018,True,0,5097
MBNAB,MBNAB,2018-08-29,2018-10-23,,False,2018,True,0,5098
PERY,PERY,1993-05-28,2018-10-22,,False,2018,True,0,5099
EGC,EGC,2017-01-09,2018-10-19,,False,2018,True,0,5100
ETP,ETP,2002-02-05,2018-10-19,,False,2018,True,0,5101
ADXSW,ADXSW,2013-10-17,2018-10-18,,False,2018,True,0,5102
ETE,ETE,2006-02-03,2018-10-18,,False,2018,True,0,5103
CERCW,CERCW,2015-11-16,2018-10-17,,False,2018,True,0,5104
GSHT,GSHT,2017-03-24,2018-10-17,,False,2018,True,0,5105
GSHTU,GSHTU,2017-01-13,2018-10-17,,False,2018,True,0,5106
GSHTW,GSHTW,2017-03-06,2018-10-17,,False,2018,True,0,5107
HCAC-U,HCAC-U,2017-06-23,2018-10-17,,False,2018,True,0,5108
TPIV,TPIV,2013-09-26,2018-10-17,,False,2018,True,0,5109
IMUC-WS,IMUC-WS,2016-08-12,2018-10-16,,False,2018,True,0,5110
GPT,GPT,2004-08-02,2018-10-15,,False,2018,True,0,5111
PNK,PNK,1990-03-26,2018-10-15,,False,2018,True,0,5112
REIS,REIS,1995-08-18,2018-10-15,,False,2018,True,0,5113
VSAR,VSAR,2014-03-21,2018-10-15,,False,2018,True,0,5114
DDR,DDR,1993-02-02,2018-10-11,,False,2018,True,0,5115
WEB,WEB,2015-11-10,2018-10-11,,False,2018,True,0,5116
SYNT,SYNT,1997-08-12,2018-10-10,,False,2018,True,0,5117
WMIH,WMIH,2012-03-28,2018-10-10,,False,2018,True,0,5118
KLXI,KLXI,2014-12-03,2018-10-09,,False,2018,True,0,5119
TRNC,TRNC,2014-07-24,2018-10-09,,False,2018,True,0,5120
WLBA,WLBA,2001-01-02,2018-10-09,,False,2018,True,0,5121
WMLP,WMLP,2010-07-14,2018-10-09,,False,2018,True,0,5122
CVM-WS,CVM-WS,2014-09-22,2018-10-08,,False,2018,True,0,5123
MRNA,MRNA,1993-12-07,2018-10-08,,False,2018,True,0,5124
VLY-WS,VLY-WS,2014-09-22,2018-10-08,,False,2018,True,0,5125
CWAY,CWAY,2014-01-15,2018-10-05,,False,2018,True,0,5126
IMCL,IMCL,2016-01-19,2018-10-05,,False,2018,True,0,5127
ACXM,ACXM,1984-09-07,2018-10-01,,False,2018,True,0,5128
AIMCV,AIMCV,2006-12-15,2018-10-01,,False,2018,True,0,5129
CGG,CGG,1997-05-07,2018-10-01,,False,2018,True,0,5130
FBNK,FBNK,2011-06-30,2018-10-01,,False,2018,True,0,5131
XCRA,XCRA,1990-03-26,2018-10-01,,False,2018,True,0,5132
AFCB,AFCB,2010-01-07,2018-09-28,,False,2018,True,0,5133
ALN,ALN,2009-09-14,2018-09-28,,False,2018,True,0,5134
BOFI,BOFI,2005-03-15,2018-09-28,,False,2018,True,0,5135
BOFIL,BOFIL,2016-03-04,2018-09-28,,False,2018,True,0,5136
COBZ,COBZ,1998-06-18,2018-09-28,,False,2018,True,0,5137
FTDRV,FTDRV,2018-09-13,2018-09-28,,False,2018,True,0,5138
ITUS,ITUS,2015-07-10,2018-09-28,,False,2018,True,0,5139
RMGN,RMGN,2011-06-17,2018-09-28,,False,2018,True,0,5140
SLD,SLD,2013-02-08,2018-09-28,,False,2018,True,0,5141
SLDD,SLDD,2018-05-02,2018-09-28,,False,2018,True,0,5142
SLDA,SLDA,2017-08-11,2018-09-27,,False,2018,True,0,5143
BTX-WS,BTX-WS,2014-10-02,2018-09-26,,False,2018,True,0,5144
HOLL,HOLL,2014-02-18,2018-09-25,,False,2018,True,0,5145
UCBA,UCBA,2006-03-31,2018-09-24,,False,2018,True,0,5146
BNGOU,BNGOU,2018-08-21,2018-09-20,,False,2018,True,0,5147
EASTW,EASTW,2017-08-10,2018-09-20,,False,2018,True,0,5148
LGCYO,LGCYO,2014-06-12,2018-09-20,,False,2018,True,0,5149
LGCYP,LGCYP,2014-04-14,2018-09-20,,False,2018,True,0,5150
KLXEV,KLXEV,2018-08-29,2018-09-14,,False,2018,True,0,5151
KLXIV,KLXIV,2018-08-29,2018-09-14,,False,2018,True,0,5152
NYLD,NYLD,2015-05-15,2018-09-14,,False,2018,True,0,5153
NYLD-A,NYLD-A,2015-05-14,2018-09-14,,False,2018,True,0,5154
SRCLP,SRCLP,2015-09-16,2018-09-14,,False,2018,True,0,5155
JMBA,JMBA,2005-07-28,2018-09-13,,False,2018,True,0,5156
NDRO,NDRO,2011-11-03,2018-09-13,,False,2018,True,0,5157
KONE,KONE,2010-05-14,2018-09-12,,False,2018,True,0,5158
XSPL,XSPL,2018-05-03,2018-09-12,,False,2018,True,0,5159
JWA,JWA,2001-08-16,2018-09-07,,False,2018,True,0,5160
MTGE,MTGE,2011-08-04,2018-09-07,,False,2018,True,0,5161
MTGEP,MTGEP,2014-05-19,2018-09-07,,False,2018,True,0,5162
QSII,QSII,1995-08-18,2018-09-07,,False,2018,True,0,5163
RENX,RENX,1994-10-07,2018-09-07,,False,2018,True,0,5164
GST,GST,2006-01-05,2018-09-06,,False,2018,True,0,5165
BGCA,BGCA,2012-07-03,2018-09-04,,False,2018,True,0,5166
CHFN,CHFN,2002-08-02,2018-08-31,,False,2018,True,0,5167
CTU,CTU,2012-08-03,2018-08-31,,False,2018,True,0,5168
CTW,CTW,2012-05-10,2018-08-31,,False,2018,True,0,5169
ILG,ILG,2008-08-12,2018-08-31,,False,2018,True,0,5170
GAINO,GAINO,2014-11-13,2018-08-30,,False,2018,True,0,5171
STDY,STDY,2015-03-20,2018-08-30,,False,2018,True,0,5172
TCCA,TCCA,2012-10-23,2018-08-30,,False,2018,True,0,5173
TCCB,TCCB,2015-02-10,2018-08-30,,False,2018,True,0,5174
DIGX,DIGX,2017-09-19,2018-08-28,,False,2018,True,0,5175
HPHW,HPHW,2016-01-04,2018-08-28,,False,2018,True,0,5176
KODK-WS,KODK-WS,2013-09-23,2018-08-28,,False,2018,True,0,5177
COTV,COTV,2016-05-26,2018-08-27,,False,2018,True,0,5178
HGT,HGT,1999-04-09,2018-08-24,,False,2018,True,0,5179
OSPR,OSPR,2017-09-08,2018-08-23,,False,2018,True,0,5180
OSPRU,OSPRU,2017-09-06,2018-08-23,,False,2018,True,0,5181
OSPRW,OSPRW,2017-09-20,2018-08-23,,False,2018,True,0,5182
ATAC,ATAC,2017-09-07,2018-08-22,,False,2018,True,0,5183
ATACR,ATACR,2017-09-07,2018-08-22,,False,2018,True,0,5184
ATACU,ATACU,2017-09-20,2018-08-22,,False,2018,True,0,5185
SHLM,SHLM,1986-07-09,2018-08-22,,False,2018,True,0,5186
ARLZ,ARLZ,2016-02-08,2018-08-21,,False,2018,True,0,5187
FFKT,FFKT,1993-03-04,2018-08-20,,False,2018,True,0,5188
MATR,MATR,2000-02-10,2018-08-20,,False,2018,True,0,5189
PAY,PAY,2005-04-29,2018-08-17,,False,2018,True,0,5190
DEPO,DEPO,1997-12-03,2018-08-14,,False,2018,True,0,5191
JNP,JNP,1991-08-07,2018-08-13,,False,2018,True,0,5192
WPZ,WPZ,2005-08-18,2018-08-13,,False,2018,True,0,5193
XPLR,XPLR,2008-03-07,2018-08-13,,False,2018,True,0,5194
FMI,FMI,2013-09-25,2018-08-10,,False,2018,True,0,5195
LBIX,LBIX,1993-08-02,2018-08-10,,False,2018,True,0,5196
LFGR,LFGR,2011-01-26,2018-08-10,,False,2018,True,0,5197
LGFB,LGFB,2016-12-09,2018-08-09,,False,2018,True,0,5198
RFT,RFT,2014-04-17,2018-08-09,,False,2018,True,0,5199
WHFBL,WHFBL,2013-07-22,2018-08-09,,False,2018,True,0,5200
TCAP,TCAP,2007-02-22,2018-08-02,,False,2018,True,0,5201
CPLA,CPLA,2006-11-10,2018-08-01,,False,2018,True,0,5202
CYS,CYS,2009-06-16,2018-08-01,,False,2018,True,0,5203
PCBC,PCBC,2016-01-04,2018-08-01,,False,2018,True,0,5204
BWINA,BWINA,1986-06-12,2018-07-31,,False,2018,True,0,5205
BWINB,BWINB,1986-05-14,2018-07-31,,False,2018,True,0,5206
IGEM,IGEM,2016-07-14,2018-07-31,,False,2018,True,0,5207
ONP,ONP,2007-10-01,2018-07-31,,False,2018,True,0,5208
TPGE,TPGE,2017-09-05,2018-07-31,,False,2018,True,0,5209
TPGE-U,TPGE-U,2017-05-05,2018-07-31,,False,2018,True,0,5210
AFFMQ,AFFMQ,2012-05-31,2018-07-30,,False,2018,True,0,5211
CUBS,CUBS,2013-08-02,2018-07-30,,False,2018,True,0,5212
MOGA,MOGA,2009-11-24,2018-07-27,,False,2018,True,0,5213
QCP,QCP,2016-11-01,2018-07-27,,False,2018,True,0,5214
WPXP,WPXP,2015-07-30,2018-07-27,,False,2018,True,0,5215
FNTE,FNTE,2017-03-27,2018-07-26,,False,2018,True,0,5216
FNTEU,FNTEU,2017-01-20,2018-07-26,,False,2018,True,0,5217
FNTEW,FNTEW,2017-03-22,2018-07-26,,False,2018,True,0,5218
MACQW,MACQW,2016-11-14,2018-07-24,,False,2018,True,0,5219
NSH,NSH,2006-07-14,2018-07-23,,False,2018,True,0,5220
FNGN,FNGN,2010-03-16,2018-07-20,,False,2018,True,0,5221
KLDX,KLDX,2015-10-07,2018-07-20,,False,2018,True,0,5222
RMP,RMP,2014-12-17,2018-07-20,,False,2018,True,0,5223
XGTIW,XGTIW,2013-07-19,2018-07-20,,False,2018,True,0,5224
RSPP,RSPP,2014-01-17,2018-07-19,,False,2018,True,0,5225
BWP,BWP,2005-11-10,2018-07-18,,False,2018,True,0,5226
HBM-WS,HBM-WS,2009-02-13,2018-07-17,,False,2018,True,0,5227
JASO,JASO,2007-02-07,2018-07-17,,False,2018,True,0,5228
OCIP,OCIP,2013-10-04,2018-07-16,,False,2018,True,0,5229
HRG,HRG,1983-04-06,2018-07-13,,False,2018,True,0,5230
OZRK,OZRK,1997-07-17,2018-07-13,,False,2018,True,0,5231
VRX,VRX,1994-03-30,2018-07-13,,False,2018,True,0,5232
CCCR,CCCR,2013-08-13,2018-07-12,,False,2018,True,0,5233
VCO,VCO,1994-10-17,2018-07-12,,False,2018,True,0,5234
TNTR,TNTR,2017-06-30,2018-07-11,,False,2018,True,0,5235
VII,VII,1992-03-17,2018-07-11,,False,2018,True,0,5236
IFON,IFON,2004-06-17,2018-07-10,,False,2018,True,0,5237
CAVM,CAVM,2007-05-02,2018-07-09,,False,2018,True,0,5238
DPS,DPS,2008-05-07,2018-07-09,,False,2018,True,0,5239
HTM,HTM,2005-05-20,2018-07-09,,False,2018,True,0,5240
MICTW,MICTW,2014-10-08,2018-07-09,,False,2018,True,0,5241
WGL,WGL,1987-06-22,2018-07-09,,False,2018,True,0,5242
FNBG,FNBG,2002-02-21,2018-07-06,,False,2018,True,0,5243
INPHQ,INPHQ,2016-01-04,2018-07-06,,False,2018,True,0,5244
IPCC,IPCC,2003-02-12,2018-07-05,,False,2018,True,0,5245
JRJR,JRJR,2016-01-04,2018-07-03,,False,2018,True,0,5246
OMAA,OMAA,2016-08-19,2018-07-03,,False,2018,True,0,5247
FTRPR,FTRPR,2015-06-10,2018-07-02,,False,2018,True,0,5248
KND,KND,2001-05-01,2018-07-02,,False,2018,True,0,5249
TEP,TEP,2013-05-14,2018-07-02,,False,2018,True,0,5250
HYH,HYH,2014-10-21,2018-06-29,,False,2018,True,0,5251
TEGP,TEGP,2015-05-07,2018-06-29,,False,2018,True,0,5252
YGE,YGE,2007-06-08,2018-06-29,,False,2018,True,0,5253
HAWK,HAWK,2013-04-19,2018-06-25,,False,2018,True,0,5254
KYO,KYO,1987-11-05,2018-06-25,,False,2018,True,0,5255
ALOG,ALOG,1984-09-07,2018-06-22,,False,2018,True,0,5256
ARMO,ARMO,2018-01-26,2018-06-22,,False,2018,True,0,5257
CLNS,CLNS,2014-06-27,2018-06-22,,False,2018,True,0,5258
CAFD,CAFD,2015-06-19,2018-06-20,,False,2018,True,0,5259
RPXC,RPXC,2011-05-04,2018-06-20,,False,2018,True,0,5260
AMBTQ,AMBTQ,2016-01-12,2018-06-18,,False,2018,True,0,5261
FINL,FINL,1992-06-09,2018-06-18,,False,2018,True,0,5262
PBIB,PBIB,2006-09-22,2018-06-18,,False,2018,True,0,5263
LAYN,LAYN,1992-08-20,2018-06-15,,False,2018,True,0,5264
UPGI,UPGI,2006-12-21,2018-06-15,,False,2018,True,0,5265
BPFHP,BPFHP,2013-04-19,2018-06-14,,False,2018,True,0,5266
JXSB,JXSB,1995-04-24,2018-06-14,,False,2018,True,0,5267
ZX,ZX,2011-05-16,2018-06-14,,False,2018,True,0,5268
GNRT,GNRT,2015-06-25,2018-06-12,,False,2018,True,0,5269
ELXS,ELXS,1983-11-10,2018-06-08,,False,2018,True,0,5270
AEUA,AEUA,2015-06-11,2018-06-07,,False,2018,True,0,5271
CXRX,CXRX,2015-06-29,2018-06-07,,False,2018,True,0,5272
BGC,BGC,1997-05-16,2018-06-06,,False,2018,True,0,5273
ELEC,ELEC,2015-09-24,2018-06-06,,False,2018,True,0,5274
ELECW,ELECW,2015-08-20,2018-06-06,,False,2018,True,0,5275
OA,OA,1990-10-03,2018-06-06,,False,2018,True,0,5276
ECCZ,ECCZ,2015-12-09,2018-06-05,,False,2018,True,0,5277
EQCO,EQCO,2012-07-30,2018-06-05,,False,2018,True,0,5278
GXP,GXP,1987-11-05,2018-06-05,,False,2018,True,0,5279
VDSI,VDSI,1998-05-21,2018-06-05,,False,2018,True,0,5280
WR,WR,1987-08-25,2018-06-05,,False,2018,True,0,5281
CNIT,CNIT,2006-09-12,2018-06-04,,False,2018,True,0,5282
RWC,RWC,1984-09-07,2018-06-04,,False,2018,True,0,5283
AHGP,AHGP,2006-05-10,2018-06-01,,False,2018,True,0,5284
FMSA,FMSA,2014-10-03,2018-06-01,,False,2018,True,0,5285
HSEA,HSEA,2008-04-03,2018-06-01,,False,2018,True,0,5286
HSEB,HSEB,2010-06-21,2018-06-01,,False,2018,True,0,5287
PGH,PGH,2002-04-10,2018-06-01,,False,2018,True,0,5288
DXC-W,DXC-W,2018-05-25,2018-05-31,,False,2018,True,0,5289
ELECU,ELECU,2015-06-11,2018-05-31,,False,2018,True,0,5290
LQ,LQ,2014-04-09,2018-05-31,,False,2018,True,0,5291
SBRAP,SBRAP,2013-03-21,2018-05-31,,False,2018,True,0,5292
WYN,WYN,2006-07-19,2018-05-31,,False,2018,True,0,5293
CEAI,CEAI,2017-09-20,2018-05-30,,False,2018,True,0,5294
MAXW,MAXW,2017-11-06,2018-05-30,,False,2018,True,0,5295
GEK,GEK,2013-05-21,2018-05-29,,False,2018,True,0,5296
HDNG,HDNG,1995-05-25,2018-05-29,,False,2018,True,0,5297
MSCC,MSCC,1990-03-26,2018-05-29,,False,2018,True,0,5298
BBRG,BBRG,2010-10-21,2018-05-25,,False,2018,True,0,5299
MESG,MESG,2015-09-08,2018-05-25,,False,2018,True,0,5300
OAKS,OAKS,2013-03-22,2018-05-25,,False,2018,True,0,5301
RSO,RSO,2006-02-07,2018-05-25,,False,2018,True,0,5302
HBHC,HBHC,1991-06-04,2018-05-24,,False,2018,True,0,5303
HBHCL,HBHCL,2015-04-01,2018-05-24,,False,2018,True,0,5304
ONCYF,ONCYF,2016-01-04,2018-05-24,,False,2018,True,0,5305
FFNM,FFNM,2005-04-04,2018-05-23,,False,2018,True,0,5306
LUK,LUK,1987-11-05,2018-05-23,,False,2018,True,0,5307
CHUBA,CHUBA,2016-07-22,2018-05-21,,False,2018,True,0,5308
CHUBK,CHUBK,2016-07-22,2018-05-21,,False,2018,True,0,5309
REXX,REXX,2007-07-25,2018-05-21,,False,2018,True,0,5310
ROSG,ROSG,2007-02-27,2018-05-21,,False,2018,True,0,5311
ZAIS,ZAIS,2013-03-22,2018-05-18,,False,2018,True,0,5312
CRME,CRME,2003-07-15,2018-05-16,,False,2018,True,0,5313
ONSIZ,ONSIZ,2016-06-20,2018-05-16,,False,2018,True,0,5314
AVXS,AVXS,2016-02-11,2018-05-15,,False,2018,True,0,5315
CPSL,CPSL,2014-05-27,2018-05-15,,False,2018,True,0,5316
AEK,AEK,2012-02-07,2018-05-14,,False,2018,True,0,5317
CBI,CBI,1997-03-27,2018-05-11,,False,2018,True,0,5318
LINU,LINU,2008-09-09,2018-05-11,,False,2018,True,0,5319
RAS,RAS,1998-01-09,2018-05-11,,False,2018,True,0,5320
EVEP,EVEP,2006-09-27,2018-05-10,,False,2018,True,0,5321
SGY,SGY,1993-07-09,2018-05-10,,False,2018,True,0,5322
SGY-WS,SGY-WS,2017-03-10,2018-05-09,,False,2018,True,0,5323
APLP,APLP,2015-11-04,2018-05-07,,False,2018,True,0,5324
BIOA,BIOA,2013-05-10,2018-05-07,,False,2018,True,0,5325
DXTR,DXTR,2006-02-03,2018-05-07,,False,2018,True,0,5326
AGII,AGII,1986-11-14,2018-05-04,,False,2018,True,0,5327
AGIIL,AGIIL,2012-09-25,2018-05-04,,False,2018,True,0,5328
BUFF,BUFF,2015-07-22,2018-05-04,,False,2018,True,0,5329
IPXL,IPXL,1995-12-19,2018-05-04,,False,2018,True,0,5330
PQ,PQ,1992-10-26,2018-05-04,,False,2018,True,0,5331
MULE,MULE,2017-03-17,2018-05-03,,False,2018,True,0,5332
ATGI,ATGI,2017-11-24,2018-05-02,,False,2018,True,0,5333
PEDE,PEDE,2017-09-05,2018-05-02,,False,2018,True,0,5334
TIL,TIL,2014-05-20,2018-05-02,,False,2018,True,0,5335
ANTX,ANTX,2015-05-14,2018-04-30,,False,2018,True,0,5336
MRDN,MRDN,2011-03-01,2018-04-30,,False,2018,True,0,5337
TGICQ,TGICQ,1993-10-22,2018-04-30,,False,2018,True,0,5338
CNXR,CNXR,2014-12-12,2018-04-27,,False,2018,True,0,5339
STB,STB,2007-12-07,2018-04-27,,False,2018,True,0,5340
ERN,ERN,2007-06-28,2018-04-26,,False,2018,True,0,5341
EVSNF,EVSNF,2013-12-06,2018-04-26,,False,2018,True,0,5342
MRDNW,MRDNW,2017-01-25,2018-04-25,,False,2018,True,0,5343
VELTF,VELTF,2016-01-04,2018-04-24,,False,2018,True,0,5344
WLB,WLB,1999-04-19,2018-04-24,,False,2018,True,0,5345
AHP,AHP,2013-11-06,2018-04-23,,False,2018,True,0,5346
BSF,BSF,1996-05-06,2018-04-23,,False,2018,True,0,5347
CGNT,CGNT,1992-12-15,2018-04-23,,False,2018,True,0,5348
STGG,STGG,2015-12-17,2018-04-20,,False,2018,True,0,5349
DST,DST,1995-11-01,2018-04-17,,False,2018,True,0,5350
NRCIA,NRCIA,2013-05-23,2018-04-17,,False,2018,True,0,5351
NRCIB,NRCIB,1997-10-13,2018-04-17,,False,2018,True,0,5352
RTKHQ,RTKHQ,1993-07-20,2018-04-17,,False,2018,True,0,5353
SPIL,SPIL,2000-06-21,2018-04-17,,False,2018,True,0,5354
BYBK,BYBK,1994-05-31,2018-04-16,,False,2018,True,0,5355
CALD,CALD,2003-11-20,2018-04-16,,False,2018,True,0,5356
FOGO,FOGO,2015-06-19,2018-04-16,,False,2018,True,0,5357
PBIX,PBIX,2011-03-10,2018-04-16,,False,2018,True,0,5358
COGT,COGT,2007-12-27,2018-04-13,,False,2018,True,0,5359
PGEM,PGEM,2013-05-23,2018-04-12,,False,2018,True,0,5360
VDTH,VDTH,2015-04-01,2018-04-12,,False,2018,True,0,5361
FSR,FSR,2012-08-29,2018-04-11,,False,2018,True,0,5362
MECK,MECK,1996-02-02,2018-04-10,,False,2018,True,0,5363
PFK,PFK,2006-05-02,2018-04-09,,False,2018,True,0,5364
FAC,FAC,1972-06-01,2018-04-06,,False,2018,True,0,5365
CGI,CGI,1994-01-21,2018-04-03,,False,2018,True,0,5366
OREX,OREX,2007-04-26,2018-04-03,,False,2018,True,0,5367
AFAM,AFAM,1993-02-19,2018-04-02,,False,2018,True,0,5368
CSBK,CSBK,2004-05-11,2018-04-02,,False,2018,True,0,5369
MSFG,MSFG,1992-01-03,2018-04-02,,False,2018,True,0,5370
TNH,TNH,1992-03-10,2018-04-02,,False,2018,True,0,5371
MSCA,MSCA,2013-04-08,2018-03-29,,False,2018,True,0,5372
MTU,MTU,2001-04-02,2018-03-29,,False,2018,True,0,5373
PSDV,PSDV,2005-01-27,2018-03-29,,False,2018,True,0,5374
LNCE,LNCE,1990-03-26,2018-03-27,,False,2018,True,0,5375
MIII,MIII,2016-10-06,2018-03-27,,False,2018,True,0,5376
MIIIU,MIIIU,2016-07-07,2018-03-27,,False,2018,True,0,5377
MIIIW,MIIIW,2016-08-30,2018-03-27,,False,2018,True,0,5378
PJC,PJC,2004-01-02,2018-03-27,,False,2018,True,0,5379
WG,WG,1996-08-15,2018-03-27,,False,2018,True,0,5380
CRVP,CRVP,1994-01-14,2018-03-26,,False,2018,True,0,5381
ENRJ,ENRJ,2007-03-23,2018-03-26,,False,2018,True,0,5382
OMAM,OMAM,2014-10-09,2018-03-26,,False,2018,True,0,5383
RDVTV,RDVTV,2018-03-26,2018-03-26,,False,2018,True,0,5384
TICC,TICC,2003-11-24,2018-03-22,,False,2018,True,0,5385
TICCL,TICCL,2017-04-17,2018-03-22,,False,2018,True,0,5386
KTEC,KTEC,1993-12-17,2018-03-21,,False,2018,True,0,5387
EXXI,EXXI,2007-06-01,2018-03-20,,False,2018,True,0,5388
BBG,BBG,2004-12-10,2018-03-19,,False,2018,True,0,5389
BIVV,BIVV,2017-01-12,2018-03-19,,False,2018,True,0,5390
CASC,CASC,1991-11-19,2018-03-19,,False,2018,True,0,5391
CBG,CBG,2004-06-10,2018-03-19,,False,2018,True,0,5392
GNCMA,GNCMA,1992-10-14,2018-03-19,,False,2018,True,0,5393
NQ,NQ,2011-05-05,2018-03-13,,False,2018,True,0,5394
LVNTA,LVNTA,2012-08-10,2018-03-12,,False,2018,True,0,5395
LVNTB,LVNTB,2012-08-15,2018-03-12,,False,2018,True,0,5396
CCC,CCC,1987-06-03,2018-03-09,,False,2018,True,0,5397
QVCA,QVCA,2006-05-10,2018-03-09,,False,2018,True,0,5398
QVCB,QVCB,2006-05-10,2018-03-09,,False,2018,True,0,5399
GBSN,GBSN,2014-10-09,2018-03-06,,False,2018,True,0,5400
JUNO,JUNO,2014-12-19,2018-03-06,,False,2018,True,0,5401
RGC,RGC,2002-05-09,2018-03-02,,False,2018,True,0,5402
RLOGQ,RLOGQ,2004-11-17,2018-03-02,,False,2018,True,0,5403
XNY,XNY,2010-11-23,2018-03-02,,False,2018,True,0,5404
STRP,STRP,2013-07-24,2018-03-01,,False,2018,True,0,5405
ENTL,ENTL,2015-01-29,2018-02-28,,False,2018,True,0,5406
GEB,GEB,2012-10-12,2018-02-28,,False,2018,True,0,5407
GEH,GEH,2013-02-01,2018-02-28,,False,2018,True,0,5408
HCN,HCN,1992-03-17,2018-02-27,,False,2018,True,0,5409
MLNK,MLNK,1994-01-31,2018-02-26,,False,2018,True,0,5410
PCLN,PCLN,1999-03-31,2018-02-26,,False,2018,True,0,5411
FMCIR,FMCIR,2017-05-02,2018-02-22,,False,2018,True,0,5412
DEL,DEL,1996-12-12,2018-02-21,,False,2018,True,0,5413
OACQ,OACQ,2015-01-08,2018-02-21,,False,2018,True,0,5414
OACQR,OACQR,2015-01-07,2018-02-21,,False,2018,True,0,5415
OACQU,OACQU,2014-12-12,2018-02-21,,False,2018,True,0,5416
OACQW,OACQW,2015-01-07,2018-02-21,,False,2018,True,0,5417
AAAP,AAAP,2015-11-11,2018-02-20,,False,2018,True,0,5418
WEST,WEST,2010-03-30,2018-02-20,,False,2018,True,0,5419
DTK,DTK,2008-02-14,2018-02-16,,False,2018,True,0,5420
EXAC,EXAC,1996-05-30,2018-02-14,,False,2018,True,0,5421
MBFIP,MBFIP,2014-09-24,2018-02-14,,False,2018,True,0,5422
AVIR,AVIR,2016-01-04,2018-02-13,,False,2018,True,0,5423
CAA,CAA,1987-12-30,2018-02-13,,False,2018,True,0,5424
SCMP,SCMP,2007-08-02,2018-02-13,,False,2018,True,0,5425
YERR,YERR,2016-01-04,2018-02-13,,False,2018,True,0,5426
CUDA,CUDA,2013-11-06,2018-02-12,,False,2018,True,0,5427
CVO,CVO,1995-09-22,2018-02-12,,False,2018,True,0,5428
SRUN,SRUN,2017-04-28,2018-02-09,,False,2018,True,0,5429
SRUNU,SRUNU,2017-03-24,2018-02-09,,False,2018,True,0,5430
SRUNW,SRUNW,2017-04-28,2018-02-09,,False,2018,True,0,5431
WAC,WAC,1998-03-24,2018-02-09,,False,2018,True,0,5432
ALDW,ALDW,2012-11-20,2018-02-08,,False,2018,True,0,5433
RXDX,RXDX,2014-01-29,2018-02-08,,False,2018,True,0,5434
WYIG,WYIG,2015-12-29,2018-02-06,,False,2018,True,0,5435
WYIGU,WYIGU,2015-07-24,2018-02-06,,False,2018,True,0,5436
WYIGW,WYIGW,2015-12-30,2018-02-06,,False,2018,True,0,5437
BWLD,BWLD,2003-11-21,2018-02-05,,False,2018,True,0,5438
BAA,BAA,2005-03-28,2018-02-02,,False,2018,True,0,5439
BSFT,BSFT,2010-06-16,2018-02-02,,False,2018,True,0,5440
PZRX,PZRX,2016-05-18,2018-02-02,,False,2018,True,0,5441
YUME,YUME,2013-08-07,2018-02-02,,False,2018,True,0,5442
BKMU,BKMU,2001-01-02,2018-02-01,,False,2018,True,0,5443
BV,BV,2012-02-24,2018-02-01,,False,2018,True,0,5444
SKLN,SKLN,2014-10-31,2018-02-01,,False,2018,True,0,5445
MSDI,MSDI,2016-07-08,2018-01-31,,False,2018,True,0,5446
MSDIW,MSDIW,2016-07-08,2018-01-31,,False,2018,True,0,5447
RPRX,RPRX,1993-03-26,2018-01-31,,False,2018,True,0,5448
SNBC,SNBC,1996-08-29,2018-01-31,,False,2018,True,0,5449
RLOG,RLOG,2005-02-17,2018-01-30,,False,2018,True,0,5450
WPCS,WPCS,2003-10-07,2018-01-30,,False,2018,True,0,5451
SBLKL,SBLKL,2014-11-07,2018-01-25,,False,2018,True,0,5452
SYT,SYT,2000-11-13,2018-01-22,,False,2018,True,0,5453
IXYS,IXYS,1998-09-24,2018-01-17,,False,2018,True,0,5454
NEOT,NEOT,2014-11-20,2018-01-17,,False,2018,True,0,5455
BOBE,BOBE,1984-09-05,2018-01-16,,False,2018,True,0,5456
ISM,ISM,2006-02-16,2018-01-16,,False,2018,True,0,5457
SWNC,SWNC,2015-01-16,2018-01-16,,False,2018,True,0,5458
VNTV,VNTV,2012-03-22,2018-01-12,,False,2018,True,0,5459
ENZY,ENZY,2013-09-27,2018-01-11,,False,2018,True,0,5460
AFSD,AFSD,2012-09-27,2018-01-10,,False,2018,True,0,5461
MGCD,MGCD,2003-07-15,2018-01-08,,False,2018,True,0,5462
PPHMP,PPHMP,2014-02-27,2018-01-08,,False,2018,True,0,5463
CLNT,CLNT,2007-12-27,2018-01-05,,False,2018,True,0,5464
FH,FH,2016-01-04,2018-01-05,,False,2018,True,0,5465
INCR,INCR,2014-11-07,2018-01-05,,False,2018,True,0,5466
PPHM,PPHM,1996-04-01,2018-01-05,,False,2018,True,0,5467
SSNI,SSNI,2013-03-13,2018-01-05,,False,2018,True,0,5468
ITEK,ITEK,2015-02-18,2018-01-04,,False,2018,True,0,5469
LTEA,LTEA,2015-03-10,2018-01-04,,False,2018,True,0,5470
CNNX,CNNX,2014-09-25,2018-01-03,,False,2018,True,0,5471
ESDI,ESDI,2016-10-18,2018-01-03,,False,2018,True,0,5472
ESDIW,ESDIW,2017-08-10,2018-01-02,,False,2018,True,0,5473
HSNI,HSNI,2008-08-12,2018-01-02,,False,2018,True,0,5474
POT,POT,1990-01-12,2018-01-02,,False,2018,True,0,5475
SBCP,SBCP,2014-07-15,2018-01-02,,False,2018,True,0,5476
UNISQ,UNISQ,2016-01-04,2018-01-02,,False,2018,True,0,5477
WFBI,WFBI,2004-07-28,2018-01-02,,False,2018,True,0,5478
AGU,AGU,1995-05-05,2017-12-29,,False,2017,True,0,5479
CUBN,CUBN,2006-11-16,2017-12-29,,False,2017,True,0,5480
GALE,GALE,2008-03-12,2017-12-29,,False,2017,True,0,5481
GLBL,GLBL,2015-07-31,2017-12-29,,False,2017,True,0,5482
HLS,HLS,1989-09-13,2017-12-29,,False,2017,True,0,5483
LDIS,LDIS,2004-06-16,2017-12-29,,False,2017,True,0,5484
USAB,USAB,2017-08-24,2017-12-29,,False,2017,True,0,5485
XBKS,XBKS,2004-07-09,2017-12-29,,False,2017,True,0,5486
FIG,FIG,2007-02-09,2017-12-28,,False,2017,True,0,5487
ROKA,ROKA,2014-07-17,2017-12-28,,False,2017,True,0,5488
SIVBO,SIVBO,2004-03-16,2017-12-28,,False,2017,True,0,5489
GIMO,GIMO,2013-06-12,2017-12-27,,False,2017,True,0,5490
JMPC,JMPC,2014-02-13,2017-12-27,,False,2017,True,0,5491
NEWS,NEWS,2006-12-14,2017-12-26,,False,2017,True,0,5492
XCO,XCO,2006-02-09,2017-12-26,,False,2017,True,0,5493
RT,RT,1990-03-26,2017-12-22,,False,2017,True,0,5494
BLVD,BLVD,2014-09-25,2017-12-21,,False,2017,True,0,5495
BLVDU,BLVDU,2014-02-13,2017-12-21,,False,2017,True,0,5496
BLVDW,BLVDW,2014-09-24,2017-12-21,,False,2017,True,0,5497
MVCB,MVCB,2013-03-01,2017-12-20,,False,2017,True,0,5498
PLPM,PLPM,2008-11-20,2017-12-20,,False,2017,True,0,5499
OME,OME,1998-04-03,2017-12-19,,False,2017,True,0,5500
NTL,NTL,1997-06-17,2017-12-15,,False,2017,True,0,5501
PCO,PCO,2004-05-12,2017-12-15,,False,2017,True,0,5502
SLRA,SLRA,2012-12-12,2017-12-15,,False,2017,True,0,5503
TESO,TESO,1996-12-02,2017-12-15,,False,2017,True,0,5504
TMUSP,TMUSP,2015-10-27,2017-12-15,,False,2017,True,0,5505
CDII,CDII,2004-11-02,2017-12-14,,False,2017,True,0,5506
CIE,CIE,2009-12-16,2017-12-14,,False,2017,True,0,5507
DELTW,DELTW,2015-06-01,2017-12-14,,False,2017,True,0,5508
RBPAA,RBPAA,1992-03-03,2017-12-14,,False,2017,True,0,5509
SNAK,SNAK,1996-12-06,2017-12-14,,False,2017,True,0,5510
KFN-P,KFN-P,2014-09-22,2017-12-13,,False,2017,True,0,5511
UDWKQ,UDWKQ,2014-02-18,2017-12-13,,False,2017,True,0,5512
OCRX,OCRX,2011-04-04,2017-12-11,,False,2017,True,0,5513
PMC,PMC,2007-08-01,2017-12-08,,False,2017,True,0,5514
NMRX,NMRX,1994-03-04,2017-12-07,,False,2017,True,0,5515
CBF,CBF,2012-09-20,2017-12-01,,False,2017,True,0,5516
FGL,FGL,2013-12-13,2017-12-01,,False,2017,True,0,5517
SYMX,SYMX,2007-08-08,2017-12-01,,False,2017,True,0,5518
CFCO,CFCO,2013-09-17,2017-11-30,,False,2017,True,0,5519
CFCOU,CFCOU,2016-05-20,2017-11-30,,False,2017,True,0,5520
CFCOW,CFCOW,2016-07-20,2017-11-30,,False,2017,True,0,5521
PBMD,PBMD,2012-04-17,2017-11-30,,False,2017,True,0,5522
PSTB,PSTB,2007-02-01,2017-11-30,,False,2017,True,0,5523
CNXC,CNXC,2015-07-01,2017-11-28,,False,2017,True,0,5524
KWN,KWN,2012-12-10,2017-11-28,,False,2017,True,0,5525
PN,PN,2015-01-16,2017-11-28,,False,2017,True,0,5526
SONS,SONS,2000-05-25,2017-11-28,,False,2017,True,0,5527
FPP,FPP,2005-09-20,2017-11-27,,False,2017,True,0,5528
RELY,RELY,2015-02-24,2017-11-27,,False,2017,True,0,5529
WPPGY,WPPGY,1990-03-26,2017-11-27,,False,2017,True,0,5530
FPP-WS,FPP-WS,2014-09-22,2017-11-24,,False,2017,True,0,5531
VALE-P,VALE-P,2016-01-04,2017-11-24,,False,2017,True,0,5532
NVGN,NVGN,1999-01-06,2017-11-22,,False,2017,True,0,5533
RIC,RIC,1997-03-07,2017-11-22,,False,2017,True,0,5534
VWR,VWR,2014-10-02,2017-11-21,,False,2017,True,0,5535
BRCD,BRCD,1999-05-25,2017-11-20,,False,2017,True,0,5536
FNFV,FNFV,2014-06-23,2017-11-20,,False,2017,True,0,5537
EXA,EXA,2012-06-28,2017-11-17,,False,2017,True,0,5538
LMOS,LMOS,2011-10-31,2017-11-17,,False,2017,True,0,5539
ONVI,ONVI,2000-03-02,2017-11-17,,False,2017,True,0,5540
SFR,SFR,2016-01-04,2017-11-17,,False,2017,True,0,5541
SNC,SNC,2014-11-03,2017-11-17,,False,2017,True,0,5542
SSN,SSN,2008-01-07,2017-11-17,,False,2017,True,0,5543
CBMX,CBMX,2002-12-16,2017-11-16,,False,2017,True,0,5544
ADHD,ADHD,2013-05-22,2017-11-15,,False,2017,True,0,5545
GLFMQ,GLFMQ,2016-01-04,2017-11-15,,False,2017,True,0,5546
CBMXW,CBMXW,2016-03-21,2017-11-14,,False,2017,True,0,5547
RICE,RICE,2014-01-24,2017-11-14,,False,2017,True,0,5548
HOTR,HOTR,2006-10-31,2017-11-13,,False,2017,True,0,5549
SOHOM,SOHOM,2014-12-02,2017-11-13,,False,2017,True,0,5550
FSBK,FSBK,1997-04-08,2017-11-10,,False,2017,True,0,5551
PCBK,PCBK,1999-04-26,2017-11-10,,False,2017,True,0,5552
EVAR,EVAR,2014-04-25,2017-11-08,,False,2017,True,0,5553
RATE,RATE,2011-06-17,2017-11-08,,False,2017,True,0,5554
DMTX,DMTX,2015-10-22,2017-11-07,,False,2017,True,0,5555
CEMP,CEMP,2012-02-06,2017-11-03,,False,2017,True,0,5556
FSCE,FSCE,2012-11-01,2017-11-03,,False,2017,True,0,5557
NEFF,NEFF,2014-11-21,2017-11-03,,False,2017,True,0,5558
PTHN,PTHN,2016-07-21,2017-11-03,,False,2017,True,0,5559
XKE,XKE,2003-08-28,2017-11-03,,False,2017,True,0,5560
CUNB,CUNB,2005-11-10,2017-11-02,,False,2017,True,0,5561
DDC,DDC,1992-06-22,2017-11-02,,False,2017,True,0,5562
ADPTQ,ADPTQ,2014-06-25,2017-11-01,,False,2017,True,0,5563
FDNHQ,FDNHQ,2017-09-22,2017-11-01,,False,2017,True,0,5564
GLADO,GLADO,2014-05-16,2017-11-01,,False,2017,True,0,5565
LDR,LDR,1992-03-17,2017-11-01,,False,2017,True,0,5566
PKY,PKY,1973-05-03,2017-11-01,,False,2017,True,0,5567
PHMD,PHMD,1996-02-21,2017-10-31,,False,2017,True,0,5568
WNRL,WNRL,2013-10-10,2017-10-31,,False,2017,True,0,5569
COH,COH,2000-10-06,2017-10-30,,False,2017,True,0,5570
HTF,HTF,2012-03-27,2017-10-27,,False,2017,True,0,5571
OKSB,OKSB,1993-12-17,2017-10-27,,False,2017,True,0,5572
RNVAZ,RNVAZ,2016-07-14,2017-10-24,,False,2017,True,0,5573
HNH,HNH,2005-08-22,2017-10-23,,False,2017,True,0,5574
ETRM,ETRM,2007-11-15,2017-10-20,,False,2017,True,0,5575
FULLL,FULLL,2013-06-28,2017-10-20,,False,2017,True,0,5576
SCLN,SCLN,1992-03-17,2017-10-20,,False,2017,True,0,5577
ALR,ALR,1996-08-06,2017-10-19,,False,2017,True,0,5578
ATW,ATW,1984-09-07,2017-10-19,,False,2017,True,0,5579
DGI,DGI,2009-05-14,2017-10-19,,False,2017,True,0,5580
FPO,FPO,2003-10-23,2017-10-19,,False,2017,True,0,5581
ILUM,ILUM,2017-09-29,2017-10-19,,False,2017,True,0,5582
KITE,KITE,2014-06-20,2017-10-19,,False,2017,True,0,5583
MXPT,MXPT,2015-03-06,2017-10-19,,False,2017,True,0,5584
OB,OB,2006-11-09,2017-10-19,,False,2017,True,0,5585
BIOP,BIOP,2003-01-24,2017-10-18,,False,2017,True,0,5586
NDRM,NDRM,2014-11-14,2017-10-18,,False,2017,True,0,5587
FSC,FSC,2008-06-12,2017-10-17,,False,2017,True,0,5588
FSCFL,FSCFL,2013-04-05,2017-10-17,,False,2017,True,0,5589
FSFR,FSFR,2013-07-12,2017-10-17,,False,2017,True,0,5590
WBKC,WBKC,2011-01-20,2017-10-17,,False,2017,True,0,5591
AXN,AXN,2006-08-23,2017-10-16,,False,2017,True,0,5592
CETC,CETC,2001-01-02,2017-10-16,,False,2017,True,0,5593
IAMXU,IAMXU,2017-08-17,2017-10-16,,False,2017,True,0,5594
SBNB,SBNB,2014-11-06,2017-10-16,,False,2017,True,0,5595
ISP,ISP,2003-11-07,2017-10-13,,False,2017,True,0,5596
RTK,RTK,1999-04-05,2017-10-13,,False,2017,True,0,5597
WBB,WBB,2013-04-11,2017-10-13,,False,2017,True,0,5598
MENU,MENU,2016-11-08,2017-10-12,,False,2017,True,0,5599
PTSX,PTSX,2016-01-04,2017-10-12,,False,2017,True,0,5600
GPIA,GPIA,2015-08-28,2017-10-10,,False,2017,True,0,5601
GPIAU,GPIAU,2015-05-20,2017-10-10,,False,2017,True,0,5602
GPIAW,GPIAW,2015-07-27,2017-10-10,,False,2017,True,0,5603
WSTC,WSTC,2013-03-22,2017-10-10,,False,2017,True,0,5604
AMFW,AMFW,2014-11-13,2017-10-09,,False,2017,True,0,5605
GRHHQ,GRHHQ,2016-01-04,2017-10-09,,False,2017,True,0,5606
HAMPQ,HAMPQ,2001-01-02,2017-10-09,,False,2017,True,0,5607
PRXL,PRXL,1995-11-22,2017-10-09,,False,2017,True,0,5608
AXAR,AXAR,2014-10-31,2017-10-06,,False,2017,True,0,5609
CACQ,CACQ,2013-11-19,2017-10-06,,False,2017,True,0,5610
SEV,SEV,1992-03-19,2017-10-06,,False,2017,True,0,5611
HNIN,HNIN,2016-01-04,2017-10-03,,False,2017,True,0,5612
ADK,ADK,2006-12-21,2017-10-02,,False,2017,True,0,5613
AF,AF,1993-11-18,2017-10-02,,False,2017,True,0,5614
FILM,FILM,2014-02-14,2017-10-02,,False,2017,True,0,5615
ZPIN,ZPIN,2014-06-12,2017-10-02,,False,2017,True,0,5616
ASBB,ASBB,2011-10-12,2017-09-29,,False,2017,True,0,5617
BKFS,BKFS,2015-05-20,2017-09-29,,False,2017,True,0,5618
DGAS,DGAS,1990-03-26,2017-09-29,,False,2017,True,0,5619
CAB,CAB,2004-07-06,2017-09-28,,False,2017,True,0,5620
CDI,CDI,1989-06-29,2017-09-28,,False,2017,True,0,5621
DFT,DFT,2007-10-19,2017-09-28,,False,2017,True,0,5622
MHNB,MHNB,2012-03-29,2017-09-28,,False,2017,True,0,5623
PVTD,PVTD,2012-10-26,2017-09-28,,False,2017,True,0,5624
STS,STS,1992-03-17,2017-09-28,,False,2017,True,0,5625
SWFT,SWFT,2010-12-16,2017-09-28,,False,2017,True,0,5626
TRLA,TRLA,2012-09-20,2017-09-28,,False,2017,True,0,5627
USMR,USMR,2016-09-20,2017-09-28,,False,2017,True,0,5628
VTTI,VTTI,2014-08-01,2017-09-28,,False,2017,True,0,5629
WOOF,WOOF,2001-11-21,2017-09-28,,False,2017,True,0,5630
WSFSL,WSFSL,2012-09-28,2017-09-28,,False,2017,True,0,5631
AXARU,AXARU,2014-10-02,2017-09-27,,False,2017,True,0,5632
AXARW,AXARW,2014-10-29,2017-09-27,,False,2017,True,0,5633
BRKB,BRKB,2017-09-08,2017-09-27,,False,2017,True,0,5634
DYN-WS,DYN-WS,2012-10-03,2017-09-27,,False,2017,True,0,5635
PERF,PERF,1991-12-19,2017-09-27,,False,2017,True,0,5636
AST-WS,AST-WS,2016-04-26,2017-09-26,,False,2017,True,0,5637
SGBK,SGBK,2007-05-01,2017-09-26,,False,2017,True,0,5638
VSR,VSR,1992-03-17,2017-09-26,,False,2017,True,0,5639
MYCC,MYCC,2013-09-20,2017-09-25,,False,2017,True,0,5640
SHOR,SHOR,2007-07-03,2017-09-25,,False,2017,True,0,5641
HCAPL,HCAPL,2015-01-23,2017-09-22,,False,2017,True,0,5642
OPXA,OPXA,2004-04-14,2017-09-20,,False,2017,True,0,5643
OPXAW,OPXAW,2015-04-14,2017-09-20,,False,2017,True,0,5644
SCQ,SCQ,2014-05-16,2017-09-19,,False,2017,True,0,5645
AGNCP,AGNCP,2012-04-02,2017-09-18,,False,2017,True,0,5646
AYA,AYA,2010-10-15,2017-09-18,,False,2017,True,0,5647
COYNW,COYNW,2015-11-13,2017-09-18,,False,2017,True,0,5648
ENVE,ENVE,1995-03-29,2017-09-18,,False,2017,True,0,5649
HNBC,HNBC,2017-07-13,2017-09-18,,False,2017,True,0,5650
INDUW,INDUW,2017-08-21,2017-09-18,,False,2017,True,0,5651
LODG,LODG,1992-02-12,2017-09-18,,False,2017,True,0,5652
NADL,NADL,2014-01-29,2017-09-18,,False,2017,True,0,5653
WBMD,WBMD,2005-09-29,2017-09-18,,False,2017,True,0,5654
WILN,WILN,2016-01-04,2017-09-18,,False,2017,True,0,5655
WMAR,WMAR,1993-11-19,2017-09-15,,False,2017,True,0,5656
GUID,GUID,2006-12-13,2017-09-14,,False,2017,True,0,5657
MBLY,MBLY,2014-08-01,2017-09-14,,False,2017,True,0,5658
UNXL,UNXL,2006-03-07,2017-09-12,,False,2017,True,0,5659
ESSX,ESSX,2007-03-27,2017-09-11,,False,2017,True,0,5660
FUEL,FUEL,2013-09-20,2017-09-11,,False,2017,True,0,5661
GGACU,GGACU,2014-06-26,2017-09-11,,False,2017,True,0,5662
NVDQ,NVDQ,2008-06-25,2017-09-11,,False,2017,True,0,5663
AUXO,AUXO,2012-07-24,2017-09-07,,False,2017,True,0,5664
AMRI,AMRI,1999-02-04,2017-09-01,,False,2017,True,0,5665
FCH,FCH,1994-07-22,2017-09-01,,False,2017,True,0,5666
AIQ,AIQ,2001-07-27,2017-08-31,,False,2017,True,0,5667
HPE-W,HPE-W,2017-08-17,2017-08-31,,False,2017,True,0,5668
AWH,AWH,2006-07-12,2017-08-28,,False,2017,True,0,5669
CCP,CCP,2015-08-18,2017-08-28,,False,2017,True,0,5670
CPHR,CPHR,2006-02-02,2017-08-28,,False,2017,True,0,5671
CRDS,CRDS,1999-10-21,2017-08-28,,False,2017,True,0,5672
ECACU,ECACU,2015-08-13,2017-08-28,,False,2017,True,0,5673
GGACW,GGACW,2014-09-25,2017-08-28,,False,2017,True,0,5674
IMSCQ,IMSCQ,2016-01-04,2017-08-28,,False,2017,True,0,5675
MEMP,MEMP,2011-12-09,2017-08-28,,False,2017,True,0,5676
MEP,MEP,2013-11-07,2017-08-28,,False,2017,True,0,5677
MOKO,MOKO,2010-08-11,2017-08-28,,False,2017,True,0,5678
NDRAU,NDRAU,2017-05-09,2017-08-28,,False,2017,True,0,5679
PVTBP,PVTBP,2008-05-21,2017-08-28,,False,2017,True,0,5680
SRSC,SRSC,2010-06-09,2017-08-28,,False,2017,True,0,5681
TRTLU,TRTLU,2014-07-17,2017-08-28,,False,2017,True,0,5682
VMEMQ,VMEMQ,2016-01-04,2017-08-28,,False,2017,True,0,5683
XRDC,XRDC,2015-12-03,2017-08-28,,False,2017,True,0,5684
IOT,IOT,2003-01-02,2017-08-25,,False,2017,True,0,5685
AFA,AFA,2012-08-28,2017-08-24,,False,2017,True,0,5686
NAME,NAME,2014-07-23,2017-08-24,,False,2017,True,0,5687
NUTR,NUTR,1998-02-20,2017-08-24,,False,2017,True,0,5688
UCP,UCP,2013-07-18,2017-08-24,,False,2017,True,0,5689
URRE,URRE,1998-01-12,2017-08-18,,False,2017,True,0,5690
AIII,AIII,1997-12-10,2017-08-17,,False,2017,True,0,5691
CLDCW,CLDCW,2014-10-22,2017-08-17,,False,2017,True,0,5692
ECAC,ECAC,2015-11-25,2017-08-17,,False,2017,True,0,5693
EGAS,EGAS,1990-03-26,2017-08-17,,False,2017,True,0,5694
KCG,KCG,2013-06-28,2017-08-17,,False,2017,True,0,5695
MPG,MPG,2014-12-12,2017-08-17,,False,2017,True,0,5696
NMBL,NMBL,2013-12-13,2017-08-17,,False,2017,True,0,5697
NSR,NSR,2005-06-29,2017-08-17,,False,2017,True,0,5698
SBY,SBY,2012-12-17,2017-08-17,,False,2017,True,0,5699
XTLY,XTLY,2015-06-26,2017-08-17,,False,2017,True,0,5700
NCIT,NCIT,2005-10-24,2017-08-16,,False,2017,True,0,5701
PPP,PPP,2009-12-14,2017-08-14,,False,2017,True,0,5702
BDE,BDE,1998-05-27,2017-08-11,,False,2017,True,0,5703
LOLI,LOLI,2017-07-13,2017-08-11,,False,2017,True,0,5704
TPVZ,TPVZ,2015-08-07,2017-08-11,,False,2017,True,0,5705
NVET,NVET,2015-02-05,2017-08-10,,False,2017,True,0,5706
SPNC,SPNC,1992-01-21,2017-08-10,,False,2017,True,0,5707
TVIA,TVIA,2016-01-04,2017-08-10,,False,2017,True,0,5708
IRIS,IRIS,1994-12-28,2017-08-09,,False,2017,True,0,5709
SSRI,SSRI,1996-08-01,2017-08-09,,False,2017,True,0,5710
ENOC,ENOC,2007-05-18,2017-08-08,,False,2017,True,0,5711
FHCO,FHCO,1999-02-11,2017-08-04,,False,2017,True,0,5712
TIGR,TIGR,1990-12-14,2017-08-04,,False,2017,True,0,5713
DRWI,DRWI,2008-06-24,2017-08-03,,False,2017,True,0,5714
INNL,INNL,2014-07-25,2017-08-03,,False,2017,True,0,5715
XRA,XRA,2006-05-09,2017-08-03,,False,2017,True,0,5716
OGXI,OGXI,1995-10-13,2017-08-02,,False,2017,True,0,5717
GLA,GLA,1996-06-26,2017-08-01,,False,2017,True,0,5718
HRMNU,HRMNU,2015-03-24,2017-08-01,,False,2017,True,0,5719
SNOW,SNOW,2014-01-31,2017-08-01,,False,2017,True,0,5720
TLLP,TLLP,2011-04-20,2017-07-31,,False,2017,True,0,5721
COVS,COVS,2013-09-26,2017-07-27,,False,2017,True,0,5722
SAJA,SAJA,2005-10-27,2017-07-27,,False,2017,True,0,5723
CASL,CASL,2017-07-25,2017-07-25,,False,2017,True,0,5724
HRMN,HRMN,2015-06-04,2017-07-24,,False,2017,True,0,5725
HRMNW,HRMNW,2015-04-16,2017-07-24,,False,2017,True,0,5726
PLYAW,PLYAW,2017-03-13,2017-07-24,,False,2017,True,0,5727
TNGO,TNGO,2011-07-27,2017-07-21,,False,2017,True,0,5728
CERU,CERU,2014-04-10,2017-07-20,,False,2017,True,0,5729
MSLI,MSLI,2000-06-06,2017-07-20,,False,2017,True,0,5730
NSAT,NSAT,1995-08-18,2017-07-20,,False,2017,True,0,5731
CCNWW,CCNWW,2015-04-14,2017-07-19,,False,2017,True,0,5732
EVER,EVER,2012-05-03,2017-07-19,,False,2017,True,0,5733
PNRA,PNRA,1991-06-10,2017-07-19,,False,2017,True,0,5734
AIXG,AIXG,2005-03-11,2017-07-18,,False,2017,True,0,5735
ELOS,ELOS,2004-08-09,2017-07-18,,False,2017,True,0,5736
CCN,CCN,2015-04-27,2017-07-17,,False,2017,True,0,5737
CHMT,CHMT,2010-10-25,2017-07-17,,False,2017,True,0,5738
INVN,INVN,2011-11-16,2017-07-17,,False,2017,True,0,5739
STV,STV,2007-10-05,2017-07-17,,False,2017,True,0,5740
WWAV,WWAV,2012-10-26,2017-07-17,,False,2017,True,0,5741
ADGE,ADGE,2007-12-27,2017-07-14,,False,2017,True,0,5742
CEB,CEB,1999-02-23,2017-07-14,,False,2017,True,0,5743
EXAR,EXAR,1990-03-26,2017-07-14,,False,2017,True,0,5744
FBCP,FBCP,2005-05-16,2017-07-14,,False,2017,True,0,5745
HW,HW,1995-06-15,2017-07-14,,False,2017,True,0,5746
KRSL,KRSL,1982-09-02,2017-07-14,,False,2017,True,0,5747
OMTL,OMTL,1997-08-08,2017-07-14,,False,2017,True,0,5748
PFED,PFED,1996-08-12,2017-07-14,,False,2017,True,0,5749
SLMAP,SLMAP,2003-10-09,2017-07-14,,False,2017,True,0,5750
STRZB,STRZB,2006-05-15,2017-07-14,,False,2017,True,0,5751
UAM,UAM,1990-03-26,2017-07-14,,False,2017,True,0,5752
VAL,VAL,1992-03-17,2017-07-14,,False,2017,True,0,5753
WCST,WCST,2007-05-23,2017-07-14,,False,2017,True,0,5754
CFI,CFI,1990-03-26,2017-07-12,,False,2017,True,0,5755
QPAC,QPAC,2013-10-18,2017-07-12,,False,2017,True,0,5756
QPACW,QPACW,2015-03-27,2017-07-12,,False,2017,True,0,5757
CLAC,CLAC,2013-07-03,2017-07-11,,False,2017,True,0,5758
CLACU,CLACU,2013-05-10,2017-07-11,,False,2017,True,0,5759
CLACW,CLACW,2014-10-08,2017-07-11,,False,2017,True,0,5760
FCFP,FCFP,2015-07-16,2017-07-11,,False,2017,True,0,5761
FRP,FRP,2011-01-25,2017-07-11,,False,2017,True,0,5762
AFCO,AFCO,2015-10-20,2017-07-10,,False,2017,True,0,5763
ALJ,ALJ,2005-07-28,2017-07-10,,False,2017,True,0,5764
CLC,CLC,1990-03-26,2017-07-10,,False,2017,True,0,5765
CNV,CNV,2014-11-20,2017-07-10,,False,2017,True,0,5766
CPPL,CPPL,2015-02-06,2017-07-10,,False,2017,True,0,5767
FDML,FDML,2008-01-02,2017-07-10,,False,2017,True,0,5768
GK,GK,1990-03-26,2017-07-10,,False,2017,True,0,5769
IQNT,IQNT,2007-11-02,2017-07-10,,False,2017,True,0,5770
JCLY,JCLY,1972-06-01,2017-07-10,,False,2017,True,0,5771
JPEP,JPEP,2014-10-01,2017-07-10,,False,2017,True,0,5772
WCIC,WCIC,2013-07-25,2017-07-10,,False,2017,True,0,5773
WPT,WPT,2013-08-09,2017-07-10,,False,2017,True,0,5774
YZC,YZC,1998-04-01,2017-07-10,,False,2017,True,0,5775
TSNU,TSNU,2014-07-31,2017-07-06,,False,2017,True,0,5776
BHI,BHI,1987-04-06,2017-07-05,,False,2017,True,0,5777
TRR,TRR,1991-12-16,2017-07-05,,False,2017,True,0,5778
ATTY,ATTY,2016-06-22,2017-07-03,,False,2017,True,0,5779
DCUC,DCUC,2014-07-11,2017-07-03,,False,2017,True,0,5780
DRAM,DRAM,1992-03-17,2017-07-03,,False,2017,True,0,5781
EVBS,EVBS,1998-01-02,2017-07-03,,False,2017,True,0,5782
HCC,HCC,1992-10-28,2017-07-03,,False,2017,True,0,5783
MOCO,MOCO,1989-04-05,2017-07-03,,False,2017,True,0,5784
OKS,OKS,1993-09-24,2017-07-03,,False,2017,True,0,5785
PTXP,PTXP,2015-06-04,2017-07-03,,False,2017,True,0,5786
BOXC,BOXC,2012-01-09,2017-06-30,,False,2017,True,0,5787
EVHC-P,EVHC-P,2013-08-14,2017-06-30,,False,2017,True,0,5788
PVTB,PVTB,1999-06-30,2017-06-30,,False,2017,True,0,5789
CST,CST,2013-04-17,2017-06-28,,False,2017,True,0,5790
LMIA,LMIA,1998-06-30,2017-06-28,,False,2017,True,0,5791
PNTA,PNTA,2013-02-04,2017-06-28,,False,2017,True,0,5792
PNTA-CL,PNTA-CL,2017-05-26,2017-06-28,,False,2017,True,0,5793
PWE,PWE,2005-11-15,2017-06-28,,False,2017,True,0,5794
LBIO,LBIO,2010-10-15,2017-06-27,,False,2017,True,0,5795
GNVC,GNVC,2000-12-12,2017-06-26,,False,2017,True,0,5796
MHNB-CL,MHNB-CL,2017-05-24,2017-06-26,,False,2017,True,0,5797
SPAN,SPAN,1990-03-26,2017-06-26,,False,2017,True,0,5798
YHOO,YHOO,1996-04-12,2017-06-26,,False,2017,True,0,5799
AFW,AFW,2012-06-14,2017-06-23,,False,2017,True,0,5800
AFW-CL,AFW-CL,2017-05-30,2017-06-23,,False,2017,True,0,5801
CLA,CLA,2014-06-18,2017-06-23,,False,2017,True,0,5802
CLA-CL,CLA-CL,2017-05-30,2017-06-23,,False,2017,True,0,5803
EGT,EGT,2003-10-15,2017-06-22,,False,2017,True,0,5804
QPACU,QPACU,2015-01-16,2017-06-22,,False,2017,True,0,5805
ARU,ARU,2012-10-08,2017-06-21,,False,2017,True,0,5806
ARU-CL,ARU-CL,2017-05-23,2017-06-20,,False,2017,True,0,5807
CFCB,CFCB,2015-10-30,2017-06-19,,False,2017,True,0,5808
HOTRW,HOTRW,2012-08-03,2017-06-19,,False,2017,True,0,5809
CNCO,CNCO,2010-04-05,2017-06-16,,False,2017,True,0,5810
FBRC,FBRC,2007-06-08,2017-06-12,,False,2017,True,0,5811
FCE-B,FCE-B,1992-03-17,2017-06-12,,False,2017,True,0,5812
TDBK,TDBK,2005-12-07,2017-06-12,,False,2017,True,0,5813
APFH,APFH,2016-07-15,2017-06-08,,False,2017,True,0,5814
CACB,CACB,1994-01-21,2017-06-07,,False,2017,True,0,5815
MPSX,MPSX,2015-10-22,2017-06-07,,False,2017,True,0,5816
NESRU,NESRU,2017-05-12,2017-06-05,,False,2017,True,0,5817
UTEK,UTEK,1993-09-29,2017-06-05,,False,2017,True,0,5818
WNR,WNR,2006-01-19,2017-06-02,,False,2017,True,0,5819
EXCU,EXCU,2014-07-03,2017-06-01,,False,2017,True,0,5820
SGM,SGM,2013-10-10,2017-06-01,,False,2017,True,0,5821
CARS-W,CARS-W,2017-05-18,2017-05-31,,False,2017,True,0,5822
SBGL-R,SBGL-R,2017-05-25,2017-05-31,,False,2017,True,0,5823
TGNA-W,TGNA-W,2015-06-26,2017-05-31,,False,2017,True,0,5824
TROVU,TROVU,2012-05-30,2017-05-31,,False,2017,True,0,5825
TROVW,TROVW,2013-02-12,2017-05-31,,False,2017,True,0,5826
GTWN,GTWN,2005-01-06,2017-05-24,,False,2017,True,0,5827
SALE,SALE,2013-07-19,2017-05-24,,False,2017,True,0,5828
SYUT,SYUT,2004-12-21,2017-05-23,,False,2017,True,0,5829
MBVT,MBVT,1993-03-25,2017-05-22,,False,2017,True,0,5830
HNR,HNR,1989-11-07,2017-05-19,,False,2017,True,0,5831
KMI-WS,KMI-WS,2011-02-11,2017-05-19,,False,2017,True,0,5832
SLW,SLW,2005-07-06,2017-05-15,,False,2017,True,0,5833
TGD,TGD,2008-06-25,2017-05-15,,False,2017,True,0,5834
ASH-W,ASH-W,1983-04-06,2017-05-12,,False,2017,True,0,5835
BIOA-WS,BIOA-WS,2013-05-10,2017-05-12,,False,2017,True,0,5836
LFL,LFL,1997-11-07,2017-05-12,,False,2017,True,0,5837
SWC,SWC,1994-12-19,2017-05-12,,False,2017,True,0,5838
VVV-W,VVV-W,2017-05-03,2017-05-12,,False,2017,True,0,5839
CAPN,CAPN,2014-11-13,2017-05-11,,False,2017,True,0,5840
CAPNW,CAPNW,2014-11-13,2017-05-11,,False,2017,True,0,5841
ERS,ERS,2003-01-02,2017-05-09,,False,2017,True,0,5842
FNBC,FNBC,2013-05-10,2017-05-09,,False,2017,True,0,5843
ISLE,ISLE,1992-10-06,2017-05-09,,False,2017,True,0,5844
TCB-WS,TCB-WS,1989-06-30,2017-05-05,,False,2017,True,0,5845
MDSY,MDSY,1997-01-31,2017-05-02,,False,2017,True,0,5846
CFNL,CFNL,1998-07-17,2017-05-01,,False,2017,True,0,5847
HH,HH,1987-06-22,2017-05-01,,False,2017,True,0,5848
ZLTQ,ZLTQ,2011-10-19,2017-05-01,,False,2017,True,0,5849
DPRX,DPRX,2014-03-13,2017-04-27,,False,2017,True,0,5850
KLRE,KLRE,2016-03-31,2017-04-27,,False,2017,True,0,5851
KLREW,KLREW,2016-03-29,2017-04-27,,False,2017,True,0,5852
IKGH,IKGH,2008-10-17,2017-04-26,,False,2017,True,0,5853
CWEI,CWEI,1993-05-24,2017-04-25,,False,2017,True,0,5854
KLREU,KLREU,2016-03-11,2017-04-25,,False,2017,True,0,5855
AIRM,AIRM,1987-08-31,2017-04-24,,False,2017,True,0,5856
BEAV,BEAV,1990-04-25,2017-04-21,,False,2017,True,0,5857
KFI-CL,KFI-CL,2017-04-07,2017-04-21,,False,2017,True,0,5858
ADPT,ADPT,2014-06-25,2017-04-20,,False,2017,True,0,5859
CERCZ,CERCZ,2015-11-16,2017-04-20,,False,2017,True,0,5860
UNIS,UNIS,2010-02-16,2017-04-20,,False,2017,True,0,5861
XXIA,XXIA,2000-10-24,2017-04-19,,False,2017,True,0,5862
KFI,KFI,2012-03-26,2017-04-17,,False,2017,True,0,5863
KZ,KZ,2004-07-09,2017-04-17,,False,2017,True,0,5864
BTU-W,BTU-W,2017-04-03,2017-04-10,,False,2017,True,0,5865
CBR,CBR,1994-03-17,2017-04-10,,False,2017,True,0,5866
CDEVW,CDEVW,2016-04-15,2017-04-10,,False,2017,True,0,5867
CSC,CSC,2001-01-02,2017-04-10,,False,2017,True,0,5868
HEOP,HEOP,2001-01-02,2017-04-10,,False,2017,True,0,5869
MBRG,MBRG,2016-01-04,2017-04-10,,False,2017,True,0,5870
SCNB,SCNB,2016-01-04,2017-04-10,,False,2017,True,0,5871
ENH,ENH,2003-02-28,2017-04-05,,False,2017,True,0,5872
SCAI,SCAI,2016-01-04,2017-04-03,,False,2017,True,0,5873
TINY,TINY,2016-01-04,2017-04-03,,False,2017,True,0,5874
BTU,BTU,2001-05-22,2017-03-31,,False,2017,True,0,5875
DB-R,DB-R,2017-03-21,2017-03-31,,False,2017,True,0,5876
GALTU,GALTU,2012-03-23,2017-03-31,,False,2017,True,0,5877
HCJ-CL,HCJ-CL,2017-03-15,2017-03-31,,False,2017,True,0,5878
MENT,MENT,2016-01-04,2017-03-31,,False,2017,True,0,5879
ROIA,ROIA,2017-01-03,2017-03-30,,False,2017,True,0,5880
PLKI,PLKI,2016-01-04,2017-03-28,,False,2017,True,0,5881
VISN,VISN,2016-01-04,2017-03-27,,False,2017,True,0,5882
GALTW,GALTW,2012-03-28,2017-03-24,,False,2017,True,0,5883
CYNO,CYNO,2016-01-04,2017-03-23,,False,2017,True,0,5884
HCJ,HCJ,2016-01-04,2017-03-22,,False,2017,True,0,5885
OSM,OSM,2016-01-04,2017-03-22,,False,2017,True,0,5886
TSL,TSL,2016-01-04,2017-03-21,,False,2017,True,0,5887
MAQ,MAQ,2017-01-02,2017-03-20,,False,2017,True,0,5888
PACE,PACE,1992-03-17,2017-03-20,,False,2017,True,0,5889
PACEU,PACEU,2015-09-11,2017-03-20,,False,2017,True,0,5890
PACEW,PACEW,2015-11-10,2017-03-20,,False,2017,True,0,5891
YDKN,YDKN,2016-01-04,2017-03-20,,False,2017,True,0,5892
INZ-CL,INZ-CL,2017-02-13,2017-03-14,,False,2017,True,0,5893
RJD-CL,RJD-CL,2017-02-07,2017-03-14,,False,2017,True,0,5894
CLBH,CLBH,2001-01-02,2017-03-13,,False,2017,True,0,5895
EQY,EQY,2016-01-04,2017-03-09,,False,2017,True,0,5896
BATS,BATS,2016-04-15,2017-03-08,,False,2017,True,0,5897
ELNK,ELNK,2001-01-02,2017-03-08,,False,2017,True,0,5898
ACAT,ACAT,2001-01-02,2017-03-07,,False,2017,True,0,5899
UZV,UZV,2017-02-07,2017-03-03,,False,2017,True,0,5900
CLCD,CLCD,2015-05-06,2017-03-02,,False,2017,True,0,5901
IEPRR,IEPRR,2017-02-10,2017-03-02,,False,2017,True,0,5902
IOC,IOC,2004-09-08,2017-03-02,,False,2017,True,0,5903
WGBS,WGBS,2016-01-04,2017-03-02,,False,2017,True,0,5904
LIOX,LIOX,2016-01-04,2017-03-01,,False,2017,True,0,5905
QUNR,QUNR,2016-01-04,2017-03-01,,False,2017,True,0,5906
HGGG,HGGG,2017-02-28,2017-02-28,,False,2017,True,0,5907
DSCI,DSCI,2001-01-02,2017-02-27,,False,2017,True,0,5908
HGG,HGG,2017-01-03,2017-02-27,,False,2017,True,0,5909
ISIL,ISIL,2001-01-02,2017-02-27,,False,2017,True,0,5910
CLMS,CLMS,2004-10-28,2017-02-22,,False,2017,True,0,5911
ECACR,ECACR,2015-11-24,2017-02-21,,False,2017,True,0,5912
INZ,INZ,2002-12-17,2017-02-21,,False,2017,True,0,5913
MCQ-CL,MCQ-CL,2017-02-08,2017-02-21,,False,2017,True,0,5914
NILE,NILE,2016-01-04,2017-02-21,,False,2017,True,0,5915
VASC,VASC,2016-01-04,2017-02-21,,False,2017,True,0,5916
ARIA,ARIA,2001-01-02,2017-02-17,,False,2017,True,0,5917
HPTRP,HPTRP,2016-01-04,2017-02-17,,False,2017,True,0,5918
LOCK,LOCK,2016-01-04,2017-02-16,,False,2017,True,0,5919
MCQ,MCQ,2016-01-04,2017-02-15,,False,2017,True,0,5920
RJD,RJD,2016-01-04,2017-02-14,,False,2017,True,0,5921
UZG,UZG,2017-01-25,2017-02-14,,False,2017,True,0,5922
CVB,CVB,2016-01-13,2017-02-10,,False,2017,True,0,5923
KCC-CL,KCC-CL,2017-02-02,2017-02-10,,False,2017,True,0,5924
VNR,VNR,2017-01-03,2017-02-10,,False,2017,True,0,5925
VNRAP,VNRAP,2017-01-03,2017-02-10,,False,2017,True,0,5926
VNRBP,VNRBP,2017-01-03,2017-02-10,,False,2017,True,0,5927
VNRCP,VNRCP,2017-01-03,2017-02-10,,False,2017,True,0,5928
BIIBV,BIIBV,2017-01-23,2017-02-09,,False,2017,True,0,5929
KCC,KCC,2016-01-04,2017-02-09,,False,2017,True,0,5930
LOGMV,LOGMV,2017-01-26,2017-02-08,,False,2017,True,0,5931
HTGY,HTGY,2016-01-04,2017-02-02,,False,2017,True,0,5932
HTGZ,HTGZ,2016-01-04,2017-02-02,,False,2017,True,0,5933
BGD,BGD,2017-01-25,2017-02-01,,False,2017,True,0,5934
CVB-CL,CVB-CL,2017-01-30,2017-02-01,,False,2017,True,0,5935
EFS,EFS,2017-01-25,2017-02-01,,False,2017,True,0,5936
EMS,EMS,2017-01-25,2017-02-01,,False,2017,True,0,5937
HTGY-CL,HTGY-CL,2017-01-26,2017-02-01,,False,2017,True,0,5938
HTGZ-CL,HTGZ-CL,2017-01-26,2017-02-01,,False,2017,True,0,5939
VPS,VPS,2017-01-25,2017-02-01,,False,2017,True,0,5940
CFRXW,CFRXW,2016-01-04,2017-01-31,,False,2017,True,0,5941
MCUR,MCUR,2016-01-04,2017-01-31,,False,2017,True,0,5942
AEPI,AEPI,2001-01-02,2017-01-30,,False,2017,True,0,5943
MGH,MGH,2017-01-03,2017-01-27,,False,2017,True,0,5944
VREXV,VREXV,2017-01-20,2017-01-27,,False,2017,True,0,5945
MEG,MEG,2016-01-04,2017-01-25,,False,2017,True,0,5946
LMCA,LMCA,2013-01-10,2017-01-24,,False,2017,True,0,5947
TKPPY,TKPPY,2016-01-04,2017-01-24,,False,2017,True,0,5948
LSBG,LSBG,2016-01-04,2017-01-23,,False,2017,True,0,5949
IL,IL,2016-01-04,2017-01-19,,False,2017,True,0,5950
NRF,NRF,2016-01-04,2017-01-18,,False,2017,True,0,5951
SAQ-CL,SAQ-CL,2016-12-22,2017-01-12,,False,2017,True,0,5952
PARN,PARN,2017-01-03,2017-01-11,,False,2017,True,0,5953
HLS-WS,HLS-WS,2016-01-19,2017-01-10,,False,2017,True,0,5954
DTLK,DTLK,2001-01-02,2017-01-09,,False,2017,True,0,5955
EDE,EDE,2016-01-04,2017-01-09,,False,2017,True,0,5956
FLML,FLML,2001-01-02,2017-01-09,,False,2017,True,0,5957
PBCP,PBCP,2011-12-30,2017-01-09,,False,2017,True,0,5958
ARWA,ARWA,2015-05-27,2017-01-05,,False,2017,True,0,5959
ARWAR,ARWAR,2015-05-18,2017-01-05,,False,2017,True,0,5960
ARWAU,ARWAU,2015-05-01,2017-01-05,,False,2017,True,0,5961
ARWAW,ARWAW,2015-05-18,2017-01-05,,False,2017,True,0,5962
NCT,NCT,2016-01-04,2017-01-05,,False,2017,True,0,5963
HDRA,HDRA,2016-01-08,2017-01-04,,False,2017,True,0,5964
HDRAR,HDRAR,2016-01-12,2017-01-04,,False,2017,True,0,5965
HDRAU,HDRAU,2016-01-12,2017-01-04,,False,2017,True,0,5966
HDRAW,HDRAW,2016-01-05,2017-01-04,,False,2017,True,0,5967
GECXU,GECXU,2016-12-01,2017-01-03,,False,2017,True,0,5968
HGV-W,HGV-W,2016-12-14,2017-01-03,,False,2017,True,0,5969
HLT-W,HLT-W,2016-12-13,2017-01-03,,False,2017,True,0,5970
PK-W,PK-W,2016-12-13,2017-01-03,,False,2017,True,0,5971
CNDT-W,CNDT-W,2016-12-13,2016-12-30,,False,2016,True,0,5972
SWHC,SWHC,1999-08-17,2016-12-30,,False,2016,True,0,5973
XRX-W,XRX-W,2016-12-13,2016-12-30,,False,2016,True,0,5974
CKEC,CKEC,2016-01-04,2016-12-29,,False,2016,True,0,5975
ENIA-W,ENIA-W,2016-12-01,2016-12-29,,False,2016,True,0,5976
SAQ,SAQ,2016-01-04,2016-12-29,,False,2016,True,0,5977
DTZ-CL,DTZ-CL,2016-12-01,2016-12-27,,False,2016,True,0,5978
TRTLW,TRTLW,2016-01-04,2016-12-27,,False,2016,True,0,5979
FCAM,FCAM,2014-12-11,2016-12-22,,False,2016,True,0,5980
ACTS,ACTS,2005-11-30,2016-12-20,,False,2016,True,0,5981
TUBE,TUBE,2016-01-04,2016-12-20,,False,2016,True,0,5982
LPHIQ,LPHIQ,2016-01-04,2016-12-19,,False,2016,True,0,5983
RIGP,RIGP,2016-01-04,2016-12-19,,False,2016,True,0,5984
LGF,LGF,2016-01-04,2016-12-16,,False,2016,True,0,5985
LNKD,LNKD,2011-05-19,2016-12-16,,False,2016,True,0,5986
STRZA,STRZA,2016-01-04,2016-12-16,,False,2016,True,0,5987
VA,VA,2016-01-04,2016-12-15,,False,2016,True,0,5988
TLN,TLN,2016-01-04,2016-12-14,,False,2016,True,0,5989
IM,IM,2016-01-04,2016-12-13,,False,2016,True,0,5990
HEROQ,HEROQ,2016-01-04,2016-12-12,,False,2016,True,0,5991
SGYPU,SGYPU,2016-01-08,2016-12-12,,False,2016,True,0,5992
AMSG,AMSG,2016-01-04,2016-12-09,,False,2016,True,0,5993
AMSGP,AMSGP,2016-01-04,2016-12-09,,False,2016,True,0,5994
EOCA,EOCA,2016-04-26,2016-12-08,,False,2016,True,0,5995
OSHC,OSHC,2016-01-04,2016-12-08,,False,2016,True,0,5996
PPS,PPS,1993-07-15,2016-12-08,,False,2016,True,0,5997
AEGR,AEGR,2010-10-21,2016-12-07,,False,2016,True,0,5998
AVV-CL,AVV-CL,2016-11-01,2016-12-07,,False,2016,True,0,5999
CVT,CVT,2013-08-08,2016-12-07,,False,2016,True,0,6000
INSW-W,INSW-W,2016-11-16,2016-12-07,,False,2016,True,0,6001
SGYPW,SGYPW,2016-01-04,2016-12-07,,False,2016,True,0,6002
DTZ,DTZ,2011-12-07,2016-12-06,,False,2016,True,0,6003
UA-C,UA-C,2016-04-08,2016-12-06,,False,2016,True,0,6004
EVDY,EVDY,2016-01-04,2016-12-05,,False,2016,True,0,6005
DTSI,DTSI,2003-07-10,2016-12-02,,False,2016,True,0,6006
ININ,ININ,2016-01-04,2016-12-02,,False,2016,True,0,6007
MHGC,MHGC,2006-02-13,2016-12-02,,False,2016,True,0,6008
TCPI,TCPI,2016-01-04,2016-12-02,,False,2016,True,0,6009
SCMR,SCMR,2016-01-04,2016-11-30,,False,2016,True,0,6010
ACW,ACW,2010-03-03,2016-11-28,,False,2016,True,0,6011
SWH,SWH,2016-01-04,2016-11-25,,False,2016,True,0,6012
GI,GI,2015-06-04,2016-11-22,,False,2016,True,0,6013
EAC,EAC,2012-04-11,2016-11-18,,False,2016,True,0,6014
ALTI,ALTI,1999-07-06,2016-11-17,,False,2016,True,0,6015
MOBI,MOBI,2010-12-09,2016-11-17,,False,2016,True,0,6016
CAG-W,CAG-W,2016-11-04,2016-11-16,,False,2016,True,0,6017
LW-W,LW-W,2016-11-01,2016-11-16,,False,2016,True,0,6018
MIFI,MIFI,2001-01-02,2016-11-16,,False,2016,True,0,6019
FLTX,FLTX,2012-10-08,2016-11-15,,False,2016,True,0,6020
SAAS,SAAS,2004-07-14,2016-11-15,,False,2016,True,0,6021
APIC,APIC,2016-01-04,2016-11-11,,False,2016,True,0,6022
FULL,FULL,2010-09-01,2016-11-11,,False,2016,True,0,6023
GRO,GRO,2007-11-06,2016-11-11,,False,2016,True,0,6024
NATL,NATL,2005-01-27,2016-11-11,,False,2016,True,0,6025
RAX,RAX,2008-08-07,2016-11-11,,False,2016,True,0,6026
AVV,AVV,2011-11-25,2016-11-08,,False,2016,True,0,6027
CPHD,CPHD,2000-06-22,2016-11-08,,False,2016,True,0,6028
RSTI,RSTI,1996-09-26,2016-11-08,,False,2016,True,0,6029
COB,COB,2016-01-04,2016-11-02,,False,2016,True,0,6030
KFH,KFH,2011-11-17,2016-11-02,,False,2016,True,0,6031
PWX,PWX,1993-04-01,2016-11-02,,False,2016,True,0,6032
SGI,SGI,2009-05-19,2016-11-02,,False,2016,True,0,6033
TBRA,TBRA,2016-01-04,2016-11-02,,False,2016,True,0,6034
GSJ,GSJ,2012-05-09,2016-10-31,,False,2016,True,0,6035
PGND,PGND,2015-05-20,2016-10-31,,False,2016,True,0,6036
WFD,WFD,2001-12-28,2016-10-31,,False,2016,True,0,6037
ADNT-W,ADNT-W,2016-10-17,2016-10-28,,False,2016,True,0,6038
GSJ-CL,GSJ-CL,2016-10-17,2016-10-28,,False,2016,True,0,6039
HCP-W,HCP-W,2016-10-20,2016-10-28,,False,2016,True,0,6040
JCI-W,JCI-W,2016-10-17,2016-10-28,,False,2016,True,0,6041
KFH-CL,KFH-CL,2016-10-26,2016-10-28,,False,2016,True,0,6042
QCP-W,QCP-W,2016-10-20,2016-10-28,,False,2016,True,0,6043
YUM-W,YUM-W,2016-10-17,2016-10-28,,False,2016,True,0,6044
VMEM,VMEM,2013-09-27,2016-10-27,,False,2016,True,0,6045
AHS,AHS,2001-11-13,2016-10-26,,False,2016,True,0,6046
RPTP,RPTP,2006-10-03,2016-10-26,,False,2016,True,0,6047
VTAE,VTAE,2014-09-23,2016-10-26,,False,2016,True,0,6048
ANVGQ,ANVGQ,2015-03-10,2016-10-25,,False,2016,True,0,6049
ENDRQ,ENDRQ,2016-01-04,2016-10-25,,False,2016,True,0,6050
ENERQ,ENERQ,2012-02-24,2016-10-25,,False,2016,True,0,6051
GGO-C,GGO-C,2016-09-09,2016-10-24,,False,2016,True,0,6052
ITC,ITC,2005-07-26,2016-10-24,,False,2016,True,0,6053
CYNA,CYNA,2015-05-20,2016-10-21,,False,2016,True,0,6054
INTLL,INTLL,2016-01-04,2016-10-19,,False,2016,True,0,6055
EFM-CL,EFM-CL,2016-09-16,2016-10-12,,False,2016,True,0,6056
EMZ-CL,EMZ-CL,2016-09-16,2016-10-12,,False,2016,True,0,6057
SDOCQ,SDOCQ,2007-11-06,2016-10-12,,False,2016,True,0,6058
SRAQU,SRAQU,2016-02-23,2016-10-12,,False,2016,True,0,6059
BINDQ,BINDQ,2016-01-04,2016-10-11,,False,2016,True,0,6060
IMS,IMS,2014-04-03,2016-10-11,,False,2016,True,0,6061
PNY,PNY,2001-01-02,2016-10-11,,False,2016,True,0,6062
TFG,TFG,2016-01-04,2016-10-11,,False,2016,True,0,6063
EPIQ,EPIQ,2016-01-04,2016-10-10,,False,2016,True,0,6064
ERB,ERB,2016-01-04,2016-10-10,,False,2016,True,0,6065
RRMS,RRMS,2011-12-08,2016-10-10,,False,2016,True,0,6066
COSI,COSI,2002-11-22,2016-10-07,,False,2016,True,0,6067
GAINP,GAINP,2016-01-04,2016-10-07,,False,2016,True,0,6068
LKSD-W,LKSD-W,2016-09-28,2016-10-07,,False,2016,True,0,6069
RRD-W,RRD-W,2016-09-29,2016-10-07,,False,2016,True,0,6070
CUZ-W,CUZ-W,2016-10-05,2016-10-06,,False,2016,True,0,6071
HTCH,HTCH,2016-01-04,2016-10-06,,False,2016,True,0,6072
PKY-W,PKY-W,2016-10-04,2016-10-06,,False,2016,True,0,6073
COTY-W,COTY-W,2016-09-21,2016-10-04,,False,2016,True,0,6074
PG-WD,PG-WD,2016-09-30,2016-10-04,,False,2016,True,0,6075
SKUL,SKUL,2011-07-19,2016-10-04,,False,2016,True,0,6076
SOHOL,SOHOL,2016-01-04,2016-10-04,,False,2016,True,0,6077
APD-W,APD-W,2016-09-23,2016-09-30,,False,2016,True,0,6078
ASIX-W,ASIX-W,2016-09-15,2016-09-30,,False,2016,True,0,6079
DFIN-W,DFIN-W,2016-09-26,2016-09-30,,False,2016,True,0,6080
VSM-W,VSM-W,2016-09-19,2016-09-30,,False,2016,True,0,6081
MDVN,MDVN,2016-01-04,2016-09-29,,False,2016,True,0,6082
DANG,DANG,2010-12-07,2016-09-28,,False,2016,True,0,6083
OUTR,OUTR,2013-07-01,2016-09-28,,False,2016,True,0,6084
PLCM,PLCM,2001-01-02,2016-09-28,,False,2016,True,0,6085
SZMK,SZMK,2016-01-04,2016-09-28,,False,2016,True,0,6086
IMPR,IMPR,2014-06-24,2016-09-26,,False,2016,True,0,6087
MRD,MRD,2014-06-12,2016-09-26,,False,2016,True,0,6088
PJS-CL,PJS-CL,2016-09-02,2016-09-26,,False,2016,True,0,6089
EFM,EFM,2016-01-04,2016-09-23,,False,2016,True,0,6090
EMZ,EMZ,2016-01-04,2016-09-23,,False,2016,True,0,6091
BODY,BODY,2010-10-15,2016-09-22,,False,2016,True,0,6092
MHLDO,MHLDO,2016-01-04,2016-09-22,,False,2016,True,0,6093
FEIC,FEIC,1995-05-31,2016-09-21,,False,2016,True,0,6094
MGN,MGN,2004-03-23,2016-09-21,,False,2016,True,0,6095
FCS,FCS,2016-01-04,2016-09-20,,False,2016,True,0,6096
MFRM,MFRM,2011-11-17,2016-09-19,,False,2016,True,0,6097
SMT,SMT,2010-07-15,2016-09-19,,False,2016,True,0,6098
YCB,YCB,2016-01-04,2016-09-19,,False,2016,True,0,6099
FCLF,FCLF,2016-01-04,2016-09-16,,False,2016,True,0,6100
ELA-CL,ELA-CL,2016-08-17,2016-09-15,,False,2016,True,0,6101
ELB-CL,ELB-CL,2016-08-17,2016-09-15,,False,2016,True,0,6102
EAA-CL,EAA-CL,2016-08-16,2016-09-14,,False,2016,True,0,6103
IND-CL,IND-CL,2016-08-11,2016-09-14,,False,2016,True,0,6104
PARR-R,PARR-R,2016-08-26,2016-09-13,,False,2016,True,0,6105
ASEI,ASEI,1984-09-06,2016-09-12,,False,2016,True,0,6106
PJS,PJS,2016-01-04,2016-09-12,,False,2016,True,0,6107
CSH,CSH,2016-01-04,2016-09-09,,False,2016,True,0,6108
REXI,REXI,2016-01-04,2016-09-09,,False,2016,True,0,6109
AMTG,AMTG,2011-07-21,2016-09-08,,False,2016,True,0,6110
AXLL,AXLL,2013-01-25,2016-09-08,,False,2016,True,0,6111
DSKY,DSKY,2016-01-04,2016-09-08,,False,2016,True,0,6112
RDEN,RDEN,1995-12-20,2016-09-08,,False,2016,True,0,6113
SQNM,SQNM,2000-02-01,2016-09-08,,False,2016,True,0,6114
TLMR,TLMR,2014-02-11,2016-09-08,,False,2016,True,0,6115
TTHI,TTHI,2016-01-04,2016-09-08,,False,2016,True,0,6116
CTQ,CTQ,2011-06-07,2016-09-06,,False,2016,True,0,6117
DRII,DRII,2016-01-04,2016-09-02,,False,2016,True,0,6118
RLYP,RLYP,2016-01-04,2016-09-02,,False,2016,True,0,6119
TASIF,TASIF,2016-01-04,2016-09-02,,False,2016,True,0,6120
AMIC,AMIC,2016-01-04,2016-09-01,,False,2016,True,0,6121
BVA,BVA,2016-01-04,2016-09-01,,False,2016,True,0,6122
KWKAQ,KWKAQ,2016-01-04,2016-09-01,,False,2016,True,0,6123
NTK,NTK,2016-01-04,2016-09-01,,False,2016,True,0,6124
FMD,FMD,2003-10-31,2016-08-30,,False,2016,True,0,6125
SGNT,SGNT,2011-04-19,2016-08-30,,False,2016,True,0,6126
GOODN,GOODN,2016-01-04,2016-08-29,,False,2016,True,0,6127
CTQ-CL,CTQ-CL,2016-08-19,2016-08-26,,False,2016,True,0,6128
ELA,ELA,2016-01-04,2016-08-25,,False,2016,True,0,6129
ELB,ELB,2016-01-04,2016-08-25,,False,2016,True,0,6130
EAA,EAA,2016-01-04,2016-08-24,,False,2016,True,0,6131
FMER,FMER,2016-01-04,2016-08-24,,False,2016,True,0,6132
HTWR,HTWR,2016-01-04,2016-08-24,,False,2016,True,0,6133
DWA,DWA,2004-10-27,2016-08-23,,False,2016,True,0,6134
QLIK,QLIK,2010-07-15,2016-08-23,,False,2016,True,0,6135
EJ,EJ,2016-01-04,2016-08-22,,False,2016,True,0,6136
LMT-WD,LMT-WD,2016-08-16,2016-08-19,,False,2016,True,0,6137
LDOS-W,LDOS-W,2016-08-09,2016-08-18,,False,2016,True,0,6138
MKTO,MKTO,2013-05-16,2016-08-17,,False,2016,True,0,6139
MWG-CL,MWG-CL,2016-07-19,2016-08-17,,False,2016,True,0,6140
MWO-CL,MWO-CL,2016-07-19,2016-08-17,,False,2016,True,0,6141
MWR-CL,MWR-CL,2016-07-19,2016-08-17,,False,2016,True,0,6142
SOGCQ,SOGCQ,2014-12-17,2016-08-12,,False,2016,True,0,6143
ELRC,ELRC,2016-01-04,2016-08-11,,False,2016,True,0,6144
EPRS,EPRS,2016-01-04,2016-08-11,,False,2016,True,0,6145
NPD,NPD,2007-11-08,2016-08-11,,False,2016,True,0,6146
SFN-CL,SFN-CL,2016-07-26,2016-08-11,,False,2016,True,0,6147
RLOC,RLOC,2010-05-19,2016-08-10,,False,2016,True,0,6148
FUR,FUR,2001-01-02,2016-08-09,,False,2016,True,0,6149
TUMI,TUMI,2012-04-18,2016-08-09,,False,2016,True,0,6150
FNFG,FNFG,2001-01-02,2016-08-08,,False,2016,True,0,6151
HMPR,HMPR,2016-01-04,2016-08-08,,False,2016,True,0,6152
WIBC,WIBC,2016-01-04,2016-08-08,,False,2016,True,0,6153
KKD,KKD,2000-04-05,2016-08-04,,False,2016,True,0,6154
SFN,SFN,2016-01-04,2016-08-03,,False,2016,True,0,6155
BBLUQ,BBLUQ,2016-01-04,2016-08-02,,False,2016,True,0,6156
CERE,CERE,2012-02-22,2016-08-02,,False,2016,True,0,6157
DEG,DEG,2016-01-04,2016-08-02,,False,2016,True,0,6158
DRWIW,DRWIW,2016-01-04,2016-08-02,,False,2016,True,0,6159
MSK-CL,MSK-CL,2016-07-19,2016-08-02,,False,2016,True,0,6160
FNTCU,FNTCU,2015-02-13,2016-08-01,,False,2016,True,0,6161
GGAC,GGAC,2016-01-04,2016-08-01,,False,2016,True,0,6162
GGACR,GGACR,2016-01-04,2016-08-01,,False,2016,True,0,6163
SATCQ,SATCQ,2016-01-04,2016-08-01,,False,2016,True,0,6164
BNK,BNK,2014-08-13,2016-07-29,,False,2016,True,0,6165
EBS-W,EBS-W,2016-07-21,2016-07-29,,False,2016,True,0,6166
SQI,SQI,2010-09-23,2016-07-29,,False,2016,True,0,6167
HNSN,HNSN,2006-11-15,2016-07-28,,False,2016,True,0,6168
EXAM,EXAM,2010-10-28,2016-07-27,,False,2016,True,0,6169
MSK,MSK,2007-05-15,2016-07-27,,False,2016,True,0,6170
MWG,MWG,2003-05-06,2016-07-27,,False,2016,True,0,6171
MWO,MWO,2003-07-14,2016-07-27,,False,2016,True,0,6172
MWR,MWR,2003-03-25,2016-07-27,,False,2016,True,0,6173
NKA,NKA,2010-05-11,2016-07-27,,False,2016,True,0,6174
PAVMU,PAVMU,2016-04-28,2016-07-27,,False,2016,True,0,6175
LPSB,LPSB,2016-01-04,2016-07-25,,False,2016,True,0,6176
QIHU,QIHU,2011-03-29,2016-07-25,,False,2016,True,0,6177
SRTSU,SRTSU,2016-06-03,2016-07-25,,False,2016,True,0,6178
SNTA,SNTA,2007-02-06,2016-07-22,,False,2016,True,0,6179
CJES,CJES,2011-07-29,2016-07-20,,False,2016,True,0,6180
HTS,HTS,2008-04-29,2016-07-20,,False,2016,True,0,6181
IHS,IHS,2005-11-11,2016-07-20,,False,2016,True,0,6182
BCONQ,BCONQ,2011-11-10,2016-07-19,,False,2016,True,0,6183
TFSCR,TFSCR,2016-01-05,2016-07-19,,False,2016,True,0,6184
TFSCU,TFSCU,2016-01-05,2016-07-19,,False,2016,True,0,6185
RSE,RSE,2011-12-27,2016-07-14,,False,2016,True,0,6186
CPXX,CPXX,2016-01-04,2016-07-13,,False,2016,True,0,6187
KUTV,KUTV,2005-02-03,2016-07-13,,False,2016,True,0,6188
CNYD,CNYD,2016-01-04,2016-07-11,,False,2016,True,0,6189
DWRE,DWRE,2016-01-04,2016-07-11,,False,2016,True,0,6190
ICA,ICA,1992-04-09,2016-07-11,,False,2016,True,0,6191
AVNU,AVNU,2016-01-04,2016-07-08,,False,2016,True,0,6192
FXCB,FXCB,2010-06-28,2016-07-08,,False,2016,True,0,6193
CADTR,CADTR,2016-01-11,2016-07-07,,False,2016,True,0,6194
CADTU,CADTU,2016-01-08,2016-07-07,,False,2016,True,0,6195
RRM,RRM,2016-01-04,2016-07-07,,False,2016,True,0,6196
XNPT,XNPT,2005-06-01,2016-07-06,,False,2016,True,0,6197
CSCD,CSCD,2016-01-04,2016-07-05,,False,2016,True,0,6198
FCTY,FCTY,2016-01-04,2016-07-05,,False,2016,True,0,6199
MNRK,MNRK,2016-01-04,2016-07-05,,False,2016,True,0,6200
SSRG,SSRG,2014-12-04,2016-07-05,,False,2016,True,0,6201
UNTD,UNTD,2013-11-01,2016-07-05,,False,2016,True,0,6202
DCUB,DCUB,2016-01-04,2016-07-01,,False,2016,True,0,6203
NSPH,NSPH,2007-11-01,2016-07-01,,False,2016,True,0,6204
NTI,NTI,2012-07-25,2016-07-01,,False,2016,True,0,6205
HRI-W,HRI-W,2016-06-20,2016-06-30,,False,2016,True,0,6206
HTZ-W,HTZ-W,2016-06-20,2016-06-30,,False,2016,True,0,6207
ETC-W,ETC-W,2016-06-27,2016-06-28,,False,2016,True,0,6208
PNX,PNX,2001-06-20,2016-06-28,,False,2016,True,0,6209
ANAC,ANAC,2016-01-04,2016-06-27,,False,2016,True,0,6210
PFX,PFX,2002-01-02,2016-06-27,,False,2016,True,0,6211
WNR-W,WNR-W,2016-06-23,2016-06-27,,False,2016,True,0,6212
SOCB,SOCB,2016-01-04,2016-06-24,,False,2016,True,0,6213
MY,MY,2010-10-01,2016-06-22,,False,2016,True,0,6214
TAOM,TAOM,2016-01-04,2016-06-22,,False,2016,True,0,6215
ALXA,ALXA,2016-01-04,2016-06-21,,False,2016,True,0,6216
ONSIU,ONSIU,2016-05-12,2016-06-20,,False,2016,True,0,6217
BATRR,BATRR,2016-05-18,2016-06-17,,False,2016,True,0,6218
JGW,JGW,2013-11-08,2016-06-17,,False,2016,True,0,6219
WLRHU,WLRHU,2016-01-04,2016-06-17,,False,2016,True,0,6220
WLRHW,WLRHW,2016-01-04,2016-06-17,,False,2016,True,0,6221
PRGNL,PRGNL,2016-01-06,2016-06-16,,False,2016,True,0,6222
MHNA-CL,MHNA-CL,2016-05-13,2016-06-14,,False,2016,True,0,6223
OPWR,OPWR,2014-04-03,2016-06-14,,False,2016,True,0,6224
BITI,BITI,2016-01-04,2016-06-13,,False,2016,True,0,6225
XUE,XUE,2010-11-01,2016-06-13,,False,2016,True,0,6226
EMQ-CL,EMQ-CL,2016-05-13,2016-06-10,,False,2016,True,0,6227
TXTR,TXTR,2013-06-06,2016-06-10,,False,2016,True,0,6228
FSYS,FSYS,2001-01-02,2016-06-09,,False,2016,True,0,6229
AFOP,AFOP,2000-11-30,2016-06-07,,False,2016,True,0,6230
SWSH,SWSH,2016-01-04,2016-06-07,,False,2016,True,0,6231
OSGB,OSGB,2014-10-08,2016-06-06,,False,2016,True,0,6232
RKUS,RKUS,2012-11-15,2016-06-06,,False,2016,True,0,6233
BBEPP,BBEPP,2014-05-15,2016-06-01,,False,2016,True,0,6234
IDT-W,IDT-W,2016-05-26,2016-06-01,,False,2016,True,0,6235
LONG,LONG,2004-10-27,2016-06-01,,False,2016,True,0,6236
SLI,SLI,2016-01-04,2016-06-01,,False,2016,True,0,6237
CHEV,CHEV,2016-01-04,2016-05-31,,False,2016,True,0,6238
CTCM,CTCM,2006-05-31,2016-05-26,,False,2016,True,0,6239
HFFC,HFFC,2016-01-04,2016-05-24,,False,2016,True,0,6240
CKP,CKP,1986-11-12,2016-05-23,,False,2016,True,0,6241
EMQ,EMQ,2016-01-04,2016-05-23,,False,2016,True,0,6242
MHNA,MHNA,2016-01-04,2016-05-23,,False,2016,True,0,6243
IILGV,IILGV,2016-04-11,2016-05-20,,False,2016,True,0,6244
GUA-CL,GUA-CL,2016-04-18,2016-05-17,,False,2016,True,0,6245
POWR,POWR,2008-01-14,2016-05-17,,False,2016,True,0,6246
DATE,DATE,2011-05-10,2016-05-16,,False,2016,True,0,6247
UACL,UACL,2005-02-10,2016-05-13,,False,2016,True,0,6248
WRK-W,WRK-W,2016-05-02,2016-05-13,,False,2016,True,0,6249
HOT-W,HOT-W,2016-04-11,2016-05-12,,False,2016,True,0,6250
MTSN,MTSN,1994-09-28,2016-05-12,,False,2016,True,0,6251
VSCP,VSCP,2016-01-04,2016-05-12,,False,2016,True,0,6252
NUOTQ,NUOTQ,2016-01-04,2016-05-11,,False,2016,True,0,6253
BYLK,BYLK,2016-01-04,2016-05-10,,False,2016,True,0,6254
CBNJ,CBNJ,2016-01-04,2016-05-10,,False,2016,True,0,6255
SZYM,SZYM,2011-05-27,2016-05-10,,False,2016,True,0,6256
NTLS,NTLS,2006-02-09,2016-05-09,,False,2016,True,0,6257
PULB,PULB,2016-01-04,2016-05-09,,False,2016,True,0,6258
CRWN,CRWN,2000-05-05,2016-05-03,,False,2016,True,0,6259
HPY,HPY,2005-08-15,2016-05-02,,False,2016,True,0,6260
CYH-W,CYH-W,2016-04-21,2016-04-29,,False,2016,True,0,6261
TFM,TFM,2010-11-04,2016-04-28,,False,2016,True,0,6262
EOCC-W,EOCC-W,2016-04-21,2016-04-26,,False,2016,True,0,6263
GUA,GUA,2016-01-04,2016-04-26,,False,2016,True,0,6264
ATNY,ATNY,2016-01-04,2016-04-25,,False,2016,True,0,6265
JAH,JAH,2016-01-04,2016-04-25,,False,2016,True,0,6266
CDORO,CDORO,2016-01-04,2016-04-22,,False,2016,True,0,6267
CDORP,CDORP,2016-01-06,2016-04-22,,False,2016,True,0,6268
ARO,ARO,2002-05-16,2016-04-21,,False,2016,True,0,6269
SUNE,SUNE,1995-07-13,2016-04-21,,False,2016,True,0,6270
BLT,BLT,1999-08-19,2016-04-20,,False,2016,True,0,6271
CCSC,CCSC,2016-01-04,2016-04-20,,False,2016,True,0,6272
JST,JST,2016-01-04,2016-04-19,,False,2016,True,0,6273
JMG,JMG,2015-03-20,2016-04-18,,False,2016,True,0,6274
MCOX,MCOX,2016-01-04,2016-04-15,,False,2016,True,0,6275
MDLG,MDLG,2001-01-02,2016-04-15,,False,2016,True,0,6276
BOCA-CL,BOCA-CL,2016-03-14,2016-04-14,,False,2016,True,0,6277
LF,LF,2014-09-19,2016-04-13,,False,2016,True,0,6278
YOKU,YOKU,2016-01-04,2016-04-13,,False,2016,True,0,6279
ATML,ATML,2016-01-04,2016-04-12,,False,2016,True,0,6280
NPBC,NPBC,2016-01-04,2016-04-12,,False,2016,True,0,6281
BONA,BONA,2010-12-08,2016-04-11,,False,2016,True,0,6282
EMMSP,EMMSP,2016-01-04,2016-04-11,,False,2016,True,0,6283
LSG,LSG,2016-01-04,2016-04-11,,False,2016,True,0,6284
NMFS,NMFS,2001-01-02,2016-04-11,,False,2016,True,0,6285
PWAVQ,PWAVQ,2016-01-04,2016-04-11,,False,2016,True,0,6286
RNF,RNF,2011-11-03,2016-04-11,,False,2016,True,0,6287
IRC,IRC,2004-06-08,2016-04-08,,False,2016,True,0,6288
QTWW,QTWW,2012-02-21,2016-04-08,,False,2016,True,0,6289
MDGN-WS,MDGN-WS,2016-01-04,2016-04-07,,False,2016,True,0,6290
HMIN,HMIN,2006-10-26,2016-04-04,,False,2016,True,0,6291
AFFX,AFFX,2016-01-04,2016-04-01,,False,2016,True,0,6292
AMIEQ,AMIEQ,2011-04-13,2016-04-01,,False,2016,True,0,6293
AWI-W,AWI-W,2016-03-17,2016-04-01,,False,2016,True,0,6294
DCUA,DCUA,2016-01-04,2016-04-01,,False,2016,True,0,6295
HNT,HNT,1991-11-06,2016-04-01,,False,2016,True,0,6296
PGICQ,PGICQ,2010-01-04,2016-04-01,,False,2016,True,0,6297
HART,HART,2013-10-21,2016-03-31,,False,2016,True,0,6298
RLD,RLD,2010-07-15,2016-03-31,,False,2016,True,0,6299
PRE,PRE,1996-11-14,2016-03-28,,False,2016,True,0,6300
TZF-CL,TZF-CL,2016-03-01,2016-03-24,,False,2016,True,0,6301
JRCCQ,JRCCQ,2016-01-04,2016-03-23,,False,2016,True,0,6302
MT-WS,MT-WS,2016-03-16,2016-03-23,,False,2016,True,0,6303
GAI,GAI,2016-01-04,2016-03-22,,False,2016,True,0,6304
BOCA,BOCA,2016-01-04,2016-03-21,,False,2016,True,0,6305
JAXB,JAXB,2016-01-04,2016-03-21,,False,2016,True,0,6306
LOJN,LOJN,1993-03-24,2016-03-21,,False,2016,True,0,6307
ANAD,ANAD,2016-01-04,2016-03-16,,False,2016,True,0,6308
SFG,SFG,1999-04-16,2016-03-15,,False,2016,True,0,6309
SLH,SLH,2007-05-10,2016-03-11,,False,2016,True,0,6310
NBBC,NBBC,2016-01-04,2016-03-09,,False,2016,True,0,6311
TZF,TZF,2016-02-04,2016-03-09,,False,2016,True,0,6312
ARPI,ARPI,2013-05-08,2016-03-08,,False,2016,True,0,6313
DMND,DMND,2005-07-20,2016-03-08,,False,2016,True,0,6314
FRM,FRM,2001-07-02,2016-03-08,,False,2016,True,0,6315
SIRO,SIRO,2002-01-22,2016-03-08,,False,2016,True,0,6316
SKLNU,SKLNU,2016-01-04,2016-03-08,,False,2016,True,0,6317
RJET,RJET,2004-05-27,2016-03-07,,False,2016,True,0,6318
ALU,ALU,2006-11-30,2016-03-03,,False,2016,True,0,6319
BPZRQ,BPZRQ,2016-01-04,2016-03-03,,False,2016,True,0,6320
GFIG,GFIG,2016-01-04,2016-03-03,,False,2016,True,0,6321
MSGI,MSGI,2010-11-16,2016-03-03,,False,2016,True,0,6322
MTW-W,MTW-W,2016-02-18,2016-03-03,,False,2016,True,0,6323
SNKTY,SNKTY,2016-01-05,2016-03-03,,False,2016,True,0,6324
CCG,CCG,2010-10-13,2016-03-02,,False,2016,True,0,6325
KING,KING,2014-03-25,2016-03-02,,False,2016,True,0,6326
ROIQ,ROIQ,2014-02-04,2016-02-29,,False,2016,True,0,6327
CHLN,CHLN,2005-11-17,2016-02-26,,False,2016,True,0,6328
HGR,HGR,1992-03-17,2016-02-26,,False,2016,True,0,6329
NGLS,NGLS,2007-02-08,2016-02-25,,False,2016,True,0,6330
TSYS,TSYS,2000-08-08,2016-02-24,,False,2016,True,0,6331
EZCH,EZCH,1999-12-31,2016-02-23,,False,2016,True,0,6332
METR,METR,2016-01-04,2016-02-22,,False,2016,True,0,6333
POZN,POZN,2016-01-04,2016-02-16,,False,2016,True,0,6334
VPCO,VPCO,2010-02-10,2016-02-16,,False,2016,True,0,6335
TRIV,TRIV,2014-04-15,2016-02-12,,False,2016,True,0,6336
OCAT,OCAT,2014-08-27,2016-02-11,,False,2016,True,0,6337
RPRXW,RPRXW,2016-01-08,2016-02-11,,False,2016,True,0,6338
CTCT,CTCT,2007-10-11,2016-02-10,,False,2016,True,0,6339
SYA,SYA,2010-01-22,2016-02-09,,False,2016,True,0,6340
CLV,CLV,2013-02-19,2016-02-08,,False,2016,True,0,6341
NYNYR,NYNYR,2016-01-11,2016-02-08,,False,2016,True,0,6342
RENT,RENT,1992-03-02,2016-02-08,,False,2016,True,0,6343
BMR,BMR,2004-08-06,2016-02-04,,False,2016,True,0,6344
RPRXZ,RPRXZ,2016-01-04,2016-02-04,,False,2016,True,0,6345
GRA-W,GRA-W,2016-01-26,2016-02-03,,False,2016,True,0,6346
HKFI,HKFI,2010-01-04,2016-02-02,,False,2016,True,0,6347
VPCOU,VPCOU,2015-07-30,2016-02-02,,False,2016,True,0,6348
UTIW,UTIW,2016-01-04,2016-02-01,,False,2016,True,0,6349
LBMH,LBMH,2016-01-04,2016-01-29,,False,2016,True,0,6350
OVTI,OVTI,2001-01-02,2016-01-29,,False,2016,True,0,6351
MDAS,MDAS,2007-12-12,2016-01-28,,False,2016,True,0,6352
DYAX,DYAX,2000-08-15,2016-01-25,,False,2016,True,0,6353
IACI,IACI,1993-01-19,2016-01-20,,False,2016,True,0,6354
AVOL,AVOL,2014-12-12,2016-01-19,,False,2016,True,0,6355
BDBD,BDBD,2007-05-01,2016-01-19,,False,2016,True,0,6356
NVSL,NVSL,2016-01-04,2016-01-19,,False,2016,True,0,6357
PSBH,PSBH,2016-01-04,2016-01-15,,False,2016,True,0,6358
FXENP,FXENP,2016-01-04,2016-01-14,,False,2016,True,0,6359
SWAY,SWAY,2014-01-22,2016-01-05,,False,2016,True,0,6360
MELA,MELA,2005-11-03,2016-01-04,,False,2016,True,0,6361
RCAP,RCAP,2013-06-05,2016-01-04,,False,2016,True,0,6362
WSH,WSH,2001-06-12,2016-01-04,,False,2016,True,0,6363
ASBI,ASBI,1987-02-26,2015-12-31,,False,2015,True,0,6364
BZC,BZC,2005-01-21,2015-12-31,,False,2015,True,0,6365
FCVA,FCVA,1999-03-15,2015-12-31,,False,2015,True,0,6366
FXEN,FXEN,1996-06-11,2015-12-31,,False,2015,True,0,6367
CAMBW,CAMBW,2014-09-24,2015-12-23,,False,2015,True,0,6368
PDII,PDII,1998-05-20,2015-12-22,,False,2015,True,0,6369
ALTV,ALTV,1998-04-28,2015-12-21,,False,2015,True,0,6370
ISIS,ISIS,1991-05-17,2015-12-21,,False,2015,True,0,6371
ISH,ISH,1991-10-24,2015-12-18,,False,2015,True,0,6372
RNDY,RNDY,2012-02-08,2015-12-18,,False,2015,True,0,6373
VIMC,VIMC,2005-11-15,2015-12-18,,False,2015,True,0,6374
AVL,AVL,2009-01-08,2015-12-17,,False,2015,True,0,6375
SUBK,SUBK,1992-03-03,2015-12-17,,False,2015,True,0,6376
CYT,CYT,1993-12-22,2015-12-16,,False,2015,True,0,6377
UIL,UIL,1987-08-31,2015-12-16,,False,2015,True,0,6378
ZSPH,ZSPH,2014-06-18,2015-12-16,,False,2015,True,0,6379
CBNR,CBNR,2010-01-04,2015-12-14,,False,2015,True,0,6380
BEE,BEE,2004-07-26,2015-12-11,,False,2015,True,0,6381
STNR,STNR,1996-11-13,2015-12-10,,False,2015,True,0,6382
WX,WX,2007-08-15,2015-12-10,,False,2015,True,0,6383
BAMM,BAMM,1992-11-04,2015-12-09,,False,2015,True,0,6384
PGI,PGI,1996-03-05,2015-12-08,,False,2015,True,0,6385
LMFAU,LMFAU,2015-10-23,2015-12-07,,False,2015,True,0,6386
DARA,DARA,1994-04-07,2015-12-04,,False,2015,True,0,6387
ISSI,ISSI,1995-02-03,2015-12-04,,False,2015,True,0,6388
MSO,MSO,1999-10-19,2015-12-04,,False,2015,True,0,6389
ONFC,ONFC,1998-12-30,2015-12-04,,False,2015,True,0,6390
MWE,MWE,2002-05-21,2015-12-03,,False,2015,True,0,6391
NBG,NBG,1999-10-18,2015-12-02,,False,2015,True,0,6392
SIBC,SIBC,2011-07-08,2015-11-30,,False,2015,True,0,6393
PLNR,PLNR,1993-12-16,2015-11-27,,False,2015,True,0,6394
NOR,NOR,2010-05-14,2015-11-25,,False,2015,True,0,6395
CHOP,CHOP,2007-04-17,2015-11-24,,False,2015,True,0,6396
PSEM,PSEM,1997-10-31,2015-11-24,,False,2015,True,0,6397
SWU,SWU,2011-05-10,2015-11-24,,False,2015,True,0,6398
WAG,WAG,1985-07-01,2015-11-23,,False,2015,True,0,6399
DAEG,DAEG,1996-06-14,2015-11-20,,False,2015,True,0,6400
IPCM,IPCM,2008-01-25,2015-11-20,,False,2015,True,0,6401
YDLE,YDLE,2014-10-03,2015-11-19,,False,2015,True,0,6402
GOMO,GOMO,2013-11-22,2015-11-17,,False,2015,True,0,6403
FWV,FWV,1995-06-26,2015-11-13,,False,2015,True,0,6404
CERCU,CERCU,2015-10-15,2015-11-12,,False,2015,True,0,6405
REMY,REMY,2010-03-26,2015-11-11,,False,2015,True,0,6406
XOOM,XOOM,2013-02-15,2015-11-11,,False,2015,True,0,6407
ESCRP,ESCRP,2007-07-23,2015-11-10,,False,2015,True,0,6408
MHR,MHR,2003-10-07,2015-11-10,,False,2015,True,0,6409
WWWW,WWWW,2005-11-03,2015-11-09,,False,2015,True,0,6410
BAGR,BAGR,2008-11-19,2015-11-06,,False,2015,True,0,6411
OCIR,OCIR,2013-09-13,2015-11-05,,False,2015,True,0,6412
OMG,OMG,1993-10-14,2015-11-05,,False,2015,True,0,6413
SMAC,SMAC,2014-11-04,2015-11-04,,False,2015,True,0,6414
EXH,EXH,2007-08-21,2015-11-03,,False,2015,True,0,6415
EXLP,EXLP,2006-10-17,2015-11-03,,False,2015,True,0,6416
CYN,CYN,1990-03-26,2015-11-02,,False,2015,True,0,6417
FSGI,FSGI,2005-08-10,2015-11-02,,False,2015,True,0,6418
INSV,INSV,2012-11-27,2015-11-02,,False,2015,True,0,6419
AFM,AFM,2012-10-16,2015-10-29,,False,2015,True,0,6420
BTH,BTH,1994-05-18,2015-10-28,,False,2015,True,0,6421
CFRXZ,CFRXZ,2014-09-24,2015-10-28,,False,2015,True,0,6422
LOOK,LOOK,1999-08-20,2015-10-27,,False,2015,True,0,6423
SMACR,SMACR,2014-11-19,2015-10-27,,False,2015,True,0,6424
ADEP,ADEP,1995-12-15,2015-10-26,,False,2015,True,0,6425
QTNTW,QTNTW,2014-09-25,2015-10-26,,False,2015,True,0,6426
ROIQW,ROIQW,2012-05-29,2015-10-26,,False,2015,True,0,6427
GSF,GSF,2011-03-29,2015-10-22,,False,2015,True,0,6428
MM,MM,2012-03-29,2015-10-22,,False,2015,True,0,6429
CYBX,CYBX,1993-02-11,2015-10-16,,False,2015,True,0,6430
SQBK,SQBK,2014-03-27,2015-10-15,,False,2015,True,0,6431
SMACU,SMACU,2014-09-24,2015-10-14,,False,2015,True,0,6432
STXSW,STXSW,2015-09-15,2015-10-12,,False,2015,True,0,6433
SVLC,SVLC,2012-01-17,2015-10-12,,False,2015,True,0,6434
LMNS,LMNS,2014-02-27,2015-10-09,,False,2015,True,0,6435
CMLP,CMLP,2011-12-16,2015-10-08,,False,2015,True,0,6436
EROC,EROC,2006-10-25,2015-10-08,,False,2015,True,0,6437
IEH,IEH,2013-08-19,2015-10-08,,False,2015,True,0,6438
AFQ,AFQ,2010-09-30,2015-10-07,,False,2015,True,0,6439
HME,HME,1994-08-01,2015-10-07,,False,2015,True,0,6440
HILL,HILL,1997-09-17,2015-10-05,,False,2015,True,0,6441
LRE,LRE,2011-11-11,2015-10-05,,False,2015,True,0,6442
KYTH,KYTH,2012-10-16,2015-10-02,,False,2015,True,0,6443
CVNSQ,CVNSQ,2010-10-27,2015-10-01,,False,2015,True,0,6444
UCAP,UCAP,2011-07-28,2015-10-01,,False,2015,True,0,6445
GWRU,GWRU,2012-09-17,2015-09-30,,False,2015,True,0,6446
RYL,RYL,1987-12-30,2015-09-30,,False,2015,True,0,6447
SPF,SPF,1987-12-30,2015-09-30,,False,2015,True,0,6448
ZU,ZU,2013-11-15,2015-09-30,,False,2015,True,0,6449
ARY,ARY,2010-11-15,2015-09-28,,False,2015,True,0,6450
IKAN,IKAN,2005-09-22,2015-09-28,,False,2015,True,0,6451
OWW,OWW,2007-07-20,2015-09-25,,False,2015,True,0,6452
SPW,SPW,1985-07-01,2015-09-25,,False,2015,True,0,6453
DDMGQ,DDMGQ,2012-09-11,2015-09-23,,False,2015,True,0,6454
LABC,LABC,2007-07-10,2015-09-23,,False,2015,True,0,6455
PTNT,PTNT,1999-07-23,2015-09-22,,False,2015,True,0,6456
TECU,TECU,1990-03-26,2015-09-21,,False,2015,True,0,6457
CLTX,CLTX,2014-01-07,2015-09-18,,False,2015,True,0,6458
ANCI,ANCI,2005-12-21,2015-09-17,,False,2015,True,0,6459
TSRE,TSRE,2006-12-28,2015-09-16,,False,2015,True,0,6460
CPGI,CPGI,2010-12-10,2015-09-15,,False,2015,True,0,6461
ZQK,ZQK,1990-03-26,2015-09-09,,False,2015,True,0,6462
CNSI,CNSI,2012-10-24,2015-09-08,,False,2015,True,0,6463
GMK,GMK,1998-11-06,2015-09-04,,False,2015,True,0,6464
PMFG,PMFG,1990-03-26,2015-09-03,,False,2015,True,0,6465
FRS,FRS,1992-03-17,2015-09-01,,False,2015,True,0,6466
ANN,ANN,1991-05-17,2015-08-31,,False,2015,True,0,6467
IFT,IFT,2011-02-08,2015-08-31,,False,2015,True,0,6468
PLMT,PLMT,2011-08-08,2015-08-31,,False,2015,True,0,6469
RCPT,RCPT,2013-05-09,2015-08-27,,False,2015,True,0,6470
PPO,PPO,2007-07-26,2015-08-26,,False,2015,True,0,6471
GBSNU,GBSNU,2015-03-03,2015-08-24,,False,2015,True,0,6472
LNBB,LNBB,1997-05-09,2015-08-24,,False,2015,True,0,6473
GCA,GCA,2005-09-23,2015-08-21,,False,2015,True,0,6474
ASMI,ASMI,1984-09-07,2015-08-20,,False,2015,True,0,6475
TRGT,TRGT,2006-04-12,2015-08-20,,False,2015,True,0,6476
CRV,CRV,1992-03-17,2015-08-19,,False,2015,True,0,6477
CMGE,CMGE,2012-09-26,2015-08-18,,False,2015,True,0,6478
MCGC,MCGC,2001-11-30,2015-08-17,,False,2015,True,0,6479
OCR,OCR,1987-12-30,2015-08-17,,False,2015,True,0,6480
ROIQU,ROIQU,2013-09-17,2015-08-17,,False,2015,True,0,6481
AEC,AEC,1993-11-11,2015-08-14,,False,2015,True,0,6482
ZAVVV,ZAVVV,2015-08-03,2015-08-14,,False,2015,True,0,6483
ZBB,ZBB,2007-06-18,2015-08-14,,False,2015,True,0,6484
SUSQ,SUSQ,1990-03-26,2015-08-10,,False,2015,True,0,6485
STRN,STRN,1999-05-13,2015-08-06,,False,2015,True,0,6486
AYN,AYN,2002-01-29,2015-08-05,,False,2015,True,0,6487
CYNI,CYNI,2013-05-09,2015-08-03,,False,2015,True,0,6488
JDSU,JDSU,1993-11-17,2015-08-03,,False,2015,True,0,6489
LACO,LACO,1999-01-04,2015-08-03,,False,2015,True,0,6490
LITEV,LITEV,2015-07-23,2015-08-03,,False,2015,True,0,6491
MCRL,MCRL,1994-12-09,2015-08-03,,False,2015,True,0,6492
VIAVV,VIAVV,2015-07-23,2015-08-03,,False,2015,True,0,6493
EXL,EXL,2010-04-23,2015-07-31,,False,2015,True,0,6494
MRH,MRH,2002-10-10,2015-07-31,,False,2015,True,0,6495
OXLCP,OXLCP,2012-11-30,2015-07-31,,False,2015,True,0,6496
TKMR,TKMR,2007-07-26,2015-07-31,,False,2015,True,0,6497
ARCP,ARCP,2011-09-09,2015-07-30,,False,2015,True,0,6498
ARCPP,ARCPP,2014-01-06,2015-07-30,,False,2015,True,0,6499
MHM,MHM,2011-03-29,2015-07-30,,False,2015,True,0,6500
MILL,MILL,1998-12-30,2015-07-30,,False,2015,True,0,6501
PWRD,PWRD,2007-07-26,2015-07-28,,False,2015,True,0,6502
GKNT,GKNT,2001-01-02,2015-07-27,,False,2015,True,0,6503
CTRX,CTRX,2006-06-13,2015-07-23,,False,2015,True,0,6504
QEPM,QEPM,2013-08-09,2015-07-22,,False,2015,True,0,6505
RTI,RTI,1990-04-12,2015-07-22,,False,2015,True,0,6506
CKSW,CKSW,2000-06-22,2015-07-21,,False,2015,True,0,6507
SPPR,SPPR,1994-11-30,2015-07-20,,False,2015,True,0,6508
SPPRP,SPPRP,2007-06-20,2015-07-20,,False,2015,True,0,6509
BALT,BALT,2010-03-10,2015-07-17,,False,2015,True,0,6510
EBAYV,EBAYV,2015-07-06,2015-07-17,,False,2015,True,0,6511
PYPLV,PYPLV,2015-07-06,2015-07-17,,False,2015,True,0,6512
ADVS,ADVS,1995-11-16,2015-07-16,,False,2015,True,0,6513
ANR,ANR,2005-02-15,2015-07-16,,False,2015,True,0,6514
SPPRO,SPPRO,2009-04-16,2015-07-15,,False,2015,True,0,6515
BZT,BZT,2012-07-11,2015-07-14,,False,2015,True,0,6516
ADNC,ADNC,2012-05-11,2015-07-09,,False,2015,True,0,6517
MERU,MERU,2010-03-31,2015-07-07,,False,2015,True,0,6518
RALY,RALY,2013-04-12,2015-07-07,,False,2015,True,0,6519
WLT,WLT,1995-10-10,2015-07-07,,False,2015,True,0,6520
ZEP,ZEP,2007-11-01,2015-07-06,,False,2015,True,0,6521
AUQ,AUQ,2003-09-04,2015-07-02,,False,2015,True,0,6522
RGDX,RGDX,2007-06-05,2015-07-02,,False,2015,True,0,6523
DOVR,DOVR,2005-11-18,2015-07-01,,False,2015,True,0,6524
ENL,ENL,1994-10-07,2015-07-01,,False,2015,True,0,6525
IARTV,IARTV,2015-06-17,2015-07-01,,False,2015,True,0,6526
IGTE,IGTE,1996-12-17,2015-07-01,,False,2015,True,0,6527
RUK,RUK,1994-10-07,2015-07-01,,False,2015,True,0,6528
BBNK,BBNK,2003-01-27,2015-06-30,,False,2015,True,0,6529
DRC,DRC,2005-08-05,2015-06-30,,False,2015,True,0,6530
HBOS,HBOS,2005-06-30,2015-06-30,,False,2015,True,0,6531
HVB,HVB,1999-12-13,2015-06-30,,False,2015,True,0,6532
TACOU,TACOU,2013-11-14,2015-06-30,,False,2015,True,0,6533
VYFC,VYFC,1997-01-03,2015-06-30,,False,2015,True,0,6534
ZMH,ZMH,2001-07-25,2015-06-26,,False,2015,True,0,6535
MCP,MCP,2010-07-29,2015-06-24,,False,2015,True,0,6536
CTP,CTP,2010-12-08,2015-06-23,,False,2015,True,0,6537
RVM,RVM,2006-11-24,2015-06-23,,False,2015,True,0,6538
AOL,AOL,2009-11-24,2015-06-22,,False,2015,True,0,6539
GEVA,GEVA,2006-12-28,2015-06-22,,False,2015,True,0,6540
BKYF,BKYF,1999-02-25,2015-06-19,,False,2015,True,0,6541
URZ,URZ,2005-11-10,2015-06-18,,False,2015,True,0,6542
BRDR,BRDR,2014-03-21,2015-06-09,,False,2015,True,0,6543
CRRC,CRRC,1990-03-27,2015-06-05,,False,2015,True,0,6544
NNP,NNP,1990-01-11,2015-06-05,,False,2015,True,0,6545
PKT,PKT,2003-06-26,2015-06-04,,False,2015,True,0,6546
PCYC,PCYC,1995-10-24,2015-06-03,,False,2015,True,0,6547
EVRYQ,EVRYQ,2015-04-20,2015-06-02,,False,2015,True,0,6548
KFX,KFX,2013-12-05,2015-05-29,,False,2015,True,0,6549
USTR,USTR,1990-03-26,2015-05-29,,False,2015,True,0,6550
VIAS,VIAS,1994-05-27,2015-05-29,,False,2015,True,0,6551
XLS,XLS,2011-10-13,2015-05-29,,False,2015,True,0,6552
BWS,BWS,1984-09-07,2015-05-28,,False,2015,True,0,6553
NCFT,NCFT,2013-11-07,2015-05-20,,False,2015,True,0,6554
ARUN,ARUN,2007-03-27,2015-05-18,,False,2015,True,0,6555
TCC,TCC,2012-03-05,2015-05-18,,False,2015,True,0,6556
TLM,TLM,1997-10-16,2015-05-18,,False,2015,True,0,6557
RGP,RGP,2006-01-31,2015-05-08,,False,2015,True,0,6558
HPTX,HPTX,2012-07-26,2015-05-07,,False,2015,True,0,6559
CMSB,CMSB,2007-04-04,2015-05-06,,False,2015,True,0,6560
ELX,ELX,1990-03-26,2015-05-05,,False,2015,True,0,6561
ASPX,ASPX,2014-02-05,2015-05-04,,False,2015,True,0,6562
RGDO,RGDO,2013-08-22,2015-05-04,,False,2015,True,0,6563
ICEL,ICEL,2013-07-25,2015-05-01,,False,2015,True,0,6564
HLSS,HLSS,2012-02-29,2015-04-28,,False,2015,True,0,6565
MVNR,MVNR,2013-11-07,2015-04-28,,False,2015,True,0,6566
CNDO,CNDO,2011-11-17,2015-04-27,,False,2015,True,0,6567
MSZ,MSZ,2006-11-09,2015-04-27,,False,2015,True,0,6568
GY,GY,1981-02-02,2015-04-24,,False,2015,True,0,6569
RVBD,RVBD,2006-09-21,2015-04-24,,False,2015,True,0,6570
KNM,KNM,2002-10-01,2015-04-23,,False,2015,True,0,6571
HBNK,HBNK,2007-01-17,2015-04-17,,False,2015,True,0,6572
ECTYQ,ECTYQ,2013-09-27,2015-04-15,,False,2015,True,0,6573
PAL,PAL,2000-10-16,2015-04-15,,False,2015,True,0,6574
GNI,GNI,1987-11-05,2015-04-14,,False,2015,True,0,6575
JRN,JRN,2003-09-24,2015-04-08,,False,2015,True,0,6576
ONNN,ONNN,2000-05-02,2015-04-02,,False,2015,True,0,6577
AVIV,AVIV,2013-03-21,2015-04-01,,False,2015,True,0,6578
SLXP,SLXP,2000-11-21,2015-04-01,,False,2015,True,0,6579
COBK,COBK,2005-06-30,2015-03-31,,False,2015,True,0,6580
UPI,UPI,1999-05-03,2015-03-31,,False,2015,True,0,6581
LPHI,LPHI,2000-02-09,2015-03-26,,False,2015,True,0,6582
DUA,DUA,2006-11-01,2015-03-25,,False,2015,True,0,6583
EOPN,EOPN,2012-07-26,2015-03-25,,False,2015,True,0,6584
CHYR,CHYR,2001-05-25,2015-03-17,,False,2015,True,0,6585
PTRY,PTRY,1999-06-10,2015-03-16,,False,2015,True,0,6586
CODE,CODE,2010-05-18,2015-03-12,,False,2015,True,0,6587
SIMG,SIMG,1999-10-06,2015-03-10,,False,2015,True,0,6588
NBTF,NBTF,1999-01-25,2015-03-06,,False,2015,True,0,6589
BPZ,BPZ,2003-10-07,2015-03-02,,False,2015,True,0,6590
DRL,DRL,1992-02-25,2015-03-02,,False,2015,True,0,6591
PTP,PTP,2002-10-29,2015-03-02,,False,2015,True,0,6592
APL,APL,2000-01-28,2015-02-27,,False,2015,True,0,6593
VOLC,VOLC,2006-06-15,2015-02-25,,False,2015,True,0,6594
MWIV,MWIV,2005-08-03,2015-02-24,,False,2015,True,0,6595
OILT,OILT,2011-07-14,2015-02-23,,False,2015,True,0,6596
NPSP,NPSP,1994-05-26,2015-02-20,,False,2015,True,0,6597
PEOP,PEOP,2010-07-06,2015-02-20,,False,2015,True,0,6598
AMRE,AMRE,2012-07-27,2015-02-18,,False,2015,True,0,6599
CVD,CVD,1996-12-17,2015-02-18,,False,2015,True,0,6600
NU,NU,1984-08-29,2015-02-18,,False,2015,True,0,6601
SABA,SABA,2013-04-09,2015-02-18,,False,2015,True,0,6602
ORB,ORB,1990-04-24,2015-02-17,,False,2015,True,0,6603
COCO,COCO,1999-02-05,2015-02-13,,False,2015,True,0,6604
IRE,IRE,1996-09-27,2015-02-13,,False,2015,True,0,6605
PRLS,PRLS,1996-09-25,2015-02-12,,False,2015,True,0,6606
ESBF,ESBF,1995-08-18,2015-02-10,,False,2015,True,0,6607
ATK,ATK,1990-10-03,2015-02-09,,False,2015,True,0,6608
BTUI,BTUI,1989-02-08,2015-02-09,,False,2015,True,0,6609
ACMP,ACMP,2010-07-29,2015-02-02,,False,2015,True,0,6610
GTIV,GTIV,2000-02-10,2015-02-02,,False,2015,True,0,6611
RSH,RSH,1982-01-04,2015-02-02,,False,2015,True,0,6612
SKH,SKH,2007-05-15,2015-02-02,,False,2015,True,0,6613
PL,PL,1990-03-26,2015-01-30,,False,2015,True,0,6614
AUXL,AUXL,2004-07-26,2015-01-29,,False,2015,True,0,6615
APAGF,APAGF,1981-07-21,2015-01-28,,False,2015,True,0,6616
ESYS,ESYS,1993-12-01,2015-01-22,,False,2015,True,0,6617
CBST,CBST,1996-10-25,2015-01-21,,False,2015,True,0,6618
BIRT,BIRT,1998-07-17,2015-01-16,,False,2015,True,0,6619
HCT,HCT,2014-04-07,2015-01-16,,False,2015,True,0,6620
GRT,GRT,1994-01-20,2015-01-15,,False,2015,True,0,6621
CQB,CQB,1986-08-01,2015-01-13,,False,2015,True,0,6622
IRF,IRF,1987-11-05,2015-01-13,,False,2015,True,0,6623
AVNR,AVNR,1990-05-08,2015-01-12,,False,2015,True,0,6624
FRNK,FRNK,2011-04-28,2015-01-12,,False,2015,True,0,6625
RFMD,RFMD,1997-06-03,2015-01-08,,False,2015,True,0,6626
SCU,SCU,2009-12-01,2015-01-08,,False,2015,True,0,6627
SWS,SWS,1991-10-11,2015-01-08,,False,2015,True,0,6628
FBTXQ,FBTXQ,2010-01-04,2015-01-06,,False,2015,True,0,6629
XWES,XWES,2008-01-30,2015-01-05,,False,2015,True,0,6630
FFKY,FFKY,1990-07-17,2014-12-31,,False,2014,True,0,6631
NBCB,NBCB,2013-05-10,2014-12-31,,False,2014,True,0,6632
OPLK,OPLK,2000-10-04,2014-12-31,,False,2014,True,0,6633
OXF,OXF,2010-07-14,2014-12-31,,False,2014,True,0,6634
TQNT,TQNT,1993-12-14,2014-12-31,,False,2014,True,0,6635
VPFG,VPFG,2006-10-03,2014-12-31,,False,2014,True,0,6636
MWRX,MWRX,2013-06-27,2014-12-30,,False,2014,True,0,6637
TIBX,TIBX,1999-07-14,2014-12-30,,False,2014,True,0,6638
ASBC,ASBC,1984-09-07,2014-12-22,,False,2014,True,0,6639
PIKE,PIKE,2005-07-27,2014-12-22,,False,2014,True,0,6640
THI,THI,2006-03-24,2014-12-22,,False,2014,True,0,6641
KADR,KADR,2002-09-30,2014-12-18,,False,2014,True,0,6642
OABC,OABC,2010-01-21,2014-12-17,,False,2014,True,0,6643
BKW,BKW,2012-06-20,2014-12-12,,False,2014,True,0,6644
PATR,PATR,1990-03-26,2014-12-12,,False,2014,True,0,6645
PSMI,PSMI,2012-08-08,2014-12-12,,False,2014,True,0,6646
BCF,BCF,2006-09-27,2014-12-10,,False,2014,True,0,6647
CNVR,CNVR,2000-03-31,2014-12-10,,False,2014,True,0,6648
FRF,FRF,2010-12-17,2014-12-10,,False,2014,True,0,6649
SMA,SMA,2004-12-09,2014-12-10,,False,2014,True,0,6650
KOG,KOG,2004-09-01,2014-12-09,,False,2014,True,0,6651
OVRL,OVRL,1997-02-21,2014-12-09,,False,2014,True,0,6652
TAM,TAM,2000-01-03,2014-12-05,,False,2014,True,0,6653
CNQR,CNQR,1998-12-16,2014-12-04,,False,2014,True,0,6654
EPB,EPB,2007-11-29,2014-12-04,,False,2014,True,0,6655
KMP,KMP,1992-07-30,2014-12-04,,False,2014,True,0,6656
KMR,KMR,2001-05-16,2014-12-04,,False,2014,True,0,6657
DLGC,DLGC,2013-04-17,2014-12-02,,False,2014,True,0,6658
BYI,BYI,1982-01-12,2014-12-01,,False,2014,True,0,6659
VSB,VSB,2013-07-22,2014-11-24,,False,2014,True,0,6660
LPDX,LPDX,2013-01-25,2014-11-20,,False,2014,True,0,6661
QRE,QRE,2010-12-17,2014-11-19,,False,2014,True,0,6662
BOLT,BOLT,1995-02-01,2014-11-18,,False,2014,True,0,6663
DNDN,DNDN,2000-06-19,2014-11-18,,False,2014,True,0,6664
DRTX,DRTX,2012-07-19,2014-11-17,,False,2014,True,0,6665
ATHL,ATHL,2013-08-02,2014-11-13,,False,2014,True,0,6666
MOVE,MOVE,1999-08-05,2014-11-13,,False,2014,True,0,6667
VPRT,VPRT,2005-09-30,2014-11-12,,False,2014,True,0,6668
BAGL,BAGL,2007-06-08,2014-11-06,,False,2014,True,0,6669
FRGBQ,FRGBQ,1995-08-22,2014-11-06,,False,2014,True,0,6670
THRD,THRD,1994-07-13,2014-11-03,,False,2014,True,0,6671
FFCO,FFCO,2005-04-07,2014-10-31,,False,2014,True,0,6672
FUBC,FUBC,2008-04-10,2014-10-31,,False,2014,True,0,6673
KBALB,KBALB,1990-03-26,2014-10-31,,False,2014,True,0,6674
LSBI,LSBI,1995-02-07,2014-10-31,,False,2014,True,0,6675
XRSC,XRSC,1995-02-01,2014-10-31,,False,2014,True,0,6676
DVR,DVR,2006-12-14,2014-10-29,,False,2014,True,0,6677
BNNY,BNNY,2012-03-28,2014-10-20,,False,2014,True,0,6678
URS,URS,1972-06-01,2014-10-17,,False,2014,True,0,6679
EVOQ,EVOQ,2009-04-07,2014-10-16,,False,2014,True,0,6680
SPBC,SPBC,2010-11-01,2014-10-15,,False,2014,True,0,6681
MEAS,MEAS,1993-04-26,2014-10-09,,False,2014,True,0,6682
COBR,COBR,1975-06-30,2014-10-08,,False,2014,True,0,6683
FPFCQ,FPFCQ,2014-09-22,2014-10-08,,False,2014,True,0,6684
CHDX,CHDX,1994-08-19,2014-10-07,,False,2014,True,0,6685
CHRM,CHRM,2010-05-05,2014-10-02,,False,2014,True,0,6686
PTEK,PTEK,2005-10-14,2014-10-01,,False,2014,True,0,6687
MDCI,MDCI,1986-07-22,2014-09-30,,False,2014,True,0,6688
ITMN,ITMN,2000-03-24,2014-09-29,,False,2014,True,0,6689
USU,USU,1998-07-23,2014-09-29,,False,2014,True,0,6690
TWGP,TWGP,2004-10-21,2014-09-15,,False,2014,True,0,6691
ARX,ARX,2010-11-19,2014-09-12,,False,2014,True,0,6692
MCRS,MCRS,1990-03-26,2014-09-08,,False,2014,True,0,6693
DFZ,DFZ,1992-03-16,2014-09-04,,False,2014,True,0,6694
ICGE,ICGE,1999-08-05,2014-09-02,,False,2014,True,0,6695
ISS,ISS,2010-12-14,2014-09-02,,False,2014,True,0,6696
SUSS,SUSS,2006-10-19,2014-08-29,,False,2014,True,0,6697
UNS,UNS,1985-08-30,2014-08-15,,False,2014,True,0,6698
QCOR,QCOR,1993-03-04,2014-08-14,,False,2014,True,0,6699
CSKI,CSKI,2012-03-08,2014-08-12,,False,2014,True,0,6700
IDIX,IDIX,2004-07-22,2014-08-05,,False,2014,True,0,6701
OPEN,OPEN,2009-05-21,2014-08-01,,False,2014,True,0,6702
EQU,EQU,2000-04-25,2014-07-30,,False,2014,True,0,6703
ESC,ESC,1995-11-20,2014-07-30,,False,2014,True,0,6704
SGK,SGK,1987-11-05,2014-07-30,,False,2014,True,0,6705
GSKNF,GSKNF,2014-04-22,2014-07-29,,False,2014,True,0,6706
GA,GA,2011-08-29,2014-07-28,,False,2014,True,0,6707
FIO,FIO,2011-06-09,2014-07-23,,False,2014,True,0,6708
HITT,HITT,2005-07-22,2014-07-22,,False,2014,True,0,6709
CBEY,CBEY,2005-11-10,2014-07-18,,False,2014,True,0,6710
RDA,RDA,2010-11-10,2014-07-18,,False,2014,True,0,6711
PDH,PDH,2012-05-04,2014-07-16,,False,2014,True,0,6712
HAST,HAST,2006-12-28,2014-07-15,,False,2014,True,0,6713
CHC,CHC,2010-01-25,2014-07-09,,False,2014,True,0,6714
CNBC,CNBC,1996-05-30,2014-07-08,,False,2014,True,0,6715
YONG,YONG,2009-09-03,2014-07-03,,False,2014,True,0,6716
CHTP,CHTP,2005-11-10,2014-07-01,,False,2014,True,0,6717
TXI,TXI,1978-05-01,2014-07-01,,False,2014,True,0,6718
SCBT,SCBT,1997-01-28,2014-06-27,,False,2014,True,0,6719
JOSB,JOSB,2001-01-02,2014-06-26,,False,2014,True,0,6720
NLP,NLP,2005-02-03,2014-06-23,,False,2014,True,0,6721
ZIGO,ZIGO,1992-03-03,2014-06-20,,False,2014,True,0,6722
ARSD,ARSD,2006-07-31,2014-06-17,,False,2014,True,0,6723
DLLR,DLLR,2005-01-28,2014-06-13,,False,2014,True,0,6724
DOLNQ,DOLNQ,2014-03-25,2014-06-13,,False,2014,True,0,6725
SYNM,SYNM,2006-12-28,2014-06-09,,False,2014,True,0,6726
EPL,EPL,2009-09-23,2014-06-03,,False,2014,True,0,6727
STSI,STSI,1999-03-22,2014-06-03,,False,2014,True,0,6728
FFBH,FFBH,1996-05-06,2014-06-02,,False,2014,True,0,6729
SVNTQ,SVNTQ,2003-06-23,2014-06-02,,False,2014,True,0,6730
TSH,TSH,2006-12-28,2014-05-30,,False,2014,True,0,6731
VOCS,VOCS,2005-12-07,2014-05-30,,False,2014,True,0,6732
ZLC,ZLC,1993-08-09,2014-05-30,,False,2014,True,0,6733
ARTC,ARTC,1996-02-05,2014-05-29,,False,2014,True,0,6734
LTXC,LTXC,1990-03-26,2014-05-21,,False,2014,True,0,6735
HWG,HWG,2006-12-28,2014-05-15,,False,2014,True,0,6736
ABFS,ABFS,1992-05-13,2014-05-13,,False,2014,True,0,6737
ACO,ACO,1987-08-13,2014-05-12,,False,2014,True,0,6738
ACCL,ACCL,1995-12-06,2014-05-06,,False,2014,True,0,6739
KFN,KFN,2010-02-16,2014-05-01,,False,2014,True,0,6740
TECUA,TECUA,1995-08-18,2014-05-01,,False,2014,True,0,6741
RCKB,RCKB,2005-08-17,2014-04-30,,False,2014,True,0,6742
WBCO,WBCO,1998-06-23,2014-04-30,,False,2014,True,0,6743
STSA,STSA,1991-11-25,2014-04-23,,False,2014,True,0,6744
STST,STST,2002-04-09,2014-04-21,,False,2014,True,0,6745
HITK,HITK,1992-08-04,2014-04-17,,False,2014,True,0,6746
SUPX,SUPX,1990-03-27,2014-04-09,,False,2014,True,0,6747
PACR,PACR,2002-06-13,2014-04-08,,False,2014,True,0,6748
PACT,PACT,2010-06-30,2014-04-02,,False,2014,True,0,6749
XRTX,XRTX,2006-12-28,2014-03-31,,False,2014,True,0,6750
CIS,CIS,2010-07-21,2014-03-28,,False,2014,True,0,6751
FSNMQ,FSNMQ,2010-07-28,2014-03-27,,False,2014,True,0,6752
MMSY,MMSY,2001-01-02,2014-03-25,,False,2014,True,0,6753
NDRE,NDRE,2001-01-02,2014-03-25,,False,2014,True,0,6754
GIVN,GIVN,2009-02-20,2014-03-07,,False,2014,True,0,6755
OSHWQ,OSHWQ,2012-01-03,2014-03-04,,False,2014,True,0,6756
PATH,PATH,2010-08-06,2014-03-03,,False,2014,True,0,6757
BCSB,BCSB,2008-05-14,2014-02-11,,False,2014,True,0,6758
COLE,COLE,2013-06-20,2014-02-07,,False,2014,True,0,6759
CBCRQ,CBCRQ,2011-01-27,2014-02-05,,False,2014,True,0,6760
VCI,VCI,2006-12-28,2014-02-04,,False,2014,True,0,6761
GMXRQ,GMXRQ,2013-04-01,2014-02-03,,False,2014,True,0,6762
ATX,ATX,2006-12-28,2014-01-31,,False,2014,True,0,6763
CGX,CGX,2006-12-28,2014-01-31,,False,2014,True,0,6764
LPRIQ,LPRIQ,2013-09-16,2014-01-31,,False,2014,True,0,6765
VCBI,VCBI,2006-12-28,2014-01-31,,False,2014,True,0,6766
HRZB,HRZB,2010-01-21,2014-01-28,,False,2014,True,0,6767
PNG,PNG,2010-04-30,2014-01-08,,False,2014,True,0,6768
TUC,TUC,2006-12-28,2014-01-08,,False,2014,True,0,6769
EIHI,EIHI,2006-12-28,2013-12-31,,False,2013,True,0,6770
SPRD,SPRD,2007-06-27,2013-12-31,,False,2013,True,0,6771
STEI,STEI,1995-07-12,2013-12-31,,False,2013,True,0,6772
BLC,BLC,2006-12-28,2013-12-23,,False,2013,True,0,6773
TPGI,TPGI,2013-05-08,2013-12-20,,False,2013,True,0,6774
MSPD,MSPD,2006-12-28,2013-12-17,,False,2013,True,0,6775
BRY,BRY,2006-12-28,2013-12-16,,False,2013,True,0,6776
LCC,LCC,2006-12-28,2013-12-06,,False,2013,True,0,6777
ROMA,ROMA,2006-12-28,2013-12-06,,False,2013,True,0,6778
MFLR,MFLR,2006-12-28,2013-11-15,,False,2013,True,0,6779
CHBT,CHBT,2011-07-05,2013-11-12,,False,2013,True,0,6780
SKS,SKS,2006-12-28,2013-11-12,,False,2013,True,0,6781
LSE,LSE,2004-03-19,2013-11-06,,False,2013,True,0,6782
DOLE,DOLE,2009-10-23,2013-11-01,,False,2013,True,0,6783
OPTR,OPTR,2007-02-09,2013-11-01,,False,2013,True,0,6784
TGX,TGX,2006-12-28,2013-10-29,,False,2013,True,0,6785
JLIC,JLIC,2010-07-13,2013-10-28,,False,2013,True,0,6786
RUE,RUE,2009-11-13,2013-10-18,,False,2013,True,0,6787
AACC,AACC,2004-02-05,2013-10-17,,False,2013,True,0,6788
ADY,ADY,2006-05-26,2013-10-17,,False,2013,True,0,6789
ALC,ALC,2006-11-10,2013-10-17,,False,2013,True,0,6790
ART,ART,2009-09-24,2013-10-17,,False,2013,True,0,6791
ASFN,ASFN,2011-01-31,2013-10-17,,False,2013,True,0,6792
AVZAQ,AVZAQ,2005-12-02,2013-10-17,,False,2013,True,0,6793
CAGC,CAGC,2009-09-03,2013-10-17,,False,2013,True,0,6794
CLP,CLP,1994-02-02,2013-10-17,,False,2013,True,0,6795
CLSP,CLSP,2008-10-22,2013-10-17,,False,2013,True,0,6796
CLWR,CLWR,2007-03-08,2013-10-17,,False,2013,True,0,6797
CNEP,CNEP,2012-06-21,2013-10-17,,False,2013,True,0,6798
CNH,CNH,2001-01-02,2013-10-17,,False,2013,True,0,6799
CXS,CXS,2009-09-17,2013-10-17,,False,2013,True,0,6800
DUF,DUF,2007-09-28,2013-10-17,,False,2013,True,0,6801
ENA,ENA,2012-10-31,2013-10-17,,False,2013,True,0,6802
FFEX,FFEX,2001-01-02,2013-10-17,,False,2013,True,0,6803
FIRE,FIRE,2013-10-07,2013-10-17,,False,2013,True,0,6804
FMFC,FMFC,2001-01-02,2013-10-17,,False,2013,True,0,6805
FSCI,FSCI,2012-10-22,2013-10-17,,False,2013,True,0,6806
IGATY,IGATY,2005-12-08,2013-10-17,,False,2013,True,0,6807
KBW,KBW,2010-12-15,2013-10-17,,False,2013,True,0,6808
KEYN,KEYN,2010-08-30,2013-10-17,,False,2013,True,0,6809
KH,KH,2010-08-11,2013-10-17,,False,2013,True,0,6810
KNXA,KNXA,2005-06-24,2013-10-17,,False,2013,True,0,6811
LAWEQ,LAWEQ,2010-01-04,2013-10-17,,False,2013,True,0,6812
MRX,MRX,2001-01-02,2013-10-17,,False,2013,True,0,6813
NFP,NFP,2003-09-18,2013-10-17,,False,2013,True,0,6814
NFSB,NFSB,2006-07-07,2013-10-17,,False,2013,True,0,6815
ONXX,ONXX,1996-05-09,2013-10-17,,False,2013,True,0,6816
SEH,SEH,2006-12-28,2013-10-17,,False,2013,True,0,6817
SRZ,SRZ,2013-01-04,2013-10-17,,False,2013,True,0,6818
SVN,SVN,2009-11-23,2013-10-17,,False,2013,True,0,6819
WAVE,WAVE,2007-01-03,2013-10-17,,False,2013,True,0,6820
WCRX,WCRX,2006-09-21,2013-10-17,,False,2013,True,0,6821
WRC,WRC,2008-06-24,2013-10-17,,False,2013,True,0,6822
KDN,KDN,2001-01-02,2013-10-16,,False,2013,True,0,6823
PVFC,PVFC,2006-12-28,2013-10-11,,False,2013,True,0,6824
AWBCQ,AWBCQ,2010-03-15,2013-10-08,,False,2013,True,0,6825
PRX,PRX,2006-12-28,2013-10-07,,False,2013,True,0,6826
MFB,MFB,2006-12-28,2013-10-04,,False,2013,True,0,6827
KCP,KCP,2003-08-26,2013-10-03,,False,2013,True,0,6828
ASI,ASI,2006-12-28,2013-10-01,,False,2013,True,0,6829
VHS,VHS,2011-06-22,2013-09-30,,False,2013,True,0,6830
UTRA,UTRA,2012-05-07,2013-09-26,,False,2013,True,0,6831
LVB,LVB,2006-12-28,2013-09-18,,False,2013,True,0,6832
MEMS,MEMS,2007-12-14,2013-09-17,,False,2013,True,0,6833
PBTH,PBTH,2009-06-15,2013-09-17,,False,2013,True,0,6834
NIVS,NIVS,2011-06-23,2013-09-12,,False,2013,True,0,6835
ALTUQ,ALTUQ,2010-01-04,2013-08-30,,False,2013,True,0,6836
MBND,MBND,2006-12-28,2013-08-30,,False,2013,True,0,6837
PFFBQ,PFFBQ,2010-01-04,2013-08-30,,False,2013,True,0,6838
FBN,FBN,2006-12-28,2013-08-27,,False,2013,True,0,6839
MPR,MPR,2006-12-28,2013-08-27,,False,2013,True,0,6840
FCMCQ,FCMCQ,2010-01-04,2013-08-19,,False,2013,True,0,6841
KITDQ,KITDQ,2013-08-16,2013-08-19,,False,2013,True,0,6842
TVL,TVL,2006-12-28,2013-07-30,,False,2013,True,0,6843
ESLRQ,ESLRQ,2000-11-02,2013-07-29,,False,2013,True,0,6844
BNNX,BNNX,2007-11-27,2013-07-15,,False,2013,True,0,6845
TRXI,TRXI,2010-03-30,2013-07-15,,False,2013,True,0,6846
ABVT,ABVT,2010-12-02,2013-07-10,,False,2013,True,0,6847
SDBT,SDBT,2007-11-01,2013-07-03,,False,2013,True,0,6848
JGBO,JGBO,2011-08-04,2013-07-01,,False,2013,True,0,6849
HOGS,HOGS,2007-12-27,2013-06-26,,False,2013,True,0,6850
WBSN,WBSN,2006-12-28,2013-06-25,,False,2013,True,0,6851
PMTI,PMTI,2006-12-28,2013-06-24,,False,2013,True,0,6852
VMED,VMED,2004-07-19,2013-06-24,,False,2013,True,0,6853
SSRX,SSRX,2007-02-07,2013-06-17,,False,2013,True,0,6854
HOTT,HOTT,2006-12-28,2013-06-12,,False,2013,True,0,6855
KYAK,KYAK,2012-07-20,2013-06-07,,False,2013,True,0,6856
FCFC,FCFC,1995-08-02,2013-06-04,,False,2013,True,0,6857
OUTD,OUTD,2012-11-23,2013-06-04,,False,2013,True,0,6858
OTT,OTT,2005-03-11,2013-06-03,,False,2013,True,0,6859
NRCI,NRCI,2013-05-21,2013-05-30,,False,2013,True,0,6860
PXP,PXP,2006-12-28,2013-05-30,,False,2013,True,0,6861
CHUX,CHUX,2008-09-10,2013-05-17,,False,2013,True,0,6862
KSWS,KSWS,2001-01-02,2013-05-17,,False,2013,True,0,6863
GEOKQ,GEOKQ,2012-12-27,2013-05-10,,False,2013,True,0,6864
IPT,IPT,2006-12-28,2013-05-09,,False,2013,True,0,6865
EDAC,EDAC,2007-05-31,2013-05-07,,False,2013,True,0,6866
AEA,AEA,2005-08-26,2013-05-01,,False,2013,True,0,6867
OMPI,OMPI,2006-12-28,2013-04-25,,False,2013,True,0,6868
GRBEQ,GRBEQ,2012-01-06,2013-04-15,,False,2013,True,0,6869
CRBC,CRBC,2006-12-28,2013-04-12,,False,2013,True,0,6870
SHS,SHS,2006-12-28,2013-04-12,,False,2013,True,0,6871
PRWT,PRWT,2006-12-28,2013-04-09,,False,2013,True,0,6872
ANNB,ANNB,2006-12-22,2013-04-05,,False,2013,True,0,6873
SUG,SUG,2007-09-26,2013-04-03,,False,2013,True,0,6874
ORCC,ORCC,1999-06-04,2013-03-28,,False,2013,True,0,6875
EPHC,EPHC,2006-12-28,2013-03-27,,False,2013,True,0,6876
SHP,SHP,2010-10-19,2013-03-27,,False,2013,True,0,6877
ALNC,ALNC,2006-12-28,2013-03-08,,False,2013,True,0,6878
BTFG,BTFG,2002-05-15,2013-03-08,,False,2013,True,0,6879
SOMX,SOMX,2006-12-28,2013-03-06,,False,2013,True,0,6880
CYDEQ,CYDEQ,2012-03-05,2013-03-05,,False,2013,True,0,6881
CPV,CPV,2001-01-02,2013-03-04,,False,2013,True,0,6882
MDTL,MDTL,2010-01-04,2013-02-25,,False,2013,True,0,6883
WSTE,WSTE,2011-04-13,2013-02-25,,False,2013,True,0,6884
TNS,TNS,2006-12-28,2013-02-15,,False,2013,True,0,6885
RVR,RVR,2007-01-19,2013-02-14,,False,2013,True,0,6886
GEOY,GEOY,2006-12-28,2013-02-12,,False,2013,True,0,6887
RTLX,RTLX,2006-12-28,2013-02-12,,False,2013,True,0,6888
SHAW,SHAW,2006-12-28,2013-02-12,,False,2013,True,0,6889
WWAY,WWAY,2009-12-21,2013-02-12,,False,2013,True,0,6890
YDNT,YDNT,2006-12-28,2013-02-12,,False,2013,True,0,6891
SBX,SBX,2008-11-06,2013-02-07,,False,2013,True,0,6892
HS,HS,2006-02-03,2013-02-06,,False,2013,True,0,6893
RAH,RAH,2006-12-28,2013-01-29,,False,2013,True,0,6894
NDN,NDN,2006-12-28,2013-01-22,,False,2013,True,0,6895
ACOM,ACOM,2009-11-05,2013-01-14,,False,2013,True,0,6896
FSIN,FSIN,2005-09-29,2013-01-14,,False,2013,True,0,6897
ABVA,ABVA,2001-12-05,2013-01-07,,False,2013,True,0,6898
TEA,TEA,2011-07-28,2012-12-31,,False,2012,True,0,6899
FFEDQ,FFEDQ,2010-01-11,2012-12-28,,False,2012,True,0,6900
PLFE,PLFE,2006-12-28,2012-12-28,,False,2012,True,0,6901
AGP,AGP,2006-12-28,2012-12-21,,False,2012,True,0,6902
JDAS,JDAS,2006-12-28,2012-12-21,,False,2012,True,0,6903
SUNH,SUNH,2010-11-08,2012-12-20,,False,2012,True,0,6904
TPCG,TPCG,2010-05-04,2012-12-20,,False,2012,True,0,6905
SHF,SHF,2006-12-28,2012-12-14,,False,2012,True,0,6906
ENP,ENP,2007-09-12,2012-12-10,,False,2012,True,0,6907
DITC,DITC,2006-12-28,2012-12-04,,False,2012,True,0,6908
DPL,DPL,2001-01-02,2012-12-03,,False,2012,True,0,6909
BIDZ,BIDZ,2012-11-13,2012-11-26,,False,2012,True,0,6910
KSW,KSW,1997-02-18,2012-11-21,,False,2012,True,0,6911
KFFG,KFFG,2012-11-12,2012-11-20,,False,2012,True,0,6912
RMTR,RMTR,2006-12-28,2012-11-20,,False,2012,True,0,6913
WATG,WATG,2011-09-13,2012-11-15,,False,2012,True,0,6914
KCI,KCI,2004-02-25,2012-11-12,,False,2012,True,0,6915
CORSQ,CORSQ,1991-05-07,2012-11-05,,False,2012,True,0,6916
UDRL,UDRL,2006-12-28,2012-11-05,,False,2012,True,0,6917
FSII,FSII,2012-10-11,2012-10-31,,False,2012,True,0,6918
PEET,PEET,2006-12-28,2012-10-26,,False,2012,True,0,6919
IPII,IPII,2010-01-27,2012-10-23,,False,2012,True,0,6920
DDSSF,DDSSF,2006-04-28,2012-10-19,,False,2012,True,0,6921
SDTHQ,SDTHQ,2011-06-10,2012-10-17,,False,2012,True,0,6922
HAWKQ,HAWKQ,2009-08-14,2012-10-15,,False,2012,True,0,6923
VQ,VQ,2006-12-28,2012-10-03,,False,2012,True,0,6924
DYNIQ,DYNIQ,2012-07-06,2012-10-01,,False,2012,True,0,6925
RHAYY,RHAYY,2007-09-28,2012-10-01,,False,2012,True,0,6926
INMD,INMD,2001-01-02,2012-09-20,,False,2012,True,0,6927
NWK,NWK,1990-01-02,2012-09-11,,False,2012,True,0,6928
OPXT,OPXT,2012-07-23,2012-08-10,,False,2012,True,0,6929
KNOL,KNOL,2003-12-18,2012-08-03,,False,2012,True,0,6930
SRSL,SRSL,1996-09-09,2012-07-30,,False,2012,True,0,6931
CHSI,CHSI,2008-10-03,2012-07-19,,False,2012,True,0,6932
SURW,SURW,2008-05-13,2012-07-19,,False,2012,True,0,6933
KNSY,KNSY,2012-04-26,2012-07-09,,False,2012,True,0,6934
MGRP,MGRP,2010-06-08,2012-06-26,,False,2012,True,0,6935
DRJ,DRJ,1997-02-26,2012-06-18,,False,2012,True,0,6936
ADGF,ADGF,1998-07-10,2012-06-11,,False,2012,True,0,6937
IMPCQ,IMPCQ,2010-01-04,2012-05-22,,False,2012,True,0,6938
UCIA,UCIA,2001-01-02,2012-05-14,,False,2012,True,0,6939
MZTH,MZTH,2010-01-04,2012-05-10,,False,2012,True,0,6940
PARL,PARL,2012-04-18,2012-05-07,,False,2012,True,0,6941
SRLS,SRLS,2006-03-22,2012-05-07,,False,2012,True,0,6942
WRS,WRS,2006-12-20,2012-04-11,,False,2012,True,0,6943
ADVNQ,ADVNQ,1990-01-02,2012-03-14,,False,2012,True,0,6944
CALCQ,CALCQ,1992-03-17,2012-03-09,,False,2012,True,0,6945
LAVA,LAVA,2001-11-20,2012-03-05,,False,2012,True,0,6946
TRH,TRH,2006-12-28,2012-03-05,,False,2012,True,0,6947
ADPI,ADPI,2012-02-09,2012-02-28,,False,2012,True,0,6948
MJRC,MJRC,2006-03-24,2012-02-27,,False,2012,True,0,6949
AATI,AATI,2005-08-04,2012-01-27,,False,2012,True,0,6950
STBC,STBC,2001-01-02,2012-01-09,,False,2012,True,0,6951
ADLR,ADLR,2000-11-14,2011-12-22,,False,2011,True,0,6952
SWTX,SWTX,2011-03-30,2011-12-16,,False,2011,True,0,6953
CLFC,CLFC,2001-01-02,2011-12-12,,False,2011,True,0,6954
PAET,PAET,2007-03-01,2011-12-12,,False,2011,True,0,6955
SPWRB,SPWRB,2008-09-22,2011-12-05,,False,2011,True,0,6956
AAI,AAI,2001-09-17,2011-11-30,,False,2011,True,0,6957
BHS,BHS,2003-01-07,2011-11-30,,False,2011,True,0,6958
CML,CML,2011-02-10,2011-11-30,,False,2011,True,0,6959
DEP,DEP,2007-01-31,2011-11-30,,False,2011,True,0,6960
FMR,FMR,2006-10-18,2011-11-30,,False,2011,True,0,6961
FTO,FTO,2001-01-02,2011-11-30,,False,2011,True,0,6962
GRB,GRB,1990-01-02,2011-11-30,,False,2011,True,0,6963
GRM,GRM,2010-02-11,2011-11-30,,False,2011,True,0,6964
HYC,HYC,2006-12-28,2011-11-30,,False,2011,True,0,6965
JAS,JAS,2006-12-28,2011-11-30,,False,2011,True,0,6966
KEI,KEI,2001-01-02,2011-11-30,,False,2011,True,0,6967
KSP,KSP,2004-01-09,2011-11-30,,False,2011,True,0,6968
LZ,LZ,2001-01-02,2011-11-30,,False,2011,True,0,6969
RHB,RHB,2011-05-31,2011-11-30,,False,2011,True,0,6970
SRX,SRX,2011-07-20,2011-11-30,,False,2011,True,0,6971
SVR,SVR,2011-01-12,2011-11-30,,False,2011,True,0,6972
TBL,TBL,2006-12-28,2011-11-30,,False,2011,True,0,6973
PRM,PRM,2001-01-02,2011-11-29,,False,2011,True,0,6974
CFSG,CFSG,2006-09-15,2011-11-21,,False,2011,True,0,6975
FPAMQ,FPAMQ,2001-01-02,2011-11-07,,False,2011,True,0,6976
FPIC,FPIC,2001-01-02,2011-11-07,,False,2011,True,0,6977
GLBC,GLBC,2004-01-22,2011-10-14,,False,2011,True,0,6978
ABBC,ABBC,2004-12-17,2011-10-10,,False,2011,True,0,6979
ACF,ACF,2010-09-30,2011-10-10,,False,2011,True,0,6980
CNU,CNU,2010-11-01,2011-10-04,,False,2011,True,0,6981
SWSI,SWSI,1997-02-25,2011-09-19,,False,2011,True,0,6982
FTLK,FTLK,2009-12-15,2011-09-13,,False,2011,True,0,6983
GNA,GNA,2001-01-02,2011-09-07,,False,2011,True,0,6984
OXPS,OXPS,2005-12-14,2011-08-31,,False,2011,True,0,6985
GEOW,GEOW,2010-08-12,2011-08-29,,False,2011,True,0,6986
NLCI,NLCI,2011-08-09,2011-08-29,,False,2011,True,0,6987
CRN,CRN,1990-01-02,2011-08-22,,False,2011,True,0,6988
BLUD,BLUD,2001-01-02,2011-08-18,,False,2011,True,0,6989
CYRV,CYRV,2008-12-02,2011-08-08,,False,2011,True,0,6990
IDC,IDC,2006-12-28,2011-08-08,,False,2011,True,0,6991
SVVS,SVVS,2001-01-02,2011-07-25,,False,2011,True,0,6992
KNDL,KNDL,1997-08-22,2011-07-22,,False,2011,True,0,6993
CKR,CKR,2001-01-02,2011-07-20,,False,2011,True,0,6994
BUCY,BUCY,2004-07-23,2011-07-18,,False,2011,True,0,6995
CKXE,CKXE,2011-06-21,2011-07-08,,False,2011,True,0,6996
SBUFQ,SBUFQ,2001-01-02,2011-07-05,,False,2011,True,0,6997
BWY,BWY,2007-06-13,2011-06-24,,False,2011,True,0,6998
BRNC,BRNC,2005-08-16,2011-06-23,,False,2011,True,0,6999
DSCM,DSCM,1999-07-28,2011-06-13,,False,2011,True,0,7000
CUL,CUL,2008-12-08,2011-06-06,,False,2011,True,0,7001
CXG,CXG,2006-01-19,2011-06-06,,False,2011,True,0,7002
IWA,IWA,2000-02-11,2011-06-06,,False,2011,True,0,7003
CRA,CRA,1993-07-01,2011-05-27,,False,2011,True,0,7004
SVLF,SVLF,2008-01-15,2011-05-27,,False,2011,True,0,7005
SPSNQ,SPSNQ,2009-05-07,2011-05-19,,False,2011,True,0,7006
CLDA,CLDA,2001-01-02,2011-05-02,,False,2011,True,0,7007
GIW,GIW,2002-08-06,2011-05-02,,False,2011,True,0,7008
NGAS,NGAS,1990-01-02,2011-05-02,,False,2011,True,0,7009
TRA,TRA,2001-01-02,2011-04-25,,False,2011,True,0,7010
OPTV,OPTV,1999-11-23,2011-04-04,,False,2011,True,0,7011
RHIEQ,RHIEQ,2010-06-01,2011-04-04,,False,2011,True,0,7012
FPWBQ,FPWBQ,1992-03-18,2011-03-10,,False,2011,True,0,7013
ALY,ALY,2007-03-22,2011-02-23,,False,2011,True,0,7014
ACTI,ACTI,1995-10-26,2011-02-17,,False,2011,True,0,7015
DINE,DINE,2001-01-02,2011-01-03,,False,2011,True,0,7016
HBE,HBE,2001-11-16,2011-01-03,,False,2011,True,0,7017
NHWK,NHWK,2010-12-22,2011-01-03,,False,2011,True,0,7018
ACLI,ACLI,2006-12-28,2010-12-31,,False,2010,True,0,7019
AEZ,AEZ,2003-01-21,2010-12-30,,False,2010,True,0,7020
CAPEQ,CAPEQ,2006-10-02,2010-12-30,,False,2010,True,0,7021
OSP,OSP,2007-11-09,2010-12-27,,False,2010,True,0,7022
SKP,SKP,2001-01-02,2010-12-13,,False,2010,True,0,7023
THMD,THMD,2006-05-08,2010-12-13,,False,2010,True,0,7024
OTIX,OTIX,2001-01-02,2010-12-10,,False,2010,True,0,7025
OSTE,OSTE,2010-11-16,2010-12-03,,False,2010,True,0,7026
AGAM,AGAM,2009-10-21,2010-11-29,,False,2010,True,0,7027
DTPI,DTPI,2001-01-02,2010-11-12,,False,2010,True,0,7028
NZ,NZ,2009-04-09,2010-11-10,,False,2010,True,0,7029
PSG,PSG,2006-05-15,2010-11-08,,False,2010,True,0,7030
ORH,ORH,2008-06-11,2010-11-05,,False,2010,True,0,7031
ACAP,ACAP,2001-01-02,2010-11-01,,False,2010,True,0,7032
ABII,ABII,2007-11-15,2010-10-25,,False,2010,True,0,7033
ATN,ATN,1993-04-27,2010-10-07,,False,2010,True,0,7034
DVINQ,DVINQ,2003-02-28,2010-10-01,,False,2010,True,0,7035
NTY,NTY,2006-12-28,2010-09-30,,False,2010,True,0,7036
SWWC,SWWC,2001-01-02,2010-09-30,,False,2010,True,0,7037
ODSY,ODSY,2001-10-31,2010-09-03,,False,2010,True,0,7038
WMZ,WMZ,2008-01-18,2010-08-31,,False,2010,True,0,7039
EVVV,EVVV,2005-06-16,2010-07-29,,False,2010,True,0,7040
MRDG,MRDG,2001-01-02,2010-07-15,,False,2010,True,0,7041
OSIP,OSIP,2010-06-08,2010-06-25,,False,2010,True,0,7042
HPWR,HPWR,2001-01-02,2010-06-03,,False,2010,True,0,7043
DDRX,DDRX,2001-05-11,2010-05-28,,False,2010,True,0,7044
STXN,STXN,2007-03-29,2010-05-28,,False,2010,True,0,7045
JOR,JOR,2005-04-15,2010-05-17,,False,2010,True,0,7046
CHRD,CHRD,2001-01-02,2010-05-10,,False,2010,True,0,7047
CITP,CITP,2004-10-05,2010-04-22,,False,2010,True,0,7048
KTII,KTII,2010-04-01,2010-04-19,,False,2010,True,0,7049
DNA,DNA,2001-01-02,2010-04-05,,False,2010,True,0,7050
CHTT,CHTT,1992-11-06,2010-03-29,,False,2010,True,0,7051
FGXI,FGXI,2007-10-25,2010-03-29,,False,2010,True,0,7052
IHR,IHR,2006-12-28,2010-03-17,,False,2010,True,0,7053
GAC,GAC,2007-03-21,2010-02-19,,False,2010,True,0,7054
NLX,NLX,1997-01-02,2010-02-19,,False,2010,True,0,7055
TXCOQ,TXCOQ,2010-01-04,2010-02-11,,False,2010,True,0,7056
CVP,CVP,2003-12-05,2010-02-04,,False,2010,True,0,7057
CLZR,CLZR,2001-01-02,2010-01-22,,False,2010,True,0,7058
OVEN,OVEN,1995-08-18,2010-01-13,,False,2010,True,0,7059
MVL,MVL,2006-12-28,2009-12-31,,False,2009,True,0,7060
PCOP,PCOP,1995-12-06,2009-12-31,,False,2009,True,0,7061
AOGSQ,AOGSQ,2009-05-11,2009-12-30,,False,2009,True,0,7062
ATB,ATB,1995-09-12,2009-12-24,,False,2009,True,0,7063
ORCG,ORCG,2002-06-17,2009-12-24,,False,2009,True,0,7064
TWB,TWB,2006-12-28,2009-11-25,,False,2009,True,0,7065
VM,VM,2007-10-11,2009-11-24,,False,2009,True,0,7066
BNV,BNV,2001-01-02,2009-11-19,,False,2009,True,0,7067
FPU,FPU,1990-09-18,2009-11-16,,False,2009,True,0,7068
DRS,DRS,1996-04-02,2009-10-30,,False,2009,True,0,7069
SRVY,SRVY,2004-07-16,2009-10-23,,False,2009,True,0,7070
PMII,PMII,2009-09-10,2009-10-15,,False,2009,True,0,7071
CHQGF,CHQGF,2009-03-17,2009-10-06,,False,2009,True,0,7072
CMOS,CMOS,1993-10-28,2009-09-29,,False,2009,True,0,7073
OPTM,OPTM,2006-10-27,2009-09-29,,False,2009,True,0,7074
CKNN,CKNN,1996-04-01,2009-09-28,,False,2009,True,0,7075
FTGX,FTGX,2001-01-02,2009-09-28,,False,2009,True,0,7076
REST,REST,2006-05-17,2009-09-28,,False,2009,True,0,7077
SPSX,SPSX,2004-01-05,2009-09-28,,False,2009,True,0,7078
STAQ,STAQ,2009-08-10,2009-09-15,,False,2009,True,0,7079
RPRS,RPRS,2001-01-02,2009-09-08,,False,2009,True,0,7080
WCIMQ,WCIMQ,2008-08-05,2009-09-03,,False,2009,True,0,7081
HIRE,HIRE,2001-06-18,2009-08-28,,False,2009,True,0,7082
NMX,NMX,2006-11-17,2009-08-28,,False,2009,True,0,7083
ENTU,ENTU,1998-08-18,2009-08-13,,False,2009,True,0,7084
BORL,BORL,1990-01-02,2009-08-12,,False,2009,True,0,7085
KHA,KHA,2007-08-01,2009-08-12,,False,2009,True,0,7086
SUMT,SUMT,1997-01-02,2009-08-06,,False,2009,True,0,7087
CGRB,CGRB,2007-02-08,2009-07-24,,False,2009,True,0,7088
SBKC,SBKC,2006-12-28,2009-07-24,,False,2009,True,0,7089
LUMCQ,LUMCQ,2008-09-24,2009-07-22,,False,2009,True,0,7090
GGA,GGA,2007-07-09,2009-07-10,,False,2009,True,0,7091
AGIXQ,AGIXQ,2000-08-09,2009-07-06,,False,2009,True,0,7092
KOSN,KOSN,2000-10-05,2009-07-06,,False,2009,True,0,7093
SWIM,SWIM,2002-11-14,2009-06-26,,False,2009,True,0,7094
HTV,HTV,2006-12-28,2009-06-04,,False,2009,True,0,7095
CXR,CXR,2006-12-28,2009-05-29,,False,2009,True,0,7096
MNC,MNC,2006-12-28,2009-02-27,,False,2009,True,0,7097
EFD,EFD,2006-12-28,2007-11-13,,False,2007,True,0,7098
GNSM,GNSM,2007-07-13,2007-10-25,,False,2007,True,0,7099
ARS,ARS,2006-12-19,2006-12-29,,False,2006,True,0,7100
SCG,SCG,1987-12-30,2018-12-31,201812,True,2018,False,1,7101
ESRX,ESRX,1992-06-09,2018-12-20,201812,True,2018,False,1,7102
EVHC,EVHC,2013-08-14,2018-12-14,201810,True,2018,False,1,7103
AET,AET,1977-01-03,2018-11-28,201811,True,2018,False,1,7104
COL,COL,2001-06-15,2018-11-26,201811,True,2018,False,1,7105
PX,PX,1992-06-17,2018-10-30,201810,True,2018,False,1,7106
ANDV,ANDV,1983-04-06,2018-09-28,201809,True,2018,False,1,7107
XL,XL,1991-07-19,2018-09-13,201809,True,2018,False,1,7108
GGP,GGP,1993-04-08,2018-08-28,201808,True,2018,False,1,7109
MON,MON,2000-10-18,2018-06-08,201806,True,2018,False,1,7110
SNI,SNI,2008-06-12,2018-03-16,201803,True,2018,False,1,7111
BCR,BCR,1983-04-06,2017-12-29,201712,True,2017,False,1,7112
LVLT,LVLT,1998-03-31,2017-11-01,201710,True,2017,False,1,7113
WFM,WFM,1992-01-23,2017-08-29,201708,True,2017,False,1,7114
RAI,RAI,1999-06-01,2017-08-17,201707,True,2017,False,1,7115
MJN,MJN,2009-02-11,2017-07-14,201706,True,2017,False,1,7116
KATE,KATE,1981-06-09,2017-07-12,201707,True,2017,False,1,7117
JNS,JNS,2000-06-26,2017-05-30,201705,True,2017,False,1,7118
JOY,JOY,2001-05-25,2017-04-13,201704,True,2017,False,1,7119
LLTC,LLTC,2016-01-04,2017-03-20,201703,True,2017,False,1,7120
HAR,HAR,2016-01-04,2017-03-10,201703,True,2017,False,1,7121
SXCL,SXCL,2006-12-28,2017-02-23,201702,True,2017,False,1,7122
APOL,APOL,2016-01-04,2017-02-09,201702,True,2017,False,1,7123
AMCC,AMCC,2001-01-02,2017-02-03,201701,True,2017,False,1,7124
STJ,STJ,1989-12-07,2017-01-18,201701,True,2017,False,1,7125
ACAS,ACAS,1997-09-02,2017-01-11,201701,True,2017,False,1,7126
LXK,LXK,2016-01-04,2016-11-29,201611,True,2016,False,1,7127
MWW,MWW,2008-11-11,2016-11-09,201610,True,2016,False,1,7128
QLGC,QLGC,2016-01-04,2016-08-24,201608,True,2016,False,1,7129
ANRZQ,ANRZQ,2005-02-15,2016-07-27,201607,True,2016,False,1,7130
CPGX,CPGX,2015-07-01,2016-07-01,201606,True,2016,False,1,7131
CVC,CVC,2016-01-04,2016-06-21,201606,True,2016,False,1,7132
BXLT,BXLT,2015-06-30,2016-06-16,201606,True,2016,False,1,7133
ARG,ARG,1986-12-22,2016-05-31,201605,True,2016,False,1,7134
TWC,TWC,2007-03-01,2016-05-26,201605,True,2016,False,1,7135
GMCR,GMCR,2001-01-12,2016-03-04,201603,True,2016,False,1,7136
PBY,PBY,1987-12-30,2016-02-12,201602,True,2016,False,1,7137
BRCM,BRCM,2016-01-04,2016-02-09,201601,True,2016,False,1,7138
PCP,PCP,2016-01-04,2016-02-08,201601,True,2016,False,1,7139
PMCS,PMCS,2016-01-04,2016-01-25,201601,True,2016,False,1,7140
AACBR,AACBR,2025-04-07,2026-08-19,,False,2026,False,0,7141
ABCM,ABCM,2010-12-03,2026-08-07,,False,2026,False,0,7142
ACLX,ACLX,2022-02-04,2026-04-28,,False,2026,False,0,7143
AAM,AAM,2024-09-16,2026-02-02,,False,2026,False,0,7144
AAM-U,AAM-U,2024-08-01,2026-02-02,,False,2026,False,0,7145
AAM-WS,AAM-WS,2024-09-16,2026-02-02,,False,2026,False,0,7146
AACT-U,AACT-U,2023-04-21,2025-09-24,,False,2025,False,0,7147
ACCD,ACCD,2020-07-02,2025-04-08,,False,2025,False,0,7148
ACAB,ACAB,2022-03-09,2024-11-12,,False,2024,False,0,7149
ACABU,ACABU,2022-01-14,2024-11-12,,False,2024,False,0,7150
ACST,ACST,2011-05-06,2024-10-07,,False,2024,False,0,7151
ACACW,ACACW,2020-12-15,2024-10-04,,False,2024,False,0,7152
AAN,AAN,2020-11-25,2024-10-03,,False,2024,False,0,7153
ACAC,ACAC,2022-08-08,2024-09-26,,False,2024,False,0,7154
ACBA,ACBA,2021-05-26,2024-05-30,,False,2024,False,0,7155
ACBAU,ACBAU,2021-04-06,2024-05-30,,False,2024,False,0,7156
ACBAW,ACBAW,2021-05-21,2024-05-23,,False,2024,False,0,7157
ACAH,ACAH,2021-04-28,2024-03-05,,False,2024,False,0,7158
ACAHU,ACAHU,2021-03-04,2024-03-05,,False,2024,False,0,7159
ACAHW,ACAHW,2021-04-29,2024-02-23,,False,2024,False,0,7160
AAIN,AAIN,2021-07-19,2024-01-30,,False,2024,False,0,7161
ACAX,ACAX,2022-03-24,2024-01-08,,False,2024,False,0,7162
ACAXR,ACAXR,2022-03-24,2024-01-08,,False,2024,False,0,7163
ACAXU,ACAXU,2022-02-01,2024-01-08,,False,2024,False,0,7164
ACAXW,ACAXW,2022-03-24,2024-01-08,,False,2024,False,0,7165
ACRO,ACRO,2021-08-30,2023-12-18,,False,2023,False,0,7166
ACRO-U,ACRO-U,2021-07-09,2023-12-18,,False,2023,False,0,7167
ACRO-WS,ACRO-WS,2021-08-30,2023-12-18,,False,2023,False,0,7168
AAIC,AAIC,1997-12-23,2023-12-14,,False,2023,False,0,7169
ACER,ACER,2017-09-22,2023-11-20,,False,2023,False,0,7170
ACDCW,ACDCW,2022-11-02,2023-11-07,,False,2023,False,0,7171
ACAQ,ACAQ,2021-12-13,2023-10-19,,False,2023,False,0,7172
ACAQ-U,ACAQ-U,2021-10-20,2023-10-19,,False,2023,False,0,7173
ACAQ-WS,ACAQ-WS,2021-12-10,2023-10-19,,False,2023,False,0,7174
ACGN,ACGN,1996-01-25,2023-09-01,,False,2023,False,0,7175
AAWW,AAWW,2005-11-09,2023-04-03,,False,2023,False,0,7176
ACQR,ACQR,2021-05-19,2023-03-10,,False,2023,False,0,7177
ACQRU,ACQRU,2021-03-09,2023-03-10,,False,2023,False,0,7178
ACQRW,ACQRW,2021-05-17,2023-03-10,,False,2023,False,0,7179
ABGI,ABGI,2021-02-17,2023-02-27,,False,2023,False,0,7180
ACDI,ACDI,2021-12-31,2023-02-15,,False,2023,False,0,7181
ACDI-U,ACDI-U,2021-11-10,2023-02-15,,False,2023,False,0,7182
ABMD,ABMD,1987-07-30,2023-01-03,,False,2023,False,0,7183
ACHR-WS,ACHR-WS,2020-12-18,2022-12-23,,False,2022,False,0,7184
AAQC,AAQC,2021-05-10,2022-12-15,,False,2022,False,0,7185
AAQC-U,AAQC-U,2021-03-18,2022-12-15,,False,2022,False,0,7186
ACII-U,ACII-U,2021-02-04,2022-12-01,,False,2022,False,0,7187
ACEVU,ACEVU,2020-07-28,2022-11-22,,False,2022,False,0,7188
ABTX,ABTX,2015-10-08,2022-09-30,,False,2022,False,0,7189
ACKIT,ACKIT,2021-02-04,2022-08-31,,False,2022,False,0,7190
ACKIU,ACKIU,2020-12-21,2022-08-31,,False,2022,False,0,7191
ACKIW,ACKIW,2021-02-04,2022-08-31,,False,2022,False,0,7192
ACC,ACC,2004-08-12,2022-08-09,,False,2022,False,0,7193
ACTD,ACTD,2021-05-24,2022-07-21,,False,2022,False,0,7194
ACBI,ACBI,2015-11-02,2022-02-28,,False,2022,False,0,7195
ACGLP,ACGLP,2016-09-23,2021-09-29,,False,2021,False,0,7196
ACIC-U,ACIC-U,2020-10-28,2021-09-16,,False,2021,False,0,7197
ACND-U,ACND-U,2020-07-24,2021-07-21,,False,2021,False,0,7198
ACND-WS,ACND-WS,2020-09-14,2021-07-21,,False,2021,False,0,7199
AACQU,AACQU,2020-07-14,2021-06-24,,False,2021,False,0,7200
ACACU,ACACU,2020-10-23,2021-06-21,,False,2021,False,0,7201
ACP-R,ACP-R,2019-10-14,2021-06-15,,False,2021,False,0,7202
ACTC,ACTC,2020-11-25,2021-06-14,,False,2021,False,0,7203
ACTCU,ACTCU,2020-09-23,2021-06-14,,False,2021,False,0,7204
ACIA,ACIA,2016-05-13,2021-03-01,,False,2021,False,0,7205
AAN-W,AAN-W,2020-11-25,2020-11-30,,False,2020,False,0,7206
ABST,ABST,2007-07-13,2020-10-28,,False,2020,False,0,7207
ACEL-WS,ACEL-WS,2019-11-21,2020-07-15,,False,2020,False,0,7208
ACHN,ACHN,2006-11-09,2020-01-28,,False,2020,False,0,7209
ABEOW,ABEOW,2015-06-22,2019-12-20,,False,2019,False,0,7210
AABA,AABA,1996-04-12,2019-11-06,,False,2019,False,0,7211
ACETQ,ACETQ,1990-03-26,2019-10-01,,False,2019,False,0,7212
ABCD,ABCD,2009-12-09,2018-12-18,,False,2018,False,0,7213
AAV,AAV,2004-03-31,2018-12-14,,False,2018,False,0,7214
ACSF,ACSF,2014-01-16,2018-09-19,,False,2018,False,0,7215
ABAX,ABAX,1992-01-23,2018-08-01,,False,2018,False,0,7216
ABLX,ABLX,2017-10-20,2018-06-22,,False,2018,False,0,7217
ACFC,ACFC,2004-10-05,2018-05-29,,False,2018,False,0,7218
ABRN,ABRN,2014-05-15,2018-04-26,,False,2018,False,0,7219
ACTA,ACTA,1999-08-05,2018-04-20,,False,2018,False,0,7220
ACERW,ACERW,2015-04-14,2018-04-05,,False,2018,False,0,7221
ABCO,ABCO,2001-11-13,2017-11-17,,False,2017,False,0,7222
ABY,ABY,2014-06-13,2017-11-13,,False,2017,False,0,7223
ABTL,ABTL,1999-03-26,2017-10-06,,False,2017,False,0,7224
AAPC,AAPC,2015-04-29,2017-10-04,,False,2017,False,0,7225
ACME,ACME,2016-01-08,2017-01-11,,False,2017,False,0,7226
AA-W,AA-W,2016-10-18,2016-11-08,,False,2016,False,0,7227
ABGBY,ABGBY,2016-05-02,2016-05-13,,False,2016,False,0,7228
ABCW,ABCW,2016-01-04,2016-05-09,,False,2016,False,0,7229
ABGB,ABGB,2016-01-04,2016-05-05,,False,2016,False,0,7230
ABILW,ABILW,2016-01-04,2016-04-07,,False,2016,False,0,7231
