date,year,horizon,model,n,calendar_days,long_gross,short_gross,long_net10bp,long_net20bp,short_net10bp_borrow5pct,long_vs_SPY_gross,long_vs_equal_U_gross,long_cash_net10bp,short_cash_net10bp_borrow5pct
2016-03-31,2016,5,SPY,1,7,-0.0019574259848299524,0.0019574259848299524,-0.0029574259848299525,-0.0039574259848299525,-1.4781247590887631e-06,0.0,0.004039002971644417,-0.0029574259848299525,-1.4781247590887631e-06
2016-03-31,2016,5,accrual_weak,5,7,-0.033792085252764434,0.033792085252764434,-0.034792085252764435,-0.035792085252764436,0.03183318114317539,-0.03183465926793448,-0.027795656296290064,-0.008698021313191109,0.007958295285793848
2016-03-31,2016,5,cashburn_rebound,1,7,-0.09752504419563936,0.09752504419563936,-0.09852504419563936,-0.09952504419563936,0.09556614008605031,-0.0955676182108094,-0.09152861523916499,-0.004926252209781969,0.004778307004302516
2016-03-31,2016,5,cashburn_weak,3,7,0.009486948815734067,-0.009486948815734067,0.008486948815734068,0.007486948815734067,-0.011445852925323107,0.01144437480056402,0.015483377772208436,0.0012730423223601102,-0.0017168779387984662
2016-03-31,2016,5,equal_weight_U,307,7,-0.005996428956474369,0.005996428956474369,-0.006996428956474369,-0.007996428956474368,0.004037524846885328,-0.004039002971644417,0.0,-0.006996428956474369,0.004037524846885328
2016-03-31,2016,5,exclusion_long_same_U,20,7,-0.008223993018909293,0.008223993018909293,-0.009223993018909294,-0.010223993018909293,0.006265088909320252,-0.006266567034079341,-0.002227564062434924,-0.009223993018909294,0.006265088909320252
2016-03-31,2016,5,price_weak,20,7,0.007718138788057732,-0.007718138788057732,0.006718138788057732,0.005718138788057732,-0.009677042897646773,0.009675564772887685,0.013714567744532101,0.006718138788057732,-0.009677042897646773
2016-03-31,2016,5,residual_rally,20,7,0.009627060324172218,-0.009627060324172218,0.00862706032417222,0.007627060324172218,-0.011585964433761258,0.01158448630900217,0.015623489280646587,0.00862706032417222,-0.011585964433761258
2016-03-31,2016,20,SPY,1,28,0.015157817470026869,-0.015157817470026869,0.014157817470026868,0.013157817470026869,-0.019993433908383033,0.0,-0.009937588036152929,0.014157817470026868,-0.019993433908383033
2016-03-31,2016,20,accrual_weak,5,28,-0.024416758435429127,0.024416758435429127,-0.025416758435429128,-0.02641675843542913,0.019581141997072962,-0.039574575905455996,-0.04951216394160893,-0.006354189608857282,0.0048952854992682406
2016-03-31,2016,20,cashburn_rebound,1,28,-0.1599882144961697,0.1599882144961697,-0.1609882144961697,-0.1619882144961697,0.15515259805781353,-0.17514603196619657,-0.1850836200023495,-0.008049410724808486,0.007757629902890677
2016-03-31,2016,20,cashburn_weak,3,28,0.035102638198901776,-0.035102638198901776,0.034102638198901775,0.033102638198901774,-0.03993825463725794,0.019944820728874907,0.010007232692721978,0.005115395729835266,-0.005990738195588691
2016-03-31,2016,20,equal_weight_U,307,28,0.025095405506179797,-0.025095405506179797,0.024095405506179796,0.0230954055061798,-0.029931021944535962,0.009937588036152929,0.0,0.024095405506179796,-0.029931021944535962
2016-03-31,2016,20,exclusion_long_same_U,20,28,-0.007043243527153298,0.007043243527153298,-0.008043243527153299,-0.009043243527153298,0.002207627088797133,-0.022201060997180166,-0.03213864903333309,-0.008043243527153299,0.002207627088797133
2016-03-31,2016,20,price_weak,20,28,0.0916280108596377,-0.0916280108596377,0.0906280108596377,0.0896280108596377,-0.09646362729799388,0.07647019338961084,0.06653260535345791,0.0906280108596377,-0.09646362729799388
2016-03-31,2016,20,residual_rally,20,28,0.025702521594510825,-0.025702521594510825,0.024702521594510824,0.023702521594510827,-0.03053813803286699,0.010544704124483956,0.0006071160883310278,0.024702521594510824,-0.03053813803286699
2016-04-28,2016,5,SPY,1,7,-0.008465557275541769,0.008465557275541769,-0.00946555727554177,-0.010465557275541769,0.0065066531659527275,0.0,0.010861866720284226,-0.00946555727554177,0.0065066531659527275
2016-04-28,2016,5,accrual_weak,10,7,-0.03780768442238621,0.03780768442238621,-0.03880768442238621,-0.03980768442238621,0.03584878031279717,-0.029342127146844442,-0.018480260426560216,-0.019403842211193106,0.017924390156398583
2016-04-28,2016,5,cashburn_weak,3,7,-0.045166888926444375,0.045166888926444375,-0.046166888926444376,-0.04716688892644438,0.04320798481685533,-0.036701331650902606,-0.02583946493061838,-0.0069250333389666565,0.0064811977225282995
2016-04-28,2016,5,equal_weight_U,305,7,-0.019327423995825994,0.019327423995825994,-0.020327423995825995,-0.021327423995825996,0.01736851988623695,-0.010861866720284226,0.0,-0.020327423995825995,0.01736851988623695
2016-04-28,2016,5,exclusion_long_same_U,20,7,-0.020641919112102586,0.020641919112102586,-0.021641919112102587,-0.022641919112102588,0.018683015002513542,-0.012176361836560817,-0.0013144951162765914,-0.021641919112102587,0.018683015002513542
2016-04-28,2016,5,price_weak,20,7,-0.0070406889299210965,0.0070406889299210965,-0.008040688929921096,-0.009040688929921097,0.0050817848203320555,0.001424868345620672,0.012286735065904898,-0.008040688929921096,0.0050817848203320555
2016-04-28,2016,5,residual_rally,20,7,-0.05599566283402686,0.05599566283402686,-0.056995662834026864,-0.057995662834026865,0.05403675872443782,-0.047530105558485095,-0.03666823883820087,-0.056995662834026864,0.05403675872443782
2016-04-28,2016,20,SPY,1,28,0.012674148606811153,-0.012674148606811153,0.011674148606811152,0.010674148606811153,-0.017509765045167318,0.0,0.01386854494263446,0.011674148606811152,-0.017509765045167318
2016-04-28,2016,20,accrual_weak,10,28,-0.021848145716624613,0.021848145716624613,-0.022848145716624614,-0.023848145716624615,0.01701252927826845,-0.034522294323435766,-0.020653749380801306,-0.011424072858312307,0.008506264639134224
2016-04-28,2016,20,cashburn_weak,3,28,0.001832196164145325,-0.001832196164145325,0.000832196164145325,-0.00016780383585467498,-0.00666781260250149,-0.010841952442665828,0.0030265924999686314,0.00012482942462179876,-0.0010001718903752234
2016-04-28,2016,20,equal_weight_U,305,28,-0.0011943963358233066,0.0011943963358233066,-0.0021943963358233066,-0.0031943963358233066,-0.003641220102532858,-0.01386854494263446,0.0,-0.0021943963358233066,-0.003641220102532858
2016-04-28,2016,20,exclusion_long_same_U,20,28,-0.007357208684069788,0.007357208684069788,-0.008357208684069788,-0.00935720868406979,0.0025215922457136235,-0.02003135729088094,-0.006162812348246482,-0.008357208684069788,0.0025215922457136235
2016-04-28,2016,20,price_weak,20,28,-0.005421449843920163,0.005421449843920163,-0.006421449843920163,-0.007421449843920163,0.0005858334055639982,-0.018095598450731318,-0.004227053508096856,-0.006421449843920163,0.0005858334055639982
2016-04-28,2016,20,residual_rally,20,28,-0.056061282517125534,0.056061282517125534,-0.057061282517125535,-0.058061282517125536,0.05122566607876937,-0.06873543112393668,-0.05486688618130223,-0.057061282517125535,0.05122566607876937
2016-05-26,2016,5,SPY,1,8,0.0035794396983725996,-0.0035794396983725996,0.0025794396983725995,0.0015794396983725995,-0.005675330109331504,0.0,-0.00949844078079889,0.0025794396983725995,-0.005675330109331504
2016-05-26,2016,5,accrual_weak,9,8,-0.0026776280092497885,0.0026776280092497885,-0.0036776280092497885,-0.004677628009249788,0.0005817375982908842,-0.006257067707622388,-0.015755508488421277,-0.0016549326041624048,0.0002617819192308979
2016-05-26,2016,5,cashburn_rebound,2,8,0.006731817284452237,-0.006731817284452237,0.005731817284452237,0.004731817284452237,-0.00882770769541114,0.0031523775860796376,-0.006346063194719252,0.0005731817284452237,-0.0008827707695411142
2016-05-26,2016,5,cashburn_weak,2,8,0.006731817284452237,-0.006731817284452237,0.005731817284452237,0.004731817284452237,-0.00882770769541114,0.0031523775860796376,-0.006346063194719252,0.0005731817284452237,-0.0008827707695411142
2016-05-26,2016,5,equal_weight_U,311,8,0.013077880479171489,-0.013077880479171489,0.01207788047917149,0.011077880479171489,-0.015173770890130393,0.00949844078079889,0.0,0.01207788047917149,-0.015173770890130393
2016-05-26,2016,5,exclusion_long_same_U,20,8,0.0009625987601166342,-0.0009625987601166342,-3.740123988336583e-05,-0.0010374012398833659,-0.0030584891710755385,-0.0026168409382559656,-0.012115281719054854,-3.740123988336583e-05,-0.0030584891710755385
2016-05-26,2016,5,price_weak,20,8,-0.0021244076813997817,0.0021244076813997817,-0.0031244076813997817,-0.004124407681399782,2.8517270440877414e-05,-0.005703847379772382,-0.015202288160571271,-0.0031244076813997817,2.8517270440877414e-05
2016-05-26,2016,5,residual_rally,20,8,0.02194619479275995,-0.02194619479275995,0.02094619479275995,0.01994619479275995,-0.024042085203718856,0.01836675509438735,0.008868314313588461,0.02094619479275995,-0.024042085203718856
2016-05-26,2016,20,SPY,1,29,-0.030007636138023153,0.030007636138023153,-0.031007636138023154,-0.032007636138023154,0.025035033398297123,0.0,-0.014942780843936236,-0.031007636138023154,0.025035033398297123
2016-05-26,2016,20,accrual_weak,9,29,-0.05080204417528153,0.05080204417528153,-0.05180204417528153,-0.05280204417528153,0.0458294414355555,-0.020794408037258377,-0.03573718888119461,-0.02331091987887669,0.020623248645999976
2016-05-26,2016,20,cashburn_rebound,2,29,-0.003770417156748737,0.003770417156748737,-0.004770417156748737,-0.005770417156748737,-0.0012021855829772912,0.026237218981274416,0.01129443813733818,-0.00047704171567487374,-0.00012021855829772913
2016-05-26,2016,20,cashburn_weak,2,29,-0.003770417156748737,0.003770417156748737,-0.004770417156748737,-0.005770417156748737,-0.0012021855829772912,0.026237218981274416,0.01129443813733818,-0.00047704171567487374,-0.00012021855829772913
2016-05-26,2016,20,equal_weight_U,311,29,-0.015064855294086917,0.015064855294086917,-0.016064855294086917,-0.01706485529408692,0.010092252554360887,0.014942780843936236,0.0,-0.016064855294086917,0.010092252554360887
2016-05-26,2016,20,exclusion_long_same_U,20,29,-0.036410413797170825,0.036410413797170825,-0.037410413797170826,-0.03841041379717083,0.031437811057444795,-0.006402777659147672,-0.02134555850308391,-0.037410413797170826,0.031437811057444795
2016-05-26,2016,20,price_weak,20,29,-0.024371680599251513,0.024371680599251513,-0.025371680599251514,-0.02637168059925151,0.019399077859525483,0.00563595553877164,-0.009306825305164596,-0.025371680599251514,0.019399077859525483
2016-05-26,2016,20,residual_rally,20,29,-0.019185337400352977,0.019185337400352977,-0.020185337400352978,-0.02118533740035298,0.014212734660626947,0.010822298737670176,-0.00412048210626606,-0.020185337400352978,0.014212734660626947
2016-06-24,2016,5,SPY,1,5,0.04132546257254832,-0.04132546257254832,0.04032546257254832,0.03932546257254832,-0.043010394079397635,0.0,0.0019219093526291406,0.04032546257254832,-0.043010394079397635
2016-06-24,2016,5,accrual_weak,20,5,0.055233648425262225,-0.055233648425262225,0.054233648425262224,0.05323364842526222,-0.05691857993211154,0.013908185852713903,0.015830095205343044,0.054233648425262224,-0.05691857993211154
2016-06-24,2016,5,cashburn_weak,7,5,0.07056719933991487,-0.07056719933991487,0.06956719933991487,0.06856719933991487,-0.07225213084676418,0.02924173676736655,0.03116364611999569,0.024348519768970203,-0.025288245796367462
2016-06-24,2016,5,equal_weight_U,309,5,0.03940355321991918,-0.03940355321991918,0.03840355321991918,0.03740355321991918,-0.041088484726768494,-0.0019219093526291406,0.0,0.03840355321991918,-0.041088484726768494
2016-06-24,2016,5,exclusion_long_same_U,20,5,0.046595668601611705,-0.046595668601611705,0.045595668601611704,0.0445956686016117,-0.04828060010846102,0.005270206029063383,0.007192115381692524,0.045595668601611704,-0.04828060010846102
2016-06-24,2016,5,price_weak,20,5,0.047084743498809055,-0.047084743498809055,0.046084743498809054,0.04508474349880905,-0.04876967500565837,0.005759280926260733,0.007681190278889874,0.046084743498809054,-0.04876967500565837
2016-06-24,2016,5,residual_rally,20,5,0.03519705953336043,-0.03519705953336043,0.03419705953336043,0.033197059533360426,-0.03688199104020974,-0.0061284030391878935,-0.004206493686558753,0.03419705953336043,-0.03688199104020974
2016-06-24,2016,20,SPY,1,29,0.07470608661143907,-0.07470608661143907,0.07370608661143907,0.07270608661143907,-0.0796786893511651,0.0,-0.010081497186016752,0.07370608661143907,-0.0796786893511651
2016-06-24,2016,20,accrual_weak,20,29,0.13294559599289982,-0.13294559599289982,0.13194559599289982,0.13094559599289982,-0.13791819873262584,0.05823950938146075,0.048158012195443994,0.13194559599289982,-0.13791819873262584
2016-06-24,2016,20,cashburn_weak,7,29,0.099329494267138,-0.099329494267138,0.098329494267138,0.097329494267138,-0.10430209700686402,0.024623407655698926,0.014541910469682173,0.034415322993498296,-0.036505733952402405
2016-06-24,2016,20,equal_weight_U,309,29,0.08478758379745582,-0.08478758379745582,0.08378758379745582,0.08278758379745582,-0.08976018653718185,0.010081497186016752,0.0,0.08378758379745582,-0.08976018653718185
2016-06-24,2016,20,exclusion_long_same_U,20,29,0.048919095869032016,-0.048919095869032016,0.047919095869032015,0.046919095869032014,-0.053891698608758046,-0.025786990742407055,-0.03586848792842381,0.047919095869032015,-0.053891698608758046
2016-06-24,2016,20,price_weak,20,29,0.09904181630164431,-0.09904181630164431,0.09804181630164431,0.09704181630164431,-0.10401441904137033,0.02433572969020524,0.014254232504188488,0.09804181630164431,-0.10401441904137033
2016-06-24,2016,20,residual_rally,20,29,0.09300467471113198,-0.09300467471113198,0.09200467471113198,0.09100467471113198,-0.097977277450858,0.01829858809969291,0.008217090913676159,0.09200467471113198,-0.097977277450858
2016-07-25,2016,5,SPY,1,7,0.001893502055142493,-0.001893502055142493,0.000893502055142493,-0.00010649794485750701,-0.003852406164731534,0.0,-0.0015508830388017677,0.000893502055142493,-0.003852406164731534
2016-07-25,2016,5,accrual_weak,3,7,0.018763650020186557,-0.018763650020186557,0.017763650020186556,0.01676365002018656,-0.0207225541297756,0.016870147965044064,0.015319264926242297,0.002664547503027983,-0.00310838311946634
2016-07-25,2016,5,cashburn_weak,1,7,0.036919019887924405,-0.036919019887924405,0.035919019887924404,0.0349190198879244,-0.03887792399751345,0.03502551783278191,0.03347463479398014,0.0017959509943962202,-0.0019438961998756725
2016-07-25,2016,5,equal_weight_U,308,7,0.0034443850939442607,-0.0034443850939442607,0.0024443850939442607,0.0014443850939442606,-0.005403289203533302,0.0015508830388017677,0.0,0.0024443850939442607,-0.005403289203533302
2016-07-25,2016,5,exclusion_long_same_U,20,7,0.002780130806521952,-0.002780130806521952,0.001780130806521952,0.0007801308065219521,-0.004739034916110993,0.0008866287513794591,-0.0006642542874223086,0.001780130806521952,-0.004739034916110993
2016-07-25,2016,5,price_weak,20,7,-0.00612986569811175,0.00612986569811175,-0.00712986569811175,-0.008129865698111749,0.004170961588522709,-0.008023367753254244,-0.00957425079205601,-0.00712986569811175,0.004170961588522709
2016-07-25,2016,5,residual_rally,20,7,0.004959598430566575,-0.004959598430566575,0.003959598430566575,0.0029595984305665754,-0.006918502540155616,0.0030660963754240824,0.0015152133366223147,0.003959598430566575,-0.006918502540155616
2016-07-25,2016,20,SPY,1,28,0.009236595390938795,-0.009236595390938795,0.008236595390938795,0.007236595390938795,-0.01407221182929496,0.0,-0.004895724225844621,0.008236595390938795,-0.01407221182929496
2016-07-25,2016,20,accrual_weak,3,28,0.06593415873756589,-0.06593415873756589,0.06493415873756589,0.06393415873756589,-0.07076977517592206,0.056697563346627095,0.05180183912078247,0.009740123810634884,-0.010615466276388309
2016-07-25,2016,20,cashburn_weak,1,28,0.04669816503680914,-0.04669816503680914,0.04569816503680914,0.04469816503680914,-0.051533781475165304,0.03746156964587034,0.03256584542002572,0.002284908251840457,-0.002576689073758265
2016-07-25,2016,20,equal_weight_U,308,28,0.014132319616783417,-0.014132319616783417,0.013132319616783416,0.012132319616783417,-0.01896793605513958,0.004895724225844621,0.0,0.013132319616783416,-0.01896793605513958
2016-07-25,2016,20,exclusion_long_same_U,20,28,0.025039820463319325,-0.025039820463319325,0.024039820463319324,0.023039820463319323,-0.02987543690167549,0.01580322507238053,0.010907500846535908,0.024039820463319324,-0.02987543690167549
2016-07-25,2016,20,price_weak,20,28,0.029935959520963017,-0.029935959520963017,0.028935959520963016,0.02793595952096302,-0.034771575959319186,0.020699364130024222,0.0158036399041796,0.028935959520963016,-0.034771575959319186
2016-07-25,2016,20,residual_rally,20,28,0.00857958725457412,-0.00857958725457412,0.00757958725457412,0.00657958725457412,-0.013415203692930283,-0.0006570081363646754,-0.005552732362209297,0.00757958725457412,-0.013415203692930283
2016-08-22,2016,5,SPY,1,7,-0.0040102171136653375,0.0040102171136653375,-0.0050102171136653375,-0.0060102171136653375,0.0020513130040762965,0.0,0.0003423193644466905,-0.0050102171136653375,0.0020513130040762965
2016-08-22,2016,5,accrual_weak,10,7,-0.005665845393825884,0.005665845393825884,-0.006665845393825884,-0.007665845393825884,0.0037069412842368433,-0.0016556282801605468,-0.0013133089157138563,-0.003332922696912942,0.0018534706421184217
2016-08-22,2016,5,cashburn_weak,3,7,-0.006974101297459679,0.006974101297459679,-0.00797410129745968,-0.00897410129745968,0.005015197187870638,-0.0029638841837943417,-0.002621564819347651,-0.0011961151946189518,0.0007522795781805958
2016-08-22,2016,5,equal_weight_U,322,7,-0.004352536478112028,0.004352536478112028,-0.005352536478112028,-0.006352536478112028,0.002393632368522987,-0.0003423193644466905,0.0,-0.005352536478112028,0.002393632368522987
2016-08-22,2016,5,exclusion_long_same_U,20,7,0.00368783662500598,-0.00368783662500598,0.00268783662500598,0.00168783662500598,-0.005646740734595021,0.0076980537386713175,0.008040373103118007,0.00268783662500598,-0.005646740734595021
2016-08-22,2016,5,price_weak,20,7,-0.005008429931237862,0.005008429931237862,-0.006008429931237862,-0.007008429931237862,0.003049525821648821,-0.0009982128175725245,-0.000655893453125834,-0.006008429931237862,0.003049525821648821
2016-08-22,2016,5,residual_rally,20,7,-0.00785019395349377,0.00785019395349377,-0.00885019395349377,-0.00985019395349377,0.005891289843904729,-0.0038399768398284326,-0.003497657475381742,-0.00885019395349377,0.005891289843904729
2016-08-22,2016,20,SPY,1,29,-0.026409414340448967,0.026409414340448967,-0.027409414340448968,-0.02840941434044897,0.021436811600722937,0.0,0.0041809791802011435,-0.027409414340448968,0.021436811600722937
2016-08-22,2016,20,accrual_weak,10,29,-0.03379222225053935,0.03379222225053935,-0.03479222225053935,-0.03579222225053935,0.02881961951081332,-0.007382807910090383,-0.0032018287298892396,-0.017396111125269675,0.01440980975540666
2016-08-22,2016,20,cashburn_weak,3,29,-0.09157804459642231,0.09157804459642231,-0.09257804459642231,-0.09357804459642231,0.08660544185669629,-0.06516863025597334,-0.0609876510757722,-0.013886706689463346,0.012990816278504442
2016-08-22,2016,20,equal_weight_U,322,29,-0.03059039352065011,0.03059039352065011,-0.03159039352065011,-0.03259039352065011,0.02561779078092408,-0.0041809791802011435,0.0,-0.03159039352065011,0.02561779078092408
2016-08-22,2016,20,exclusion_long_same_U,20,29,-0.025731648843183148,0.025731648843183148,-0.02673164884318315,-0.027731648843183146,0.020759046103457118,0.0006777654972658191,0.004858744677466963,-0.02673164884318315,0.020759046103457118
2016-08-22,2016,20,price_weak,20,29,-0.033692056760944875,0.033692056760944875,-0.034692056760944875,-0.035692056760944876,0.028719454021218845,-0.007282642420495908,-0.0031016632402947643,-0.034692056760944875,0.028719454021218845
2016-08-22,2016,20,residual_rally,20,29,-0.02320278911483547,0.02320278911483547,-0.02420278911483547,-0.02520278911483547,0.01823018637510944,0.0032066252256134978,0.007387604405814641,-0.02420278911483547,0.01823018637510944
2016-09-20,2016,5,SPY,1,7,0.00616131441374157,-0.00616131441374157,0.00516131441374157,0.00416131441374157,-0.008120218523330612,0.0,-0.005301592419554123,0.00516131441374157,-0.008120218523330612
2016-09-20,2016,5,accrual_weak,15,7,0.017817016778690905,-0.017817016778690905,0.016817016778690904,0.015817016778690907,-0.01977592088827995,0.011655702364949335,0.006354109945395212,0.012612762584018177,-0.01483194066620996
2016-09-20,2016,5,cashburn_rebound,1,7,0.054838709677419356,-0.054838709677419356,0.053838709677419355,0.052838709677419354,-0.0567976137870084,0.048677395263677786,0.043375802844123665,0.002691935483870968,-0.00283988068935042
2016-09-20,2016,5,cashburn_weak,7,7,0.0233034163912215,-0.0233034163912215,0.0223034163912215,0.0213034163912215,-0.025262320500810544,0.01714210197747993,0.011840509557925807,0.007806195736927524,-0.00884181217528369
2016-09-20,2016,5,equal_weight_U,310,7,0.011462906833295693,-0.011462906833295693,0.010462906833295694,0.009462906833295693,-0.013421810942884733,0.005301592419554123,0.0,0.010462906833295694,-0.013421810942884733
2016-09-20,2016,5,exclusion_long_same_U,20,7,0.005066214531797425,-0.005066214531797425,0.004066214531797425,0.003066214531797425,-0.007025118641386466,-0.0010950998819441449,-0.006396692301498268,0.004066214531797425,-0.007025118641386466
2016-09-20,2016,5,price_weak,20,7,0.018075786125584546,-0.018075786125584546,0.017075786125584545,0.016075786125584544,-0.02003469023517359,0.011914471711842976,0.006612879292288853,0.017075786125584545,-0.02003469023517359
2016-09-20,2016,5,residual_rally,20,7,0.016021122120058264,-0.016021122120058264,0.015021122120058263,0.014021122120058264,-0.017980026229647308,0.009859807706316694,0.004558215286762571,0.015021122120058263,-0.017980026229647308
2016-09-20,2016,20,SPY,1,28,-0.0026605675877521273,0.0026605675877521273,-0.0036605675877521273,-0.004660567587752127,-0.0021750488506040375,0.0,0.005329885752675335,-0.0036605675877521273,-0.0021750488506040375
2016-09-20,2016,20,accrual_weak,15,28,0.010863326518733328,-0.010863326518733328,0.00986332651873333,0.008863326518733328,-0.01569894295708949,0.013523894106485456,0.018853779859160792,0.007397494889049997,-0.011774207217817119
2016-09-20,2016,20,cashburn_rebound,1,28,0.08548387096774193,-0.08548387096774193,0.08448387096774193,0.08348387096774193,-0.0903194874060981,0.08814443855549406,0.09347432430816939,0.004224193548387096,-0.0045159743703049055
2016-09-20,2016,20,cashburn_weak,7,28,0.012066482106003114,-0.012066482106003114,0.011066482106003115,0.010066482106003114,-0.016902098544359277,0.014727049693755241,0.020056935446430578,0.00387326873710109,-0.0059157344905257465
2016-09-20,2016,20,equal_weight_U,310,28,-0.007990453340427462,0.007990453340427462,-0.008990453340427463,-0.009990453340427462,0.0031548369020712973,-0.005329885752675335,0.0,-0.008990453340427463,0.0031548369020712973
2016-09-20,2016,20,exclusion_long_same_U,20,28,-0.02134817696011519,0.02134817696011519,-0.02234817696011519,-0.023348176960115187,0.016512560521759024,-0.01868760937236306,-0.013357723619687727,-0.02234817696011519,0.016512560521759024
2016-09-20,2016,20,price_weak,20,28,0.014827831657160293,-0.014827831657160293,0.013827831657160294,0.012827831657160293,-0.019663448095516456,0.01748839924491242,0.022818284997587757,0.013827831657160294,-0.019663448095516456
2016-09-20,2016,20,residual_rally,20,28,-0.03890653113947949,0.03890653113947949,-0.03990653113947949,-0.04090653113947949,0.03407091470112333,-0.036245963551727364,-0.03091607779905203,-0.03990653113947949,0.03407091470112333
2016-10-18,2016,5,SPY,1,7,0.0007943182880103539,-0.0007943182880103539,-0.00020568171198964615,-0.0012056817119896462,-0.002753222397599395,0.0,0.0056049044158936025,-0.00020568171198964615,-0.002753222397599395
2016-10-18,2016,5,accrual_weak,15,7,-0.0004244695859343598,0.0004244695859343598,-0.0014244695859343599,-0.00242446958593436,-0.0015344345236546814,-0.0012187878739447137,0.004386116541948889,-0.00106835218945077,-0.001150825892741011
2016-10-18,2016,5,cashburn_rebound,4,7,-0.057388853157331304,0.057388853157331304,-0.058388853157331305,-0.059388853157331306,0.05542994904774226,-0.05818317144534166,-0.05257826702944805,-0.011677770631466262,0.011085989809548454
2016-10-18,2016,5,cashburn_weak,6,7,-0.05153660621559165,0.05153660621559165,-0.05253660621559165,-0.05353660621559165,0.049577702106002604,-0.052330924503602,-0.046726020087708396,-0.015760981864677493,0.01487331063180078
2016-10-18,2016,5,equal_weight_U,305,7,-0.004810586127883249,0.004810586127883249,-0.005810586127883249,-0.006810586127883249,0.0028516820182942076,-0.0056049044158936025,0.0,-0.005810586127883249,0.0028516820182942076
2016-10-18,2016,5,exclusion_long_same_U,20,7,0.0005460020762437234,-0.0005460020762437234,-0.0004539979237562766,-0.0014539979237562766,-0.0025049061858327644,-0.00024831621176663043,0.005356588204126972,-0.0004539979237562766,-0.0025049061858327644
2016-10-18,2016,5,price_weak,20,7,-0.006987097467239224,0.006987097467239224,-0.007987097467239225,-0.008987097467239224,0.005028193357650183,-0.007781415755249578,-0.0021765113393559755,-0.007987097467239225,0.005028193357650183
2016-10-18,2016,5,residual_rally,20,7,0.0023518250368288235,-0.0023518250368288235,0.0013518250368288235,0.00035182503682882347,-0.004310729146417865,0.0015575067488184696,0.007162411164712073,0.0013518250368288235,-0.004310729146417865
2016-10-18,2016,20,SPY,1,28,0.019764507989907365,-0.019764507989907365,0.018764507989907364,0.017764507989907363,-0.02460012442826353,0.0,-0.012858147295766106,0.018764507989907364,-0.02460012442826353
2016-10-18,2016,20,accrual_weak,15,28,0.03881486838040302,-0.03881486838040302,0.037814868380403016,0.036814868380403015,-0.04365048481875918,0.019050360390495652,0.006192213094729546,0.028361151285302262,-0.032737863614069385
2016-10-18,2016,20,cashburn_rebound,4,28,-0.04789972667192151,0.04789972667192151,-0.04889972667192151,-0.04989972667192151,0.04306411023356534,-0.06766423466182887,-0.08052238195759498,-0.009779945334384303,0.008612822046713068
2016-10-18,2016,20,cashburn_weak,6,28,0.020488501307038085,-0.020488501307038085,0.019488501307038084,0.018488501307038087,-0.02532411774539425,0.0007239933171307202,-0.012134153978635386,0.005846550392111425,-0.0075972353236182745
2016-10-18,2016,20,equal_weight_U,305,28,0.03262265528567347,-0.03262265528567347,0.03162265528567347,0.03062265528567347,-0.037458271724029636,0.012858147295766106,0.0,0.03162265528567347,-0.037458271724029636
2016-10-18,2016,20,exclusion_long_same_U,20,28,0.05056616384532867,-0.05056616384532867,0.04956616384532867,0.04856616384532867,-0.05540178028368484,0.030801655855421307,0.0179435085596552,0.04956616384532867,-0.05540178028368484
2016-10-18,2016,20,price_weak,20,28,0.03294756847594653,-0.03294756847594653,0.03194756847594653,0.030947568475946527,-0.037783184914302693,0.013183060486039164,0.0003249131902730573,0.03194756847594653,-0.037783184914302693
2016-10-18,2016,20,residual_rally,20,28,0.059345154494671246,-0.059345154494671246,0.058345154494671245,0.057345154494671244,-0.06418077093302742,0.03958064650476388,0.026722499208997774,0.058345154494671245,-0.06418077093302742
2016-11-15,2016,5,SPY,1,7,0.0138352638352639,-0.0138352638352639,0.0128352638352639,0.0118352638352639,-0.015794167944852944,0.0,-0.0027172568499549757,0.0128352638352639,-0.015794167944852944
2016-11-15,2016,5,accrual_weak,6,7,-0.011596219610798366,0.011596219610798366,-0.012596219610798366,-0.013596219610798366,0.009637315501209326,-0.025431483446062268,-0.028148740296017244,-0.0037788658832395095,0.0028911946503627976
2016-11-15,2016,5,cashburn_rebound,2,7,0.01678750655099217,-0.01678750655099217,0.01578750655099217,0.01478750655099217,-0.018746410660581213,0.002952242715728269,0.0002349858657732934,0.001578750655099217,-0.0018746410660581215
2016-11-15,2016,5,cashburn_weak,5,7,-0.014834210452975638,0.014834210452975638,-0.015834210452975638,-0.01683421045297564,0.012875306343386598,-0.028669474288239537,-0.03138673113819451,-0.003958552613243909,0.0032188265858466496
2016-11-15,2016,5,equal_weight_U,326,7,0.016552520685218876,-0.016552520685218876,0.015552520685218875,0.014552520685218876,-0.01851142479480792,0.0027172568499549757,0.0,0.015552520685218875,-0.01851142479480792
2016-11-15,2016,5,exclusion_long_same_U,20,7,0.01269721371150897,-0.01269721371150897,0.011697213711508971,0.01069721371150897,-0.01465611782109801,-0.0011380501237549297,-0.0038553069737099054,0.011697213711508971,-0.01465611782109801
2016-11-15,2016,5,price_weak,20,7,0.01173983573440685,-0.01173983573440685,0.010739835734406851,0.00973983573440685,-0.01369873984399589,-0.00209542810085705,-0.004812684950812026,0.010739835734406851,-0.01369873984399589
2016-11-15,2016,5,residual_rally,20,7,0.02817305743896934,-0.02817305743896934,0.02717305743896934,0.02617305743896934,-0.030131961548558385,0.014337793603705441,0.011620536753750466,0.02717305743896934,-0.030131961548558385
2016-11-15,2016,20,SPY,1,29,0.03824232395660965,-0.03824232395660965,0.037242323956609646,0.036242323956609646,-0.04321492669633568,0.0,0.008291850241170424,0.037242323956609646,-0.04321492669633568
2016-11-15,2016,20,accrual_weak,6,29,0.06276296548790211,-0.06276296548790211,0.06176296548790211,0.06076296548790211,-0.06773556822762813,0.024520641531292464,0.032812491772462885,0.018528889646370634,-0.02032067046828844
2016-11-15,2016,20,cashburn_rebound,2,29,0.0456555453755965,-0.0456555453755965,0.044655545375596496,0.043655545375596495,-0.05062814811532253,0.00741322141898685,0.015705071660157274,0.00446555453755965,-0.005062814811532253
2016-11-15,2016,20,cashburn_weak,5,29,0.08431576637302987,-0.08431576637302987,0.08331576637302987,0.08231576637302987,-0.0892883691127559,0.046073442416420224,0.054365292657590644,0.020828941593257468,-0.022322092278188974
2016-11-15,2016,20,equal_weight_U,326,29,0.029950473715439224,-0.029950473715439224,0.028950473715439223,0.027950473715439225,-0.03492307645516525,-0.008291850241170424,0.0,0.028950473715439223,-0.03492307645516525
2016-11-15,2016,20,exclusion_long_same_U,20,29,0.03703811914783383,-0.03703811914783383,0.03603811914783383,0.03503811914783383,-0.04201072188755986,-0.0012042048087758175,0.007087645432394606,0.03603811914783383,-0.04201072188755986
2016-11-15,2016,20,price_weak,20,29,0.01357568622460292,-0.01357568622460292,0.012575686224602919,0.01157568622460292,-0.01854828896432895,-0.024666637732006728,-0.016374787490836304,0.012575686224602919,-0.01854828896432895
2016-11-15,2016,20,residual_rally,20,29,0.035311815977904684,-0.035311815977904684,0.03431181597790468,0.03331181597790468,-0.040284418717630714,-0.002930507978704963,0.005361342262465461,0.03431181597790468,-0.040284418717630714
2016-12-14,2016,5,SPY,1,7,-0.0016346834099751906,0.0016346834099751906,-0.0026346834099751906,-0.0036346834099751906,-0.00032422069961385064,0.0,-0.006659055247502692,-0.0026346834099751906,-0.00032422069961385064
2016-12-14,2016,5,accrual_weak,3,7,-0.025501459294804935,0.025501459294804935,-0.026501459294804935,-0.027501459294804936,0.02354255518521589,-0.023866775884829744,-0.030525831132332436,-0.00397521889422074,0.0035313832777823834
2016-12-14,2016,5,cashburn_rebound,1,7,-0.06923076923076923,0.06923076923076923,-0.07023076923076924,-0.07123076923076924,0.06727186512118019,-0.06759608582079404,-0.07425514106829674,-0.0035115384615384618,0.0033635932560590097
2016-12-14,2016,5,cashburn_weak,2,7,-0.03277036616520011,0.03277036616520011,-0.033770366165200114,-0.034770366165200114,0.03081146205561107,-0.031135682755224922,-0.03779473800272761,-0.0033770366165200116,0.003081146205561107
2016-12-14,2016,5,equal_weight_U,326,7,0.005024371837527501,-0.005024371837527501,0.004024371837527501,0.003024371837527501,-0.006983275947116542,0.006659055247502692,0.0,0.004024371837527501,-0.006983275947116542
2016-12-14,2016,5,exclusion_long_same_U,20,7,0.013901756442013413,-0.013901756442013413,0.012901756442013412,0.011901756442013413,-0.015860660551602457,0.015536439851988604,0.008877384604485911,0.012901756442013412,-0.015860660551602457
2016-12-14,2016,5,price_weak,20,7,-0.007204962904384932,0.007204962904384932,-0.008204962904384931,-0.009204962904384932,0.005246058794795891,-0.0055702794944097415,-0.012229334741912432,-0.008204962904384931,0.005246058794795891
2016-12-14,2016,5,residual_rally,20,7,-0.006982166780576865,0.006982166780576865,-0.007982166780576866,-0.008982166780576865,0.005023262670987824,-0.0053474833706016744,-0.012006538618104367,-0.007982166780576866,0.005023262670987824
2016-12-14,2016,20,SPY,1,30,0.0038910505836575737,-0.0038910505836575737,0.0028910505836575737,0.0018910505836575737,-0.009000639624753464,0.0,-0.012047212692074219,0.0028910505836575737,-0.009000639624753464
2016-12-14,2016,20,accrual_weak,3,30,0.02173692623001996,-0.02173692623001996,0.02073692623001996,0.019736926230019963,-0.026846515271115853,0.017845875646362388,0.005798662954288169,0.003110538934502994,-0.0040269772906673775
2016-12-14,2016,20,cashburn_rebound,1,30,0.06628205128205128,-0.06628205128205128,0.06528205128205128,0.06428205128205128,-0.07139164032314717,0.062391000698393706,0.05034378800631949,0.003264102564102564,-0.0035695820161573584
2016-12-14,2016,20,cashburn_weak,2,30,0.1020217144479137,-0.1020217144479137,0.1010217144479137,0.1000217144479137,-0.1071313034890096,0.09813066386425613,0.08608345117218191,0.01010217144479137,-0.01071313034890096
2016-12-14,2016,20,equal_weight_U,326,30,0.015938263275731793,-0.015938263275731793,0.014938263275731792,0.013938263275731793,-0.021047852316827684,0.012047212692074219,0.0,0.014938263275731792,-0.021047852316827684
2016-12-14,2016,20,exclusion_long_same_U,20,30,0.015903850345413233,-0.015903850345413233,0.014903850345413232,0.013903850345413233,-0.021013439386509125,0.01201279976175566,-3.4412930318559326e-05,0.014903850345413232,-0.021013439386509125
2016-12-14,2016,20,price_weak,20,30,0.03255224267091115,-0.03255224267091115,0.03155224267091115,0.030552242670911146,-0.037661831712007036,0.028661192087253574,0.016613979395179355,0.03155224267091115,-0.037661831712007036
2016-12-14,2016,20,residual_rally,20,30,0.016058122680381558,-0.016058122680381558,0.015058122680381557,0.014058122680381558,-0.02116771172147745,0.012167072096723984,0.00011985940464976502,0.015058122680381557,-0.02116771172147745
2017-01-13,2017,5,SPY,1,7,-0.0006186204763378722,0.0006186204763378722,-0.0016186204763378722,-0.0026186204763378722,-0.001340283633251169,0.0,0.0027051794337129703,-0.0016186204763378722,-0.001340283633251169
2017-01-13,2017,5,accrual_weak,6,7,-0.0041870412166431226,0.0041870412166431226,-0.005187041216643123,-0.006187041216643123,0.0022281371070540816,-0.0035684207403052504,-0.00086324130659228,-0.0015561123649929368,0.0006684411321162244
2017-01-13,2017,5,cashburn_weak,1,7,-0.01716001716001716,0.01716001716001716,-0.01816001716001716,-0.01916001716001716,0.015201113050428117,-0.016541396683679287,-0.013836217249966316,-0.000908000858000858,0.0007600556525214059
2017-01-13,2017,5,equal_weight_U,316,7,-0.0033237999100508425,0.0033237999100508425,-0.0043237999100508425,-0.0053237999100508426,0.0013648958004618013,-0.0027051794337129703,0.0,-0.0043237999100508425,0.0013648958004618013
2017-01-13,2017,5,exclusion_long_same_U,20,7,-0.000380409687018346,0.000380409687018346,-0.001380409687018346,-0.002380409687018346,-0.0015784944225706952,0.00023821078931952623,0.0029433902230324967,-0.001380409687018346,-0.0015784944225706952
2017-01-13,2017,5,price_weak,20,7,-0.003946920761346295,0.003946920761346295,-0.004946920761346295,-0.005946920761346295,0.0019880166517572536,-0.0033283002850084224,-0.0006231208512954521,-0.004946920761346295,0.0019880166517572536
2017-01-13,2017,5,residual_rally,20,7,0.0016220126156913852,-0.0016220126156913852,0.0006220126156913852,-0.00037798738430861486,-0.003580916725280426,0.002240633092029257,0.0049458125257422275,0.0006220126156913852,-0.003580916725280426
2017-01-13,2017,20,SPY,1,28,0.028148557288674825,-0.028148557288674825,0.027148557288674824,0.026148557288674823,-0.03298417372703099,0.0,-0.0034877774423736838,0.027148557288674824,-0.03298417372703099
2017-01-13,2017,20,accrual_weak,6,28,-0.003978965460601415,0.003978965460601415,-0.004978965460601415,-0.005978965460601415,-0.00085665097775475,-0.03212752274927624,-0.03561530019164992,-0.0014936896381804244,-0.000256995293326425
2017-01-13,2017,20,cashburn_weak,1,28,0.041613041613041614,-0.041613041613041614,0.04061304161304161,0.03961304161304161,-0.04644865805139778,0.01346448432436679,0.009976706881993105,0.002030652080652081,-0.002322432902569889
2017-01-13,2017,20,equal_weight_U,316,28,0.03163633473104851,-0.03163633473104851,0.030636334731048508,0.029636334731048507,-0.03647195116940467,0.0034877774423736838,0.0,0.030636334731048508,-0.03647195116940467
2017-01-13,2017,20,exclusion_long_same_U,20,28,0.03568503880486615,-0.03568503880486615,0.03468503880486615,0.033685038804866146,-0.04052065524322231,0.0075364815161913234,0.00404870407381764,0.03468503880486615,-0.04052065524322231
2017-01-13,2017,20,price_weak,20,28,0.02513302260628019,-0.02513302260628019,0.02413302260628019,0.02313302260628019,-0.029968639044636355,-0.003015534682394634,-0.006503312124768318,0.02413302260628019,-0.029968639044636355
2017-01-13,2017,20,residual_rally,20,28,0.05420871120903992,-0.05420871120903992,0.053208711209039916,0.052208711209039915,-0.05904432764739608,0.026060153920365092,0.02257237647799141,0.053208711209039916,-0.05904432764739608
2017-02-13,2017,5,SPY,1,8,0.016683866529067837,-0.016683866529067837,0.015683866529067836,0.014683866529067837,-0.018779756940026742,0.0,-0.0009295711454291138,0.015683866529067836,-0.018779756940026742
2017-02-13,2017,5,accrual_weak,7,8,0.02007980604473108,-0.02007980604473108,0.019079806044731078,0.018079806044731077,-0.022175696455689984,0.003395939515663242,0.002466368370234128,0.0066779321156558765,-0.0077614937594914935
2017-02-13,2017,5,cashburn_rebound,1,8,0.010672853828306265,-0.010672853828306265,0.009672853828306266,0.008672853828306265,-0.012768744239265169,-0.006011012700761572,-0.006940583846190685,0.0004836426914153133,-0.0006384372119632585
2017-02-13,2017,5,cashburn_weak,1,8,0.010672853828306265,-0.010672853828306265,0.009672853828306266,0.008672853828306265,-0.012768744239265169,-0.006011012700761572,-0.006940583846190685,0.0004836426914153133,-0.0006384372119632585
2017-02-13,2017,5,equal_weight_U,322,8,0.01761343767449695,-0.01761343767449695,0.01661343767449695,0.01561343767449695,-0.019709328085455856,0.0009295711454291138,0.0,0.01661343767449695,-0.019709328085455856
2017-02-13,2017,5,exclusion_long_same_U,20,8,0.013963199163441704,-0.013963199163441704,0.012963199163441703,0.011963199163441704,-0.01605908957440061,-0.002720667365626133,-0.003650238511055247,0.012963199163441703,-0.01605908957440061
2017-02-13,2017,5,price_weak,20,8,0.006647410450039623,-0.006647410450039623,0.005647410450039623,0.004647410450039623,-0.008743300860998527,-0.010036456079028214,-0.010966027224457327,0.005647410450039623,-0.008743300860998527
2017-02-13,2017,5,residual_rally,20,8,0.014650645216254744,-0.014650645216254744,0.013650645216254743,0.012650645216254744,-0.01674653562721365,-0.002033221312813093,-0.002962792458242207,0.013650645216254743,-0.01674653562721365
2017-02-13,2017,20,SPY,1,29,0.018833849329205288,-0.018833849329205288,0.017833849329205287,0.016833849329205286,-0.023806452068931318,0.0,0.016304052329686174,0.017833849329205287,-0.023806452068931318
2017-02-13,2017,20,accrual_weak,7,29,-0.009722542740514682,0.009722542740514682,-0.010722542740514682,-0.011722542740514682,0.004749940000788652,-0.02855639206971997,-0.012252339740033796,-0.0037528899591801387,0.0016624790002760282
2017-02-13,2017,20,cashburn_rebound,1,29,-0.11740139211136891,0.11740139211136891,-0.11840139211136891,-0.11940139211136891,0.11242878937164288,-0.1362352414405742,-0.11993118911088801,-0.005920069605568446,0.005621439468582144
2017-02-13,2017,20,cashburn_weak,1,29,-0.11740139211136891,0.11740139211136891,-0.11840139211136891,-0.11940139211136891,0.11242878937164288,-0.1362352414405742,-0.11993118911088801,-0.005920069605568446,0.005621439468582144
2017-02-13,2017,20,equal_weight_U,322,29,0.0025297969995191133,-0.0025297969995191133,0.0015297969995191132,0.0005297969995191132,-0.0075023997392451415,-0.016304052329686174,0.0,0.0015297969995191132,-0.0075023997392451415
2017-02-13,2017,20,exclusion_long_same_U,20,29,0.01608355292265607,-0.01608355292265607,0.01508355292265607,0.01408355292265607,-0.0210561556623821,-0.002750296406549217,0.013553755923136956,0.01508355292265607,-0.0210561556623821
2017-02-13,2017,20,price_weak,20,29,-0.003581802315804334,0.003581802315804334,-0.0045818023158043335,-0.005581802315804334,-0.0013908004239216944,-0.02241565164500962,-0.006111599315323447,-0.0045818023158043335,-0.0013908004239216944
2017-02-13,2017,20,residual_rally,20,29,-0.015343010177665043,0.015343010177665043,-0.016343010177665044,-0.01734301017766504,0.010370407437939013,-0.03417685950687033,-0.017872807177184157,-0.016343010177665044,0.010370407437939013
2017-03-14,2017,5,SPY,1,7,-0.015995958915642428,0.015995958915642428,-0.01699595891564243,-0.01799595891564243,0.014037054806053386,0.0,-0.006486508586402933,-0.01699595891564243,0.014037054806053386
2017-03-14,2017,5,accrual_weak,11,7,-0.015035184579635862,0.015035184579635862,-0.01603518457963586,-0.017035184579635862,0.013076280470046822,0.0009607743360065656,-0.005525734250396368,-0.008819351518799725,0.007191954258525752
2017-03-14,2017,5,cashburn_weak,6,7,0.008806976742978232,-0.008806976742978232,0.007806976742978232,0.006806976742978232,-0.010765880852567274,0.02480293565862066,0.018316427072217728,0.0023420930228934696,-0.003229764255770182
2017-03-14,2017,5,equal_weight_U,336,7,-0.009509450329239494,0.009509450329239494,-0.010509450329239493,-0.011509450329239494,0.007550546219650454,0.006486508586402933,0.0,-0.010509450329239493,0.007550546219650454
2017-03-14,2017,5,exclusion_long_same_U,20,7,-0.005867690190087055,0.005867690190087055,-0.006867690190087055,-0.007867690190087054,0.003908786080498014,0.010128268725555372,0.0036417601391524395,-0.006867690190087055,0.003908786080498014
2017-03-14,2017,5,price_weak,20,7,-0.005926075846310711,0.005926075846310711,-0.006926075846310711,-0.00792607584631071,0.00396717173672167,0.010069883069331716,0.003583374482928783,-0.006926075846310711,0.00396717173672167
2017-03-14,2017,5,residual_rally,20,7,-0.013936566130053844,0.013936566130053844,-0.014936566130053845,-0.015936566130053842,0.011977662020464802,0.002059392785588584,-0.004427115800814349,-0.014936566130053845,0.011977662020464802
2017-03-14,2017,20,SPY,1,28,-0.01064994106751982,0.01064994106751982,-0.01164994106751982,-0.01264994106751982,0.0058143246291636535,0.0,-0.01656003791564423,-0.01164994106751982,0.0058143246291636535
2017-03-14,2017,20,accrual_weak,11,28,-0.01804262149956228,0.01804262149956228,-0.01904262149956228,-0.020042621499562277,0.013207005061206114,-0.0073926804320424595,-0.02395271834768669,-0.010473441824759254,0.007263852783663363
2017-03-14,2017,20,cashburn_weak,6,28,0.05824030425084282,-0.05824030425084282,0.05724030425084282,0.05624030425084282,-0.06307592068919898,0.06889024531836263,0.05233020740271841,0.017172091275252845,-0.018922776206759695
2017-03-14,2017,20,equal_weight_U,336,28,0.00591009684812441,-0.00591009684812441,0.00491009684812441,0.00391009684812441,-0.010745713286480576,0.01656003791564423,0.0,0.00491009684812441,-0.010745713286480576
2017-03-14,2017,20,exclusion_long_same_U,20,28,0.016680792372242587,-0.016680792372242587,0.015680792372242586,0.014680792372242587,-0.021516408810598752,0.027330733439762406,0.010770695524118176,0.015680792372242586,-0.021516408810598752
2017-03-14,2017,20,price_weak,20,28,0.01329701226788609,-0.01329701226788609,0.012297012267886091,0.01129701226788609,-0.018132628706242254,0.02394695333540591,0.00738691541976168,0.012297012267886091,-0.018132628706242254
2017-03-14,2017,20,residual_rally,20,28,0.016524843796285986,-0.016524843796285986,0.015524843796285985,0.014524843796285986,-0.02136046023464215,0.027174784863805805,0.010614746948161575,0.015524843796285985,-0.02136046023464215
2017-04-11,2017,5,SPY,1,8,-0.005325040470307574,0.005325040470307574,-0.006325040470307574,-0.007325040470307574,0.0032291500593486693,0.0,9.647411218765504e-05,-0.006325040470307574,0.0032291500593486693
2017-04-11,2017,5,accrual_weak,16,8,0.011732890804083204,-0.011732890804083204,0.010732890804083205,0.009732890804083204,-0.013828781215042107,0.01705793127439078,0.017154405386578434,0.008586312643266564,-0.011063024972033687
2017-04-11,2017,5,cashburn_weak,1,8,0.01263823064770932,-0.01263823064770932,0.01163823064770932,0.01063823064770932,-0.014734121058668226,0.017963271118016894,0.01805974523020455,0.000581911532385466,-0.0007367060529334113
2017-04-11,2017,5,equal_weight_U,343,8,-0.005421514582495229,0.005421514582495229,-0.006421514582495229,-0.007421514582495229,0.0033256241715363243,-9.647411218765504e-05,0.0,-0.006421514582495229,0.0033256241715363243
2017-04-11,2017,5,exclusion_long_same_U,20,8,-0.0010745493903360325,0.0010745493903360325,-0.0020745493903360328,-0.003074549390336033,-0.0010213410206228717,0.004250491079971541,0.004346965192159196,-0.0020745493903360328,-0.0010213410206228717
2017-04-11,2017,5,price_weak,20,8,-0.020244991445104978,0.020244991445104978,-0.02124499144510498,-0.02224499144510498,0.018149101034146072,-0.014919950974797404,-0.01482347686260975,-0.02124499144510498,0.018149101034146072
2017-04-11,2017,5,residual_rally,20,8,-0.018824759204721465,0.018824759204721465,-0.019824759204721466,-0.020824759204721467,0.01672886879376256,-0.013499718734413892,-0.013403244622226237,-0.019824759204721466,0.01672886879376256
2017-04-11,2017,20,SPY,1,29,0.021811365766379875,-0.021811365766379875,0.020811365766379875,0.019811365766379874,-0.026783968506105905,0.0,-0.00017207302128584637,0.020811365766379875,-0.026783968506105905
2017-04-11,2017,20,accrual_weak,16,29,0.0386874005368629,-0.0386874005368629,0.0376874005368629,0.036687400536862896,-0.04366000327658893,0.016876034770483023,0.016703961749197176,0.03014992042949032,-0.034928002621271145
2017-04-11,2017,20,cashburn_weak,1,29,0.07661927330173776,-0.07661927330173776,0.07561927330173776,0.07461927330173776,-0.08159187604146378,0.054807907535357886,0.05463583451407204,0.0037809636650868884,-0.004079593802073189
2017-04-11,2017,20,equal_weight_U,343,29,0.021983438787665722,-0.021983438787665722,0.02098343878766572,0.019983438787665724,-0.026956041527391752,0.00017207302128584637,0.0,0.02098343878766572,-0.026956041527391752
2017-04-11,2017,20,exclusion_long_same_U,20,29,0.022820871016930682,-0.022820871016930682,0.02182087101693068,0.020820871016930684,-0.027793473756656712,0.0010095052505508066,0.0008374322292649602,0.02182087101693068,-0.027793473756656712
2017-04-11,2017,20,price_weak,20,29,0.005316102989586309,-0.005316102989586309,0.004316102989586309,0.003316102989586309,-0.010288705729312338,-0.016495262776793567,-0.016667335798079413,0.004316102989586309,-0.010288705729312338
2017-04-11,2017,20,residual_rally,20,29,0.029450367362443285,-0.029450367362443285,0.028450367362443284,0.027450367362443287,-0.03442297010216931,0.00763900159606341,0.0074669285747775635,0.028450367362443284,-0.03442297010216931
2017-05-10,2017,5,SPY,1,7,-0.014292040944223872,0.014292040944223872,-0.015292040944223873,-0.016292040944223873,0.01233313683463483,0.0,0.005475416927650502,-0.015292040944223873,0.01233313683463483
2017-05-10,2017,5,accrual_weak,12,7,-0.01102772765559193,0.01102772765559193,-0.01202772765559193,-0.01302772765559193,0.00906882354600289,0.003264313288631941,0.008739730216282443,-0.007216636593355158,0.005441294127601734
2017-05-10,2017,5,cashburn_rebound,2,7,-0.00910568641701334,0.00910568641701334,-0.01010568641701334,-0.01110568641701334,0.0071467823074243,0.005186354527210531,0.010661771454861033,-0.001010568641701334,0.0007146782307424301
2017-05-10,2017,5,cashburn_weak,5,7,-0.026488940332803163,0.026488940332803163,-0.027488940332803163,-0.028488940332803164,0.02453003622321412,-0.012196899388579291,-0.006721482460928789,-0.006872235083200791,0.00613250905580353
2017-05-10,2017,5,equal_weight_U,342,7,-0.019767457871874373,0.019767457871874373,-0.020767457871874374,-0.021767457871874375,0.01780855376228533,-0.005475416927650502,0.0,-0.020767457871874374,0.01780855376228533
2017-05-10,2017,5,exclusion_long_same_U,20,7,-0.014867675741499036,0.014867675741499036,-0.015867675741499037,-0.016867675741499034,0.012908771631909994,-0.0005756347972751645,0.004899782130375337,-0.015867675741499037,0.012908771631909994
2017-05-10,2017,5,price_weak,20,7,-0.01682930792661528,0.01682930792661528,-0.01782930792661528,-0.01882930792661528,0.014870403817026237,-0.0025372669823914076,0.0029381499452590942,-0.01782930792661528,0.014870403817026237
2017-05-10,2017,5,residual_rally,20,7,-0.024521598723113172,0.024521598723113172,-0.025521598723113173,-0.026521598723113174,0.02256269461352413,-0.0102295577788893,-0.004754140851238799,-0.025521598723113173,0.02256269461352413
2017-05-10,2017,20,SPY,1,29,0.01829956131188637,-0.01829956131188637,0.01729956131188637,0.016299561311886368,-0.0232721640516124,0.0,0.0009833912993967818,0.01729956131188637,-0.0232721640516124
2017-05-10,2017,20,accrual_weak,12,29,0.011503737911730635,-0.011503737911730635,0.010503737911730635,0.009503737911730635,-0.016476340651456665,-0.006795823400155734,-0.005812432100758953,0.00630224274703838,-0.009885804390874
2017-05-10,2017,20,cashburn_rebound,2,29,-0.02473902764597356,0.02473902764597356,-0.02573902764597356,-0.026739027645973558,0.01976642490624753,-0.04303858895785993,-0.04205519765846315,-0.0025739027645973562,0.001976642490624753
2017-05-10,2017,20,cashburn_weak,5,29,0.004890899385108949,-0.004890899385108949,0.003890899385108949,0.002890899385108949,-0.009863502124834977,-0.013408661926777421,-0.01242527062738064,0.0009727248462772372,-0.0024658755312087443
2017-05-10,2017,20,equal_weight_U,342,29,0.017316170012489588,-0.017316170012489588,0.016316170012489587,0.015316170012489588,-0.022288772752215618,-0.0009833912993967818,0.0,0.016316170012489587,-0.022288772752215618
2017-05-10,2017,20,exclusion_long_same_U,20,29,0.04952490950530165,-0.04952490950530165,0.048524909505301646,0.047524909505301645,-0.05449751224502768,0.031225348193415277,0.032208739492812055,0.048524909505301646,-0.05449751224502768
2017-05-10,2017,20,price_weak,20,29,0.00038897273485729867,-0.00038897273485729867,-0.0006110272651427013,-0.0016110272651427013,-0.005361575474583327,-0.017910588577029072,-0.01692719727763229,-0.0006110272651427013,-0.005361575474583327
2017-05-10,2017,20,residual_rally,20,29,0.03490620680856071,-0.03490620680856071,0.033906206808560706,0.032906206808560705,-0.03987880954828674,0.016606645496674337,0.01759003679607112,0.033906206808560706,-0.03987880954828674
2017-06-08,2017,5,SPY,1,7,-0.0013122209021262377,0.0013122209021262377,-0.0023122209021262377,-0.0033122209021262377,-0.0006466832074628036,0.0,0.0019656707807546832,-0.0023122209021262377,-0.0006466832074628036
2017-06-08,2017,5,accrual_weak,5,7,0.016244436708926144,-0.016244436708926144,0.015244436708926144,0.014244436708926144,-0.018203340818515188,0.017556657611052382,0.019522328391807064,0.003811109177231536,-0.004550835204628797
2017-06-08,2017,5,cashburn_weak,3,7,-0.004875747193360103,0.004875747193360103,-0.005875747193360103,-0.006875747193360103,0.002916843083771062,-0.003563526291233865,-0.001597855510479182,-0.0008813620790040154,0.00043752646256565926
2017-06-08,2017,5,equal_weight_U,336,7,-0.003277891682880921,0.003277891682880921,-0.004277891682880921,-0.005277891682880921,0.0013189875732918797,-0.0019656707807546832,0.0,-0.004277891682880921,0.0013189875732918797
2017-06-08,2017,5,exclusion_long_same_U,20,7,-0.030954539893300055,0.030954539893300055,-0.031954539893300056,-0.03295453989330006,0.02899563578371101,-0.029642318991173817,-0.027676648210419135,-0.031954539893300056,0.02899563578371101
2017-06-08,2017,5,price_weak,20,7,0.020871952352649843,-0.020871952352649843,0.01987195235264984,0.018871952352649844,-0.022830856462238886,0.02218417325477608,0.024149844035530763,0.01987195235264984,-0.022830856462238886
2017-06-08,2017,5,residual_rally,20,7,-0.04530942726595519,0.04530942726595519,-0.04630942726595519,-0.04730942726595519,0.043350523156366144,-0.04399720636382895,-0.042031535583074264,-0.04630942726595519,0.043350523156366144
2017-06-08,2017,20,SPY,1,29,-0.008152730550206932,0.008152730550206932,-0.009152730550206933,-0.010152730550206933,0.0031801278104809042,0.0,-0.005192153008956202,-0.009152730550206933,0.0031801278104809042
2017-06-08,2017,20,accrual_weak,5,29,0.006542152021586351,-0.006542152021586351,0.005542152021586351,0.004542152021586351,-0.01151475476131238,0.014694882571793282,0.00950272956283708,0.0013855380053965877,-0.002878688690328095
2017-06-08,2017,20,cashburn_weak,3,29,-0.05586844821356762,0.05586844821356762,-0.056868448213567624,-0.057868448213567625,0.05089584547384159,-0.04771571766336069,-0.05290787067231689,-0.008530267232035144,0.007634376821076238
2017-06-08,2017,20,equal_weight_U,336,29,-0.0029605775412507307,0.0029605775412507307,-0.003960577541250731,-0.004960577541250731,-0.0020120251984752976,0.005192153008956202,0.0,-0.003960577541250731,-0.0020120251984752976
2017-06-08,2017,20,exclusion_long_same_U,20,29,-0.02047787582220011,0.02047787582220011,-0.02147787582220011,-0.022477875822200108,0.01550527308247408,-0.012325145271993177,-0.01751729828094938,-0.02147787582220011,0.01550527308247408
2017-06-08,2017,20,price_weak,20,29,0.011558555657441055,-0.011558555657441055,0.010558555657441054,0.009558555657441055,-0.016531158397167085,0.019711286207647987,0.014519133198691785,0.010558555657441054,-0.016531158397167085
2017-06-08,2017,20,residual_rally,20,29,-0.03429698362579401,0.03429698362579401,-0.03529698362579401,-0.03629698362579401,0.02932438088606798,-0.026144253075587078,-0.03133640608454328,-0.03529698362579401,0.02932438088606798
2017-07-07,2017,5,SPY,1,5,0.014713783839636285,-0.014713783839636285,0.013713783839636284,0.012713783839636285,-0.016398715346485602,0.0,-0.003099101477948535,0.013713783839636284,-0.016398715346485602
2017-07-07,2017,5,accrual_weak,12,5,0.04244132442111201,-0.04244132442111201,0.04144132442111201,0.04044132442111201,-0.04412625592796132,0.027727540581475724,0.02462843910352719,0.024864794652667204,-0.026475753556776793
2017-07-07,2017,5,cashburn_rebound,2,5,0.06457489239447292,-0.06457489239447292,0.06357489239447292,0.06257489239447292,-0.06625982390132223,0.049861108554836636,0.0467620070768881,0.006357489239447293,-0.006625982390132224
2017-07-07,2017,5,cashburn_weak,5,5,0.046730164202517174,-0.046730164202517174,0.04573016420251717,0.04473016420251717,-0.04841509570936649,0.03201638036288089,0.028917278884932354,0.011432541050629293,-0.012103773927341622
2017-07-07,2017,5,equal_weight_U,339,5,0.01781288531758482,-0.01781288531758482,0.01681288531758482,0.01581288531758482,-0.019497816824434137,0.003099101477948535,0.0,0.01681288531758482,-0.019497816824434137
2017-07-07,2017,5,exclusion_long_same_U,20,5,0.00796614856044886,-0.00796614856044886,0.00696614856044886,0.00596614856044886,-0.009651080067298177,-0.006747635279187425,-0.00984673675713596,0.00696614856044886,-0.009651080067298177
2017-07-07,2017,5,price_weak,20,5,0.014487459347789711,-0.014487459347789711,0.01348745934778971,0.012487459347789711,-0.016172390854639028,-0.00022632449184657386,-0.0033254259697951087,0.01348745934778971,-0.016172390854639028
2017-07-07,2017,5,residual_rally,20,5,0.020345975990705513,-0.020345975990705513,0.019345975990705512,0.01834597599070551,-0.02203090749755483,0.005632192151069228,0.002533090673120693,0.019345975990705512,-0.02203090749755483
2017-07-07,2017,20,SPY,1,26,0.022483984294275672,-0.022483984294275672,0.02148398429427567,0.02048398429427567,-0.027045628129892113,0.0,0.005288585726893055,0.02148398429427567,-0.027045628129892113
2017-07-07,2017,20,accrual_weak,12,26,0.0570272381327775,-0.0570272381327775,0.0560272381327775,0.055027238132777496,-0.06158888196839394,0.034543253838501826,0.03983183956539488,0.0336163428796665,-0.03695332918103636
2017-07-07,2017,20,cashburn_rebound,2,26,0.11245417776047202,-0.11245417776047202,0.11145417776047202,0.11045417776047202,-0.11701582159608846,0.08997019346619635,0.09525877919308941,0.011145417776047203,-0.011701582159608847
2017-07-07,2017,20,cashburn_weak,5,26,0.03305914835709202,-0.03305914835709202,0.03205914835709202,0.031059148357092017,-0.03762079219270846,0.010575164062816347,0.015863749789709402,0.008014787089273005,-0.009405198048177115
2017-07-07,2017,20,equal_weight_U,339,26,0.017195398567382617,-0.017195398567382617,0.016195398567382616,0.015195398567382617,-0.021757042402999055,-0.005288585726893055,0.0,0.016195398567382616,-0.021757042402999055
2017-07-07,2017,20,exclusion_long_same_U,20,26,-0.008843697211894413,0.008843697211894413,-0.009843697211894414,-0.010843697211894413,0.004282053376277973,-0.03132768150617009,-0.02603909577927703,-0.009843697211894414,0.004282053376277973
2017-07-07,2017,20,price_weak,20,26,0.03799515828862501,-0.03799515828862501,0.036995158288625006,0.035995158288625005,-0.04255680212424145,0.015511173994349335,0.02079975972124239,0.036995158288625006,-0.04255680212424145
2017-07-07,2017,20,residual_rally,20,26,0.027009939229792057,-0.027009939229792057,0.026009939229792056,0.025009939229792055,-0.0315715830654085,0.004525954935516385,0.00981454066240944,0.026009939229792056,-0.0315715830654085
2017-08-04,2017,5,SPY,1,5,-0.013657117459291213,0.013657117459291213,-0.014657117459291213,-0.015657117459291214,0.011972185952441896,0.0,0.004208400068243315,-0.014657117459291213,0.011972185952441896
2017-08-04,2017,5,accrual_weak,7,5,-0.02132497658315752,0.02132497658315752,-0.022324976583157522,-0.02332497658315752,0.019640045076308205,-0.007667859123866309,-0.003459459055622994,-0.007813741804105132,0.0068740157767078714
2017-08-04,2017,5,cashburn_rebound,1,5,-0.02097902097902098,0.02097902097902098,-0.02197902097902098,-0.022979020979020978,0.019294089472171663,-0.007321903519729767,-0.0031135034514864525,-0.001098951048951049,0.0009647044736085832
2017-08-04,2017,5,cashburn_weak,3,5,-0.024966851238621298,0.024966851238621298,-0.0259668512386213,-0.026966851238621296,0.02328191973177198,-0.011309733779330085,-0.007101333711086771,-0.0038950276857931945,0.003492287959765797
2017-08-04,2017,5,equal_weight_U,338,5,-0.017865517527534527,0.017865517527534527,-0.018865517527534528,-0.01986551752753453,0.01618058602068521,-0.004208400068243315,0.0,-0.018865517527534528,0.01618058602068521
2017-08-04,2017,5,exclusion_long_same_U,20,5,-0.00959716768880336,0.00959716768880336,-0.01059716768880336,-0.01159716768880336,0.007912236181954045,0.0040599497704878525,0.008268349838731167,-0.01059716768880336,0.007912236181954045
2017-08-04,2017,5,price_weak,20,5,-0.007141025825185351,0.007141025825185351,-0.00814102582518535,-0.009141025825185351,0.005456094318336036,0.0065160916341058615,0.010724491702349176,-0.00814102582518535,0.005456094318336036
2017-08-04,2017,5,residual_rally,20,5,-0.023851295608391693,0.023851295608391693,-0.024851295608391694,-0.025851295608391694,0.022166364101542376,-0.01019417814910048,-0.005985778080857165,-0.024851295608391694,0.022166364101542376
2017-08-04,2017,20,SPY,1,26,0.0012929815346074403,-0.0012929815346074403,0.00029298153460744023,-0.0007070184653925598,-0.005854625370223879,0.0,-0.004515862507249106,0.00029298153460744023,-0.005854625370223879
2017-08-04,2017,20,accrual_weak,7,26,-0.0032942817159905594,0.0032942817159905594,-0.004294281715990559,-0.00529428171599056,-0.0012673621196258793,-0.004587263250598,-0.009103125757847106,-0.0015029986005966956,-0.0004435767418690577
2017-08-04,2017,20,cashburn_rebound,1,26,-0.023310023310023312,0.023310023310023312,-0.024310023310023313,-0.025310023310023314,0.01874837947440687,-0.024603004844630752,-0.029118867351879858,-0.0012155011655011656,0.0009374189737203436
2017-08-04,2017,20,cashburn_weak,3,26,-0.0008966261313614748,0.0008966261313614748,-0.0018966261313614749,-0.002896626131361475,-0.003665017704254964,-0.002189607665968915,-0.006705470173218021,-0.00028449391970422123,-0.0005497526556382446
2017-08-04,2017,20,equal_weight_U,338,26,0.0058088440418565465,-0.0058088440418565465,0.0048088440418565465,0.0038088440418565465,-0.010370487877472984,0.004515862507249106,0.0,0.0048088440418565465,-0.010370487877472984
2017-08-04,2017,20,exclusion_long_same_U,20,26,0.020813892257751505,-0.020813892257751505,0.019813892257751504,0.018813892257751506,-0.025375536093367942,0.019520910723144064,0.015005048215894958,0.019813892257751504,-0.025375536093367942
2017-08-04,2017,20,price_weak,20,26,-0.0022507383262765643,0.0022507383262765643,-0.0032507383262765643,-0.004250738326276564,-0.0023109055093398743,-0.0035437198608840046,-0.00805958236813311,-0.0032507383262765643,-0.0023109055093398743
2017-08-04,2017,20,residual_rally,20,26,0.023996209868377298,-0.023996209868377298,0.022996209868377297,0.021996209868377296,-0.02855785370399374,0.022703228333769858,0.01818736582652075,0.022996209868377297,-0.02855785370399374
2017-09-01,2017,5,SPY,1,7,0.007644084934276929,-0.007644084934276929,0.006644084934276929,0.005644084934276929,-0.009602989043865971,0.0,-0.002320942436835694,0.006644084934276929,-0.009602989043865971
2017-09-01,2017,5,accrual_weak,8,7,-0.0023165973574947878,0.0023165973574947878,-0.003316597357494788,-0.004316597357494787,0.00035769324790574657,-0.009960682291771716,-0.01228162472860741,-0.0013266389429979152,0.00014307729916229864
2017-09-01,2017,5,cashburn_weak,2,7,0.12997893051355372,-0.12997893051355372,0.12897893051355372,0.12797893051355372,-0.13193783462314276,0.12233484557927679,0.12001390314244109,0.012897893051355372,-0.013193783462314278
2017-09-01,2017,5,equal_weight_U,328,7,0.009965027371112623,-0.009965027371112623,0.008965027371112624,0.007965027371112623,-0.011923931480701663,0.002320942436835694,0.0,0.008965027371112624,-0.011923931480701663
2017-09-01,2017,5,exclusion_long_same_U,20,7,0.0074964433000556715,-0.0074964433000556715,0.0064964433000556715,0.0054964433000556714,-0.009455347409644712,-0.00014764163422125755,-0.0024685840710569514,0.0064964433000556715,-0.009455347409644712
2017-09-01,2017,5,price_weak,20,7,0.012199914462839096,-0.012199914462839096,0.011199914462839095,0.010199914462839096,-0.014158818572428138,0.004555829528562167,0.0022348870917264733,0.011199914462839095,-0.014158818572428138
2017-09-01,2017,5,residual_rally,20,7,-0.003663431319308433,0.003663431319308433,-0.004663431319308433,-0.005663431319308433,0.0017045272097193918,-0.011307516253585361,-0.013628458690421057,-0.004663431319308433,0.0017045272097193918
2017-09-01,2017,20,SPY,1,28,0.02034378159757333,-0.02034378159757333,0.01934378159757333,0.018343781597573328,-0.025179398035929494,0.0,-0.014393987049175369,0.01934378159757333,-0.025179398035929494
2017-09-01,2017,20,accrual_weak,8,28,0.0027644511595848746,-0.0027644511595848746,0.0017644511595848746,0.0007644511595848746,-0.007600067597941039,-0.017579330437988455,-0.031973317487163824,0.0007057804638339499,-0.003040027039176416
2017-09-01,2017,20,cashburn_weak,2,28,0.2035749838278691,-0.2035749838278691,0.2025749838278691,0.2015749838278691,-0.20841060026622527,0.18323120223029576,0.16883721518112038,0.020257498382786912,-0.02084106002662253
2017-09-01,2017,20,equal_weight_U,328,28,0.0347377686467487,-0.0347377686467487,0.0337377686467487,0.0327377686467487,-0.03957338508510486,0.014393987049175369,0.0,0.0337377686467487,-0.03957338508510486
2017-09-01,2017,20,exclusion_long_same_U,20,28,0.034933063218580876,-0.034933063218580876,0.033933063218580875,0.032933063218580874,-0.03976867965693704,0.014589281621007547,0.00019529457183217747,0.033933063218580875,-0.03976867965693704
2017-09-01,2017,20,price_weak,20,28,0.03211705567344444,-0.03211705567344444,0.031117055673444437,0.030117055673444436,-0.0369526721118006,0.011773274075871108,-0.002620712973304261,0.031117055673444437,-0.0369526721118006
2017-09-01,2017,20,residual_rally,20,28,0.025679799290971465,-0.025679799290971465,0.024679799290971464,0.023679799290971464,-0.03051541572932763,0.005336017693398136,-0.009057969355777233,0.024679799290971464,-0.03051541572932763
2017-10-02,2017,5,SPY,1,7,0.005977976709181654,-0.005977976709181654,0.004977976709181654,0.003977976709181654,-0.007936880818770696,0.0,0.005457954480888116,0.004977976709181654,-0.007936880818770696
2017-10-02,2017,5,accrual_weak,4,7,-0.006364641876169636,0.006364641876169636,-0.007364641876169636,-0.008364641876169636,0.004405737766580595,-0.01234261858535129,-0.006884664104463174,-0.0014729283752339273,0.000881147553316119
2017-10-02,2017,5,equal_weight_U,351,7,0.0005200222282935379,-0.0005200222282935379,-0.0004799777717064621,-0.0014799777717064621,-0.002478926337882579,-0.005457954480888116,0.0,-0.0004799777717064621,-0.002478926337882579
2017-10-02,2017,5,exclusion_long_same_U,20,7,-0.01130980706177816,0.01130980706177816,-0.012309807061778161,-0.01330980706177816,0.009350902952189119,-0.017287783770959814,-0.0118298292900717,-0.012309807061778161,0.009350902952189119
2017-10-02,2017,5,price_weak,20,7,0.004093301760278712,-0.004093301760278712,0.003093301760278712,0.002093301760278712,-0.006052205869867753,-0.0018846749489029417,0.003573279531985174,0.003093301760278712,-0.006052205869867753
2017-10-02,2017,5,residual_rally,20,7,-0.0076378851293321375,0.0076378851293321375,-0.008637885129332137,-0.009637885129332138,0.0056789810197430965,-0.013615861838513791,-0.008157907357625675,-0.008637885129332137,0.0056789810197430965
2017-10-02,2017,20,SPY,1,28,0.017190842113602223,-0.017190842113602223,0.016190842113602222,0.015190842113602223,-0.022026458551958387,0.0,0.008199335825825018,0.016190842113602222,-0.022026458551958387
2017-10-02,2017,20,accrual_weak,4,28,-0.020494574626683026,0.020494574626683026,-0.021494574626683027,-0.022494574626683028,0.01565895818832686,-0.03768541674028525,-0.02948608091446023,-0.004298914925336606,0.0031317916376653724
2017-10-02,2017,20,equal_weight_U,351,28,0.008991506287777205,-0.008991506287777205,0.007991506287777204,0.006991506287777205,-0.01382712272613337,-0.008199335825825018,0.0,0.007991506287777204,-0.01382712272613337
2017-10-02,2017,20,exclusion_long_same_U,20,28,0.020210406456277273,-0.020210406456277273,0.019210406456277272,0.01821040645627727,-0.025046022894633438,0.0030195643426750504,0.011218900168500068,0.019210406456277272,-0.025046022894633438
2017-10-02,2017,20,price_weak,20,28,0.016320338576630837,-0.016320338576630837,0.015320338576630836,0.014320338576630837,-0.021155955014987002,-0.0008705035369713857,0.007328832288853632,0.015320338576630836,-0.021155955014987002
2017-10-02,2017,20,residual_rally,20,28,-0.00789617759194372,0.00789617759194372,-0.008896177591943721,-0.00989617759194372,0.0030605611535875557,-0.025087019705545943,-0.016887683879720925,-0.008896177591943721,0.0030605611535875557
2017-10-30,2017,5,SPY,1,7,0.006337973403841568,-0.006337973403841568,0.005337973403841568,0.004337973403841568,-0.00829687751343061,0.0,0.001502873407850565,0.005337973403841568,-0.00829687751343061
2017-10-30,2017,5,accrual_weak,13,7,-0.01117365316514388,0.01117365316514388,-0.01217365316514388,-0.01317365316514388,0.009214749055554838,-0.017511626568985448,-0.016008753161134884,-0.007912874557343522,0.005989586886110645
2017-10-30,2017,5,cashburn_rebound,3,7,-0.0015817100473607636,0.0015817100473607636,-0.002581710047360764,-0.003581710047360764,-0.0003771940622282776,-0.007919683451202331,-0.006416810043351767,-0.00038725650710411455,-5.657910933424164e-05
2017-10-30,2017,5,cashburn_weak,4,7,-0.0027904286362115897,0.0027904286362115897,-0.0037904286362115897,-0.00479042863621159,0.0008315245266225485,-0.009128402040053158,-0.007625528632202593,-0.0007580857272423179,0.0001663049053245097
2017-10-30,2017,5,equal_weight_U,341,7,0.004835099995991003,-0.004835099995991003,0.003835099995991003,0.002835099995991003,-0.006794004105580044,-0.001502873407850565,0.0,0.003835099995991003,-0.006794004105580044
2017-10-30,2017,5,exclusion_long_same_U,20,7,0.014011347992693674,-0.014011347992693674,0.013011347992693673,0.012011347992693674,-0.015970252102282718,0.007673374588852106,0.00917624799670267,0.013011347992693673,-0.015970252102282718
2017-10-30,2017,5,price_weak,20,7,0.0018891305308295601,-0.0018891305308295601,0.0008891305308295601,-0.0001108694691704399,-0.003848034640418601,-0.004448842873012008,-0.002945969465161443,0.0008891305308295601,-0.003848034640418601
2017-10-30,2017,5,residual_rally,20,7,-0.004407050664163168,0.004407050664163168,-0.005407050664163168,-0.006407050664163168,0.002448146554574127,-0.010745024068004736,-0.009242150660154172,-0.005407050664163168,0.002448146554574127
2017-10-30,2017,20,SPY,1,29,0.02196904891515672,-0.02196904891515672,0.02096904891515672,0.019969048915156717,-0.02694165165488275,0.0,-0.011336269274791165,0.02096904891515672,-0.02694165165488275
2017-10-30,2017,20,accrual_weak,13,29,0.004627306319118856,-0.004627306319118856,0.0036273063191188558,0.0026273063191188557,-0.009599909058844884,-0.017341742596037865,-0.02867801187082903,0.0023577491074272565,-0.006239940888249175
2017-10-30,2017,20,cashburn_rebound,3,29,-0.07924912778176284,0.07924912778176284,-0.08024912778176284,-0.08124912778176284,0.07427652504203681,-0.10121817669691956,-0.11255444597171071,-0.012037369167264425,0.011141478756305521
2017-10-30,2017,20,cashburn_weak,4,29,-0.08226507880769429,0.08226507880769429,-0.08326507880769429,-0.0842650788076943,0.07729247606796827,-0.10423412772285101,-0.11557039699764218,-0.01665301576153886,0.015458495213593654
2017-10-30,2017,20,equal_weight_U,341,29,0.033305318189947884,-0.033305318189947884,0.03230531818994788,0.03130531818994788,-0.038277920929673914,0.011336269274791165,0.0,0.03230531818994788,-0.038277920929673914
2017-10-30,2017,20,exclusion_long_same_U,20,29,0.045883669657563166,-0.045883669657563166,0.044883669657563165,0.043883669657563164,-0.050856272397289196,0.023914620742406446,0.012578351467615281,0.044883669657563165,-0.050856272397289196
2017-10-30,2017,20,price_weak,20,29,0.006815125492165994,-0.006815125492165994,0.005815125492165994,0.004815125492165994,-0.011787728231892024,-0.015153923422990725,-0.02649019269778189,0.005815125492165994,-0.011787728231892024
2017-10-30,2017,20,residual_rally,20,29,0.03738711749089649,-0.03738711749089649,0.03638711749089649,0.035387117490896486,-0.04235972023062252,0.015418068575739768,0.004081799300948603,0.03638711749089649,-0.04235972023062252
2017-11-28,2017,5,SPY,1,7,0.0006843586039084748,-0.0006843586039084748,-0.0003156413960915252,-0.0013156413960915252,-0.002643262713497516,0.0,0.00648446939747267,-0.0003156413960915252,-0.002643262713497516
2017-11-28,2017,5,accrual_weak,5,7,0.008285279991498962,-0.008285279991498962,0.007285279991498962,0.006285279991498962,-0.010244184101088004,0.0076009213875904875,0.014085390785063157,0.0018213199978747406,-0.002561046025272001
2017-11-28,2017,5,cashburn_rebound,3,7,-0.03883308147981634,0.03883308147981634,-0.03983308147981634,-0.04083308147981634,0.036874177370227294,-0.03951744008372481,-0.03303297068625214,-0.00597496222197245,0.005531126605534094
2017-11-28,2017,5,cashburn_weak,4,7,-0.013541660391576397,0.013541660391576397,-0.014541660391576398,-0.015541660391576397,0.011582756281987355,-0.014226018995484872,-0.007741549598012202,-0.0029083320783152796,0.002316551256397471
2017-11-28,2017,5,equal_weight_U,368,7,-0.005800110793564195,0.005800110793564195,-0.006800110793564195,-0.007800110793564195,0.003841206683975154,-0.00648446939747267,0.0,-0.006800110793564195,0.003841206683975154
2017-11-28,2017,5,exclusion_long_same_U,20,7,-0.005082563410637791,0.005082563410637791,-0.006082563410637791,-0.007082563410637791,0.00312365930104875,-0.005766922014546266,0.0007175473829264039,-0.006082563410637791,0.00312365930104875
2017-11-28,2017,5,price_weak,20,7,0.007090321627092493,-0.007090321627092493,0.006090321627092493,0.005090321627092493,-0.009049225736681535,0.006405963023184018,0.012890432420656687,0.006090321627092493,-0.009049225736681535
2017-11-28,2017,5,residual_rally,20,7,0.013020625325758133,-0.013020625325758133,0.012020625325758132,0.011020625325758133,-0.014979529435347175,0.012336266721849658,0.018820736119322327,0.012020625325758132,-0.014979529435347175
2017-11-28,2017,20,SPY,1,29,0.016462626416242188,-0.016462626416242188,0.015462626416242187,0.014462626416242188,-0.021435229155968218,0.0,4.3114391957060905e-05,0.015462626416242187,-0.021435229155968218
2017-11-28,2017,20,accrual_weak,5,29,0.019172305244409615,-0.019172305244409615,0.018172305244409614,0.017172305244409616,-0.024144907984135645,0.002709678828167427,0.002752793220124488,0.0045430763111024034,-0.006036226996033911
2017-11-28,2017,20,cashburn_rebound,3,29,-0.027303194168654437,0.027303194168654437,-0.028303194168654438,-0.029303194168654435,0.022330591428928407,-0.04376582058489663,-0.04372270619293957,-0.004245479125298166,0.003349588714339261
2017-11-28,2017,20,cashburn_weak,4,29,0.026698158305819862,-0.026698158305819862,0.02569815830581986,0.02469815830581986,-0.03167076104554589,0.010235531889577675,0.010278646281534735,0.005139631661163973,-0.006334152209109179
2017-11-28,2017,20,equal_weight_U,368,29,0.016419512024285127,-0.016419512024285127,0.015419512024285126,0.014419512024285127,-0.021392114764011157,-4.3114391957060905e-05,0.0,0.015419512024285126,-0.021392114764011157
2017-11-28,2017,20,exclusion_long_same_U,20,29,0.018493294816977236,-0.018493294816977236,0.017493294816977235,0.016493294816977234,-0.023465897556703266,0.0020306684007350487,0.0020737827926921096,0.017493294816977235,-0.023465897556703266
2017-11-28,2017,20,price_weak,20,29,0.029747580324878963,-0.029747580324878963,0.028747580324878962,0.027747580324878965,-0.03472018306460499,0.013284953908636776,0.013328068300593836,0.028747580324878962,-0.03472018306460499
2017-11-28,2017,20,residual_rally,20,29,0.06829256386383556,-0.06829256386383556,0.06729256386383556,0.06629256386383556,-0.07326516660356158,0.05182993744759337,0.05187305183955043,0.06729256386383556,-0.07326516660356158
2017-12-27,2017,5,SPY,1,8,0.013736981596924158,-0.013736981596924158,0.012736981596924157,0.011736981596924158,-0.015832872007883064,0.0,-0.0014551032915819592,0.012736981596924157,-0.015832872007883064
2017-12-27,2017,5,accrual_weak,7,8,0.03399238973291735,-0.03399238973291735,0.03299238973291735,0.03199238973291735,-0.03608828014387625,0.02025540813599319,0.018800304844411232,0.011547336406521072,-0.012630898050356687
2017-12-27,2017,5,cashburn_rebound,1,8,0.03913894324853229,-0.03913894324853229,0.03813894324853229,0.037138943248532286,-0.04123483365949119,0.02540196165160813,0.02394685836002617,0.0019069471624266145,-0.0020617416829745595
2017-12-27,2017,5,cashburn_weak,4,8,0.04810081481716826,-0.04810081481716826,0.04710081481716826,0.04610081481716826,-0.050196705228127164,0.034363833220244104,0.032908729928662145,0.009420162963433653,-0.010039341045625434
2017-12-27,2017,5,equal_weight_U,374,8,0.015192084888506117,-0.015192084888506117,0.014192084888506117,0.013192084888506117,-0.017287975299465023,0.0014551032915819592,0.0,0.014192084888506117,-0.017287975299465023
2017-12-27,2017,5,exclusion_long_same_U,20,8,0.001869570577643409,-0.001869570577643409,0.0008695705776434091,-0.00013042942235659094,-0.003965460988602313,-0.011867411019280748,-0.013322514310862708,0.0008695705776434091,-0.003965460988602313
2017-12-27,2017,5,price_weak,20,8,0.0034506961768320924,-0.0034506961768320924,0.0024506961768320924,0.0014506961768320924,-0.005546586587790997,-0.010286285420092066,-0.011741388711674025,0.0024506961768320924,-0.005546586587790997
2017-12-27,2017,5,residual_rally,20,8,0.03232513202510087,-0.03232513202510087,0.03132513202510087,0.03032513202510087,-0.034421022436059774,0.018588150428176714,0.017133047136594755,0.03132513202510087,-0.034421022436059774
2017-12-27,2017,20,SPY,1,30,0.06969278435178627,-0.06969278435178627,0.06869278435178627,0.06769278435178627,-0.07480237339288216,0.0,0.008392049106959072,0.06869278435178627,-0.07480237339288216
2017-12-27,2017,20,accrual_weak,7,30,0.08638583195080118,-0.08638583195080118,0.08538583195080118,0.08438583195080118,-0.09149542099189707,0.01669304759901491,0.025085096705973982,0.029885041182780413,-0.03202339734716397
2017-12-27,2017,20,cashburn_rebound,1,30,-0.009784735812133072,0.009784735812133072,-0.010784735812133073,-0.011784735812133072,0.004675146771037181,-0.07947752016391935,-0.07108547105696028,-0.0005392367906066536,0.00023375733855185906
2017-12-27,2017,20,cashburn_weak,4,30,0.030853712074296453,-0.030853712074296453,0.029853712074296452,0.028853712074296455,-0.03596330111539234,-0.038839072277489825,-0.03044702317053075,0.00597074241485929,-0.007192660223078468
2017-12-27,2017,20,equal_weight_U,374,30,0.0613007352448272,-0.0613007352448272,0.0603007352448272,0.0593007352448272,-0.0664103242859231,-0.008392049106959072,0.0,0.0603007352448272,-0.0664103242859231
2017-12-27,2017,20,exclusion_long_same_U,20,30,0.07472767492587841,-0.07472767492587841,0.07372767492587841,0.07272767492587841,-0.0798372639669743,0.005034890574092135,0.013426939681051207,0.07372767492587841,-0.0798372639669743
2017-12-27,2017,20,price_weak,20,30,0.011519153355443791,-0.011519153355443791,0.010519153355443792,0.009519153355443791,-0.01662874239653968,-0.058173630996342485,-0.04978158188938341,0.010519153355443792,-0.01662874239653968
2017-12-27,2017,20,residual_rally,20,30,0.07665839716343385,-0.07665839716343385,0.07565839716343385,0.07465839716343385,-0.08176798620452974,0.0069656128116475785,0.01535766191860665,0.07565839716343385,-0.08176798620452974
2018-01-26,2018,5,SPY,1,5,-0.03644248592312804,0.03644248592312804,-0.037442485923128044,-0.038442485923128045,0.03475755441627873,0.0,0.002409589885015599,-0.037442485923128044,0.03475755441627873
2018-01-26,2018,5,accrual_weak,6,5,-0.030021019988146904,0.030021019988146904,-0.031021019988146905,-0.0320210199881469,0.028336088481297587,0.006421465934981139,0.008831055819996738,-0.00930630599644407,0.008500826544389276
2018-01-26,2018,5,cashburn_rebound,2,5,-0.022968130278388996,0.022968130278388996,-0.023968130278388997,-0.024968130278388997,0.02128319877153968,0.013474355644739047,0.015883945529754646,-0.0023968130278389,0.002128319877153968
2018-01-26,2018,5,cashburn_weak,5,5,-0.021398391266265047,0.021398391266265047,-0.02239839126626505,-0.02339839126626505,0.01971345975941573,0.015044094656862995,0.017453684541878595,-0.005599597816566262,0.004928364939853933
2018-01-26,2018,5,equal_weight_U,371,5,-0.03885207580814364,0.03885207580814364,-0.03985207580814364,-0.040852075808143644,0.03716714430129433,-0.002409589885015599,0.0,-0.03985207580814364,0.03716714430129433
2018-01-26,2018,5,exclusion_long_same_U,20,5,-0.046405700023544265,0.046405700023544265,-0.047405700023544266,-0.04840570002354427,0.04472076851669495,-0.009963214100416222,-0.007553624215400623,-0.047405700023544266,0.04472076851669495
2018-01-26,2018,5,price_weak,20,5,-0.019945941800993704,0.019945941800993704,-0.020945941800993705,-0.021945941800993705,0.018261010294144387,0.01649654412213434,0.01890613400714994,-0.020945941800993705,0.018261010294144387
2018-01-26,2018,5,residual_rally,20,5,-0.03926150825643892,0.03926150825643892,-0.04026150825643892,-0.04126150825643892,0.037576576749589606,-0.0028190223333108763,-0.00040943244829527714,-0.04026150825643892,0.037576576749589606
2018-01-26,2018,20,SPY,1,29,-0.0280488231385303,0.0280488231385303,-0.0290488231385303,-0.0300488231385303,0.02307622039880427,0.0,0.007385688079417738,-0.0290488231385303,0.02307622039880427
2018-01-26,2018,20,accrual_weak,6,29,-0.044077853728199105,0.044077853728199105,-0.045077853728199106,-0.04607785372819911,0.039105250988473075,-0.016029030589668807,-0.008643342510251069,-0.013523356118459732,0.011731575296541922
2018-01-26,2018,20,cashburn_rebound,2,29,0.024323177958378163,-0.024323177958378163,0.023323177958378162,0.02232317795837816,-0.029295780698104193,0.05237200109690846,0.0597576891763262,0.002332317795837816,-0.0029295780698104196
2018-01-26,2018,20,cashburn_weak,5,29,-0.02479524282468461,0.02479524282468461,-0.025795242824684612,-0.02679524282468461,0.01982264008495858,0.003253580313845688,0.010639268393263426,-0.006448810706171153,0.004955660021239645
2018-01-26,2018,20,equal_weight_U,371,29,-0.035434511217948036,0.035434511217948036,-0.03643451121794804,-0.03743451121794804,0.030461908478222006,-0.007385688079417738,0.0,-0.03643451121794804,0.030461908478222006
2018-01-26,2018,20,exclusion_long_same_U,20,29,-0.06973163214853392,0.06973163214853392,-0.07073163214853392,-0.07173163214853392,0.0647590294088079,-0.041682809010003624,-0.034297120930585887,-0.07073163214853392,0.0647590294088079
2018-01-26,2018,20,price_weak,20,29,-0.0072593366862163874,0.0072593366862163874,-0.008259336686216388,-0.009259336686216387,0.002286733946490359,0.02078948645231391,0.02817517453173165,-0.008259336686216388,0.002286733946490359
2018-01-26,2018,20,residual_rally,20,29,-0.04594139828674714,0.04594139828674714,-0.04694139828674714,-0.04794139828674714,0.04096879554702111,-0.017892575148216842,-0.010506887068799105,-0.04694139828674714,0.04096879554702111
2018-02-26,2018,5,SPY,1,7,-0.02153824026464357,0.02153824026464357,-0.022538240264643572,-0.023538240264643573,0.019579336155054528,0.0,-0.0065285447921843865,-0.022538240264643572,0.019579336155054528
2018-02-26,2018,5,accrual_weak,20,7,-0.011672586196639972,0.011672586196639972,-0.012672586196639971,-0.013672586196639972,0.009713682087050932,0.009865654068003599,0.0033371092758192125,-0.012672586196639971,0.009713682087050932
2018-02-26,2018,5,cashburn_rebound,2,7,-0.0033005101545264077,0.0033005101545264077,-0.004300510154526408,-0.005300510154526408,0.0013416060449373665,0.018237730110117163,0.011709185317932778,-0.0004300510154526408,0.00013416060449373665
2018-02-26,2018,5,cashburn_weak,3,7,-0.017809384596088357,0.017809384596088357,-0.018809384596088358,-0.01980938459608836,0.015850480486499313,0.0037288556685552143,-0.002799689123629172,-0.0028214076894132536,0.002377572072974897
2018-02-26,2018,5,equal_weight_U,413,7,-0.015009695472459185,0.015009695472459185,-0.016009695472459184,-0.017009695472459185,0.013050791362870144,0.0065285447921843865,0.0,-0.016009695472459184,0.013050791362870144
2018-02-26,2018,5,exclusion_long_same_U,20,7,-0.012063831740059738,0.012063831740059738,-0.013063831740059737,-0.014063831740059738,0.010104927630470698,0.009474408524583833,0.0029458637323994466,-0.013063831740059737,0.010104927630470698
2018-02-26,2018,5,price_weak,20,7,-0.021034247909743398,0.021034247909743398,-0.0220342479097434,-0.0230342479097434,0.019075343800154354,0.0005039923549001735,-0.006024552437284213,-0.0220342479097434,0.019075343800154354
2018-02-26,2018,5,residual_rally,20,7,0.005643285560609452,-0.005643285560609452,0.004643285560609452,0.0036432855606094517,-0.007602189670198493,0.027181525825253024,0.020652981033068635,0.004643285560609452,-0.007602189670198493
2018-02-26,2018,20,SPY,1,28,-0.04663622307719972,0.04663622307719972,-0.047636223077199724,-0.048636223077199725,0.04180060663884356,0.0,-0.021472986875571726,-0.047636223077199724,0.04180060663884356
2018-02-26,2018,20,accrual_weak,20,28,-0.024999082878953853,0.024999082878953853,-0.025999082878953854,-0.026999082878953855,0.020163466440597688,0.02163714019824587,0.00016415332267414456,-0.025999082878953854,0.020163466440597688
2018-02-26,2018,20,cashburn_rebound,2,28,0.009115947994764326,-0.009115947994764326,0.008115947994764325,0.007115947994764326,-0.01395156443312049,0.05575217107196405,0.03427918419639232,0.0008115947994764325,-0.0013951564433120492
2018-02-26,2018,20,cashburn_weak,3,28,0.009432513834583949,-0.009432513834583949,0.00843251383458395,0.007432513834583949,-0.014268130272940112,0.05606873691178367,0.034595750036211945,0.0012648770751875925,-0.002140219540941017
2018-02-26,2018,20,equal_weight_U,413,28,-0.025163236201627998,0.025163236201627998,-0.026163236201628,-0.027163236201628,0.020327619763271833,0.021472986875571726,0.0,-0.026163236201628,0.020327619763271833
2018-02-26,2018,20,exclusion_long_same_U,20,28,0.00036263903705571754,-0.00036263903705571754,-0.0006373609629442825,-0.0016373609629442825,-0.005198255475411882,0.04699886211425544,0.025525875238683715,-0.0006373609629442825,-0.005198255475411882
2018-02-26,2018,20,price_weak,20,28,-0.04366168264093128,0.04366168264093128,-0.04466168264093128,-0.04566168264093128,0.038826066202575116,0.0029745404362684427,-0.018498446439303283,-0.04466168264093128,0.038826066202575116
2018-02-26,2018,20,residual_rally,20,28,-0.006728858525880781,0.006728858525880781,-0.007728858525880781,-0.00872885852588078,0.0018932420875246159,0.03990736455131894,0.018434377675747217,-0.007728858525880781,0.0018932420875246159
2018-03-26,2018,5,SPY,1,8,-0.02043806589773456,0.02043806589773456,-0.02143806589773456,-0.02243806589773456,0.018342175486775653,0.0,-0.0020331570209627566,-0.02143806589773456,0.018342175486775653
2018-03-26,2018,5,accrual_weak,20,8,-0.010570263102029904,0.010570263102029904,-0.011570263102029903,-0.012570263102029904,0.008474372691071,0.009867802795704655,0.007834645774741899,-0.011570263102029903,0.008474372691071
2018-03-26,2018,5,cashburn_weak,5,8,-0.04805706222299109,0.04805706222299109,-0.04905706222299109,-0.05005706222299109,0.04596117181203219,-0.02761899632525653,-0.029652153346219286,-0.012264265555747772,0.011490292953008047
2018-03-26,2018,5,equal_weight_U,449,8,-0.018404908876771802,0.018404908876771802,-0.019404908876771803,-0.0204049088767718,0.016309018465812897,0.0020331570209627566,0.0,-0.019404908876771803,0.016309018465812897
2018-03-26,2018,5,exclusion_long_same_U,20,8,-0.01718151796928562,0.01718151796928562,-0.01818151796928562,-0.01918151796928562,0.015085627558326715,0.003256547928448938,0.0012233909074861812,-0.01818151796928562,0.015085627558326715
2018-03-26,2018,5,price_weak,20,8,0.00021569632068583962,-0.00021569632068583962,-0.0007843036793141603,-0.0017843036793141604,-0.002311586731644744,0.0206537622184204,0.018620605197457642,-0.0007843036793141603,-0.002311586731644744
2018-03-26,2018,5,residual_rally,20,8,-0.016240729650414322,0.016240729650414322,-0.017240729650414323,-0.018240729650414324,0.014144839239455417,0.004197336247320237,0.00216417922635748,-0.017240729650414323,0.014144839239455417
2018-03-26,2018,20,SPY,1,29,-0.011759401886012655,0.011759401886012655,-0.012759401886012656,-0.013759401886012655,0.006786799146286626,0.0,-0.007549440754535943,-0.012759401886012656,0.006786799146286626
2018-03-26,2018,20,accrual_weak,20,29,-0.03491997610101305,0.03491997610101305,-0.03591997610101305,-0.03691997610101305,0.02994737336128702,-0.023160574215000396,-0.03071001496953634,-0.03591997610101305,0.02994737336128702
2018-03-26,2018,20,cashburn_weak,5,29,-0.04464053881684698,0.04464053881684698,-0.04564053881684698,-0.04664053881684698,0.03966793607712095,-0.032881136930834325,-0.04043057768537027,-0.011410134704211745,0.009916984019280237
2018-03-26,2018,20,equal_weight_U,449,29,-0.004209961131476711,0.004209961131476711,-0.005209961131476711,-0.006209961131476711,-0.0007626416082493169,0.007549440754535943,0.0,-0.005209961131476711,-0.0007626416082493169
2018-03-26,2018,20,exclusion_long_same_U,20,29,0.021785371858671892,-0.021785371858671892,0.02078537185867189,0.019785371858671894,-0.026757974598397922,0.03354477374468455,0.025995332990148605,0.02078537185867189,-0.026757974598397922
2018-03-26,2018,20,price_weak,20,29,-0.01144201568919973,0.01144201568919973,-0.01244201568919973,-0.01344201568919973,0.006469412949473703,0.0003173861968129247,-0.007232054557723019,-0.01244201568919973,0.006469412949473703
2018-03-26,2018,20,residual_rally,20,29,0.06117695216283736,-0.06117695216283736,0.06017695216283736,0.05917695216283736,-0.06614955490256338,0.07293635404885002,0.06538691329431408,0.06017695216283736,-0.06614955490256338
2018-04-24,2018,5,SPY,1,7,0.007797345099083142,-0.007797345099083142,0.006797345099083142,0.005797345099083142,-0.009756249208672184,0.0,0.007165344692692253,0.006797345099083142,-0.009756249208672184
2018-04-24,2018,5,accrual_weak,20,7,0.012005931339551766,-0.012005931339551766,0.011005931339551765,0.010005931339551766,-0.013964835449140808,0.0042085862404686245,0.011373930933160878,0.011005931339551765,-0.013964835449140808
2018-04-24,2018,5,cashburn_weak,4,7,0.050572166283946125,-0.050572166283946125,0.049572166283946124,0.048572166283946124,-0.05253107039353517,0.042774821184862984,0.04994016587755524,0.009914433256789226,-0.010506214078707034
2018-04-24,2018,5,equal_weight_U,432,7,0.0006320004063908881,-0.0006320004063908881,-0.0003679995936091119,-0.001367999593609112,-0.0025909045159799296,-0.007165344692692253,0.0,-0.0003679995936091119,-0.0025909045159799296
2018-04-24,2018,5,exclusion_long_same_U,20,7,0.008188403704949027,-0.008188403704949027,0.0071884037049490266,0.0061884037049490265,-0.010147307814538068,0.0003910586058658849,0.007556403298558138,0.0071884037049490266,-0.010147307814538068
2018-04-24,2018,5,price_weak,20,7,0.005302847323428293,-0.005302847323428293,0.004302847323428293,0.003302847323428293,-0.007261751433017334,-0.0024944977756548485,0.004670846917037405,0.004302847323428293,-0.007261751433017334
2018-04-24,2018,5,residual_rally,20,7,0.0029862853000250473,-0.0029862853000250473,0.0019862853000250473,0.0009862853000250473,-0.004945189409614088,-0.004811059799058094,0.002354284893634159,0.0019862853000250473,-0.004945189409614088
2018-04-24,2018,20,SPY,1,28,0.03678064736982223,-0.03678064736982223,0.03578064736982223,0.034780647369822226,-0.04161626380817839,0.0,0.0014201722665999408,0.03578064736982223,-0.04161626380817839
2018-04-24,2018,20,accrual_weak,20,28,0.03805234338118007,-0.03805234338118007,0.03705234338118007,0.03605234338118007,-0.042887959819536234,0.001271696011357841,0.002691868277957782,0.03705234338118007,-0.042887959819536234
2018-04-24,2018,20,cashburn_weak,4,28,0.024300481528671494,-0.024300481528671494,0.023300481528671493,0.022300481528671492,-0.02913609796702766,-0.012480165841150734,-0.011059993574550793,0.004660096305734299,-0.005827219593405532
2018-04-24,2018,20,equal_weight_U,432,28,0.03536047510322229,-0.03536047510322229,0.034360475103222286,0.033360475103222285,-0.04019609154157845,-0.0014201722665999408,0.0,0.034360475103222286,-0.04019609154157845
2018-04-24,2018,20,exclusion_long_same_U,20,28,0.045038695711904234,-0.045038695711904234,0.04403869571190423,0.04303869571190423,-0.0498743121502604,0.008258048342082006,0.009678220608681946,0.04403869571190423,-0.0498743121502604
2018-04-24,2018,20,price_weak,20,28,0.030185423266214338,-0.030185423266214338,0.029185423266214337,0.028185423266214336,-0.0350210397045705,-0.00659522410360789,-0.005175051837007949,0.029185423266214337,-0.0350210397045705
2018-04-24,2018,20,residual_rally,20,28,0.06482107232795134,-0.06482107232795134,0.06382107232795134,0.06282107232795134,-0.06965668876630751,0.028040424958129112,0.029460597224729053,0.06382107232795134,-0.06965668876630751
2018-05-22,2018,5,SPY,1,8,0.0052365674669025974,-0.0052365674669025974,0.004236567466902597,0.0032365674669025974,-0.007332457877861502,0.0,-0.008819398194288326,0.004236567466902597,-0.007332457877861502
2018-05-22,2018,5,accrual_weak,14,8,-0.00457615704560807,0.00457615704560807,-0.00557615704560807,-0.00657615704560807,0.0024802666346491658,-0.009812724512510668,-0.018632122706798995,-0.003903309931925649,0.001736186644254416
2018-05-22,2018,5,cashburn_weak,2,8,-0.04243592969827557,0.04243592969827557,-0.04343592969827557,-0.04443592969827557,0.040340039287316665,-0.047672497165178164,-0.05649189535946649,-0.004343592969827557,0.004034003928731667
2018-05-22,2018,5,equal_weight_U,449,8,0.014055965661190923,-0.014055965661190923,0.013055965661190924,0.012055965661190923,-0.016151856072149827,0.008819398194288326,0.0,0.013055965661190924,-0.016151856072149827
2018-05-22,2018,5,exclusion_long_same_U,20,8,0.027073490139564484,-0.027073490139564484,0.026073490139564483,0.025073490139564482,-0.02916938055052339,0.021836922672661886,0.01301752447837356,0.026073490139564483,-0.02916938055052339
2018-05-22,2018,5,price_weak,20,8,0.015542595416478419,-0.015542595416478419,0.01454259541647842,0.013542595416478419,-0.017638485827437322,0.010306027949575821,0.0014866297552874955,0.01454259541647842,-0.017638485827437322
2018-05-22,2018,5,residual_rally,20,8,0.017760244761539,-0.017760244761539,0.016760244761539,0.015760244761538998,-0.019856135172497905,0.012523677294636403,0.0037042791003480766,0.016760244761539,-0.019856135172497905
2018-05-22,2018,20,SPY,1,29,0.017848582070287833,-0.017848582070287833,0.016848582070287832,0.01584858207028783,-0.022821184810013863,0.0,-0.024749299195781276,0.016848582070287832,-0.022821184810013863
2018-05-22,2018,20,accrual_weak,14,29,0.029567065544555564,-0.029567065544555564,0.028567065544555563,0.027567065544555562,-0.034539668284281594,0.011718483474267731,-0.013030815721513545,0.01999694588118889,-0.024177767798997114
2018-05-22,2018,20,cashburn_weak,2,29,0.1112642646992401,-0.1112642646992401,0.1102642646992401,0.1092642646992401,-0.11623686743896612,0.09341568262895227,0.068666383433171,0.01102642646992401,-0.011623686743896612
2018-05-22,2018,20,equal_weight_U,449,29,0.04259788126606911,-0.04259788126606911,0.04159788126606911,0.04059788126606911,-0.04757048400579514,0.024749299195781276,0.0,0.04159788126606911,-0.04757048400579514
2018-05-22,2018,20,exclusion_long_same_U,20,29,0.033269383358412855,-0.033269383358412855,0.032269383358412854,0.03126938335841285,-0.038241986098138885,0.015420801288125022,-0.009328497907656254,0.032269383358412854,-0.038241986098138885
2018-05-22,2018,20,price_weak,20,29,0.03278177122093507,-0.03278177122093507,0.03178177122093507,0.03078177122093507,-0.0377543739606611,0.014933189150647237,-0.009816110045134038,0.03178177122093507,-0.0377543739606611
2018-05-22,2018,20,residual_rally,20,29,0.016618591686207707,-0.016618591686207707,0.015618591686207706,0.014618591686207707,-0.021591194425933737,-0.0012299903840801256,-0.0259792895798614,0.015618591686207706,-0.021591194425933737
2018-06-20,2018,5,SPY,1,7,-0.022322075663139485,0.022322075663139485,-0.023322075663139485,-0.024322075663139486,0.02036317155355044,0.0,0.00898124917623383,-0.023322075663139485,0.02036317155355044
2018-06-20,2018,5,accrual_weak,17,7,-0.026279936625240242,0.026279936625240242,-0.027279936625240243,-0.02827993662524024,0.024321032515651198,-0.003957860962100757,0.0050233882141330725,-0.023187946131454206,0.020672877638303517
2018-06-20,2018,5,cashburn_weak,2,7,-0.00453306152084181,0.00453306152084181,-0.00553306152084181,-0.00653306152084181,0.0025741574112527693,0.017789014142297672,0.026770263318531502,-0.000553306152084181,0.00025741574112527697
2018-06-20,2018,5,equal_weight_U,452,7,-0.031303324839373314,0.031303324839373314,-0.032303324839373315,-0.033303324839373316,0.02934442072978427,-0.00898124917623383,0.0,-0.032303324839373315,0.02934442072978427
2018-06-20,2018,5,exclusion_long_same_U,20,7,-0.049589114616884596,0.049589114616884596,-0.050589114616884596,-0.0515891146168846,0.04763021050729555,-0.02726703895374511,-0.01828578977751128,-0.050589114616884596,0.04763021050729555
2018-06-20,2018,5,price_weak,20,7,-0.028317394484336823,0.028317394484336823,-0.029317394484336824,-0.030317394484336825,0.02635849037474778,-0.005995318821197339,0.002985930355036491,-0.029317394484336824,0.02635849037474778
2018-06-20,2018,5,residual_rally,20,7,-0.057814007767324774,0.057814007767324774,-0.058814007767324775,-0.059814007767324776,0.05585510365773573,-0.03549193210418529,-0.02651068292795146,-0.058814007767324775,0.05585510365773573
2018-06-20,2018,20,SPY,1,29,0.014494854326714046,-0.014494854326714046,0.013494854326714045,0.012494854326714046,-0.019467457066440076,0.0,0.0068691170907720246,0.013494854326714045,-0.019467457066440076
2018-06-20,2018,20,accrual_weak,17,29,0.002878593873677734,-0.002878593873677734,0.001878593873677734,0.0008785938736777339,-0.007851196613403763,-0.011616260453036313,-0.004747143362264288,0.0015968047926260738,-0.006673517121393199
2018-06-20,2018,20,cashburn_weak,2,29,-0.004797177340823394,0.004797177340823394,-0.005797177340823394,-0.006797177340823394,-0.0001754253989026339,-0.01929203166753744,-0.012422914576765417,-0.0005797177340823395,-1.754253989026339e-05
2018-06-20,2018,20,equal_weight_U,452,29,0.007625737235942022,-0.007625737235942022,0.006625737235942022,0.005625737235942022,-0.01259833997566805,-0.0068691170907720246,0.0,0.006625737235942022,-0.01259833997566805
2018-06-20,2018,20,exclusion_long_same_U,20,29,-0.0063310071198841526,0.0063310071198841526,-0.007331007119884153,-0.008331007119884153,0.0013584043801581243,-0.020825861446598197,-0.013956744355826174,-0.007331007119884153,0.0013584043801581243
2018-06-20,2018,20,price_weak,20,29,0.007834833408904146,-0.007834833408904146,0.006834833408904146,0.005834833408904146,-0.012807436148630176,-0.0066600209178099,0.00020909617296212442,0.006834833408904146,-0.012807436148630176
2018-06-20,2018,20,residual_rally,20,29,-0.006305653273744059,0.006305653273744059,-0.007305653273744059,-0.008305653273744058,0.0013330505340180309,-0.020800507600458106,-0.01393139050968608,-0.007305653273744059,0.0013330505340180309
2018-07-19,2018,5,SPY,1,7,0.012617507238088521,-0.012617507238088521,0.01161750723808852,0.010617507238088521,-0.014576411347677563,0.0,0.011747581340736815,0.01161750723808852,-0.014576411347677563
2018-07-19,2018,5,accrual_weak,12,7,-0.025926156405763488,0.025926156405763488,-0.02692615640576349,-0.027926156405763486,0.023967252296174444,-0.038543663643852005,-0.02679608230311519,-0.016155693843458094,0.014380351377704666
2018-07-19,2018,5,cashburn_weak,5,7,0.0011713776685379513,-0.0011713776685379513,0.00017137766853795124,-0.0008286223314620488,-0.003130281778126992,-0.01144612956955057,0.0003014517711862457,4.284441713448781e-05,-0.000782570444531748
2018-07-19,2018,5,equal_weight_U,461,7,0.0008699258973517055,-0.0008699258973517055,-0.00013007410264829448,-0.0011300741026482944,-0.0028288300069407466,-0.011747581340736815,0.0,-0.00013007410264829448,-0.0028288300069407466
2018-07-19,2018,5,exclusion_long_same_U,20,7,-0.0010818943888643462,0.0010818943888643462,-0.002081894388864346,-0.003081894388864346,-0.000877009720724695,-0.013699401626952868,-0.0019518202862160517,-0.002081894388864346,-0.000877009720724695
2018-07-19,2018,5,price_weak,20,7,0.002472748263800272,-0.002472748263800272,0.0014727482638002718,0.0004727482638002718,-0.004431652373389313,-0.01014475897428825,0.0016028223664485662,0.0014727482638002718,-0.004431652373389313
2018-07-19,2018,5,residual_rally,20,7,-0.023766034747629707,0.023766034747629707,-0.024766034747629707,-0.02576603474762971,0.021807130638040663,-0.03638354198571823,-0.02463596064498141,-0.024766034747629707,0.021807130638040663
2018-07-19,2018,20,SPY,1,28,0.015405511670300687,-0.015405511670300687,0.014405511670300686,0.013405511670300687,-0.02024112810865685,0.0,0.014498482452782737,0.014405511670300686,-0.02024112810865685
2018-07-19,2018,20,accrual_weak,12,28,-0.028361352640424175,0.028361352640424175,-0.029361352640424176,-0.030361352640424173,0.02352573620206801,-0.043766864310724865,-0.029268381857942127,-0.017616811584254505,0.014115441721240806
2018-07-19,2018,20,cashburn_weak,5,28,-0.04070392706230741,0.04070392706230741,-0.04170392706230741,-0.04270392706230741,0.035868310623951245,-0.0561094387326081,-0.04161095627982536,-0.010425981765576853,0.008967077655987811
2018-07-19,2018,20,equal_weight_U,461,28,0.0009070292175179508,-0.0009070292175179508,-9.297078248204926e-05,-0.0010929707824820492,-0.005742645655874116,-0.014498482452782737,0.0,-9.297078248204926e-05,-0.005742645655874116
2018-07-19,2018,20,exclusion_long_same_U,20,28,0.00197103727433654,-0.00197103727433654,0.0009710372743365401,-2.8962725663459876e-05,-0.0068066537126927045,-0.013434474395964147,0.0010640080568185893,0.0009710372743365401,-0.0068066537126927045
2018-07-19,2018,20,price_weak,20,28,0.002539854419409432,-0.002539854419409432,0.0015398544194094319,0.0005398544194094319,-0.007375470857765597,-0.012865657250891255,0.001632825201891481,0.0015398544194094319,-0.007375470857765597
2018-07-19,2018,20,residual_rally,20,28,-0.03995353272978585,0.03995353272978585,-0.04095353272978585,-0.04195353272978585,0.035117916291429685,-0.055359044400086536,-0.0408605619473038,-0.04095353272978585,0.035117916291429685
2018-08-16,2018,5,SPY,1,7,0.006905542049818747,-0.006905542049818747,0.005905542049818747,0.004905542049818747,-0.008864446159407789,0.0,-0.009047362950374917,0.005905542049818747,-0.008864446159407789
2018-08-16,2018,5,accrual_weak,20,7,0.012459993229679205,-0.012459993229679205,0.011459993229679204,0.010459993229679205,-0.014418897339268247,0.005554451179860458,-0.003492911770514459,0.011459993229679204,-0.014418897339268247
2018-08-16,2018,5,cashburn_weak,7,7,0.04733177675549477,-0.04733177675549477,0.04633177675549477,0.04533177675549477,-0.049290680865083814,0.04042623470567602,0.0313788717553011,0.01621612186442317,-0.017251738302779332
2018-08-16,2018,5,equal_weight_U,459,7,0.015952905000193664,-0.015952905000193664,0.014952905000193664,0.013952905000193664,-0.017911809109782708,0.009047362950374917,0.0,0.014952905000193664,-0.017911809109782708
2018-08-16,2018,5,exclusion_long_same_U,20,7,0.006705147706619452,-0.006705147706619452,0.005705147706619452,0.004705147706619452,-0.008664051816208494,-0.00020039434319929494,-0.009247757293574212,0.005705147706619452,-0.008664051816208494
2018-08-16,2018,5,price_weak,20,7,0.018616831487482596,-0.018616831487482596,0.017616831487482595,0.016616831487482595,-0.02057573559707164,0.01171128943766385,0.002663926487288932,0.017616831487482595,-0.02057573559707164
2018-08-16,2018,5,residual_rally,20,7,0.010852031527269324,-0.010852031527269324,0.009852031527269323,0.008852031527269323,-0.012810935636858365,0.0039464894774505765,-0.005100873472924341,0.009852031527269323,-0.012810935636858365
2018-08-16,2018,20,SPY,1,29,0.02497974139449677,-0.02497974139449677,0.023979741394496767,0.022979741394496767,-0.0299523441342228,0.0,-0.0048144092461993235,0.023979741394496767,-0.0299523441342228
2018-08-16,2018,20,accrual_weak,20,29,0.048408302185835875,-0.048408302185835875,0.047408302185835874,0.04640830218583587,-0.053380904925561905,0.023428560791339106,0.018614151545139783,0.047408302185835874,-0.053380904925561905
2018-08-16,2018,20,cashburn_weak,7,29,0.029143237838492226,-0.029143237838492226,0.028143237838492225,0.027143237838492228,-0.03411584057821825,0.004163496443995458,-0.0006509128022038659,0.009850133243472278,-0.011940544202376387
2018-08-16,2018,20,equal_weight_U,459,29,0.029794150640696092,-0.029794150640696092,0.02879415064069609,0.02779415064069609,-0.03476675338042212,0.0048144092461993235,0.0,0.02879415064069609,-0.03476675338042212
2018-08-16,2018,20,exclusion_long_same_U,20,29,0.02552379765060513,-0.02552379765060513,0.02452379765060513,0.02352379765060513,-0.03049640039033116,0.0005440562561083613,-0.004270352990090962,0.02452379765060513,-0.03049640039033116
2018-08-16,2018,20,price_weak,20,29,0.01604025348102638,-0.01604025348102638,0.015040253481026378,0.01404025348102638,-0.02101285622075241,-0.008939487913470389,-0.013753897159669713,0.015040253481026378,-0.02101285622075241
2018-08-16,2018,20,residual_rally,20,29,0.03338045322462704,-0.03338045322462704,0.032380453224627036,0.031380453224627035,-0.03835305596435307,0.008400711830130268,0.003586302583930945,0.032380453224627036,-0.03835305596435307
2018-09-14,2018,5,SPY,1,5,0.004195034729385982,-0.004195034729385982,0.0031950347293859824,0.0021950347293859824,-0.005879966236235297,0.0,0.004035048067616151,0.0031950347293859824,-0.005879966236235297
2018-09-14,2018,5,accrual_weak,13,5,0.01646163858565747,-0.01646163858565747,0.01546163858565747,0.014461638585657471,-0.018146570092506788,0.012266603856271489,0.01630165192388764,0.010050065080677356,-0.011795270560129412
2018-09-14,2018,5,cashburn_rebound,2,5,0.00947325807333881,-0.00947325807333881,0.008473258073338812,0.007473258073338811,-0.011158189580188126,0.005278223343952828,0.00931327141156898,0.0008473258073338812,-0.0011158189580188127
2018-09-14,2018,5,cashburn_weak,6,5,0.017920473902022335,-0.017920473902022335,0.016920473902022334,0.015920473902022336,-0.01960540540887165,0.013725439172636352,0.017760487240252504,0.0050761421706067,-0.005881621622661495
2018-09-14,2018,5,equal_weight_U,448,5,0.0001599866617698315,-0.0001599866617698315,-0.0008400133382301685,-0.0018400133382301686,-0.0018449181686191465,-0.004035048067616151,0.0,-0.0008400133382301685,-0.0018449181686191465
2018-09-14,2018,5,exclusion_long_same_U,20,5,-0.015298069344125614,0.015298069344125614,-0.016298069344125615,-0.017298069344125616,0.013613137837276298,-0.019493104073511597,-0.015458056005895445,-0.016298069344125615,0.013613137837276298
2018-09-14,2018,5,price_weak,20,5,0.014310574527991162,-0.014310574527991162,0.013310574527991163,0.012310574527991162,-0.015995506034840477,0.01011553979860518,0.014150587866221332,0.013310574527991163,-0.015995506034840477
2018-09-14,2018,5,residual_rally,20,5,0.003163118933664847,-0.003163118933664847,0.002163118933664847,0.0011631189336648471,-0.004848050440514162,-0.0010319157957211353,0.0030031322718950156,0.002163118933664847,-0.004848050440514162
2018-09-14,2018,20,SPY,1,26,-0.05092497077229907,0.05092497077229907,-0.05192497077229907,-0.052924970772299074,0.04636332693668263,0.0,0.02925772469311616,-0.05192497077229907,0.04636332693668263
2018-09-14,2018,20,accrual_weak,13,26,-0.06124253847830286,0.06124253847830286,-0.06224253847830286,-0.06324253847830286,0.05668089464268642,-0.01031756770600379,0.01894015698711237,-0.040457650010896865,0.03684258151774617
2018-09-14,2018,20,cashburn_rebound,2,26,-0.03554998398379308,0.03554998398379308,-0.03654998398379308,-0.037549983983793084,0.03098834014817664,0.01537498678850599,0.04463271148162215,-0.0036549983983793083,0.0030988340148176644
2018-09-14,2018,20,cashburn_weak,6,26,-0.05014554517290987,0.05014554517290987,-0.05114554517290987,-0.05214554517290987,0.045583901337293425,0.0007794255993892052,0.030037150292505366,-0.01534366355187296,0.013675170401188028
2018-09-14,2018,20,equal_weight_U,448,26,-0.08018269546541523,0.08018269546541523,-0.08118269546541523,-0.08218269546541523,0.07562105162979879,-0.02925772469311616,0.0,-0.08118269546541523,0.07562105162979879
2018-09-14,2018,20,exclusion_long_same_U,20,26,-0.10880852875254814,0.10880852875254814,-0.10980852875254814,-0.11080852875254814,0.1042468849169317,-0.057883557980249065,-0.028625833287132904,-0.10980852875254814,0.1042468849169317
2018-09-14,2018,20,price_weak,20,26,-0.0632956428276418,0.0632956428276418,-0.0642956428276418,-0.0652956428276418,0.05873399899202536,-0.01237067205534273,0.01688705263777343,-0.0642956428276418,0.05873399899202536
2018-09-14,2018,20,residual_rally,20,26,-0.0940575781747036,0.0940575781747036,-0.0950575781747036,-0.0960575781747036,0.08949593433908716,-0.04313260740240453,-0.01387488270928837,-0.0950575781747036,0.08949593433908716
2018-10-12,2018,5,SPY,1,5,0.0022852476864454463,-0.0022852476864454463,0.0012852476864454463,0.00028524768644544625,-0.003970179193294761,0.0,0.006449559418794947,0.0012852476864454463,-0.003970179193294761
2018-10-12,2018,5,accrual_weak,20,5,-0.001826027347248372,0.001826027347248372,-0.002826027347248372,-0.003826027347248372,0.00014109584039905692,-0.004111275033693818,0.002338284385101129,-0.002826027347248372,0.00014109584039905692
2018-10-12,2018,5,cashburn_weak,14,5,-0.03282259224183072,0.03282259224183072,-0.03382259224183072,-0.03482259224183072,0.031137660734981403,-0.035107839928276166,-0.02865828050948122,-0.023675814569281504,0.02179636251448698
2018-10-12,2018,5,equal_weight_U,480,5,-0.004164311732349501,0.004164311732349501,-0.005164311732349501,-0.006164311732349501,0.002479380225500186,-0.006449559418794947,0.0,-0.005164311732349501,0.002479380225500186
2018-10-12,2018,5,exclusion_long_same_U,14,5,0.021409696279017502,-0.021409696279017502,0.0204096962790175,0.0194096962790175,-0.02309462778586682,0.019124448592572056,0.025574008011367003,0.01428678739531225,-0.016166239450106774
2018-10-12,2018,5,price_weak,20,5,-0.015059713166777946,0.015059713166777946,-0.016059713166777945,-0.017059713166777946,0.013374781659928631,-0.017344960853223394,-0.010895401434428445,-0.016059713166777945,0.013374781659928631
2018-10-12,2018,5,residual_rally,20,5,0.006828604075188619,-0.006828604075188619,0.005828604075188619,0.004828604075188619,-0.008513535582037934,0.004543356388743172,0.010992915807538119,0.005828604075188619,-0.008513535582037934
2018-10-12,2018,20,SPY,1,26,0.008238069315913643,-0.008238069315913643,0.007238069315913643,0.006238069315913643,-0.012799713151530083,0.0,0.0014417712334233316,0.007238069315913643,-0.012799713151530083
2018-10-12,2018,20,accrual_weak,20,26,0.04569055501044043,-0.04569055501044043,0.044690555010440426,0.043690555010440425,-0.05025219884605687,0.037452485694526784,0.038894256927950115,0.044690555010440426,-0.05025219884605687
2018-10-12,2018,20,cashburn_weak,14,26,-0.01837594954315259,0.01837594954315259,-0.019375949543152592,-0.02037594954315259,0.013814305707536152,-0.026614018859066235,-0.025172247625642904,-0.013563164680206814,0.009670013995275306
2018-10-12,2018,20,equal_weight_U,480,26,0.0067962980824903116,-0.0067962980824903116,0.0057962980824903115,0.0047962980824903115,-0.01135794191810675,-0.0014417712334233316,0.0,0.0057962980824903115,-0.01135794191810675
2018-10-12,2018,20,exclusion_long_same_U,14,26,0.0455470060009582,-0.0455470060009582,0.0445470060009582,0.0435470060009582,-0.05010864983657464,0.03730893668504456,0.03875070791846789,0.031182904200670738,-0.03507605488560225
2018-10-12,2018,20,price_weak,20,26,0.0260033475433962,-0.0260033475433962,0.025003347543396198,0.024003347543396197,-0.03056499137901264,0.017765278227482556,0.019207049460905887,0.025003347543396198,-0.03056499137901264
2018-10-12,2018,20,residual_rally,20,26,0.00707917964627147,-0.00707917964627147,0.00607917964627147,0.00507917964627147,-0.011640823481887908,-0.001158889669642173,0.0002828815637811585,0.00607917964627147,-0.011640823481887908
2018-11-09,2018,5,SPY,1,5,-0.012482412785453922,0.012482412785453922,-0.013482412785453923,-0.014482412785453922,0.010797481278604606,0.0,-0.005630642631588066,-0.013482412785453923,0.010797481278604606
2018-11-09,2018,5,accrual_weak,18,5,-0.02116591137865681,0.02116591137865681,-0.02216591137865681,-0.02316591137865681,0.019480979871807493,-0.008683498593202887,-0.014314141224790952,-0.01994932024079113,0.017532881884626744
2018-11-09,2018,5,cashburn_rebound,1,5,0.012844036697247707,-0.012844036697247707,0.011844036697247706,0.010844036697247707,-0.014528968204097024,0.02532644948270163,0.019695806851113565,0.0005922018348623854,-0.0007264484102048512
2018-11-09,2018,5,cashburn_weak,8,5,-0.023328482953201588,0.023328482953201588,-0.02432848295320159,-0.025328482953201586,0.02164355144635227,-0.010846070167747666,-0.01647671279933573,-0.009731393181280636,0.008657420578540909
2018-11-09,2018,5,equal_weight_U,486,5,-0.006851770153865857,0.006851770153865857,-0.007851770153865857,-0.008851770153865856,0.005166838647016542,0.005630642631588066,0.0,-0.007851770153865857,0.005166838647016542
2018-11-09,2018,5,exclusion_long_same_U,20,5,0.00028702295426819566,-0.00028702295426819566,-0.0007129770457318044,-0.0017129770457318043,-0.001971954461117511,0.012769435739722118,0.007138793108134052,-0.0007129770457318044,-0.001971954461117511
2018-11-09,2018,5,price_weak,20,5,-0.018501141974432533,0.018501141974432533,-0.019501141974432534,-0.020501141974432535,0.016816210467583217,-0.006018729188978611,-0.011649371820566676,-0.019501141974432534,0.016816210467583217
2018-11-09,2018,5,residual_rally,20,5,-0.011786129062308717,0.011786129062308717,-0.012786129062308717,-0.013786129062308717,0.0101011975554594,0.0006962837231452058,-0.00493435890844286,-0.012786129062308717,0.0101011975554594
2018-11-09,2018,20,SPY,1,30,-0.04718784948951982,0.04718784948951982,-0.04818784948951982,-0.04918784948951982,0.04207826044842393,0.0,0.006344237394999362,-0.04818784948951982,0.04207826044842393
2018-11-09,2018,20,accrual_weak,18,30,-0.08659782199658479,0.08659782199658479,-0.0875978219965848,-0.0885978219965848,0.0814882329554889,-0.039409972507064975,-0.03306573511206561,-0.07883803979692632,0.07333940965994001
2018-11-09,2018,20,cashburn_rebound,1,30,-0.09908256880733946,0.09908256880733946,-0.10008256880733946,-0.10108256880733946,0.09397297976624357,-0.05189471931781964,-0.045550481922820275,-0.005004128440366973,0.004698648988312178
2018-11-09,2018,20,cashburn_weak,8,30,-0.07415742726376595,0.07415742726376595,-0.07515742726376595,-0.07615742726376595,0.06904783822267006,-0.026969577774246134,-0.020625340379246772,-0.030062970905506383,0.027619135289068026
2018-11-09,2018,20,equal_weight_U,486,30,-0.05353208688451918,0.05353208688451918,-0.05453208688451918,-0.05553208688451918,0.04842249784342329,-0.006344237394999362,0.0,-0.05453208688451918,0.04842249784342329
2018-11-09,2018,20,exclusion_long_same_U,20,30,-0.039053145717584455,0.039053145717584455,-0.040053145717584455,-0.041053145717584456,0.033943556676488566,0.008134703771935363,0.014478941166934725,-0.040053145717584455,0.033943556676488566
2018-11-09,2018,20,price_weak,20,30,-0.0677867816316272,0.0677867816316272,-0.0687867816316272,-0.0697867816316272,0.06267719259053131,-0.020598932142107382,-0.01425469474710802,-0.0687867816316272,0.06267719259053131
2018-11-09,2018,20,residual_rally,20,30,-0.061823828244062795,0.061823828244062795,-0.0628238282440628,-0.0638238282440628,0.05671423920296691,-0.014635978754542978,-0.008291741359543615,-0.0628238282440628,0.05671423920296691
2018-12-11,2018,5,SPY,1,7,-0.04621078999513972,0.04621078999513972,-0.047210789995139724,-0.048210789995139725,0.04425188588555068,0.0,0.0034275357413908053,-0.047210789995139724,0.04425188588555068
2018-12-11,2018,5,accrual_weak,20,7,-0.037330795085855586,0.037330795085855586,-0.03833079508585559,-0.03933079508585559,0.03537189097626654,0.008879994909284136,0.012307530650674942,-0.03833079508585559,0.03537189097626654
2018-12-11,2018,5,cashburn_weak,6,7,-0.04340511134315659,0.04340511134315659,-0.04440511134315659,-0.04540511134315659,0.041446207233567546,0.002805678651983133,0.006233214393373938,-0.013321533402946976,0.012433862170070264
2018-12-11,2018,5,equal_weight_U,466,7,-0.04963832573653053,0.04963832573653053,-0.05063832573653053,-0.05163832573653053,0.047679421626941484,-0.0034275357413908053,0.0,-0.05063832573653053,0.047679421626941484
2018-12-11,2018,5,exclusion_long_same_U,20,7,-0.044334213582627874,0.044334213582627874,-0.045334213582627875,-0.046334213582627876,0.04237530947303883,0.001876576412511849,0.005304112153902654,-0.045334213582627875,0.04237530947303883
2018-12-11,2018,5,price_weak,20,7,-0.054962547586155465,0.054962547586155465,-0.055962547586155466,-0.05696254758615547,0.05300364347656642,-0.008751757591015742,-0.005324221849624937,-0.055962547586155466,0.05300364347656642
2018-12-11,2018,5,residual_rally,20,7,-0.03904168718901354,0.03904168718901354,-0.04004168718901354,-0.04104168718901354,0.037082783079424496,0.007169102806126183,0.010596638547516989,-0.04004168718901354,0.037082783079424496
2018-12-11,2018,20,SPY,1,30,-0.03174187759374891,0.03174187759374891,-0.032741877593748914,-0.033741877593748915,0.02663228855265302,0.0,-0.018182969819107015,-0.032741877593748914,0.02663228855265302
2018-12-11,2018,20,accrual_weak,20,30,0.03309185806103035,-0.03309185806103035,0.03209185806103035,0.031091858061030347,-0.03820144710212624,0.06483373565477926,0.04665076583567225,0.03209185806103035,-0.03820144710212624
2018-12-11,2018,20,cashburn_weak,6,30,0.05899339215392213,-0.05899339215392213,0.05799339215392213,0.05699339215392213,-0.06410298119501802,0.09073526974767104,0.07255229992856403,0.017398017646176638,-0.019230894358505404
2018-12-11,2018,20,equal_weight_U,466,30,-0.013558907774641898,0.013558907774641898,-0.014558907774641899,-0.015558907774641898,0.008449318733546006,0.018182969819107015,0.0,-0.014558907774641899,0.008449318733546006
2018-12-11,2018,20,exclusion_long_same_U,20,30,-0.05743286082931268,0.05743286082931268,-0.058432860829312684,-0.059432860829312685,0.052323271788216795,-0.02569098323556377,-0.04387395305467079,-0.058432860829312684,0.052323271788216795
2018-12-11,2018,20,price_weak,20,30,0.020186826196381673,-0.020186826196381673,0.019186826196381672,0.01818682619638167,-0.025296415237477565,0.051928703790130586,0.03374573397102357,0.019186826196381672,-0.025296415237477565
2018-12-11,2018,20,residual_rally,20,30,-0.020808761855505658,0.020808761855505658,-0.02180876185550566,-0.022808761855505656,0.015699172814409766,0.010933115738243255,-0.00724985408086376,-0.02180876185550566,0.015699172814409766
2019-01-10,2019,5,SPY,1,7,0.020645762185656613,-0.020645762185656613,0.019645762185656612,0.01864576218565661,-0.022604666295245657,0.0,0.004449833212980106,0.019645762185656612,-0.022604666295245657
2019-01-10,2019,5,accrual_weak,5,7,-0.005061178161530363,0.005061178161530363,-0.006061178161530363,-0.007061178161530363,0.0031022740519413223,-0.025706940347186978,-0.021257107134206872,-0.0015152945403825908,0.0007755685129853306
2019-01-10,2019,5,cashburn_weak,2,7,-0.015166978042376156,0.015166978042376156,-0.016166978042376157,-0.017166978042376158,0.013208073932787114,-0.03581274022803277,-0.03136290701505266,-0.0016166978042376158,0.0013208073932787115
2019-01-10,2019,5,equal_weight_U,473,7,0.016195928972676507,-0.016195928972676507,0.015195928972676506,0.014195928972676507,-0.01815483308226555,-0.004449833212980106,0.0,0.015195928972676506,-0.01815483308226555
2019-01-10,2019,5,exclusion_long_same_U,20,7,0.012242412774379907,-0.012242412774379907,0.011242412774379908,0.010242412774379907,-0.014201316883968947,-0.008403349411276706,-0.0039535161982966,0.011242412774379908,-0.014201316883968947
2019-01-10,2019,5,price_weak,20,7,0.009532903740309124,-0.009532903740309124,0.008532903740309124,0.0075329037403091235,-0.011491807849898164,-0.01111285844534749,-0.0066630252323673835,0.008532903740309124,-0.011491807849898164
2019-01-10,2019,5,residual_rally,20,7,0.022794019423665456,-0.022794019423665456,0.021794019423665455,0.020794019423665454,-0.0247529235332545,0.0021482572380088424,0.0065980904509889485,0.021794019423665455,-0.0247529235332545
2019-01-10,2019,20,SPY,1,29,0.04990686122322274,-0.04990686122322274,0.04890686122322274,0.04790686122322274,-0.05487946396294877,0.0,-0.0067226795870643785,0.04890686122322274,-0.05487946396294877
2019-01-10,2019,20,accrual_weak,5,29,0.02180117473205334,-0.02180117473205334,0.02080117473205334,0.01980117473205334,-0.02677377747177937,-0.0281056864911694,-0.03482836607823378,0.005200293683013335,-0.006693444367944843
2019-01-10,2019,20,cashburn_weak,2,29,0.15249928063777496,-0.15249928063777496,0.15149928063777496,0.15049928063777496,-0.15747188337750098,0.10259241941455222,0.09586973982748784,0.015149928063777497,-0.015747188337750097
2019-01-10,2019,20,equal_weight_U,473,29,0.05662954081028712,-0.05662954081028712,0.05562954081028712,0.05462954081028712,-0.06160214355001315,0.0067226795870643785,0.0,0.05562954081028712,-0.06160214355001315
2019-01-10,2019,20,exclusion_long_same_U,20,29,0.008755089883770873,-0.008755089883770873,0.007755089883770873,0.006755089883770873,-0.013727692623496903,-0.04115177133945187,-0.04787445092651625,0.007755089883770873,-0.013727692623496903
2019-01-10,2019,20,price_weak,20,29,0.08072722336604171,-0.08072722336604171,0.07972722336604171,0.07872722336604171,-0.08569982610576773,0.03082036214281897,0.02409768255575459,0.07972722336604171,-0.08569982610576773
2019-01-10,2019,20,residual_rally,20,29,0.029074544557572295,-0.029074544557572295,0.028074544557572294,0.027074544557572293,-0.034047147297298325,-0.020832316665650448,-0.027554996252714826,0.028074544557572294,-0.034047147297298325
2019-02-08,2019,5,SPY,1,5,0.0227876106194691,-0.0227876106194691,0.0217876106194691,0.0207876106194691,-0.024472542126318417,0.0,-0.008139979162288952,0.0217876106194691,-0.024472542126318417
2019-02-08,2019,5,accrual_weak,11,5,0.060044890687268586,-0.060044890687268586,0.059044890687268585,0.058044890687268584,-0.0617298221941179,0.037257280067799485,0.029117300905510533,0.032474689877997724,-0.03395140220676485
2019-02-08,2019,5,cashburn_weak,1,5,0.09408851748684617,-0.09408851748684617,0.09308851748684617,0.09208851748684617,-0.09577344899369548,0.07130090686737707,0.06316092770508812,0.004654425874342309,-0.0047886724496847746
2019-02-08,2019,5,equal_weight_U,470,5,0.030927589781758053,-0.030927589781758053,0.02992758978175805,0.02892758978175805,-0.032612521288607366,0.008139979162288952,0.0,0.02992758978175805,-0.032612521288607366
2019-02-08,2019,5,exclusion_long_same_U,20,5,0.0007463016967608038,-0.0007463016967608038,-0.00025369830323919624,-0.0012536983032391963,-0.002431233203610119,-0.022041308922708298,-0.03018128808499725,-0.00025369830323919624,-0.002431233203610119
2019-02-08,2019,5,price_weak,20,5,0.03481918294289989,-0.03481918294289989,0.033819182942899886,0.032819182942899885,-0.0365041144497492,0.012031572323430786,0.0038915931611418347,0.033819182942899886,-0.0365041144497492
2019-02-08,2019,5,residual_rally,20,5,0.02091073745574252,-0.02091073745574252,0.019910737455742518,0.018910737455742517,-0.022595668962591835,-0.001876873163726582,-0.010016852326015534,0.019910737455742518,-0.022595668962591835
2019-02-08,2019,20,SPY,1,29,0.02684365781710918,-0.02684365781710918,0.025843657817109178,0.024843657817109177,-0.03181626055683521,0.0,0.00039619043886736025,0.025843657817109178,-0.03181626055683521
2019-02-08,2019,20,accrual_weak,11,29,0.1180532073384069,-0.1180532073384069,0.11705320733840689,0.11605320733840689,-0.12302581007813292,0.09120954952129771,0.09160573996016508,0.06437926403612379,-0.06766419554297311
2019-02-08,2019,20,cashburn_weak,1,29,0.6140513772825751,-0.6140513772825751,0.6130513772825751,0.6120513772825751,-0.6190239800223011,0.5872077194654659,0.5876039099043333,0.030652568864128756,-0.030951199001115055
2019-02-08,2019,20,equal_weight_U,470,29,0.02644746737824182,-0.02644746737824182,0.025447467378241818,0.02444746737824182,-0.031420070117967845,-0.00039619043886736025,0.0,0.025447467378241818,-0.031420070117967845
2019-02-08,2019,20,exclusion_long_same_U,20,29,0.02155959431309784,-0.02155959431309784,0.02055959431309784,0.01955959431309784,-0.02653219705282387,-0.005284063504011338,-0.004887873065143978,0.02055959431309784,-0.02653219705282387
2019-02-08,2019,20,price_weak,20,29,-0.00987062624980654,0.00987062624980654,-0.010870626249806541,-0.01187062624980654,0.004898023510080511,-0.03671428406691572,-0.03631809362804836,-0.010870626249806541,0.004898023510080511
2019-02-08,2019,20,residual_rally,20,29,0.051190175017573024,-0.051190175017573024,0.05019017501757302,0.04919017501757302,-0.056162777757299054,0.024346517200463845,0.024742707639331205,0.05019017501757302,-0.056162777757299054
2019-03-11,2019,5,SPY,1,7,0.012040421414749591,-0.012040421414749591,0.01104042141474959,0.010040421414749591,-0.013999325524338633,0.0,0.00122398015334752,0.01104042141474959,-0.013999325524338633
2019-03-11,2019,5,accrual_weak,16,7,0.017700964734597553,-0.017700964734597553,0.01670096473459755,0.015700964734597554,-0.019659868844186596,0.005660543319847961,0.006884523473195481,0.013360771787678041,-0.015727895075349278
2019-03-11,2019,5,cashburn_rebound,2,7,0.009419538265457923,-0.009419538265457923,0.008419538265457924,0.007419538265457923,-0.011378442375046963,-0.0026208831492916685,-0.0013969029959441485,0.0008419538265457924,-0.0011378442375046963
2019-03-11,2019,5,cashburn_weak,6,7,0.016764850511331333,-0.016764850511331333,0.015764850511331332,0.014764850511331333,-0.018723754620920376,0.004724429096581741,0.005948409249929261,0.0047294551533993996,-0.005617126386276113
2019-03-11,2019,5,equal_weight_U,558,7,0.010816441261402071,-0.010816441261402071,0.009816441261402072,0.008816441261402071,-0.012775345370991112,-0.00122398015334752,0.0,0.009816441261402072,-0.012775345370991112
2019-03-11,2019,5,exclusion_long_same_U,20,7,0.008562495931963537,-0.008562495931963537,0.007562495931963537,0.006562495931963537,-0.01052140004155258,-0.003477925482786054,-0.002253945329438534,0.007562495931963537,-0.01052140004155258
2019-03-11,2019,5,price_weak,20,7,0.026446829762291606,-0.026446829762291606,0.025446829762291606,0.024446829762291608,-0.02840573387188065,0.014406408347542015,0.015630388500889533,0.025446829762291606,-0.02840573387188065
2019-03-11,2019,5,residual_rally,20,7,0.025062288827606565,-0.025062288827606565,0.024062288827606564,0.023062288827606567,-0.02702119293719561,0.013021867412856974,0.014245847566204494,0.024062288827606564,-0.02702119293719561
2019-03-11,2019,20,SPY,1,28,0.034902888267756005,-0.034902888267756005,0.033902888267756004,0.032902888267756,-0.03973850470611217,0.0,-6.79726839718231e-05,0.033902888267756004,-0.03973850470611217
2019-03-11,2019,20,accrual_weak,16,28,0.06751161997160353,-0.06751161997160353,0.06651161997160353,0.06551161997160353,-0.0723472364099597,0.032608731703847524,0.0325407590198757,0.05320929597728283,-0.05787778912796776
2019-03-11,2019,20,cashburn_rebound,2,28,-0.0023819820293569383,0.0023819820293569383,-0.0033819820293569383,-0.004381982029356938,-0.0024536344089992265,-0.03728487029711294,-0.037352842981084766,-0.00033819820293569386,-0.00024536344089992265
2019-03-11,2019,20,cashburn_weak,6,28,-0.05108475906204609,0.05108475906204609,-0.05208475906204609,-0.05308475906204609,0.046249142623689926,-0.0859876473298021,-0.08605562001377393,-0.015625427718613825,0.013874742787106977
2019-03-11,2019,20,equal_weight_U,558,28,0.03497086095172783,-0.03497086095172783,0.03397086095172783,0.032970860951727826,-0.03980647739008399,6.79726839718231e-05,0.0,0.03397086095172783,-0.03980647739008399
2019-03-11,2019,20,exclusion_long_same_U,20,28,0.03610761714421555,-0.03610761714421555,0.03510761714421555,0.03410761714421555,-0.040943233582571716,0.001204728876459546,0.0011367561924877229,0.03510761714421555,-0.040943233582571716
2019-03-11,2019,20,price_weak,20,28,0.025262559665635804,-0.025262559665635804,0.024262559665635803,0.023262559665635806,-0.03009817610399197,-0.009640328602120201,-0.009708301286092024,0.024262559665635803,-0.03009817610399197
2019-03-11,2019,20,residual_rally,20,28,0.026445635721494342,-0.026445635721494342,0.02544563572149434,0.024445635721494344,-0.03128125215985051,-0.008457252546261663,-0.008525225230233486,0.02544563572149434,-0.03128125215985051
2019-04-08,2019,5,SPY,1,7,0.007854858890588012,-0.007854858890588012,0.006854858890588012,0.005854858890588012,-0.009813763000177054,0.0,-0.0002895393239224116,0.006854858890588012,-0.009813763000177054
2019-04-08,2019,5,accrual_weak,4,7,-0.004545859605265408,0.004545859605265408,-0.005545859605265408,-0.006545859605265408,0.0025869554956763673,-0.01240071849585342,-0.012690257819775832,-0.0011091719210530816,0.0005173910991352735
2019-04-08,2019,5,cashburn_rebound,5,7,-0.037803251519851755,0.037803251519851755,-0.038803251519851756,-0.03980325151985176,0.03584434741026271,-0.04565811041043977,-0.045947649734362175,-0.009700812879962939,0.008961086852565678
2019-04-08,2019,5,cashburn_weak,8,7,-0.01657062450424934,0.01657062450424934,-0.01757062450424934,-0.018570624504249338,0.014611720394660297,-0.02442548339483735,-0.024715022718759763,-0.007028249801699736,0.005844688157864119
2019-04-08,2019,5,equal_weight_U,559,7,0.008144398214510424,-0.008144398214510424,0.007144398214510424,0.006144398214510424,-0.010103302324099466,0.0002895393239224116,0.0,0.007144398214510424,-0.010103302324099466
2019-04-08,2019,5,exclusion_long_same_U,20,7,0.014625915531007566,-0.014625915531007566,0.013625915531007567,0.012625915531007566,-0.016584819640596608,0.0067710566404195534,0.006481517316497142,0.013625915531007567,-0.016584819640596608
2019-04-08,2019,5,price_weak,20,7,-0.006059353108770076,0.006059353108770076,-0.007059353108770076,-0.008059353108770076,0.004100448999181035,-0.013914211999358089,-0.0142037513232805,-0.007059353108770076,0.004100448999181035
2019-04-08,2019,5,residual_rally,20,7,0.014884016289019166,-0.014884016289019166,0.013884016289019165,0.012884016289019166,-0.01684292039860821,0.007029157398431154,0.006739618074508742,0.013884016289019165,-0.01684292039860821
2019-04-08,2019,20,SPY,1,29,0.0011469484220769655,-0.0011469484220769655,0.00014694842207696544,-0.0008530515779230346,-0.006119551161802994,0.0,0.004826311222459325,0.00014694842207696544,-0.006119551161802994
2019-04-08,2019,20,accrual_weak,4,29,-0.02554568818051272,0.02554568818051272,-0.02654568818051272,-0.02754568818051272,0.02057308544078669,-0.026692636602589685,-0.02186632538013036,-0.005309137636102544,0.004114617088157338
2019-04-08,2019,20,cashburn_rebound,5,29,-0.0411725367439202,0.0411725367439202,-0.0421725367439202,-0.0431725367439202,0.03619993400419417,-0.042319485165997164,-0.037493173943537836,-0.01054313418598005,0.009049983501048542
2019-04-08,2019,20,cashburn_weak,8,29,-0.03461549746161104,0.03461549746161104,-0.035615497461611044,-0.036615497461611045,0.029642894721885013,-0.03576244588368801,-0.030936134661228683,-0.014246198984644418,0.011857157888754006
2019-04-08,2019,20,equal_weight_U,559,29,-0.00367936280038236,0.00367936280038236,-0.0046793628003823605,-0.00567936280038236,-0.0012932399393436682,-0.004826311222459325,0.0,-0.0046793628003823605,-0.0012932399393436682
2019-04-08,2019,20,exclusion_long_same_U,20,29,-0.004227908529636171,0.004227908529636171,-0.005227908529636171,-0.006227908529636171,-0.0007446942100898576,-0.005374856951713136,-0.0005485457292538107,-0.005227908529636171,-0.0007446942100898576
2019-04-08,2019,20,price_weak,20,29,-0.014236634102225861,0.014236634102225861,-0.015236634102225862,-0.01623663410222586,0.009264031362499831,-0.015383582524302827,-0.010557271301843502,-0.015236634102225862,0.009264031362499831
2019-04-08,2019,20,residual_rally,20,29,-0.032262688211097436,0.032262688211097436,-0.03326268821109744,-0.03426268821109744,0.027290085471371406,-0.0334096366331744,-0.028583325410715076,-0.03326268821109744,0.027290085471371406
2019-05-07,2019,5,SPY,1,7,-0.014433276527666572,0.014433276527666572,-0.015433276527666573,-0.016433276527666574,0.01247437241807753,0.0,0.0058395798204992425,-0.015433276527666573,0.01247437241807753
2019-05-07,2019,5,accrual_weak,20,7,-0.034382413681565034,0.034382413681565034,-0.035382413681565035,-0.036382413681565036,0.03242350957197599,-0.019949137153898462,-0.01410955733339922,-0.035382413681565035,0.03242350957197599
2019-05-07,2019,5,cashburn_rebound,2,7,0.06566298470213061,-0.06566298470213061,0.06466298470213061,0.06366298470213061,-0.06762188881171965,0.08009626122979718,0.08593584105029642,0.006466298470213062,-0.006762188881171966
2019-05-07,2019,5,cashburn_weak,10,7,0.010063681079799169,-0.010063681079799169,0.009063681079799168,0.008063681079799169,-0.01202258518938821,0.02449695760746574,0.030336537427964983,0.004531840539899584,-0.006011292594694105
2019-05-07,2019,5,equal_weight_U,551,7,-0.020272856348165814,0.020272856348165814,-0.021272856348165815,-0.022272856348165816,0.01831395223857677,-0.0058395798204992425,0.0,-0.021272856348165815,0.01831395223857677
2019-05-07,2019,5,exclusion_long_same_U,20,7,-0.004480956186433266,0.004480956186433266,-0.005480956186433266,-0.006480956186433266,0.002522052076844225,0.009952320341233306,0.01579190016173255,-0.005480956186433266,0.002522052076844225
2019-05-07,2019,5,price_weak,20,7,-0.024556276333457507,0.024556276333457507,-0.025556276333457507,-0.02655627633345751,0.022597372223868463,-0.010122999805790935,-0.004283419985291692,-0.025556276333457507,0.022597372223868463
2019-05-07,2019,5,residual_rally,20,7,-0.015362607697106003,0.015362607697106003,-0.016362607697106003,-0.017362607697106004,0.013403703587516963,-0.0009293311694394315,0.004910248651059811,-0.016362607697106003,0.013403703587516963
2019-05-07,2019,20,SPY,1,29,-0.016207004486488263,0.016207004486488263,-0.017207004486488264,-0.018207004486488265,0.011234401746762233,0.0,0.009606064047502295,-0.017207004486488264,0.011234401746762233
2019-05-07,2019,20,accrual_weak,20,29,-0.03466201633336465,0.03466201633336465,-0.03566201633336465,-0.036662016333364654,0.029689413593638622,-0.01845501184687639,-0.008848947799374094,-0.03566201633336465,0.029689413593638622
2019-05-07,2019,20,cashburn_rebound,2,29,0.06912926930720525,-0.06912926930720525,0.06812926930720525,0.06712926930720525,-0.07410187204693128,0.08533627379369352,0.09494233784119581,0.006812926930720525,-0.007410187204693128
2019-05-07,2019,20,cashburn_weak,10,29,-0.05697804463865917,0.05697804463865917,-0.057978044638659174,-0.058978044638659174,0.05200544189893314,-0.04077104015217091,-0.031164976104668615,-0.028989022319329587,0.02600272094946657
2019-05-07,2019,20,equal_weight_U,551,29,-0.025813068533990558,0.025813068533990558,-0.02681306853399056,-0.027813068533990556,0.020840465794264528,-0.009606064047502295,0.0,-0.02681306853399056,0.020840465794264528
2019-05-07,2019,20,exclusion_long_same_U,20,29,-0.014495089539764822,0.014495089539764822,-0.015495089539764823,-0.01649508953976482,0.009522486800038792,0.001711914946723441,0.011317978994225736,-0.015495089539764823,0.009522486800038792
2019-05-07,2019,20,price_weak,20,29,-0.05508901240626609,0.05508901240626609,-0.05608901240626609,-0.05708901240626609,0.05011640966654006,-0.038882007919777826,-0.029275943872275532,-0.05608901240626609,0.05011640966654006
2019-05-07,2019,20,residual_rally,20,29,0.018989933470156754,-0.018989933470156754,0.017989933470156753,0.016989933470156753,-0.023962536209882784,0.03519693795664502,0.044803002004147316,0.017989933470156753,-0.023962536209882784
2019-06-05,2019,5,SPY,1,7,0.017685057714709185,-0.017685057714709185,0.016685057714709184,0.015685057714709183,-0.01964396182429823,0.0,0.0023843555436725387,0.016685057714709184,-0.01964396182429823
2019-06-05,2019,5,accrual_weak,20,7,0.022183774316048684,-0.022183774316048684,0.021183774316048683,0.020183774316048682,-0.024142678425637727,0.004498716601339499,0.006883072145012038,0.021183774316048683,-0.024142678425637727
2019-06-05,2019,5,cashburn_rebound,5,7,-0.01741168919342245,0.01741168919342245,-0.01841168919342245,-0.019411689193422448,0.015452785083833407,-0.03509674690813164,-0.032712391364459095,-0.0046029222983556125,0.003863196270958352
2019-06-05,2019,5,cashburn_weak,11,7,0.005419587348046793,-0.005419587348046793,0.004419587348046793,0.0034195873480467927,-0.007378491457635834,-0.012265470366662392,-0.009881114822989853,0.0024307730414257363,-0.004058170301699709
2019-06-05,2019,5,equal_weight_U,550,7,0.015300702171036646,-0.015300702171036646,0.014300702171036645,0.013300702171036646,-0.01725960628062569,-0.0023843555436725387,0.0,0.014300702171036645,-0.01725960628062569
2019-06-05,2019,5,exclusion_long_same_U,20,7,0.0008274697591844571,-0.0008274697591844571,-0.0001725302408155429,-0.001172530240815543,-0.0027863738687734984,-0.01685758795552473,-0.014473232411852189,-0.0001725302408155429,-0.0027863738687734984
2019-06-05,2019,5,price_weak,20,7,-0.0002938581330422093,0.0002938581330422093,-0.0012938581330422094,-0.0022938581330422094,-0.0016650459765468319,-0.017978915847751395,-0.015594560304078854,-0.0012938581330422094,-0.0016650459765468319
2019-06-05,2019,5,residual_rally,20,7,0.018967097651167594,-0.018967097651167594,0.017967097651167593,0.016967097651167592,-0.020926001760756638,0.0012820399364584095,0.0036663954801309483,0.017967097651167593,-0.020926001760756638
2019-06-05,2019,20,SPY,1,28,0.054749549931165875,-0.054749549931165875,0.053749549931165874,0.05274954993116587,-0.05958516636952204,0.0,-0.0017235630120165657,0.053749549931165874,-0.05958516636952204
2019-06-05,2019,20,accrual_weak,20,28,0.053658958752463445,-0.053658958752463445,0.052658958752463444,0.051658958752463444,-0.05849457519081961,-0.0010905911787024297,-0.0028141541907189954,0.052658958752463444,-0.05849457519081961
2019-06-05,2019,20,cashburn_rebound,5,28,0.03780107647683136,-0.03780107647683136,0.03680107647683136,0.03580107647683136,-0.04263669291518753,-0.016948473454334513,-0.01867203646635108,0.00920026911920784,-0.010659173228796882
2019-06-05,2019,20,cashburn_weak,11,28,0.10584651415089025,-0.10584651415089025,0.10484651415089025,0.10384651415089025,-0.11068213058924642,0.05109696421972437,0.04937340120770781,0.05766558278298964,-0.060875171824085535
2019-06-05,2019,20,equal_weight_U,550,28,0.05647311294318244,-0.05647311294318244,0.05547311294318244,0.05447311294318244,-0.061308729381538606,0.0017235630120165657,0.0,0.05547311294318244,-0.061308729381538606
2019-06-05,2019,20,exclusion_long_same_U,20,28,0.02840499753470614,-0.02840499753470614,0.027404997534706137,0.02640499753470614,-0.033240613973062307,-0.026344552396459737,-0.028068115408476303,0.027404997534706137,-0.033240613973062307
2019-06-05,2019,20,price_weak,20,28,0.07892862404867076,-0.07892862404867076,0.07792862404867076,0.07692862404867076,-0.08376424048702694,0.02417907411750489,0.022455511105488324,0.07792862404867076,-0.08376424048702694
2019-06-05,2019,20,residual_rally,20,28,0.02534162363961337,-0.02534162363961337,0.02434162363961337,0.023341623639613368,-0.030177240077969535,-0.029407926291552505,-0.03113148930356907,0.02434162363961337,-0.030177240077969535
2019-07-03,2019,5,SPY,1,7,0.0063206024744486555,-0.0063206024744486555,0.0053206024744486555,0.0043206024744486555,-0.008279506584037697,0.0,0.006054140817234937,0.0053206024744486555,-0.008279506584037697
2019-07-03,2019,5,accrual_weak,8,7,0.0011613942936467415,-0.0011613942936467415,0.0001613942936467415,-0.0008386057063532585,-0.003120298403235783,-0.005159208180801914,0.0008949326364330234,6.45577174586966e-05,-0.0012481193612943133
2019-07-03,2019,5,cashburn_rebound,2,7,0.05722114419239567,-0.05722114419239567,0.05622114419239567,0.05522114419239567,-0.059180048301984714,0.050900541717947015,0.056954682535181954,0.005622114419239568,-0.005918004830198472
2019-07-03,2019,5,cashburn_weak,3,7,0.06752071998365682,-0.06752071998365682,0.06652071998365681,0.06552071998365681,-0.06947962409324586,0.06120011750920816,0.06725425832644309,0.009978107997548521,-0.010421943613986878
2019-07-03,2019,5,equal_weight_U,578,7,0.00026646165721371813,-0.00026646165721371813,-0.0007335383427862819,-0.001733538342786282,-0.0022253657668027593,-0.006054140817234937,0.0,-0.0007335383427862819,-0.0022253657668027593
2019-07-03,2019,5,exclusion_long_same_U,20,7,-0.002698659255340419,0.002698659255340419,-0.003698659255340419,-0.004698659255340419,0.0007397551457513777,-0.009019261729789074,-0.002965120912554137,-0.003698659255340419,0.0007397551457513777
2019-07-03,2019,5,price_weak,20,7,-0.0002352934403044628,0.0002352934403044628,-0.0012352934403044627,-0.0022352934403044628,-0.0017236106692845783,-0.006555895914753119,-0.0005017550975181809,-0.0012352934403044627,-0.0017236106692845783
2019-07-03,2019,5,residual_rally,20,7,0.011601030356905571,-0.011601030356905571,0.010601030356905572,0.009601030356905571,-0.013559934466494611,0.0052804278824569156,0.011334568699691853,0.010601030356905572,-0.013559934466494611
2019-07-03,2019,20,SPY,1,28,-0.008203335126412026,0.008203335126412026,-0.009203335126412027,-0.010203335126412026,0.003367718688055861,0.0,-0.0038391290560613692,-0.009203335126412027,0.003367718688055861
2019-07-03,2019,20,accrual_weak,8,28,-0.04063016949578675,0.04063016949578675,-0.041630169495786754,-0.042630169495786754,0.03579455305743059,-0.03242683436937473,-0.036265963425436094,-0.016652067798314702,0.014317821222972236
2019-07-03,2019,20,cashburn_rebound,2,28,0.03108248332681307,-0.03108248332681307,0.03008248332681307,0.02908248332681307,-0.035918099765169235,0.039285818453225096,0.03544668939716373,0.0030082483326813072,-0.003591809976516924
2019-07-03,2019,20,cashburn_weak,3,28,0.015489166551327635,-0.015489166551327635,0.014489166551327634,0.013489166551327635,-0.0203247829896838,0.02369250167773966,0.019853372621678293,0.002173374982699145,-0.00304871744845257
2019-07-03,2019,20,equal_weight_U,578,28,-0.0043642060703506565,0.0043642060703506565,-0.0053642060703506566,-0.006364206070350657,-0.00047141036800550824,0.0038391290560613692,0.0,-0.0053642060703506566,-0.00047141036800550824
2019-07-03,2019,20,exclusion_long_same_U,20,28,0.0022648888729037754,-0.0022648888729037754,0.0012648888729037753,0.0002648888729037753,-0.00710050531125994,0.0104682239993158,0.0066290949432544315,0.0012648888729037753,-0.00710050531125994
2019-07-03,2019,20,price_weak,20,28,0.0007239330323364855,-0.0007239330323364855,-0.00027606696766351447,-0.0012760669676635146,-0.00555954947069265,0.008927268158748511,0.005088139102687142,-0.00027606696766351447,-0.00555954947069265
2019-07-03,2019,20,residual_rally,20,28,0.050525824192313065,-0.050525824192313065,0.049525824192313064,0.04852582419231306,-0.05536144063066923,0.05872915931872509,0.054890030262663723,0.049525824192313064,-0.05536144063066923
2019-08-01,2019,5,SPY,1,7,-0.0008848051727072814,0.0008848051727072814,-0.0018848051727072814,-0.0028848051727072815,-0.0010740989368817598,0.0,0.0033897773955154043,-0.0018848051727072814,-0.0010740989368817598
2019-08-01,2019,5,accrual_weak,20,7,0.033767119551849585,-0.033767119551849585,0.032767119551849584,0.03176711955184958,-0.03572602366143863,0.034651924724556867,0.03804170212007227,0.032767119551849584,-0.03572602366143863
2019-08-01,2019,5,cashburn_rebound,1,7,0.0859504132231405,-0.0859504132231405,0.0849504132231405,0.0839504132231405,-0.08790931733272954,0.08683521839584778,0.09022499579136319,0.004247520661157025,-0.004395465866636477
2019-08-01,2019,5,cashburn_weak,8,7,0.020478128620861,-0.020478128620861,0.019478128620861,0.018478128620860998,-0.022437032730450043,0.02136293379356828,0.024752711189083686,0.0077912514483444,-0.008974813092180017
2019-08-01,2019,5,equal_weight_U,549,7,-0.004274582568222686,0.004274582568222686,-0.005274582568222686,-0.006274582568222686,0.002315678458633645,-0.0033897773955154043,0.0,-0.005274582568222686,0.002315678458633645
2019-08-01,2019,5,exclusion_long_same_U,20,7,0.015049478774692437,-0.015049478774692437,0.014049478774692436,0.013049478774692437,-0.01700838288428148,0.015934283947399718,0.019324061342915123,0.014049478774692436,-0.01700838288428148
2019-08-01,2019,5,price_weak,20,7,-0.00984810263857069,0.00984810263857069,-0.010848102638570691,-0.01184810263857069,0.007889198528981648,-0.008963297465863409,-0.0055735200703480045,-0.010848102638570691,0.007889198528981648
2019-08-01,2019,5,residual_rally,20,7,0.010251273607981195,-0.010251273607981195,0.009251273607981194,0.008251273607981195,-0.012210177717570237,0.011136078780688476,0.014525856176203882,0.009251273607981194,-0.012210177717570237
2019-08-01,2019,20,SPY,1,28,-0.004321932958992858,0.004321932958992858,-0.005321932958992858,-0.006321932958992858,-0.0005136834793633069,0.0,0.017647022002264763,-0.005321932958992858,-0.0005136834793633069
2019-08-01,2019,20,accrual_weak,20,28,0.02513938617901561,-0.02513938617901561,0.02413938617901561,0.023139386179015613,-0.029975002617371776,0.02946131913800847,0.047108341140273235,0.02413938617901561,-0.029975002617371776
2019-08-01,2019,20,cashburn_rebound,1,28,0.20550964187327825,-0.20550964187327825,0.20450964187327825,0.20350964187327825,-0.21034525831163442,0.2098315748322711,0.22747859683453586,0.010225482093663913,-0.010517262915581721
2019-08-01,2019,20,cashburn_weak,8,28,0.08403488869911334,-0.08403488869911334,0.08303488869911334,0.08203488869911334,-0.08887050513746951,0.0883568216581062,0.10600384366037097,0.033213955479645334,-0.03554820205498781
2019-08-01,2019,20,equal_weight_U,549,28,-0.02196895496125762,0.02196895496125762,-0.022968954961257622,-0.023968954961257623,0.017133338522901456,-0.017647022002264763,0.0,-0.022968954961257622,0.017133338522901456
2019-08-01,2019,20,exclusion_long_same_U,20,28,0.024727010125155973,-0.024727010125155973,0.023727010125155972,0.022727010125155975,-0.029562626563512138,0.02904894308414883,0.04669596508641359,0.023727010125155972,-0.029562626563512138
2019-08-01,2019,20,price_weak,20,28,-0.02188841927001855,0.02188841927001855,-0.02288841927001855,-0.02388841927001855,0.017052802831662384,-0.01756648631102569,8.053569123907256e-05,-0.02288841927001855,0.017052802831662384
2019-08-01,2019,20,residual_rally,20,28,-0.013044847193609863,0.013044847193609863,-0.014044847193609863,-0.015044847193609863,0.008209230755253698,-0.008722914234617005,0.008924107767647758,-0.014044847193609863,0.008209230755253698
2019-08-29,2019,5,SPY,1,8,0.013017469920467706,-0.013017469920467706,0.012017469920467705,0.011017469920467706,-0.015113360331426611,0.0,0.0017930066889395024,0.012017469920467705,-0.015113360331426611
2019-08-29,2019,5,accrual_weak,20,8,0.012914532465659757,-0.012914532465659757,0.011914532465659756,0.010914532465659757,-0.015010422876618662,-0.00010293745480794911,0.0016900692341315533,0.011914532465659756,-0.015010422876618662
2019-08-29,2019,5,cashburn_rebound,1,8,-0.053203997648442095,0.053203997648442095,-0.054203997648442095,-0.055203997648442096,0.05110810723748319,-0.0662214675689098,-0.0644284608799703,-0.002710199882422105,0.0025554053618741597
2019-08-29,2019,5,cashburn_weak,11,8,0.0008472833379182229,-0.0008472833379182229,-0.0001527166620817771,-0.0011527166620817772,-0.0029431737488771273,-0.012170186582549482,-0.01037717989360998,-8.399416414497742e-05,-0.0016187455618824201
2019-08-29,2019,5,equal_weight_U,555,8,0.011224463231528203,-0.011224463231528203,0.010224463231528202,0.009224463231528203,-0.013320353642487109,-0.0017930066889395024,0.0,0.010224463231528202,-0.013320353642487109
2019-08-29,2019,5,exclusion_long_same_U,20,8,0.007240477549617308,-0.007240477549617308,0.006240477549617308,0.005240477549617308,-0.009336367960576212,-0.005776992370850398,-0.003983985681910896,0.006240477549617308,-0.009336367960576212
2019-08-29,2019,5,price_weak,20,8,0.025236591063844783,-0.025236591063844783,0.024236591063844782,0.023236591063844785,-0.027332481474803688,0.012219121143377077,0.01401212783231658,0.024236591063844782,-0.027332481474803688
2019-08-29,2019,5,residual_rally,20,8,-0.018015188843756635,0.018015188843756635,-0.019015188843756636,-0.020015188843756637,0.01591929843279773,-0.03103265876422434,-0.02923965207528484,-0.019015188843756636,0.01591929843279773
2019-08-29,2019,20,SPY,1,29,0.0040445924818162116,-0.0040445924818162116,0.0030445924818162115,0.0020445924818162115,-0.00901719522154224,0.0,-0.003711608029347095,0.0030445924818162115,-0.00901719522154224
2019-08-29,2019,20,accrual_weak,20,29,0.004768899312087297,-0.004768899312087297,0.003768899312087297,0.002768899312087297,-0.009741502051813325,0.0007243068302710855,-0.0029873011990760095,0.003768899312087297,-0.009741502051813325
2019-08-29,2019,20,cashburn_rebound,1,29,-0.09200470311581423,0.09200470311581423,-0.09300470311581423,-0.09400470311581423,0.0870321003760882,-0.09604929559763044,-0.09976090362697754,-0.004650235155790712,0.00435160501880441
2019-08-29,2019,20,cashburn_weak,11,29,-0.03851797795756696,0.03851797795756696,-0.03951797795756696,-0.04051797795756696,0.03354537521784093,-0.04256257043938317,-0.04627417846873026,-0.021734887876661828,0.01844995636981251
2019-08-29,2019,20,equal_weight_U,555,29,0.0077562005111633065,-0.0077562005111633065,0.0067562005111633065,0.0057562005111633065,-0.012728803250889334,0.003711608029347095,0.0,0.0067562005111633065,-0.012728803250889334
2019-08-29,2019,20,exclusion_long_same_U,20,29,-0.00770577498947263,0.00770577498947263,-0.00870577498947263,-0.00970577498947263,0.0027331722497466017,-0.011750367471288842,-0.015461975500635937,-0.00870577498947263,0.0027331722497466017
2019-08-29,2019,20,price_weak,20,29,0.029628859956337163,-0.029628859956337163,0.028628859956337162,0.02762885995633716,-0.03460146269606319,0.02558426747452095,0.021872659445173855,0.028628859956337162,-0.03460146269606319
2019-08-29,2019,20,residual_rally,20,29,-0.05029349160946298,0.05029349160946298,-0.051293491609462984,-0.052293491609462985,0.04532088886973695,-0.054338084091279194,-0.05804969212062629,-0.051293491609462984,0.04532088886973695
2019-09-27,2019,5,SPY,1,5,-0.0056424637632193075,0.0056424637632193075,-0.0066424637632193076,-0.007642463763219308,0.003957532256369993,0.0,0.0007194702383716278,-0.0066424637632193076,0.003957532256369993
2019-09-27,2019,5,accrual_weak,20,5,0.004720320343309209,-0.004720320343309209,0.0037203203433092092,0.002720320343309209,-0.006405251850158524,0.010362784106528517,0.011082254344900145,0.0037203203433092092,-0.006405251850158524
2019-09-27,2019,5,cashburn_rebound,1,5,0.04472049689440994,-0.04472049689440994,0.04372049689440994,0.04272049689440994,-0.046405428401259254,0.05036296065762925,0.051082430896000876,0.002186024844720497,-0.0023202714200629628
2019-09-27,2019,5,cashburn_weak,20,5,0.012049397648125069,-0.012049397648125069,0.01104939764812507,0.010049397648125069,-0.013734329154974384,0.01769186141134438,0.018411331649716006,0.01104939764812507,-0.013734329154974384
2019-09-27,2019,5,equal_weight_U,584,5,-0.006361934001590935,0.006361934001590935,-0.007361934001590935,-0.008361934001590935,0.0046770024947416205,-0.0007194702383716278,0.0,-0.007361934001590935,0.0046770024947416205
2019-09-27,2019,5,exclusion_long_same_U,20,5,0.003611820503241575,-0.003611820503241575,0.002611820503241575,0.001611820503241575,-0.00529675201009089,0.009254284266460883,0.00997375450483251,0.002611820503241575,-0.00529675201009089
2019-09-27,2019,5,price_weak,20,5,0.012767044805282454,-0.012767044805282454,0.011767044805282453,0.010767044805282453,-0.01445197631213177,0.01840950856850176,0.01912897880687339,0.011767044805282453,-0.01445197631213177
2019-09-27,2019,5,residual_rally,20,5,-0.007346575219951389,0.007346575219951389,-0.008346575219951389,-0.00934657521995139,0.005661643713102074,-0.0017041114567320813,-0.0009846412183604535,-0.008346575219951389,0.005661643713102074
2019-09-27,2019,20,SPY,1,26,0.018988410987599957,-0.018988410987599957,0.017988410987599956,0.016988410987599956,-0.0235500548232164,0.0,-0.0071342488864070755,0.017988410987599956,-0.0235500548232164
2019-09-27,2019,20,accrual_weak,20,26,0.020708726442420756,-0.020708726442420756,0.019708726442420756,0.018708726442420755,-0.025270370278037198,0.0017203154548207991,-0.005413933431586276,0.019708726442420756,-0.025270370278037198
2019-09-27,2019,20,cashburn_rebound,1,26,-0.17546583850931677,0.17546583850931677,-0.17646583850931677,-0.17746583850931677,0.17090419467370033,-0.19445424949691673,-0.2015884983833238,-0.008823291925465838,0.008545209733685017
2019-09-27,2019,20,cashburn_weak,20,26,0.001512168672197898,-0.001512168672197898,0.000512168672197898,-0.00048783132780210207,-0.006073812507814337,-0.017476242315402058,-0.024610491201809134,0.000512168672197898,-0.006073812507814337
2019-09-27,2019,20,equal_weight_U,584,26,0.026122659874007033,-0.026122659874007033,0.025122659874007032,0.02412265987400703,-0.030684303709623474,0.0071342488864070755,0.0,0.025122659874007032,-0.030684303709623474
2019-09-27,2019,20,exclusion_long_same_U,20,26,0.036287845857596854,-0.036287845857596854,0.03528784585759685,0.03428784585759685,-0.040849489693213295,0.017299434869996896,0.010165185983589821,0.03528784585759685,-0.040849489693213295
2019-09-27,2019,20,price_weak,20,26,0.03427262584732244,-0.03427262584732244,0.03327262584732244,0.03227262584732244,-0.038834269682938884,0.015284214859722485,0.00814996597331541,0.03327262584732244,-0.038834269682938884
2019-09-27,2019,20,residual_rally,20,26,0.02274406968329508,-0.02274406968329508,0.021744069683295078,0.020744069683295077,-0.02730571351891152,0.0037556586956951216,-0.003378590190711954,0.021744069683295078,-0.02730571351891152
2019-10-25,2019,5,SPY,1,5,0.010662177328844002,-0.010662177328844002,0.009662177328844002,0.008662177328844002,-0.012347108835693319,0.0,0.0008034385433487567,0.009662177328844002,-0.012347108835693319
2019-10-25,2019,5,accrual_weak,12,5,0.010523334776027937,-0.010523334776027937,0.009523334776027938,0.008523334776027937,-0.012208266282877252,-0.00013884255281606563,0.0006645959905326911,0.005714000865616763,-0.007324959769726351
2019-10-25,2019,5,cashburn_rebound,3,5,0.01722300892336247,-0.01722300892336247,0.01622300892336247,0.015223008923362471,-0.018907940430211788,0.006560831594518469,0.0073642701378672255,0.0024334513385043705,-0.002836191064531768
2019-10-25,2019,5,cashburn_weak,10,5,0.03537501280602736,-0.03537501280602736,0.03437501280602736,0.03337501280602736,-0.03705994431287667,0.024712835477183358,0.025516274020532116,0.01718750640301368,-0.018529972156438337
2019-10-25,2019,5,equal_weight_U,538,5,0.009858738785495246,-0.009858738785495246,0.008858738785495247,0.007858738785495246,-0.01154367029234456,-0.0008034385433487567,0.0,0.008858738785495247,-0.01154367029234456
2019-10-25,2019,5,exclusion_long_same_U,20,5,0.004920524954210942,-0.004920524954210942,0.003920524954210942,0.002920524954210942,-0.006605456461060257,-0.0057416523746330606,-0.004938213831284304,0.003920524954210942,-0.006605456461060257
2019-10-25,2019,5,price_weak,20,5,0.005943278860294476,-0.005943278860294476,0.004943278860294476,0.003943278860294476,-0.007628210367143791,-0.0047188984685495265,-0.00391545992520077,0.004943278860294476,-0.007628210367143791
2019-10-25,2019,5,residual_rally,20,5,-0.003823096338597646,0.003823096338597646,-0.004823096338597645,-0.005823096338597646,0.0021381648317483305,-0.014485273667441649,-0.013681835124092892,-0.004823096338597645,0.0021381648317483305
2019-10-25,2019,20,SPY,1,26,0.026671948240575727,-0.026671948240575727,0.025671948240575726,0.024671948240575725,-0.031233592076192168,0.0,0.005540447188738369,0.025671948240575726,-0.031233592076192168
2019-10-25,2019,20,accrual_weak,12,26,-2.4241616470788775e-05,2.4241616470788775e-05,-0.0010242416164707889,-0.002024241616470789,-0.00453740221914565,-0.026696189857046516,-0.021155742668308147,-0.0006145449698824733,-0.00272244133148739
2019-10-25,2019,20,cashburn_rebound,3,26,0.011307877357124949,-0.011307877357124949,0.010307877357124948,0.009307877357124949,-0.01586952119274139,-0.015364070883450778,-0.00982362369471241,0.001546181603568742,-0.0023804281789112083
2019-10-25,2019,20,cashburn_weak,10,26,0.05162691379149566,-0.05162691379149566,0.050626913791495656,0.049626913791495655,-0.0561885576271121,0.02495496555091993,0.0304954127396583,0.025313456895747828,-0.02809427881355605
2019-10-25,2019,20,equal_weight_U,538,26,0.021131501051837358,-0.021131501051837358,0.020131501051837357,0.019131501051837356,-0.0256931448874538,-0.005540447188738369,0.0,0.020131501051837357,-0.0256931448874538
2019-10-25,2019,20,exclusion_long_same_U,20,26,-0.005241201949833041,0.005241201949833041,-0.006241201949833041,-0.007241201949833041,0.0006795581142166026,-0.031913150190408766,-0.026372703001670397,-0.006241201949833041,0.0006795581142166026
2019-10-25,2019,20,price_weak,20,26,0.022156847338526266,-0.022156847338526266,0.021156847338526266,0.020156847338526268,-0.026718491174142704,-0.0045151009020494605,0.0010253462866889086,0.021156847338526266,-0.026718491174142704
2019-10-25,2019,20,residual_rally,20,26,0.005541751785618254,-0.005541751785618254,0.004541751785618254,0.0035417517856182537,-0.010103395621234693,-0.02113019645495747,-0.015589749266219104,0.004541751785618254,-0.010103395621234693
2019-11-22,2019,5,SPY,1,8,-0.0010257067760753857,0.0010257067760753857,-0.0020257067760753858,-0.0030257067760753858,-0.0010701836348835185,0.0,-0.000853991974859537,-0.0020257067760753858,-0.0010701836348835185
2019-11-22,2019,5,accrual_weak,16,8,-0.007483428976809452,0.007483428976809452,-0.008483428976809452,-0.009483428976809451,0.005387538565850548,-0.0064577222007340665,-0.007311714175593603,-0.006786743181447562,0.004310030852680439
2019-11-22,2019,5,cashburn_weak,4,8,-0.0034713474020839955,0.0034713474020839955,-0.004471347402083995,-0.005471347402083996,0.0013754569911250912,-0.0024456406260086098,-0.0032996326008681467,-0.0008942694804167991,0.00027509139822501827
2019-11-22,2019,5,equal_weight_U,571,8,-0.00017171480121584877,0.00017171480121584877,-0.0011717148012158488,-0.002171714801215849,-0.0019241756097430555,0.000853991974859537,0.0,-0.0011717148012158488,-0.0019241756097430555
2019-11-22,2019,5,exclusion_long_same_U,20,8,-0.0038609706616235585,0.0038609706616235585,-0.004860970661623559,-0.005860970661623558,0.0017650802506646542,-0.0028352638855481727,-0.0036892558604077097,-0.004860970661623559,0.0017650802506646542
2019-11-22,2019,5,price_weak,20,8,0.006248844624662509,-0.006248844624662509,0.005248844624662509,0.004248844624662509,-0.008344735035621413,0.007274551400737895,0.006420559425878358,0.005248844624662509,-0.008344735035621413
2019-11-22,2019,5,residual_rally,20,8,-0.006526598197043885,0.006526598197043885,-0.007526598197043885,-0.008526598197043884,0.004430707786084981,-0.0055008914209685,-0.0063548833958280366,-0.007526598197043885,0.004430707786084981
2019-11-22,2019,20,SPY,1,29,0.029777549842938456,-0.029777549842938456,0.028777549842938455,0.027777549842938454,-0.034750152582664486,0.0,-0.008978455179530803,0.028777549842938455,-0.034750152582664486
2019-11-22,2019,20,accrual_weak,16,29,0.04441707868301657,-0.04441707868301657,0.04341707868301657,0.04241707868301657,-0.0493896814227426,0.014639528840078117,0.005661073660547314,0.03473366294641326,-0.03951174513819408
2019-11-22,2019,20,cashburn_weak,4,29,0.03986787089045381,-0.03986787089045381,0.03886787089045381,0.037867870890453806,-0.04484047363017984,0.010090321047515352,0.001111865867984549,0.007773574178090762,-0.008968094726035969
2019-11-22,2019,20,equal_weight_U,571,29,0.03875600502246926,-0.03875600502246926,0.03775600502246926,0.03675600502246926,-0.04372860776219529,0.008978455179530803,0.0,0.03775600502246926,-0.04372860776219529
2019-11-22,2019,20,exclusion_long_same_U,20,29,0.013600341013054318,-0.013600341013054318,0.012600341013054319,0.011600341013054318,-0.018572943752780346,-0.01617720882988414,-0.025155664009414942,0.012600341013054319,-0.018572943752780346
2019-11-22,2019,20,price_weak,20,29,0.05246754799596568,-0.05246754799596568,0.05146754799596568,0.05046754799596568,-0.05744015073569171,0.022689998153027226,0.013711542973496423,0.05146754799596568,-0.05744015073569171
2019-11-22,2019,20,residual_rally,20,29,0.002001453024359332,-0.002001453024359332,0.001001453024359332,1.453024359332044e-06,-0.006974055764085361,-0.027776096818579125,-0.036754551998109924,0.001001453024359332,-0.006974055764085361
2019-12-23,2019,5,SPY,1,8,0.0011820698665505613,-0.0011820698665505613,0.00018206986655056132,-0.0008179301334494387,-0.003277960277509466,0.0,0.005063619197709595,0.00018206986655056132,-0.003277960277509466
2019-12-23,2019,5,accrual_weak,6,8,-0.012480438830419579,0.012480438830419579,-0.013480438830419578,-0.014480438830419579,0.010384548419460675,-0.01366250869697014,-0.008598889499260545,-0.004044131649125873,0.003115364525838202
2019-12-23,2019,5,cashburn_rebound,3,8,-0.01275938917887673,0.01275938917887673,-0.01375938917887673,-0.01475938917887673,0.010663498767917827,-0.013941459045427292,-0.008877839847717697,-0.0020639083768315093,0.001599524815187674
2019-12-23,2019,5,cashburn_weak,7,8,-0.017319324031117383,0.017319324031117383,-0.018319324031117384,-0.019319324031117385,0.015223433620158478,-0.018501393897667945,-0.01343777469995835,-0.006411763410891084,0.005328201767055467
2019-12-23,2019,5,equal_weight_U,581,8,-0.0038815493311590336,0.0038815493311590336,-0.004881549331159033,-0.005881549331159034,0.0017856589202001293,-0.005063619197709595,0.0,-0.004881549331159033,0.0017856589202001293
2019-12-23,2019,5,exclusion_long_same_U,20,8,-0.0012134300468766568,0.0012134300468766568,-0.002213430046876657,-0.003213430046876657,-0.0008824603640822475,-0.002395499913427218,0.0026681192842823768,-0.002213430046876657,-0.0008824603640822475
2019-12-23,2019,5,price_weak,20,8,-0.003932313701292168,0.003932313701292168,-0.004932313701292168,-0.005932313701292168,0.001836423290333264,-0.0051143835678427296,-5.076437013313466e-05,-0.004932313701292168,0.001836423290333264
2019-12-23,2019,5,residual_rally,20,8,-0.003728454422142457,0.003728454422142457,-0.004728454422142456,-0.005728454422142457,0.0016325640111835525,-0.004910524288693019,0.00015309490901657674,-0.004728454422142456,0.0016325640111835525
2019-12-23,2019,20,SPY,1,31,0.032133636109123564,-0.032133636109123564,0.031133636109123564,0.030133636109123563,-0.03738021145158932,0.0,0.0113302387898709,0.031133636109123564,-0.03738021145158932
2019-12-23,2019,20,accrual_weak,6,31,0.0011219931626109184,-0.0011219931626109184,0.00012199316261091836,-0.0008780068373890817,-0.006368568505076672,-0.031011642946512645,-0.019681404156641744,3.6597948783275505e-05,-0.0019105705515230016
2019-12-23,2019,20,cashburn_rebound,3,31,0.05557680095765677,-0.05557680095765677,0.05457680095765677,0.05357680095765677,-0.06082337630012252,0.023443164848533204,0.0347734036384041,0.008186520143648514,-0.009123506445018378
2019-12-23,2019,20,cashburn_weak,7,31,0.09639085499685154,-0.09639085499685154,0.09539085499685154,0.09439085499685154,-0.1016374303393173,0.06425721888772798,0.07558745767759888,0.033386799248898036,-0.03557310061876105
2019-12-23,2019,20,equal_weight_U,581,31,0.020803397319252664,-0.020803397319252664,0.019803397319252663,0.018803397319252665,-0.026049972661718417,-0.0113302387898709,0.0,0.019803397319252663,-0.026049972661718417
2019-12-23,2019,20,exclusion_long_same_U,20,31,-0.0012846699902373804,0.0012846699902373804,-0.0022846699902373804,-0.0032846699902373804,-0.003961905352228373,-0.033418306099360945,-0.022088067309490044,-0.0022846699902373804,-0.003961905352228373
2019-12-23,2019,20,price_weak,20,31,0.03177106174707696,-0.03177106174707696,0.030771061747076958,0.029771061747076957,-0.03701763708954271,-0.0003625743620466054,0.010967664427824295,0.030771061747076958,-0.03701763708954271
2019-12-23,2019,20,residual_rally,20,31,0.017017712602098237,-0.017017712602098237,0.016017712602098236,0.015017712602098237,-0.02226428794456399,-0.015115923507025328,-0.003785684717154427,0.016017712602098236,-0.02226428794456399
2020-01-23,2020,5,SPY,1,7,-0.014498856936590032,0.014498856936590032,-0.015498856936590033,-0.016498856936590034,0.01253995282700099,0.0,0.007658797574653393,-0.015498856936590033,0.01253995282700099
2020-01-23,2020,5,accrual_weak,18,7,-0.031720050039512115,0.031720050039512115,-0.032720050039512116,-0.03372005003951212,0.029761145929923072,-0.017221193102922083,-0.00956239552826869,-0.029448045035560904,0.026785031336930765
2020-01-23,2020,5,cashburn_rebound,2,7,-0.0197710646355108,0.0197710646355108,-0.020771064635510803,-0.021771064635510803,0.017812160525921758,-0.0052722076989207695,0.0023865898757326233,-0.0020771064635510803,0.0017812160525921758
2020-01-23,2020,5,cashburn_weak,6,7,-0.05026532055510555,0.05026532055510555,-0.05126532055510555,-0.05226532055510555,0.048306416445516503,-0.035766463618515515,-0.028107666043862122,-0.015379596166531664,0.01449192493365495
2020-01-23,2020,5,equal_weight_U,550,7,-0.022157654511243425,0.022157654511243425,-0.023157654511243426,-0.024157654511243423,0.02019875040165438,-0.007658797574653393,0.0,-0.023157654511243426,0.02019875040165438
2020-01-23,2020,5,exclusion_long_same_U,20,7,0.0011295562580376395,-0.0011295562580376395,0.0001295562580376395,-0.0008704437419623605,-0.0030884603676266803,0.015628413194627672,0.023287210769281065,0.0001295562580376395,-0.0030884603676266803
2020-01-23,2020,5,price_weak,20,7,-0.02858585988288336,0.02858585988288336,-0.02958585988288336,-0.030585859882883357,0.026626955773294315,-0.014087002946293326,-0.0064282053716399334,-0.02958585988288336,0.026626955773294315
2020-01-23,2020,5,residual_rally,20,7,-0.011844884504223047,0.011844884504223047,-0.012844884504223046,-0.013844884504223047,0.009885980394634007,0.002653972432366985,0.010312770007020378,-0.012844884504223046,0.009885980394634007
2020-01-23,2020,20,SPY,1,29,0.0030381422211527287,-0.0030381422211527287,0.0020381422211527287,0.0010381422211527287,-0.008010744960878757,0.0,0.0038911562623499315,0.0020381422211527287,-0.008010744960878757
2020-01-23,2020,20,accrual_weak,18,29,0.004265108963953051,-0.004265108963953051,0.003265108963953051,0.002265108963953051,-0.00923771170367908,0.0012269667428003225,0.005118123005150254,0.002938598067557746,-0.008313940533311172
2020-01-23,2020,20,cashburn_rebound,2,29,-0.06179619588604872,0.06179619588604872,-0.06279619588604872,-0.06379619588604872,0.05682359314632269,-0.06483433810720145,-0.060943181844851514,-0.0062796195886048725,0.0056823593146322696
2020-01-23,2020,20,cashburn_weak,6,29,0.0018840461774305005,-0.0018840461774305005,0.0008840461774305005,-0.00011595382256949951,-0.006856648917156529,-0.0011540960437222282,0.0027370602186277035,0.00026521385322915013,-0.0020569946751469587
2020-01-23,2020,20,equal_weight_U,550,29,-0.000853014041197203,0.000853014041197203,-0.001853014041197203,-0.002853014041197203,-0.0041195886985288255,-0.0038911562623499315,0.0,-0.001853014041197203,-0.0041195886985288255
2020-01-23,2020,20,exclusion_long_same_U,20,29,-0.008957171556003679,0.008957171556003679,-0.009957171556003678,-0.010957171556003679,0.003984568816277651,-0.011995313777156407,-0.008104157514806476,-0.009957171556003678,0.003984568816277651
2020-01-23,2020,20,price_weak,20,29,-0.00791546208991459,0.00791546208991459,-0.008915462089914589,-0.00991546208991459,0.0029428593501885612,-0.010953604311067318,-0.007062448048717387,-0.008915462089914589,0.0029428593501885612
2020-01-23,2020,20,residual_rally,20,29,0.043832670791229995,-0.043832670791229995,0.042832670791229994,0.041832670791229994,-0.048805273530956025,0.04079452857007727,0.0446856848324272,0.042832670791229994,-0.048805273530956025
2020-02-21,2020,5,SPY,1,5,-0.08324565203936363,0.08324565203936363,-0.08424565203936363,-0.08524565203936363,0.08156072053251431,0.0,0.0026895014185431693,-0.08424565203936363,0.08156072053251431
2020-02-21,2020,5,accrual_weak,19,5,-0.07708309988759417,0.07708309988759417,-0.07808309988759417,-0.07908309988759417,0.07539816838074485,0.00616255215176946,0.008852053570312629,-0.07417894489321446,0.0716282599617076
2020-02-21,2020,5,cashburn_weak,7,5,-0.10451342713577473,0.10451342713577473,-0.10551342713577473,-0.10651342713577473,0.10282849562892542,-0.021267775096411104,-0.018578273677867935,-0.03692969949752115,0.03598997347012389
2020-02-21,2020,5,equal_weight_U,596,5,-0.0859351534579068,0.0859351534579068,-0.0869351534579068,-0.0879351534579068,0.08425022195105748,-0.0026895014185431693,0.0,-0.0869351534579068,0.08425022195105748
2020-02-21,2020,5,exclusion_long_same_U,20,5,-0.09987712191163962,0.09987712191163962,-0.10087712191163963,-0.10187712191163963,0.09819219040479031,-0.016631469872275997,-0.013941968453732828,-0.10087712191163963,0.09819219040479031
2020-02-21,2020,5,price_weak,20,5,-0.0864950759365432,0.0864950759365432,-0.0874950759365432,-0.0884950759365432,0.08481014442969388,-0.003249423897179568,-0.0005599224786363988,-0.0874950759365432,0.08481014442969388
2020-02-21,2020,5,residual_rally,20,5,-0.10787372595505114,0.10787372595505114,-0.10887372595505114,-0.10987372595505114,0.10618879444820183,-0.024628073915687512,-0.021938572497144343,-0.10887372595505114,0.10618879444820183
2020-02-21,2020,20,SPY,1,26,-0.2900909822368013,0.2900909822368013,-0.2910909822368013,-0.2920909822368013,0.2855293384011849,0.0,0.06059671316833776,-0.2910909822368013,0.2855293384011849
2020-02-21,2020,20,accrual_weak,19,26,-0.3058851032009299,0.3058851032009299,-0.3068851032009299,-0.3078851032009299,0.30132345936531346,-0.015794120964128577,0.04480259220420918,-0.29154084804088337,0.2862572863970478
2020-02-21,2020,20,cashburn_weak,7,26,-0.42600608873607976,0.42600608873607976,-0.42700608873607976,-0.42800608873607976,0.42144444490046334,-0.13591510649927846,-0.0753183933309407,-0.14945213105762792,0.14750555571516216
2020-02-21,2020,20,equal_weight_U,596,26,-0.35068769540513905,0.35068769540513905,-0.35168769540513906,-0.35268769540513906,0.34612605156952264,-0.06059671316833776,0.0,-0.35168769540513906,0.34612605156952264
2020-02-21,2020,20,exclusion_long_same_U,20,26,-0.3791917004390574,0.3791917004390574,-0.3801917004390574,-0.3811917004390574,0.374630056603441,-0.08910071820225612,-0.028504005033918367,-0.3801917004390574,0.374630056603441
2020-02-21,2020,20,price_weak,20,26,-0.3189087486926198,0.3189087486926198,-0.3199087486926198,-0.3209087486926198,0.3143471048570034,-0.028817766455818516,0.03177894671251924,-0.3199087486926198,0.3143471048570034
2020-02-21,2020,20,residual_rally,20,26,-0.3869750478379059,0.3869750478379059,-0.38797504783790593,-0.38897504783790593,0.3824134040022895,-0.09688406560110463,-0.03628735243276687,-0.38797504783790593,0.3824134040022895
2020-03-20,2020,5,SPY,1,5,0.11310749813751708,-0.11310749813751708,0.11210749813751708,0.11110749813751708,-0.1147924296443664,0.0,-0.021460854273033625,0.11210749813751708,-0.1147924296443664
2020-03-20,2020,5,accrual_weak,20,5,0.17616996019156866,-0.17616996019156866,0.17516996019156866,0.17416996019156866,-0.17785489169841798,0.06306246205405158,0.04160160778101796,0.17516996019156866,-0.17785489169841798
2020-03-20,2020,5,cashburn_rebound,5,5,0.10400159478745893,-0.10400159478745893,0.10300159478745893,0.10200159478745893,-0.10568652629430825,-0.009105903350058148,-0.030566757623091773,0.025750398696864733,-0.026421631573577062
2020-03-20,2020,5,cashburn_weak,20,5,0.20360103307422883,-0.20360103307422883,0.20260103307422883,0.20160103307422883,-0.20528596458107815,0.09049353493671175,0.06903268066367813,0.20260103307422883,-0.20528596458107815
2020-03-20,2020,5,equal_weight_U,666,5,0.1345683524105507,-0.1345683524105507,0.1335683524105507,0.1325683524105507,-0.13625328391740002,0.021460854273033625,0.0,0.1335683524105507,-0.13625328391740002
2020-03-20,2020,5,price_weak,20,5,0.2928555895266055,-0.2928555895266055,0.2918555895266055,0.2908555895266055,-0.29454052103345485,0.17974809138908843,0.1582872371160548,0.2918555895266055,-0.29454052103345485
2020-03-20,2020,5,residual_rally,20,5,0.01752614584394677,-0.01752614584394677,0.01652614584394677,0.01552614584394677,-0.019211077350796087,-0.09558135229357032,-0.11704220656660394,0.01652614584394677,-0.019211077350796087
2020-03-20,2020,20,SPY,1,29,0.23476050659538106,-0.23476050659538106,0.23376050659538106,0.23276050659538106,-0.23973310933510708,0.0,-0.015056549519577245,0.23376050659538106,-0.23973310933510708
2020-03-20,2020,20,accrual_weak,20,29,0.33304455237854835,-0.33304455237854835,0.33204455237854835,0.33104455237854835,-0.3380171551182744,0.0982840457831673,0.08322749626359005,0.33204455237854835,-0.3380171551182744
2020-03-20,2020,20,cashburn_rebound,5,29,0.46481974168195206,-0.46481974168195206,0.46381974168195206,0.46281974168195206,-0.4697923444216781,0.230059235086571,0.21500268556699376,0.11595493542048801,-0.11744808610541953
2020-03-20,2020,20,cashburn_weak,20,29,0.5668991405268853,-0.5668991405268853,0.5658991405268853,0.5648991405268853,-0.5718717432666113,0.3321386339315042,0.317082084411927,0.5658991405268853,-0.5718717432666113
2020-03-20,2020,20,equal_weight_U,666,29,0.2498170561149583,-0.2498170561149583,0.2488170561149583,0.2478170561149583,-0.25478965885468435,0.015056549519577245,0.0,0.2488170561149583,-0.25478965885468435
2020-03-20,2020,20,price_weak,20,29,0.38646185441211506,-0.38646185441211506,0.38546185441211506,0.38446185441211506,-0.3914344571518411,0.151701347816734,0.13664479829715676,0.38546185441211506,-0.3914344571518411
2020-03-20,2020,20,residual_rally,20,29,0.2229421601998157,-0.2229421601998157,0.2219421601998157,0.2209421601998157,-0.22791476293954172,-0.011818346395565366,-0.02687489591514261,0.2219421601998157,-0.22791476293954172
2020-04-20,2020,5,SPY,1,7,0.037473349474216766,-0.037473349474216766,0.036473349474216765,0.035473349474216764,-0.03943225358380581,0.0,-0.03627556368605038,0.036473349474216765,-0.03943225358380581
2020-04-20,2020,5,accrual_weak,2,7,0.09503922208395996,-0.09503922208395996,0.09403922208395996,0.09303922208395995,-0.096998126193549,0.05756587260974319,0.02129030892369281,0.009403922208395997,-0.009699812619354901
2020-04-20,2020,5,cashburn_rebound,1,7,0.0328125,-0.0328125,0.0318125,0.0308125,-0.034771404109589045,-0.004660849474216765,-0.040936413160267145,0.001590625,-0.0017385702054794523
2020-04-20,2020,5,cashburn_weak,1,7,0.0328125,-0.0328125,0.0318125,0.0308125,-0.034771404109589045,-0.004660849474216765,-0.040936413160267145,0.001590625,-0.0017385702054794523
2020-04-20,2020,5,equal_weight_U,618,7,0.07374891316026715,-0.07374891316026715,0.07274891316026715,0.07174891316026714,-0.07570781726985619,0.03627556368605038,0.0,0.07274891316026715,-0.07570781726985619
2020-04-20,2020,5,price_weak,16,7,0.09643235329763122,-0.09643235329763122,0.09543235329763122,0.09443235329763122,-0.09839125740722027,0.05895900382341446,0.022683440137364078,0.07634588263810499,-0.07871300592577622
2020-04-20,2020,5,residual_rally,20,7,0.08194981610727779,-0.08194981610727779,0.08094981610727779,0.07994981610727779,-0.08390872021686684,0.044476466633061026,0.008200902947010646,0.08094981610727779,-0.08390872021686684
2020-04-20,2020,20,SPY,1,28,0.06580421349329657,-0.06580421349329657,0.06480421349329657,0.06380421349329657,-0.07063982993165274,0.0,-0.06743841767053943,0.06480421349329657,-0.07063982993165274
2020-04-20,2020,20,accrual_weak,2,28,0.34762491236134013,-0.34762491236134013,0.34662491236134013,0.34562491236134013,-0.3524605287996963,0.28182069886804356,0.21438228119750413,0.03466249123613401,-0.03524605287996963
2020-04-20,2020,20,cashburn_rebound,1,28,0.253125,-0.253125,0.252125,0.251125,-0.25796061643835616,0.18732078650670342,0.11988236883616399,0.01260625,-0.01289803082191781
2020-04-20,2020,20,cashburn_weak,1,28,0.253125,-0.253125,0.252125,0.251125,-0.25796061643835616,0.18732078650670342,0.11988236883616399,0.01260625,-0.01289803082191781
2020-04-20,2020,20,equal_weight_U,618,28,0.133242631163836,-0.133242631163836,0.132242631163836,0.131242631163836,-0.13807824760219217,0.06743841767053943,0.0,0.132242631163836,-0.13807824760219217
2020-04-20,2020,20,price_weak,16,28,0.14715131204604806,-0.14715131204604806,0.14615131204604806,0.14515131204604806,-0.15198692848440423,0.08134709855275149,0.01390868088221206,0.11692104963683846,-0.12158954278752339
2020-04-20,2020,20,residual_rally,20,28,0.18039752960562822,-0.18039752960562822,0.17939752960562821,0.1783975296056282,-0.1852331460439844,0.11459331611233164,0.047154898441792215,0.17939752960562821,-0.1852331460439844
2020-05-18,2020,5,SPY,1,8,0.016476983183285165,-0.016476983183285165,0.015476983183285165,0.014476983183285165,-0.01857287359424407,0.0,-0.023747396343835492,0.015476983183285165,-0.01857287359424407
2020-05-18,2020,5,accrual_weak,5,8,0.02443167043841462,-0.02443167043841462,0.02343167043841462,0.022431670438414618,-0.026527560849373525,0.007954687255129454,-0.015792709088706038,0.005857917609603655,-0.006631890212343381
2020-05-18,2020,5,cashburn_rebound,1,8,-0.01616019673282979,0.01616019673282979,-0.017160196732829792,-0.018160196732829793,0.014064306321870886,-0.03263717991611496,-0.05638457625995045,-0.0008580098366414897,0.0007032153160935443
2020-05-18,2020,5,cashburn_weak,6,8,0.02603759222400502,-0.02603759222400502,0.02503759222400502,0.02403759222400502,-0.028133482634963927,0.009560609040719856,-0.014186787303115636,0.007511277667201506,-0.008440044790489178
2020-05-18,2020,5,equal_weight_U,630,8,0.04022437952712066,-0.04022437952712066,0.039224379527120656,0.038224379527120655,-0.04232026993807956,0.023747396343835492,0.0,0.039224379527120656,-0.04232026993807956
2020-05-18,2020,5,exclusion_long_same_U,20,8,0.0011520960135114832,-0.0011520960135114832,0.00015209601351148317,-0.0008479039864885169,-0.0032479864244703872,-0.015324887169773682,-0.039072283513609175,0.00015209601351148317,-0.0032479864244703872
2020-05-18,2020,5,price_weak,20,8,0.02942627185450424,-0.02942627185450424,0.028426271854504238,0.02742627185450424,-0.031522162265463144,0.012949288671219073,-0.010798107672616419,0.028426271854504238,-0.031522162265463144
2020-05-18,2020,5,residual_rally,20,8,0.06604770579943206,-0.06604770579943206,0.06504770579943206,0.06404770579943206,-0.06814359621039097,0.049570722616146895,0.025823326272311403,0.06504770579943206,-0.06814359621039097
2020-05-18,2020,20,SPY,1,29,0.06251061661287571,-0.06251061661287571,0.06151061661287571,0.06051061661287571,-0.06748321935260174,0.0,-0.030490741555822362,0.06151061661287571,-0.06748321935260174
2020-05-18,2020,20,accrual_weak,5,29,0.04731638207791222,-0.04731638207791222,0.04631638207791222,0.04531638207791222,-0.05228898481763825,-0.015194234534963491,-0.04568497609078585,0.011579095519478055,-0.013072246204409563
2020-05-18,2020,20,cashburn_rebound,1,29,0.06305989812049886,-0.06305989812049886,0.06205989812049886,0.06105989812049886,-0.06803250086022489,0.0005492815076231505,-0.02994146004819921,0.0031029949060249434,-0.0034016250430112444
2020-05-18,2020,20,cashburn_weak,6,29,0.02997587086861231,-0.02997587086861231,0.028975870868612308,0.027975870868612307,-0.03494847360833834,-0.032534745744263405,-0.06302548730008577,0.008692761260583692,-0.010484542082501502
2020-05-18,2020,20,equal_weight_U,630,29,0.09300135816869808,-0.09300135816869808,0.09200135816869807,0.09100135816869807,-0.0979739609084241,0.030490741555822362,0.0,0.09200135816869807,-0.0979739609084241
2020-05-18,2020,20,exclusion_long_same_U,20,29,0.018278061086020377,-0.018278061086020377,0.017278061086020376,0.016278061086020375,-0.023250663825746407,-0.04423255552685534,-0.07472329708267769,0.017278061086020376,-0.023250663825746407
2020-05-18,2020,20,price_weak,20,29,0.10569928911082468,-0.10569928911082468,0.10469928911082468,0.10369928911082468,-0.11067189185055071,0.04318867249794897,0.012697930942126609,0.10469928911082468,-0.11067189185055071
2020-05-18,2020,20,residual_rally,20,29,0.12655841264839274,-0.12655841264839274,0.12555841264839274,0.12455841264839274,-0.13153101538811876,0.06404779603551702,0.03355705447969466,0.12555841264839274,-0.13153101538811876
2020-06-16,2020,5,SPY,1,7,-0.0065908873817938085,0.0065908873817938085,-0.0075908873817938085,-0.008590887381793809,0.0046319832722047675,0.0,-0.0011738677262817286,-0.0075908873817938085,0.0046319832722047675
2020-06-16,2020,5,accrual_weak,8,7,-0.013540613275159,0.013540613275159,-0.014540613275159,-0.015540613275159,0.011581709165569958,-0.006949725893365191,-0.008123593619646919,-0.005816245310063601,0.004632683666227984
2020-06-16,2020,5,cashburn_rebound,2,7,0.03445601263104218,-0.03445601263104218,0.03345601263104218,0.032456012631042176,-0.03641491674063122,0.041046900012835986,0.039873032286554255,0.003345601263104218,-0.0036414916740631223
2020-06-16,2020,5,cashburn_weak,8,7,0.04005174420661068,-0.04005174420661068,0.03905174420661068,0.03805174420661068,-0.042010648316199724,0.04664263158840449,0.04546876386212276,0.015620697682644272,-0.01680425932647989
2020-06-16,2020,5,equal_weight_U,649,7,-0.00541701965551208,0.00541701965551208,-0.00641701965551208,-0.00741701965551208,0.003458115545923039,0.0011738677262817286,0.0,-0.00641701965551208,0.003458115545923039
2020-06-16,2020,5,exclusion_long_same_U,20,7,-0.011843998654770049,0.011843998654770049,-0.01284399865477005,-0.013843998654770049,0.009885094545181007,-0.00525311127297624,-0.006426978999257969,-0.01284399865477005,0.009885094545181007
2020-06-16,2020,5,price_weak,20,7,-0.012224416442222623,0.012224416442222623,-0.013224416442222622,-0.014224416442222623,0.010265512332633583,-0.005633529060428815,-0.006807396786710543,-0.013224416442222622,0.010265512332633583
2020-06-16,2020,5,residual_rally,20,7,0.11119412960499138,-0.11119412960499138,0.11019412960499138,0.10919412960499138,-0.11315303371458042,0.11778501698678519,0.11661114926050346,0.11019412960499138,-0.11315303371458042
2020-06-16,2020,20,SPY,1,29,0.025185468207724382,-0.025185468207724382,0.02418546820772438,0.02318546820772438,-0.030158070947450412,0.0,-0.004752327487561062,0.02418546820772438,-0.030158070947450412
2020-06-16,2020,20,accrual_weak,8,29,0.13078173133797957,-0.13078173133797957,0.12978173133797957,0.12878173133797957,-0.1357543340777056,0.10559626313025519,0.10084393564269413,0.05191269253519183,-0.05430173363108224
2020-06-16,2020,20,cashburn_rebound,2,29,0.035141763612269686,-0.035141763612269686,0.034141763612269685,0.033141763612269684,-0.040114366351995716,0.009956295404545304,0.005203967916984242,0.0034141763612269686,-0.004011436635199572
2020-06-16,2020,20,cashburn_weak,8,29,0.07780823222878996,-0.07780823222878996,0.07680823222878996,0.07580823222878996,-0.08278083496851599,0.05262276402106558,0.04787043653350452,0.030723292891515985,-0.033112333987406393
2020-06-16,2020,20,equal_weight_U,649,29,0.029937795695285443,-0.029937795695285443,0.028937795695285443,0.02793779569528544,-0.034910398435011473,0.004752327487561062,0.0,0.028937795695285443,-0.034910398435011473
2020-06-16,2020,20,exclusion_long_same_U,20,29,0.030540389063074408,-0.030540389063074408,0.029540389063074407,0.028540389063074406,-0.03551299180280044,0.005354920855350026,0.0006025933677889644,0.029540389063074407,-0.03551299180280044
2020-06-16,2020,20,price_weak,20,29,0.03103777371972008,-0.03103777371972008,0.03003777371972008,0.029037773719720078,-0.03601037645944611,0.005852305511995698,0.0010999780244346363,0.03003777371972008,-0.03601037645944611
2020-06-16,2020,20,residual_rally,20,29,0.20514297275581295,-0.20514297275581295,0.20414297275581295,0.20314297275581294,-0.21011557549553897,0.17995750454808856,0.17520517706052752,0.20414297275581295,-0.21011557549553897
2020-07-15,2020,5,SPY,1,7,0.0219831764595515,-0.0219831764595515,0.0209831764595515,0.0199831764595515,-0.023942080569140545,0.0,-0.0029811772477922986,0.0209831764595515,-0.023942080569140545
2020-07-15,2020,5,accrual_weak,6,7,0.06985875925729197,-0.06985875925729197,0.06885875925729197,0.06785875925729197,-0.07181766336688102,0.04787558279774047,0.04489440554994817,0.02065762777718759,-0.021545299010064304
2020-07-15,2020,5,cashburn_rebound,1,7,0.024385838150289017,-0.024385838150289017,0.023385838150289016,0.022385838150289016,-0.02634474225987806,0.002402661690737516,-0.0005785155570547824,0.0011692919075144508,-0.001317237112993903
2020-07-15,2020,5,cashburn_weak,8,7,0.06583725386616829,-0.06583725386616829,0.06483725386616829,0.06383725386616829,-0.06779615797575733,0.04385407740661679,0.040872900158824485,0.025934901546467316,-0.027118463190302936
2020-07-15,2020,5,equal_weight_U,659,7,0.0249643537073438,-0.0249643537073438,0.0239643537073438,0.0229643537073438,-0.026923257816932843,0.0029811772477922986,0.0,0.0239643537073438,-0.026923257816932843
2020-07-15,2020,5,exclusion_long_same_U,20,7,0.01833825891700235,-0.01833825891700235,0.017338258917002348,0.01633825891700235,-0.020297163026591392,-0.0036449175425491524,-0.006626094790341451,0.017338258917002348,-0.020297163026591392
2020-07-15,2020,5,price_weak,20,7,0.04246845802107289,-0.04246845802107289,0.041468458021072886,0.040468458021072885,-0.04442736213066193,0.020485281561521386,0.017504104313729087,0.041468458021072886,-0.04442736213066193
2020-07-15,2020,5,residual_rally,20,7,0.019273283060319037,-0.019273283060319037,0.018273283060319036,0.017273283060319035,-0.02123218716990808,-0.0027098933992324645,-0.005691070647024763,0.018273283060319036,-0.02123218716990808
2020-07-15,2020,20,SPY,1,28,0.054785953281841104,-0.054785953281841104,0.0537859532818411,0.0527859532818411,-0.05962156972019727,0.0,-0.015032338534599371,0.0537859532818411,-0.05962156972019727
2020-07-15,2020,20,accrual_weak,6,28,0.1396237797325249,-0.1396237797325249,0.1386237797325249,0.1376237797325249,-0.14445939617088108,0.0848378264506838,0.06980548791608443,0.04158713391975747,-0.04333781885126432
2020-07-15,2020,20,cashburn_rebound,1,28,-0.014992774566473988,0.014992774566473988,-0.015992774566473987,-0.016992774566473988,0.010157158128117825,-0.0697787278483151,-0.08481106638291447,-0.0007996387283236994,0.0005078579064058912
2020-07-15,2020,20,cashburn_weak,8,28,0.09448246715492552,-0.09448246715492552,0.09348246715492552,0.09248246715492552,-0.09931808359328169,0.03969651387308441,0.024664175338485042,0.03739298686197021,-0.03972723343731268
2020-07-15,2020,20,equal_weight_U,659,28,0.06981829181644048,-0.06981829181644048,0.06881829181644047,0.06781829181644047,-0.07465390825479665,0.015032338534599371,0.0,0.06881829181644047,-0.07465390825479665
2020-07-15,2020,20,exclusion_long_same_U,20,28,0.08033124947649539,-0.08033124947649539,0.07933124947649539,0.07833124947649539,-0.08516686591485156,0.025545296194654288,0.010512957660054917,0.07933124947649539,-0.08516686591485156
2020-07-15,2020,20,price_weak,20,28,0.07061490284569188,-0.07061490284569188,0.06961490284569188,0.06861490284569188,-0.07545051928404806,0.01582894956385078,0.0007966110292514095,0.06961490284569188,-0.07545051928404806
2020-07-15,2020,20,residual_rally,20,28,0.060070408489584115,-0.060070408489584115,0.059070408489584114,0.05807040848958411,-0.06490602492794029,0.005284455207743011,-0.00974788332685636,0.059070408489584114,-0.06490602492794029
2020-08-12,2020,5,SPY,1,7,0.0015448144737233438,-0.0015448144737233438,0.0005448144737233438,-0.00045518552627665625,-0.003503718583312385,0.0,-0.0016407293308345807,0.0005448144737233438,-0.003503718583312385
2020-08-12,2020,5,accrual_weak,9,7,-0.009911971843051585,0.009911971843051585,-0.010911971843051586,-0.011911971843051586,0.007953067733462544,-0.01145678631677493,-0.01309751564760951,-0.004910387329373214,0.0035788804800581447
2020-08-12,2020,5,cashburn_rebound,3,7,-0.026329985810047377,0.026329985810047377,-0.027329985810047377,-0.02832998581004738,0.024371081700458333,-0.02787480028377072,-0.029515529614605303,-0.004099497871507107,0.0036556622550687496
2020-08-12,2020,5,cashburn_weak,16,7,0.01920847647741213,-0.01920847647741213,0.01820847647741213,0.01720847647741213,-0.021167380587001173,0.017663662003688786,0.016022932672854207,0.014566781181929703,-0.016933904469600938
2020-08-12,2020,5,equal_weight_U,631,7,0.0031855438045579245,-0.0031855438045579245,0.0021855438045579245,0.0011855438045579245,-0.0051444479141469655,0.0016407293308345807,0.0,0.0021855438045579245,-0.0051444479141469655
2020-08-12,2020,5,exclusion_long_same_U,20,7,-0.007128648738310017,0.007128648738310017,-0.008128648738310016,-0.009128648738310017,0.005169744628720976,-0.00867346321203336,-0.010314192542867941,-0.008128648738310016,0.005169744628720976
2020-08-12,2020,5,price_weak,20,7,0.007753015213556043,-0.007753015213556043,0.006753015213556043,0.005753015213556043,-0.009711919323145085,0.006208200739832699,0.004567471408998118,0.006753015213556043,-0.009711919323145085
2020-08-12,2020,5,residual_rally,20,7,0.022564210279196202,-0.022564210279196202,0.0215642102791962,0.0205642102791962,-0.024523114388785246,0.02101939580547286,0.019378666474638276,0.0215642102791962,-0.024523114388785246
2020-08-12,2020,20,SPY,1,29,-0.0073675767208342124,0.0073675767208342124,-0.008367576720834213,-0.009367576720834212,0.002394973981108184,0.0,0.01406732107978581,-0.008367576720834213,0.002394973981108184
2020-08-12,2020,20,accrual_weak,9,29,-0.04419232964357454,0.04419232964357454,-0.045192329643574544,-0.046192329643574545,0.03921972690384851,-0.03682475292274033,-0.02275743184295452,-0.020336548339608546,0.017648877106731832
2020-08-12,2020,20,cashburn_rebound,3,29,-0.03420905017734408,0.03420905017734408,-0.03520905017734408,-0.03620905017734408,0.02923644743761805,-0.02684147345650987,-0.012774152376724059,-0.0052813575266016126,0.004385467115642708
2020-08-12,2020,20,cashburn_weak,16,29,0.016522215123397143,-0.016522215123397143,0.015522215123397142,0.014522215123397143,-0.021494817863123173,0.023889791844231355,0.03795711292401717,0.012417772098717715,-0.01719585429049854
2020-08-12,2020,20,equal_weight_U,631,29,-0.021434897800620023,0.021434897800620023,-0.022434897800620024,-0.023434897800620025,0.016462295060893993,-0.01406732107978581,0.0,-0.022434897800620024,0.016462295060893993
2020-08-12,2020,20,exclusion_long_same_U,20,29,-0.00706511849013548,0.00706511849013548,-0.00806511849013548,-0.009065118490135481,0.002092515750409452,0.00030245823069873206,0.014369779310484544,-0.00806511849013548,0.002092515750409452
2020-08-12,2020,20,price_weak,20,29,-0.011042681116607621,0.011042681116607621,-0.012042681116607622,-0.013042681116607622,0.006070078376881592,-0.003675104395773409,0.010392216684012402,-0.012042681116607622,0.006070078376881592
2020-08-12,2020,20,residual_rally,20,29,0.06214385616189759,-0.06214385616189759,0.06114385616189759,0.06014385616189759,-0.06711645890162361,0.0695114328827318,0.08357875396251761,0.06114385616189759,-0.06711645890162361
2020-09-10,2020,5,SPY,1,7,0.00014888928592693418,-0.00014888928592693418,-0.0008511107140730658,-0.0018511107140730659,-0.002107793395515975,0.0,-0.013918167639368475,-0.0008511107140730658,-0.002107793395515975
2020-09-10,2020,5,accrual_weak,20,7,0.0004844340691920756,-0.0004844340691920756,-0.0005155659308079244,-0.0015155659308079244,-0.002443338178781117,0.0003355447832651414,-0.013582622856103333,-0.0005155659308079244,-0.002443338178781117
2020-09-10,2020,5,cashburn_rebound,1,7,-0.016036655211912942,0.016036655211912942,-0.017036655211912943,-0.018036655211912944,0.0140777511023239,-0.016185544497839877,-0.030103712137208354,-0.0008518327605956472,0.000703887555116195
2020-09-10,2020,5,cashburn_weak,19,7,0.04375923047015782,-0.04375923047015782,0.04275923047015782,0.04175923047015782,-0.04571813457974686,0.043610341184230884,0.029692173544862407,0.04062126894664993,-0.043432227850759515
2020-09-10,2020,5,equal_weight_U,616,7,0.01406705692529541,-0.01406705692529541,0.01306705692529541,0.01206705692529541,-0.01602596103488445,0.013918167639368475,0.0,0.01306705692529541,-0.01602596103488445
2020-09-10,2020,5,exclusion_long_same_U,20,7,0.03860414807309266,-0.03860414807309266,0.03760414807309266,0.03660414807309266,-0.040563052182681705,0.03845525878716573,0.02453709114779725,0.03760414807309266,-0.040563052182681705
2020-09-10,2020,5,price_weak,20,7,0.028776571199390054,-0.028776571199390054,0.027776571199390053,0.026776571199390052,-0.030735475308979097,0.02862768191346312,0.014709514274094644,0.027776571199390053,-0.030735475308979097
2020-09-10,2020,5,residual_rally,20,7,0.02709845631805589,-0.02709845631805589,0.02609845631805589,0.025098456318055892,-0.029057360427644934,0.026949567032128956,0.013031399392760481,0.02609845631805589,-0.029057360427644934
2020-09-10,2020,20,SPY,1,28,0.023316062176165664,-0.023316062176165664,0.022316062176165663,0.021316062176165662,-0.02815167861452183,0.0,-0.03993988251553052,0.022316062176165663,-0.02815167861452183
2020-09-10,2020,20,accrual_weak,20,28,0.0986622485637433,-0.0986622485637433,0.0976622485637433,0.0966622485637433,-0.10349786500209947,0.07534618638757763,0.035406303872047115,0.0976622485637433,-0.10349786500209947
2020-09-10,2020,20,cashburn_rebound,1,28,0.2651775486827033,-0.2651775486827033,0.2641775486827033,0.2631775486827033,-0.2700131651210595,0.24186148650653766,0.20192160399100714,0.013208877434135166,-0.013500658256052976
2020-09-10,2020,20,cashburn_weak,19,28,0.11283637539596052,-0.11283637539596052,0.11183637539596052,0.11083637539596052,-0.11767199183431669,0.08952031321979485,0.049580430704264336,0.10624455662616249,-0.11178839224260084
2020-09-10,2020,20,equal_weight_U,616,28,0.06325594469169618,-0.06325594469169618,0.06225594469169618,0.06125594469169618,-0.06809156113005235,0.03993988251553052,0.0,0.06225594469169618,-0.06809156113005235
2020-09-10,2020,20,exclusion_long_same_U,20,28,0.07226495441638367,-0.07226495441638367,0.07126495441638367,0.07026495441638367,-0.07710057085473984,0.048948892240218006,0.009009009724687489,0.07126495441638367,-0.07710057085473984
2020-09-10,2020,20,price_weak,20,28,0.03972649428410105,-0.03972649428410105,0.03872649428410105,0.03772649428410105,-0.044562110722457214,0.016410432107935385,-0.02352945040759513,0.03872649428410105,-0.044562110722457214
2020-09-10,2020,20,residual_rally,20,28,0.061993580896193314,-0.061993580896193314,0.06099358089619331,0.05999358089619331,-0.06682919733454948,0.03867751872002765,-0.0012623637955028674,0.06099358089619331,-0.06682919733454948
2020-10-08,2020,5,SPY,1,7,0.005729829841416789,-0.005729829841416789,0.004729829841416789,0.003729829841416789,-0.00768873395100583,0.0,0.0029186828165063843,0.004729829841416789,-0.00768873395100583
2020-10-08,2020,5,accrual_weak,5,7,-0.009862700922704911,0.009862700922704911,-0.010862700922704912,-0.011862700922704911,0.00790379681311587,-0.0155925307641217,-0.012673847947615316,-0.002715675230676228,0.0019759492032789673
2020-10-08,2020,5,cashburn_rebound,2,7,-0.02370310014356109,0.02370310014356109,-0.024703100143561092,-0.025703100143561093,0.021744196033972048,-0.02943292998497788,-0.026514247168471495,-0.0024703100143561095,0.002174419603397205
2020-10-08,2020,5,cashburn_weak,4,7,-0.023874691325074165,0.023874691325074165,-0.024874691325074166,-0.025874691325074167,0.021915787215485122,-0.029604521166490955,-0.02668583834998457,-0.004974938265014834,0.004383157443097025
2020-10-08,2020,5,equal_weight_U,653,7,0.002811147024910405,-0.002811147024910405,0.0018111470249104048,0.0008111470249104048,-0.004770051134499446,-0.0029186828165063843,0.0,0.0018111470249104048,-0.004770051134499446
2020-10-08,2020,5,exclusion_long_same_U,20,7,0.00184872919347695,-0.00184872919347695,0.0008487291934769501,-0.00015127080652304996,-0.003807633303065991,-0.003881100647939839,-0.0009624178314334548,0.0008487291934769501,-0.003807633303065991
2020-10-08,2020,5,price_weak,20,7,-0.006052050549808482,0.006052050549808482,-0.007052050549808482,-0.008052050549808482,0.004093146440219441,-0.011781880391225272,-0.008863197574718887,-0.007052050549808482,0.004093146440219441
2020-10-08,2020,5,residual_rally,20,7,-0.0071626622905965,0.0071626622905965,-0.0081626622905965,-0.0091626622905965,0.005203758181007459,-0.01289249213201329,-0.009973809315506905,-0.0081626622905965,0.005203758181007459
2020-10-08,2020,20,SPY,1,28,0.013398541497858574,-0.013398541497858574,0.012398541497858573,0.011398541497858574,-0.01823415793621474,0.0,-0.0012498585792145248,0.012398541497858573,-0.01823415793621474
2020-10-08,2020,20,accrual_weak,5,28,0.02297636185189798,-0.02297636185189798,0.02197636185189798,0.02097636185189798,-0.027811978290254145,0.009577820354039406,0.008327961774824881,0.005494090462974495,-0.006952994572563536
2020-10-08,2020,20,cashburn_rebound,2,28,-0.0010737981608660227,0.0010737981608660227,-0.0020737981608660227,-0.0030737981608660227,-0.003761818277490142,-0.014472339658724596,-0.01572219823793912,-0.0002073798160866023,-0.00037618182774901425
2020-10-08,2020,20,cashburn_weak,4,28,-0.005292508972745993,0.005292508972745993,-0.006292508972745993,-0.007292508972745993,0.00045689253438982794,-0.018691050470604566,-0.019940909049819093,-0.0012585017945491985,9.137850687796559e-05
2020-10-08,2020,20,equal_weight_U,653,28,0.014648400077073099,-0.014648400077073099,0.0136484000770731,0.012648400077073099,-0.01948401651542926,0.0012498585792145248,0.0,0.0136484000770731,-0.01948401651542926
2020-10-08,2020,20,exclusion_long_same_U,20,28,0.026582619021601094,-0.026582619021601094,0.025582619021601093,0.024582619021601096,-0.03141823545995726,0.01318407752374252,0.011934218944527996,0.025582619021601093,-0.03141823545995726
2020-10-08,2020,20,price_weak,20,28,0.007625315539277457,-0.007625315539277457,0.006625315539277457,0.0056253155392774565,-0.012460931977633621,-0.005773225958581117,-0.007023084537795642,0.006625315539277457,-0.012460931977633621
2020-10-08,2020,20,residual_rally,20,28,-0.032996073799740934,0.032996073799740934,-0.033996073799740935,-0.034996073799740936,0.02816045736138477,-0.04639461529759951,-0.04764447387681403,-0.033996073799740935,0.02816045736138477
2020-11-05,2020,5,SPY,1,7,0.009744806104077908,-0.009744806104077908,0.008744806104077907,0.007744806104077908,-0.01170371021366695,0.0,-0.002532137270421035,0.008744806104077907,-0.01170371021366695
2020-11-05,2020,5,accrual_weak,16,7,-0.011125904295869233,0.011125904295869233,-0.012125904295869232,-0.013125904295869233,0.009167000186280192,-0.02087071039994714,-0.023402847670368175,-0.009700723436695386,0.007333600149024154
2020-11-05,2020,5,cashburn_rebound,11,7,-0.013375680926403311,0.013375680926403311,-0.01437568092640331,-0.015375680926403311,0.01141677681681427,-0.023120487030481217,-0.025652624300902253,-0.007906624509521822,0.006279227249247849
2020-11-05,2020,5,cashburn_weak,15,7,-0.018599058598659266,0.018599058598659266,-0.019599058598659267,-0.020599058598659264,0.016640154489070223,-0.028343864702737174,-0.030876001973158207,-0.014699293948994451,0.012480115866802668
2020-11-05,2020,5,equal_weight_U,632,7,0.012276943374498943,-0.012276943374498943,0.011276943374498943,0.010276943374498942,-0.014235847484087983,0.002532137270421035,0.0,0.011276943374498943,-0.014235847484087983
2020-11-05,2020,5,exclusion_long_same_U,20,7,-0.016846345294081987,0.016846345294081987,-0.017846345294081987,-0.01884634529408199,0.014887441184492945,-0.026591151398159894,-0.02912328866858093,-0.017846345294081987,0.014887441184492945
2020-11-05,2020,5,price_weak,20,7,0.03400845309433245,-0.03400845309433245,0.03300845309433245,0.03200845309433245,-0.035967357203921496,0.024263646990254545,0.02173150971983351,0.03300845309433245,-0.035967357203921496
2020-11-05,2020,5,residual_rally,20,7,0.0435879902038364,-0.0435879902038364,0.0425879902038364,0.0415879902038364,-0.04554689431342544,0.03384318409975849,0.031311046829337455,0.0425879902038364,-0.04554689431342544
2020-11-05,2020,20,SPY,1,29,0.05672563084045379,-0.05672563084045379,0.05572563084045379,0.05472563084045379,-0.06169823358017982,0.0,-0.05391780586447302,0.05572563084045379,-0.06169823358017982
2020-11-05,2020,20,accrual_weak,16,29,0.04357218194521259,-0.04357218194521259,0.04257218194521259,0.04157218194521259,-0.04854478468493862,-0.013153448895241199,-0.06707125475971422,0.034057745556170076,-0.0388358277479509
2020-11-05,2020,20,cashburn_rebound,11,29,0.10653673493430325,-0.10653673493430325,0.10553673493430325,0.10453673493430325,-0.11150933767402928,0.049811104093849465,-0.004106701770623555,0.058045204213866795,-0.061330135720716106
2020-11-05,2020,20,cashburn_weak,15,29,0.08747644035559006,-0.08747644035559006,0.08647644035559006,0.08547644035559006,-0.09244904309531608,0.03075080951513627,-0.02316699634933675,0.06485733026669255,-0.06933678232148706
2020-11-05,2020,20,equal_weight_U,632,29,0.11064343670492681,-0.11064343670492681,0.10964343670492681,0.10864343670492681,-0.11561603944465283,0.05391780586447302,0.0,0.10964343670492681,-0.11561603944465283
2020-11-05,2020,20,exclusion_long_same_U,20,29,-0.021595028950074962,0.021595028950074962,-0.022595028950074963,-0.02359502895007496,0.016622426210348932,-0.07832065979052875,-0.13223846565500177,-0.022595028950074963,0.016622426210348932
2020-11-05,2020,20,price_weak,20,29,0.08461021979118769,-0.08461021979118769,0.08361021979118768,0.08261021979118768,-0.08958282253091371,0.027884588950733896,-0.026033216913739124,0.08361021979118768,-0.08958282253091371
2020-11-05,2020,20,residual_rally,20,29,0.16880257264405127,-0.16880257264405127,0.16780257264405127,0.16680257264405127,-0.1737751753837773,0.11207694180359748,0.05815913593912446,0.16780257264405127,-0.1737751753837773
