date,model,rank,symbol,cik,name,score,raw_mscore,accepted,period,previous_period,adsh,asset_identity,historical_borrow,DSRI,GMI,AQI,SGI,DEPI,SGAI,TATA,LVGI
2017-03-14,price_matched,1,FLS,30625,FLOWSERVE CORP,65.66666666666666,-2.620807672135181,2017-02-16 16:03:00.0,20161231,20151231,0000030625-17-000046,current_SEC_mapping_to_historical_prices,unknown,1.0344353879222972,1.056864828021587,1.0148938987315386,0.8751229437210455,0.9560947754857041,1.135300190773862,-0.017402096078192413,0.9614511251489171
2017-03-14,price_matched,2,XYL,1524472,XYLEM INC.,58.33333333333335,-2.4490226061072495,2017-02-23 11:51:00.0,20161231,20151231,0001524472-17-000008,current_SEC_mapping_to_historical_prices,unknown,1.0902821369888038,0.9920275928591785,1.3063818414538966,1.0323022173555982,1.349298785142533,1.0379020343220822,-0.0366079703429101,1.1921287466320496
2017-03-14,price_matched,3,LFUS,889331,LITTELFUSE INC /DE,57.00000000000001,-2.391868139537674,2017-02-27 16:25:00.0,20161231,20151231,0001437749-17-003344,current_SEC_mapping_to_historical_prices,unknown,1.1392482306306813,0.9735868816218616,1.4827423744118362,1.2169637178175383,1.147032086701998,1.101914864945795,-0.050727806039992114,1.5401035764795108
2017-04-11,price_matched,1,GILD,882095,GILEAD SCIENCES INC,81.0,-2.8622829873782027,2017-02-27 16:23:00.0,20161231,20151231,0000882095-17-000006,current_SEC_mapping_to_historical_prices,unknown,0.8281613930642902,1.0203235723203619,1.238282704983096,0.9310947026563314,1.1354193472107275,1.0652269859408925,-0.05560138301419871,1.0425697706088193
2017-04-11,price_matched,2,ABT,1800,ABBOTT LABORATORIES,69.33333333333334,-2.9099311503029694,2017-02-17 16:17:00.0,20161231,20151231,0001047469-17-000744,current_SEC_mapping_to_historical_prices,unknown,0.9298481215593218,1.0071820178539037,0.7400292314902265,1.0219554030874785,1.0694005946115943,0.9622196940855702,-0.034234610564690696,1.422125672189348
2017-04-11,price_matched,3,CSL,790051,CARLISLE COMPANIES INC,65.0,-2.8489072489329113,2017-02-13 14:47:00.0,20161231,20151231,0001558370-17-000547,current_SEC_mapping_to_historical_prices,unknown,0.9814892019740228,0.9023251434048274,0.9635153045831654,1.037310905396252,1.0499484685266198,1.110336780600929,-0.0708810328307025,0.9203678780861198
2017-04-11,price_matched,4,ST,1477294,SENSATA TECHNOLOGIES HOLDING N.V.,59.66666666666667,-2.6279868497598726,2017-02-02 08:42:00.0,20161231,20151231,0001477294-17-000010,current_SEC_mapping_to_historical_prices,unknown,0.993871586592522,0.9600470984673508,0.9735716905679859,1.0764134386971795,0.946755446721791,1.005102328213427,-0.04151450029610753,0.9311628647031007
2017-04-11,price_matched,5,FAST,815556,FASTENAL CO,57.99999999999999,-2.446634715960126,2017-02-06 11:15:00.0,20161231,20151231,0000815556-17-000009,current_SEC_mapping_to_historical_prices,unknown,1.041911547855379,1.015740020074356,0.9414949456954028,1.0239970309008068,0.9216781110181861,1.0182543160171194,-0.005440850932449668,0.9194766945260311
2017-04-11,price_matched,6,LFUS,889331,LITTELFUSE INC /DE,51.66666666666666,-2.391868139537674,2017-02-27 16:25:00.0,20161231,20151231,0001437749-17-003344,current_SEC_mapping_to_historical_prices,unknown,1.1392482306306813,0.9735868816218616,1.4827423744118362,1.2169637178175383,1.147032086701998,1.101914864945795,-0.050727806039992114,1.5401035764795108
2017-04-11,price_matched,7,SYK,310764,STRYKER CORP,49.0,-2.3073841394704484,2017-02-09 16:56:00.0,20161231,20151231,0000310764-17-000034,current_SEC_mapping_to_historical_prices,unknown,1.0394020874342198,1.0029831537265879,1.2338204910309927,1.1386487029961794,1.0674777987553317,1.0064415622534901,-0.008074382187423538,1.1596918973118975
2017-04-11,price_matched,8,HAS,46080,HASBRO INC,48.00000000000001,-2.639603794894921,2017-02-22 16:33:00.0,20161231,20151231,0001193125-17-052143,current_SEC_mapping_to_historical_prices,unknown,0.9602768853800161,1.004057847653835,0.9150309136972515,1.1286816957537353,1.033720739023101,1.024286701876019,-0.043896471006012926,0.9998979179805192
2017-04-11,price_matched,9,JBTM,1433660,JOHN BEAN TECHNOLOGIES CORP,46.333333333333336,-2.219736849546418,2017-02-28 17:01:00.0,20161231,20151231,0001433660-17-000007,current_SEC_mapping_to_historical_prices,unknown,1.0051236796829062,0.9617412363147135,1.215395578157896,1.2196333423643095,0.9224853854978718,0.9375590361057902,0.0001684352366515075,1.029958826262894
2017-04-11,price_matched,10,SPGI,64040,S&P GLOBAL INC.,45.333333333333336,-1.9815954494563757,2017-02-09 08:46:00.0,20161231,20151231,0000064040-17-000015,current_SEC_mapping_to_historical_prices,unknown,1.0625903400878174,0.9891188283542722,0.9664274922933354,1.0654997176736307,1.0470588235294118,0.8737381404174572,0.0740569846579767,0.914181023022515
2017-05-10,price_matched,1,CSL,790051,CARLISLE COMPANIES INC,64.33333333333334,-2.8489072489329113,2017-02-13 14:47:00.0,20161231,20151231,0001558370-17-000547,current_SEC_mapping_to_historical_prices,unknown,0.9814892019740228,0.9023251434048274,0.9635153045831654,1.037310905396252,1.0499484685266198,1.110336780600929,-0.0708810328307025,0.9203678780861198
2017-05-10,price_matched,2,ST,1477294,SENSATA TECHNOLOGIES HOLDING N.V.,61.33333333333333,-2.6279868497598726,2017-02-02 08:42:00.0,20161231,20151231,0001477294-17-000010,current_SEC_mapping_to_historical_prices,unknown,0.993871586592522,0.9600470984673508,0.9735716905679859,1.0764134386971795,0.946755446721791,1.005102328213427,-0.04151450029610753,0.9311628647031007
2017-06-08,price_matched,1,GILD,882095,GILEAD SCIENCES INC,80.0,-2.8622829873782027,2017-02-27 16:23:00.0,20161231,20151231,0000882095-17-000006,current_SEC_mapping_to_historical_prices,unknown,0.8281613930642902,1.0203235723203619,1.238282704983096,0.9310947026563314,1.1354193472107275,1.0652269859408925,-0.05560138301419871,1.0425697706088193
2017-06-08,price_matched,2,FAST,815556,FASTENAL CO,75.33333333333333,-2.446634715960126,2017-02-06 11:15:00.0,20161231,20151231,0000815556-17-000009,current_SEC_mapping_to_historical_prices,unknown,1.041911547855379,1.015740020074356,0.9414949456954028,1.0239970309008068,0.9216781110181861,1.0182543160171194,-0.005440850932449668,0.9194766945260311
2017-06-08,price_matched,3,RL,1037038,RALPH LAUREN CORP,69.33333333333334,-3.512336367005896,2017-05-18 16:10:00.0,20170331,20160331,0001037038-17-000004,current_SEC_mapping_to_historical_prices,unknown,0.9702138938828194,1.0301863463021985,0.9628758878509202,0.8983957219251337,0.862742956025027,1.0341865483249677,-0.18605803255484785,1.0703737069770407
2017-06-08,price_matched,4,CSL,790051,CARLISLE COMPANIES INC,65.66666666666666,-2.8489072489329113,2017-02-13 14:47:00.0,20161231,20151231,0001558370-17-000547,current_SEC_mapping_to_historical_prices,unknown,0.9814892019740228,0.9023251434048274,0.9635153045831654,1.037310905396252,1.0499484685266198,1.110336780600929,-0.0708810328307025,0.9203678780861198
2017-06-08,price_matched,5,FLS,30625,FLOWSERVE CORP,57.00000000000001,-2.620807672135181,2017-02-16 16:03:00.0,20161231,20151231,0000030625-17-000046,current_SEC_mapping_to_historical_prices,unknown,1.0344353879222972,1.056864828021587,1.0148938987315386,0.8751229437210455,0.9560947754857041,1.135300190773862,-0.017402096078192413,0.9614511251489171
2017-06-08,price_matched,6,FBIN,1519751,"FORTUNE BRANDS HOME & SECURITY, INC.",48.33333333333334,-2.663691374905904,2017-02-28 16:24:00.0,20161231,20151231,0001193125-17-062357,current_SEC_mapping_to_historical_prices,unknown,1.0065717128681264,0.9542143507023011,1.0148756821067564,1.0885487181726863,1.0372837699305613,0.9908242977794467,-0.04627083942673296,1.1220867178679736
2017-06-08,price_matched,7,ILMN,1110803,ILLUMINA INC,48.00000000000001,-2.7016367848960576,2017-02-13 18:02:00.0,20161231,20151231,0001110803-17-000014,current_SEC_mapping_to_historical_prices,unknown,0.9154142377258614,1.0045030626327616,0.8621545788086505,1.0804640317295278,1.562631695860497,1.0284578415394767,-0.05246671027426062,0.9284282132149347
2017-07-07,price_matched,1,ILMN,1110803,ILLUMINA INC,64.99999999999999,-2.7016367848960576,2017-02-13 18:02:00.0,20161231,20151231,0001110803-17-000014,current_SEC_mapping_to_historical_prices,unknown,0.9154142377258614,1.0045030626327616,0.8621545788086505,1.0804640317295278,1.562631695860497,1.0284578415394767,-0.05246671027426062,0.9284282132149347
2017-07-07,price_matched,2,MTD,1037646,METTLER TOLEDO INTERNATIONAL INC/,55.625,-2.5688527681972735,2017-02-02 17:25:00.0,20161231,20151231,0001037646-17-000004,current_SEC_mapping_to_historical_prices,unknown,1.0561584455057451,0.9861214205576556,0.9874668479753559,1.047093506973855,1.095218639649385,0.9983761535336265,-0.02709462025856837,1.1669369415344883
2017-07-07,price_matched,3,FLS,30625,FLOWSERVE CORP,52.1875,-2.620807672135181,2017-02-16 16:03:00.0,20161231,20151231,0000030625-17-000046,current_SEC_mapping_to_historical_prices,unknown,1.0344353879222972,1.056864828021587,1.0148938987315386,0.8751229437210455,0.9560947754857041,1.135300190773862,-0.017402096078192413,0.9614511251489171
2017-08-04,price_matched,1,SHW,89800,SHERWIN WILLIAMS CO,78.8235294117647,-2.536637722743701,2017-02-22 14:13:00.0,20161231,20151231,0000089800-17-000005,current_SEC_mapping_to_historical_prices,unknown,1.0566322626474924,0.9814398907226638,0.8350151426429386,1.0455317187016064,1.0353695212219214,1.0165524549944778,-0.026044939364127856,0.8539947363524694
2017-08-04,price_matched,2,FLS,30625,FLOWSERVE CORP,69.11764705882352,-2.620807672135181,2017-02-16 16:03:00.0,20161231,20151231,0000030625-17-000046,current_SEC_mapping_to_historical_prices,unknown,1.0344353879222972,1.056864828021587,1.0148938987315386,0.8751229437210455,0.9560947754857041,1.135300190773862,-0.017402096078192413,0.9614511251489171
2017-08-04,price_matched,3,FBIN,1519751,"FORTUNE BRANDS HOME & SECURITY, INC.",66.76470588235293,-2.663691374905904,2017-02-28 16:24:00.0,20161231,20151231,0001193125-17-062357,current_SEC_mapping_to_historical_prices,unknown,1.0065717128681264,0.9542143507023011,1.0148756821067564,1.0885487181726863,1.0372837699305613,0.9908242977794467,-0.04627083942673296,1.1220867178679736
2017-08-04,price_matched,4,MTD,1037646,METTLER TOLEDO INTERNATIONAL INC/,63.23529411764706,-2.5688527681972735,2017-02-02 17:25:00.0,20161231,20151231,0001037646-17-000004,current_SEC_mapping_to_historical_prices,unknown,1.0561584455057451,0.9861214205576556,0.9874668479753559,1.047093506973855,1.095218639649385,0.9983761535336265,-0.02709462025856837,1.1669369415344883
2017-08-04,price_matched,5,HAS,46080,HASBRO INC,60.588235294117645,-2.639603794894921,2017-02-22 16:33:00.0,20161231,20151231,0001193125-17-052143,current_SEC_mapping_to_historical_prices,unknown,0.9602768853800161,1.004057847653835,0.9150309136972515,1.1286816957537353,1.033720739023101,1.024286701876019,-0.043896471006012926,0.9998979179805192
2017-09-01,price_matched,1,NKE,320187,NIKE INC,71.11111111111111,-2.231193375249624,2017-07-20 16:18:00.0,20170531,20160531,0000320187-17-000090,current_SEC_mapping_to_historical_prices,unknown,1.0693282708312843,1.0373431415778396,1.0407974506222357,1.0609710896960711,1.0352463243812926,0.9509956490382712,0.025796465884173867,1.1184852745232399
2017-09-01,price_matched,2,SYK,310764,STRYKER CORP,65.83333333333333,-2.3073841394704484,2017-02-09 16:56:00.0,20161231,20151231,0000310764-17-000034,current_SEC_mapping_to_historical_prices,unknown,1.0394020874342198,1.0029831537265879,1.2338204910309927,1.1386487029961794,1.0674777987553317,1.0064415622534901,-0.008074382187423538,1.1596918973118975
2017-09-01,price_matched,3,CSL,790051,CARLISLE COMPANIES INC,57.49999999999999,-2.8489072489329113,2017-02-13 14:47:00.0,20161231,20151231,0001558370-17-000547,current_SEC_mapping_to_historical_prices,unknown,0.9814892019740228,0.9023251434048274,0.9635153045831654,1.037310905396252,1.0499484685266198,1.110336780600929,-0.0708810328307025,0.9203678780861198
2017-09-01,price_matched,4,FBIN,1519751,"FORTUNE BRANDS HOME & SECURITY, INC.",55.27777777777777,-2.663691374905904,2017-02-28 16:24:00.0,20161231,20151231,0001193125-17-062357,current_SEC_mapping_to_historical_prices,unknown,1.0065717128681264,0.9542143507023011,1.0148756821067564,1.0885487181726863,1.0372837699305613,0.9908242977794467,-0.04627083942673296,1.1220867178679736
2017-10-02,price_matched,1,NKE,320187,NIKE INC,92.05882352941177,-2.231193375249624,2017-07-20 16:18:00.0,20170531,20160531,0000320187-17-000090,current_SEC_mapping_to_historical_prices,unknown,1.0693282708312843,1.0373431415778396,1.0407974506222357,1.0609710896960711,1.0352463243812926,0.9509956490382712,0.025796465884173867,1.1184852745232399
2017-10-02,price_matched,2,ILMN,1110803,ILLUMINA INC,49.11764705882353,-2.7016367848960576,2017-02-13 18:02:00.0,20161231,20151231,0001110803-17-000014,current_SEC_mapping_to_historical_prices,unknown,0.9154142377258614,1.0045030626327616,0.8621545788086505,1.0804640317295278,1.562631695860497,1.0284578415394767,-0.05246671027426062,0.9284282132149347
2017-10-02,price_matched,3,RL,1037038,RALPH LAUREN CORP,37.94117647058823,-3.512336367005896,2017-05-18 16:10:00.0,20170331,20160331,0001037038-17-000004,current_SEC_mapping_to_historical_prices,unknown,0.9702138938828194,1.0301863463021985,0.9628758878509202,0.8983957219251337,0.862742956025027,1.0341865483249677,-0.18605803255484785,1.0703737069770407
2017-10-30,price_matched,1,GILD,882095,GILEAD SCIENCES INC,87.94117647058822,-2.8622829873782027,2017-02-27 16:23:00.0,20161231,20151231,0000882095-17-000006,current_SEC_mapping_to_historical_prices,unknown,0.8281613930642902,1.0203235723203619,1.238282704983096,0.9310947026563314,1.1354193472107275,1.0652269859408925,-0.05560138301419871,1.0425697706088193
2017-10-30,price_matched,2,SPGI,64040,S&P GLOBAL INC.,74.70588235294117,-1.9815954494563757,2017-02-09 08:46:00.0,20161231,20151231,0000064040-17-000015,current_SEC_mapping_to_historical_prices,unknown,1.0625903400878174,0.9891188283542722,0.9664274922933354,1.0654997176736307,1.0470588235294118,0.8737381404174572,0.0740569846579767,0.914181023022515
2017-10-30,price_matched,3,HAS,46080,HASBRO INC,74.11764705882354,-2.639603794894921,2017-02-22 16:33:00.0,20161231,20151231,0001193125-17-052143,current_SEC_mapping_to_historical_prices,unknown,0.9602768853800161,1.004057847653835,0.9150309136972515,1.1286816957537353,1.033720739023101,1.024286701876019,-0.043896471006012926,0.9998979179805192
2017-10-30,price_matched,4,FBIN,1519751,"FORTUNE BRANDS HOME & SECURITY, INC.",72.35294117647058,-2.663691374905904,2017-02-28 16:24:00.0,20161231,20151231,0001193125-17-062357,current_SEC_mapping_to_historical_prices,unknown,1.0065717128681264,0.9542143507023011,1.0148756821067564,1.0885487181726863,1.0372837699305613,0.9908242977794467,-0.04627083942673296,1.1220867178679736
2017-11-28,price_matched,1,GILD,882095,GILEAD SCIENCES INC,80.0,-2.8622829873782027,2017-02-27 16:23:00.0,20161231,20151231,0000882095-17-000006,current_SEC_mapping_to_historical_prices,unknown,0.8281613930642902,1.0203235723203619,1.238282704983096,0.9310947026563314,1.1354193472107275,1.0652269859408925,-0.05560138301419871,1.0425697706088193
2017-11-28,price_matched,2,MTD,1037646,METTLER TOLEDO INTERNATIONAL INC/,60.26315789473684,-2.5688527681972735,2017-02-02 17:25:00.0,20161231,20151231,0001037646-17-000004,current_SEC_mapping_to_historical_prices,unknown,1.0561584455057451,0.9861214205576556,0.9874668479753559,1.047093506973855,1.095218639649385,0.9983761535336265,-0.02709462025856837,1.1669369415344883
2017-12-27,price_matched,1,MTD,1037646,METTLER TOLEDO INTERNATIONAL INC/,79.54545454545455,-2.5688527681972735,2017-02-02 17:25:00.0,20161231,20151231,0001037646-17-000004,current_SEC_mapping_to_historical_prices,unknown,1.0561584455057451,0.9861214205576556,0.9874668479753559,1.047093506973855,1.095218639649385,0.9983761535336265,-0.02709462025856837,1.1669369415344883
2017-12-27,price_matched,2,HAS,46080,HASBRO INC,70.45454545454545,-2.639603794894921,2017-02-22 16:33:00.0,20161231,20151231,0001193125-17-052143,current_SEC_mapping_to_historical_prices,unknown,0.9602768853800161,1.004057847653835,0.9150309136972515,1.1286816957537353,1.033720739023101,1.024286701876019,-0.043896471006012926,0.9998979179805192
2017-12-27,price_matched,3,LFUS,889331,LITTELFUSE INC /DE,61.81818181818181,-2.391868139537674,2017-02-27 16:25:00.0,20161231,20151231,0001437749-17-003344,current_SEC_mapping_to_historical_prices,unknown,1.1392482306306813,0.9735868816218616,1.4827423744118362,1.2169637178175383,1.147032086701998,1.101914864945795,-0.050727806039992114,1.5401035764795108
2017-12-27,price_matched,4,ILMN,1110803,ILLUMINA INC,60.681818181818194,-2.7016367848960576,2017-02-13 18:02:00.0,20161231,20151231,0001110803-17-000014,current_SEC_mapping_to_historical_prices,unknown,0.9154142377258614,1.0045030626327616,0.8621545788086505,1.0804640317295278,1.562631695860497,1.0284578415394767,-0.05246671027426062,0.9284282132149347
2017-12-27,price_matched,5,CSL,790051,CARLISLE COMPANIES INC,45.45454545454545,-2.8489072489329113,2017-02-13 14:47:00.0,20161231,20151231,0001558370-17-000547,current_SEC_mapping_to_historical_prices,unknown,0.9814892019740228,0.9023251434048274,0.9635153045831654,1.037310905396252,1.0499484685266198,1.110336780600929,-0.0708810328307025,0.9203678780861198
2018-01-26,price_matched,1,COHR,820318,II-VI INC,62.82608695652174,-2.464053613807754,2017-08-21 16:07:00.0,20170630,20160630,0001564590-17-017901,current_SEC_mapping_to_historical_prices,unknown,0.9984801000843525,0.946511773523412,0.8652571661304497,1.1750812363397227,1.2695175398750436,0.9323517602802107,-0.015800478847516782,1.075992214150939
2018-01-26,price_matched,2,HRL,48465,HORMEL FOODS CORP /DE/,54.1304347826087,-2.447556388154151,2017-12-20 11:46:00.0,20171031,20161031,0001104659-17-074227,current_SEC_mapping_to_historical_prices,unknown,1.0863056159661064,1.0371419160724955,1.0575276954791608,0.9626486786407629,1.0874586720061423,0.9079101816123418,-0.02343221842948617,0.9166671035541465
2018-02-26,price_matched,1,KO,21344,COCA COLA CO,85.33333333333333,-2.8202441215720513,2018-02-23 11:20:00.0,20171231,20161231,0000021344-18-000008,current_SEC_mapping_to_historical_prices,unknown,1.1242898907404781,0.9697123943528154,1.0050603552532225,0.8458543343764183,1.064559857663306,0.9679746597609721,-0.0653840902885228,1.0310275191132712
2018-02-26,price_matched,2,WHR,106640,WHIRLPOOL CORP /DE/,73.66666666666669,-2.7091506416217968,2018-02-13 17:29:00.0,20171231,20161231,0000106640-18-000019,current_SEC_mapping_to_historical_prices,unknown,0.958286306463333,1.0514542901507185,0.9643127021677302,1.0258229558837726,1.0651172547545071,0.9898244229773896,-0.04561333466413814,1.0684165374400183
2018-02-26,price_matched,3,HRL,48465,HORMEL FOODS CORP /DE/,73.22222222222223,-2.447556388154151,2017-12-20 11:46:00.0,20171031,20161031,0001104659-17-074227,current_SEC_mapping_to_historical_prices,unknown,1.0863056159661064,1.0371419160724955,1.0575276954791608,0.9626486786407629,1.0874586720061423,0.9079101816123418,-0.02343221842948617,0.9166671035541465
2018-02-26,price_matched,4,FBIN,1519751,"FORTUNE BRANDS HOME & SECURITY, INC.",70.0,-2.663691374905904,2017-02-28 16:24:00.0,20161231,20151231,0001193125-17-062357,current_SEC_mapping_to_historical_prices,unknown,1.0065717128681264,0.9542143507023011,1.0148756821067564,1.0885487181726863,1.0372837699305613,0.9908242977794467,-0.04627083942673296,1.1220867178679736
2018-02-26,price_matched,5,TKR,98362,TIMKEN CO,67.66666666666666,-2.378088173452675,2018-02-15 16:03:00.0,20171231,20161231,0000098362-18-000033,current_SEC_mapping_to_historical_prices,unknown,1.0651485439599948,0.9280989118388067,1.1287653833194762,1.125103003970335,1.0448272257704512,0.9845426725467903,-0.009816600047025628,1.1393152092198422
2018-02-26,price_matched,6,ET,1276187,"ENERGY TRANSFER EQUITY, L.P.",65.55555555555556,-2.428642413847965,2018-02-23 16:58:00.0,20171231,20161231,0001276187-18-000011,current_SEC_mapping_to_historical_prices,unknown,0.9934151453301636,1.0801735852729886,0.7180338374705774,1.274628837443382,1.0094605914364891,0.6871819075259097,-0.04029172367414141,0.9459886812320983
2018-02-26,price_matched,7,TAP,24545,MOLSON COORS BREWING CO,65.55555555555554,-1.956083657895788,2018-02-14 11:49:00.0,20171231,20161231,0000024545-18-000009,current_SEC_mapping_to_historical_prices,unknown,0.49411537598831246,0.8930669952539296,1.000840370914529,2.2523643807574207,0.5670872535982744,0.8468477628972386,-0.014946986302728544,0.9335718190189878
2018-02-26,price_matched,8,CSL,790051,CARLISLE COMPANIES INC,63.22222222222222,-2.3769279198372364,2018-02-16 15:41:00.0,20171231,20161231,0000790051-18-000095,current_SEC_mapping_to_historical_prices,unknown,1.1552852474872741,1.1217914962063433,1.0871496218940395,1.1127768406159875,1.0827948216954038,0.9956126838772277,-0.017585569266764783,1.5134397274190419
2018-02-26,price_matched,9,MTD,1037646,METTLER TOLEDO INTERNATIONAL INC/,57.77777777777777,-2.5471851636597345,2018-02-08 17:34:00.0,20171231,20161231,0001037646-18-000006,current_SEC_mapping_to_historical_prices,unknown,1.069391233357291,0.9913278474818435,1.0525455176042235,1.0864329293210384,1.1513672529088597,0.9893451568781725,-0.0550446014499148,0.9585900330356277
2018-02-26,price_matched,10,COHR,820318,II-VI INC,53.888888888888886,-2.464053613807754,2017-08-21 16:07:00.0,20170630,20160630,0001564590-17-017901,current_SEC_mapping_to_historical_prices,unknown,0.9984801000843525,0.946511773523412,0.8652571661304497,1.1750812363397227,1.2695175398750436,0.9323517602802107,-0.015800478847516782,1.075992214150939
2018-02-26,price_matched,11,SITE,1650729,"SITEONE LANDSCAPE SUPPLY, INC.",51.11111111111112,-2.7604364114847053,2017-03-15 06:47:00.0,20161231,20151231,0001650729-17-000004,current_SEC_mapping_to_historical_prices,unknown,1.08802194987124,0.9447661692355759,1.0268784676724678,1.1354367594378616,0.9584596184703156,1.053417485888298,-0.056962025316455694,1.5609521870840442
2018-02-26,price_matched,12,TDC,816761,TERADATA CORP /DE/,46.22222222222222,-3.2695819677265776,2018-02-23 13:59:00.0,20171231,20161231,0000816761-18-000007,current_SEC_mapping_to_historical_prices,unknown,1.0887863440001082,0.9832772836087837,0.9296181437931016,0.9285099052540913,1.033835683033544,1.0575306793034849,-0.1529733959311424,1.1482130968746795
2018-03-26,price_matched,1,HAS,46080,HASBRO INC,78.09523809523809,-2.7796775470049493,2018-02-26 17:16:00.0,20171231,20161231,0001193125-18-058659,current_SEC_mapping_to_historical_prices,unknown,1.025903825433068,1.0176670403179584,0.841864678956635,1.0378419792574318,0.8707869081365532,0.9757029563518838,-0.061960690610915005,1.00645612863019
2018-03-26,price_matched,2,WHR,106640,WHIRLPOOL CORP /DE/,76.90476190476191,-2.7091506416217968,2018-02-13 17:29:00.0,20171231,20161231,0000106640-18-000019,current_SEC_mapping_to_historical_prices,unknown,0.958286306463333,1.0514542901507185,0.9643127021677302,1.0258229558837726,1.0651172547545071,0.9898244229773896,-0.04561333466413814,1.0684165374400183
2018-03-26,price_matched,3,COR,1140859,AMERISOURCEBERGEN CORP,74.04761904761905,-2.5447970634974393,2017-11-21 17:03:00.0,20170930,20160930,0001140859-17-000047,current_SEC_mapping_to_historical_prices,unknown,1.0767214135322007,0.9801435678850535,0.9483689296245612,1.0428611062879631,1.0354631841239397,0.976092230278002,-0.03226975969002564,0.998378957628028
2018-03-26,price_matched,4,LLY,59478,LILLY ELI & CO,69.6031746031746,-3.0155893079547225,2018-02-20 17:28:00.0,20171231,20161231,0000059478-18-000089,current_SEC_mapping_to_historical_prices,unknown,1.0469241413501482,0.9985625682152018,0.9464941984126866,1.0777114423172072,1.0035037872843802,0.9474653365008966,-0.12938129432427026,1.091029474729201
2018-03-26,price_matched,5,TAP,24545,MOLSON COORS BREWING CO,69.6031746031746,-1.956083657895788,2018-02-14 11:49:00.0,20171231,20161231,0000024545-18-000009,current_SEC_mapping_to_historical_prices,unknown,0.49411537598831246,0.8930669952539296,1.000840370914529,2.2523643807574207,0.5670872535982744,0.8468477628972386,-0.014946986302728544,0.9335718190189878
2018-03-26,price_matched,6,KO,21344,COCA COLA CO,69.28571428571428,-2.8202441215720513,2018-02-23 11:20:00.0,20171231,20161231,0000021344-18-000008,current_SEC_mapping_to_historical_prices,unknown,1.1242898907404781,0.9697123943528154,1.0050603552532225,0.8458543343764183,1.064559857663306,0.9679746597609721,-0.0653840902885228,1.0310275191132712
2018-03-26,price_matched,7,ALB,915913,ALBEMARLE CORP,69.28571428571428,-2.40305960238267,2018-02-27 17:57:00.0,20171231,20161231,0000915913-18-000005,current_SEC_mapping_to_historical_prices,unknown,0.9580810434123496,1.0033464303413189,1.1734479213007534,1.147457252961393,1.1063322014880295,1.0030575518255629,-0.03214247561404206,0.8445674869979768
2018-03-26,price_matched,8,VMC,1396009,VULCAN MATERIALS CO,68.88888888888889,-2.444795194384296,2018-02-27 10:53:00.0,20171231,20161231,0001396009-18-000011,current_SEC_mapping_to_historical_prices,unknown,1.005999700226542,1.083120522269531,0.9641476305515964,1.082843469767724,1.1316315445856644,0.9496818742223848,-0.004575854683657077,1.2324051783576506
2018-03-26,price_matched,9,BMY,14272,BRISTOL MYERS SQUIBB CO,68.17460317460318,-3.0121280845541825,2018-02-13 09:27:00.0,20171231,20161231,0000014272-18-000055,current_SEC_mapping_to_historical_prices,unknown,1.077039293534854,1.052790790617542,0.9159077041999283,1.0694394399547023,0.6877513576826577,0.8924190306359632,-0.12720932312002622,1.141368119187135
2018-03-26,price_matched,10,MRK,310158,"MERCK & CO., INC.",67.38095238095238,-2.725566316175098,2018-02-27 16:33:00.0,20171231,20161231,0000310158-18-000005,current_SEC_mapping_to_historical_prices,unknown,0.971650000556155,0.9551716093668975,1.042804547281035,1.0079131810988018,1.091168843876902,0.9990600426535575,-0.046123907501820834,1.045868035420685
2018-03-26,price_matched,11,ET,1276187,"ENERGY TRANSFER EQUITY, L.P.",65.15873015873015,-2.428642413847965,2018-02-23 16:58:00.0,20171231,20161231,0001276187-18-000011,current_SEC_mapping_to_historical_prices,unknown,0.9934151453301636,1.0801735852729886,0.7180338374705774,1.274628837443382,1.0094605914364891,0.6871819075259097,-0.04029172367414141,0.9459886812320983
2018-03-26,price_matched,12,NKE,320187,NIKE INC,64.92063492063491,-2.231193375249624,2017-07-20 16:18:00.0,20170531,20160531,0000320187-17-000090,current_SEC_mapping_to_historical_prices,unknown,1.0693282708312843,1.0373431415778396,1.0407974506222357,1.0609710896960711,1.0352463243812926,0.9509956490382712,0.025796465884173867,1.1184852745232399
2018-03-26,price_matched,13,SMG,825542,SCOTTS MIRACLE-GRO CO,64.04761904761905,-2.209826015246724,2017-11-28 17:27:00.0,20170930,20160930,0001546380-17-000042,current_SEC_mapping_to_historical_prices,unknown,1.4766223002640166,0.9758577383240704,1.097087014258833,1.0542255207086426,1.023592010734261,1.0088102522870321,-0.04939934473971606,1.0404340041631355
2018-03-26,price_matched,14,GILD,882095,GILEAD SCIENCES INC,62.06349206349206,-3.208666419424513,2018-02-26 17:58:00.0,20171231,20161231,0000882095-18-000008,current_SEC_mapping_to_historical_prices,unknown,0.9930833367516074,1.0326887182975144,0.8257314034438913,0.8590654820664693,0.8810219163471061,1.3284896067577916,-0.10343895394334333,0.9671898226555837
2018-03-26,price_matched,15,NWL,814453,NEWELL BRANDS INC,62.063492063492056,-2.240003278958198,2018-03-01 17:22:00.0,20171231,20161231,0001193125-18-067603,current_SEC_mapping_to_historical_prices,unknown,0.875852084701051,0.9606472632795167,1.0434290936513444,1.11144451145959,0.8538962808374086,1.0248671078390479,0.05482941256356476,0.9309803091276844
2018-03-26,price_matched,16,MTD,1037646,METTLER TOLEDO INTERNATIONAL INC/,60.63492063492063,-2.5471851636597345,2018-02-08 17:34:00.0,20171231,20161231,0001037646-18-000006,current_SEC_mapping_to_historical_prices,unknown,1.069391233357291,0.9913278474818435,1.0525455176042235,1.0864329293210384,1.1513672529088597,0.9893451568781725,-0.0550446014499148,0.9585900330356277
2018-03-26,price_matched,17,CE,1306830,CELANESE CORP,60.317460317460316,-2.19310151107039,2018-02-09 16:29:00.0,20171231,20161231,0001306830-18-000030,current_SEC_mapping_to_historical_prices,unknown,1.0803990939664183,1.0566322915460964,1.1328074548472171,1.1393579513824457,1.0342664593053397,0.9620803056877976,0.004193751310547285,1.0765058852327678
2018-03-26,price_matched,18,FBIN,1519751,"FORTUNE BRANDS HOME & SECURITY, INC.",59.682539682539684,-2.5831736169044217,2018-02-28 16:18:00.0,20171231,20161231,0001193125-18-063999,current_SEC_mapping_to_historical_prices,unknown,0.9514013771602234,0.9897152718155791,0.9763929055724946,1.0598607795542538,1.0627126086703749,0.997714729886614,-0.023170156403091773,0.9880212577084547
2018-03-26,price_matched,19,IBM,51143,INTERNATIONAL BUSINESS MACHINES CORP,58.96825396825397,-2.9085705424631634,2018-02-27 17:14:00.0,20171231,20161231,0001047469-18-001117,current_SEC_mapping_to_historical_prices,unknown,0.9819206106175127,1.0467401408692911,0.9632691477131059,0.9902401181195961,0.9713878657305982,0.9637465527788147,-0.0875187466096557,1.0199272224572458
2018-03-26,price_matched,20,VC,1111335,VISTEON CORP,58.49206349206351,-2.5208659442534946,2018-02-22 07:52:00.0,20171231,20161231,0001111335-18-000004,current_SEC_mapping_to_historical_prices,unknown,1.0545089473982363,0.9254472247246789,1.0428222656249997,0.9952546662448593,1.0132620540762824,1.0139022134889903,-0.017795138888888888,0.9406366016971626
2018-04-24,price_matched,1,BMY,14272,BRISTOL MYERS SQUIBB CO,80.58333333333334,-3.0121280845541825,2018-02-13 09:27:00.0,20171231,20161231,0000014272-18-000055,current_SEC_mapping_to_historical_prices,unknown,1.077039293534854,1.052790790617542,0.9159077041999283,1.0694394399547023,0.6877513576826577,0.8924190306359632,-0.12720932312002622,1.141368119187135
2018-04-24,price_matched,2,HSY,47111,HERSHEY CO,78.16666666666667,-2.9070611088961615,2018-02-27 12:01:00.0,20171231,20161231,0000047111-18-000011,current_SEC_mapping_to_historical_prices,unknown,1.0017050392474647,0.9260589915057325,0.9393348735740251,1.0101133292321787,1.0539650942907761,0.9889671218377372,-0.08400378412618843,0.9668232601797507
2018-04-24,price_matched,3,FBIN,1519751,"FORTUNE BRANDS HOME & SECURITY, INC.",76.5,-2.5831736169044217,2018-02-28 16:18:00.0,20171231,20161231,0001193125-18-063999,current_SEC_mapping_to_historical_prices,unknown,0.9514013771602234,0.9897152718155791,0.9763929055724946,1.0598607795542538,1.0627126086703749,0.997714729886614,-0.023170156403091773,0.9880212577084547
2018-04-24,price_matched,4,IBM,51143,INTERNATIONAL BUSINESS MACHINES CORP,75.08333333333333,-2.9085705424631634,2018-02-27 17:14:00.0,20171231,20161231,0001047469-18-001117,current_SEC_mapping_to_historical_prices,unknown,0.9819206106175127,1.0467401408692911,0.9632691477131059,0.9902401181195961,0.9713878657305982,0.9637465527788147,-0.0875187466096557,1.0199272224572458
2018-04-24,price_matched,5,TAP,24545,MOLSON COORS BREWING CO,72.74999999999999,-1.956083657895788,2018-02-14 11:49:00.0,20171231,20161231,0000024545-18-000009,current_SEC_mapping_to_historical_prices,unknown,0.49411537598831246,0.8930669952539296,1.000840370914529,2.2523643807574207,0.5670872535982744,0.8468477628972386,-0.014946986302728544,0.9335718190189878
2018-04-24,price_matched,6,SMG,825542,SCOTTS MIRACLE-GRO CO,71.83333333333333,-2.209826015246724,2017-11-28 17:27:00.0,20170930,20160930,0001546380-17-000042,current_SEC_mapping_to_historical_prices,unknown,1.4766223002640166,0.9758577383240704,1.097087014258833,1.0542255207086426,1.023592010734261,1.0088102522870321,-0.04939934473971606,1.0404340041631355
2018-04-24,price_matched,7,GILD,882095,GILEAD SCIENCES INC,70.91666666666667,-3.208666419424513,2018-02-26 17:58:00.0,20171231,20161231,0000882095-18-000008,current_SEC_mapping_to_historical_prices,unknown,0.9930833367516074,1.0326887182975144,0.8257314034438913,0.8590654820664693,0.8810219163471061,1.3284896067577916,-0.10343895394334333,0.9671898226555837
2018-04-24,price_matched,8,ABT,1800,ABBOTT LABORATORIES,70.58333333333334,-1.9935062547358302,2018-02-16 16:05:00.0,20171231,20161231,0001047469-18-000856,current_SEC_mapping_to_historical_prices,unknown,1.2303737677984665,1.0321634096140406,1.6594632995610277,1.31348007480938,1.0207115290373607,1.040333127802249,-0.06679344262295082,0.9125315319993212
2018-04-24,price_matched,9,VMC,1396009,VULCAN MATERIALS CO,68.5,-2.444795194384296,2018-02-27 10:53:00.0,20171231,20161231,0001396009-18-000011,current_SEC_mapping_to_historical_prices,unknown,1.005999700226542,1.083120522269531,0.9641476305515964,1.082843469767724,1.1316315445856644,0.9496818742223848,-0.004575854683657077,1.2324051783576506
2018-04-24,price_matched,10,FAST,815556,FASTENAL CO,64.58333333333334,-2.1212620694970292,2018-02-05 11:48:00.0,20171231,20161231,0000815556-18-000010,current_SEC_mapping_to_historical_prices,unknown,1.097619555676009,1.0063310826114868,1.5384215884067487,1.1081524482584553,0.8490645468481443,0.9898268147554582,-0.002267651606253221,1.0678625283933652
2018-04-24,price_matched,11,MTD,1037646,METTLER TOLEDO INTERNATIONAL INC/,63.0,-2.5471851636597345,2018-02-08 17:34:00.0,20171231,20161231,0001037646-18-000006,current_SEC_mapping_to_historical_prices,unknown,1.069391233357291,0.9913278474818435,1.0525455176042235,1.0864329293210384,1.1513672529088597,0.9893451568781725,-0.0550446014499148,0.9585900330356277
2018-04-24,price_matched,12,CSL,790051,CARLISLE COMPANIES INC,59.583333333333336,-2.3769279198372364,2018-02-16 15:41:00.0,20171231,20161231,0000790051-18-000095,current_SEC_mapping_to_historical_prices,unknown,1.1552852474872741,1.1217914962063433,1.0871496218940395,1.1127768406159875,1.0827948216954038,0.9956126838772277,-0.017585569266764783,1.5134397274190419
2018-04-24,price_matched,13,MKC,63754,MCCORMICK & CO INC,55.58333333333334,-2.348584641402402,2018-01-25 16:59:00.0,20171130,20161130,0000063754-18-000008,current_SEC_mapping_to_historical_prices,unknown,1.0889355460792713,0.9984916177184673,1.3962211549198609,1.0957950810381956,1.00911328081913,0.9667904826835243,-0.03253480714051878,1.151869047359399
2018-04-24,price_matched,14,JELD,1674335,"JELD-WEN HOLDING, INC.",55.00000000000001,-2.791743760670261,2018-03-06 16:36:00.0,20171231,20161231,0001674335-18-000038,current_SEC_mapping_to_historical_prices,unknown,1.0844464306454706,0.9373627050245821,0.8924093127078923,1.0264904075734722,1.0618074855666368,1.0077015209706401,-0.08906997701663324,0.7723228372446036
2018-04-24,price_matched,15,SPGI,64040,S&P GLOBAL INC.,54.58333333333333,-2.613681839595254,2018-02-09 16:41:00.0,20171231,20161231,0000064040-18-000061,current_SEC_mapping_to_historical_prices,unknown,1.0976339345958346,0.9572633079326791,0.9390513888553762,1.0710121886592474,1.039497122499315,1.0122071274549818,-0.05517241379310345,0.9509190777392369
2018-04-24,price_matched,16,ILMN,1110803,ILLUMINA INC,53.833333333333336,-2.5195838178189547,2018-02-12 19:09:00.0,20171231,20161231,0001110803-18-000009,current_SEC_mapping_to_historical_prices,unknown,0.9399777971067569,1.0470645947197692,0.8768843066387673,1.1476230191826522,1.06068153515227,1.0056521782414782,-0.028343161498953776,0.8915689278090799
2018-04-24,price_matched,17,ROG,84748,ROGERS CORP,53.583333333333336,-2.4209089363421725,2018-02-27 20:22:00.0,20171231,20161231,0000084748-18-000007,current_SEC_mapping_to_historical_prices,unknown,0.939437710076233,0.979686180400214,1.0946515874093299,1.2509911414353496,0.9319159953009037,0.9383083588708303,-0.052014248969456084,0.6819446579298394
2018-04-24,price_matched,18,WLK,1262823,WESTLAKE CHEMICAL CORP,50.74999999999999,-2.3730584133247947,2018-02-21 13:37:00.0,20171231,20161231,0001262823-18-000008,current_SEC_mapping_to_historical_prices,unknown,0.7489449902582597,0.878475437900164,0.96257849976338,1.5841213553979512,0.6930245651219977,0.976258304098472,-0.01937727724412057,0.944819311779544
2018-04-24,price_matched,19,TKR,98362,TIMKEN CO,50.583333333333336,-2.378088173452675,2018-02-15 16:03:00.0,20171231,20161231,0000098362-18-000033,current_SEC_mapping_to_historical_prices,unknown,1.0651485439599948,0.9280989118388067,1.1287653833194762,1.125103003970335,1.0448272257704512,0.9845426725467903,-0.009816600047025628,1.1393152092198422
2018-04-24,price_matched,20,RL,1037038,RALPH LAUREN CORP,50.16666666666666,-3.512336367005896,2017-05-18 16:10:00.0,20170331,20160331,0001037038-17-000004,current_SEC_mapping_to_historical_prices,unknown,0.9702138938828194,1.0301863463021985,0.9628758878509202,0.8983957219251337,0.862742956025027,1.0341865483249677,-0.18605803255484785,1.0703737069770407
2018-05-22,price_matched,1,GILD,882095,GILEAD SCIENCES INC,76.98412698412699,-3.208666419424513,2018-02-26 17:58:00.0,20171231,20161231,0000882095-18-000008,current_SEC_mapping_to_historical_prices,unknown,0.9930833367516074,1.0326887182975144,0.8257314034438913,0.8590654820664693,0.8810219163471061,1.3284896067577916,-0.10343895394334333,0.9671898226555837
2018-05-22,price_matched,2,KO,21344,COCA COLA CO,74.60317460317461,-2.8202441215720513,2018-02-23 11:20:00.0,20171231,20161231,0000021344-18-000008,current_SEC_mapping_to_historical_prices,unknown,1.1242898907404781,0.9697123943528154,1.0050603552532225,0.8458543343764183,1.064559857663306,0.9679746597609721,-0.0653840902885228,1.0310275191132712
2018-05-22,price_matched,3,HSY,47111,HERSHEY CO,69.52380952380952,-2.9070611088961615,2018-02-27 12:01:00.0,20171231,20161231,0000047111-18-000011,current_SEC_mapping_to_historical_prices,unknown,1.0017050392474647,0.9260589915057325,0.9393348735740251,1.0101133292321787,1.0539650942907761,0.9889671218377372,-0.08400378412618843,0.9668232601797507
2018-05-22,price_matched,4,MRK,310158,"MERCK & CO., INC.",66.34920634920634,-2.725566316175098,2018-02-27 16:33:00.0,20171231,20161231,0000310158-18-000005,current_SEC_mapping_to_historical_prices,unknown,0.971650000556155,0.9551716093668975,1.042804547281035,1.0079131810988018,1.091168843876902,0.9990600426535575,-0.046123907501820834,1.045868035420685
2018-05-22,price_matched,5,MKC,63754,MCCORMICK & CO INC,66.34920634920634,-2.348584641402402,2018-01-25 16:59:00.0,20171130,20161130,0000063754-18-000008,current_SEC_mapping_to_historical_prices,unknown,1.0889355460792713,0.9984916177184673,1.3962211549198609,1.0957950810381956,1.00911328081913,0.9667904826835243,-0.03253480714051878,1.151869047359399
2018-05-22,price_matched,6,NWL,814453,NEWELL BRANDS INC,64.36507936507935,-2.240003278958198,2018-03-01 17:22:00.0,20171231,20161231,0001193125-18-067603,current_SEC_mapping_to_historical_prices,unknown,0.875852084701051,0.9606472632795167,1.0434290936513444,1.11144451145959,0.8538962808374086,1.0248671078390479,0.05482941256356476,0.9309803091276844
2018-05-22,price_matched,7,COR,1140859,AMERISOURCEBERGEN CORP,64.20634920634922,-2.5447970634974393,2017-11-21 17:03:00.0,20170930,20160930,0001140859-17-000047,current_SEC_mapping_to_historical_prices,unknown,1.0767214135322007,0.9801435678850535,0.9483689296245612,1.0428611062879631,1.0354631841239397,0.976092230278002,-0.03226975969002564,0.998378957628028
2018-05-22,price_matched,8,TAP,24545,MOLSON COORS BREWING CO,63.96825396825396,-1.956083657895788,2018-02-14 11:49:00.0,20171231,20161231,0000024545-18-000009,current_SEC_mapping_to_historical_prices,unknown,0.49411537598831246,0.8930669952539296,1.000840370914529,2.2523643807574207,0.5670872535982744,0.8468477628972386,-0.014946986302728544,0.9335718190189878
2018-05-22,price_matched,9,TMUS,1283699,"T-MOBILE US, INC.",63.25396825396825,-2.514222958530855,2018-02-08 06:16:00.0,20171231,20161231,0001283699-18-000011,current_SEC_mapping_to_historical_prices,unknown,0.9325606080255651,0.9962184646213285,1.1987852588629275,1.0830621499066417,1.0749129388095173,0.994799909137882,-0.04855235746779474,0.7153384481081068
2018-05-22,price_matched,10,WCC,929008,WESCO INTERNATIONAL INC,60.238095238095234,-2.3559065159987287,2018-02-21 19:18:00.0,20171231,20161231,0000929008-18-000004,current_SEC_mapping_to_historical_prices,unknown,1.0806391026138562,1.0210556757076141,0.9354590732330526,1.0467561620972252,1.0372983464233771,1.0012759303075442,0.003027789439185314,0.9849563485190029
2018-05-22,price_matched,11,JELD,1674335,"JELD-WEN HOLDING, INC.",59.523809523809526,-2.791743760670261,2018-03-06 16:36:00.0,20171231,20161231,0001674335-18-000038,current_SEC_mapping_to_historical_prices,unknown,1.0844464306454706,0.9373627050245821,0.8924093127078923,1.0264904075734722,1.0618074855666368,1.0077015209706401,-0.08906997701663324,0.7723228372446036
2018-05-22,price_matched,12,LIVN,1639691,LIVANOVA PLC,58.09523809523809,-2.470181096247321,2018-02-28 16:53:00.0,20171231,20161231,0001639691-18-000016,current_SEC_mapping_to_historical_prices,unknown,1.261058204918571,0.9008371954978258,1.0170345413243813,1.0491460919637916,1.0130411415109406,1.016608660644356,-0.04649882922219857,1.0299448698295794
2018-05-22,price_matched,13,JBTM,1433660,JOHN BEAN TECHNOLOGIES CORP,55.23809523809524,-2.3096901841386166,2018-02-28 15:56:00.0,20171231,20161231,0001433660-18-000004,current_SEC_mapping_to_historical_prices,unknown,1.0031803510113018,1.0097978386024924,0.987929334531148,1.2107367641614217,0.9535908033361344,1.027282329345691,-0.017320684202961047,0.7853728164655784
2018-05-22,price_matched,14,PBI,78814,PITNEY BOWES INC /DE/,51.031746031746025,-2.4448056420401794,2018-02-22 15:37:00.0,20171231,20161231,0000078814-18-000004,current_SEC_mapping_to_historical_prices,unknown,1.1047509878330788,1.0789384294846127,1.001320597494876,1.0420871403095484,1.0913890247803353,0.9895220211940496,-0.035107501967070014,0.9662851396298967
2018-05-22,price_matched,15,HRL,48465,HORMEL FOODS CORP /DE/,50.63492063492063,-2.447556388154151,2017-12-20 11:46:00.0,20171031,20161031,0001104659-17-074227,current_SEC_mapping_to_historical_prices,unknown,1.0863056159661064,1.0371419160724955,1.0575276954791608,0.9626486786407629,1.0874586720061423,0.9079101816123418,-0.02343221842948617,0.9166671035541465
2018-05-22,price_matched,16,FLS,30625,FLOWSERVE CORP,49.60317460317461,-2.798425462021501,2018-02-28 16:04:00.0,20171231,20161231,0001628280-18-002486,current_SEC_mapping_to_historical_prices,unknown,1.058029902325759,1.0406709053412087,0.9552610555031643,0.9173895316536553,0.923348531286624,1.0172699874943372,-0.06280737867668172,0.9873487989615856
2018-05-22,price_matched,17,TDC,816761,TERADATA CORP /DE/,47.698412698412696,-3.2695819677265776,2018-02-23 13:59:00.0,20171231,20161231,0000816761-18-000007,current_SEC_mapping_to_historical_prices,unknown,1.0887863440001082,0.9832772836087837,0.9296181437931016,0.9285099052540913,1.033835683033544,1.0575306793034849,-0.1529733959311424,1.1482130968746795
2018-06-20,price_matched,1,IBM,51143,INTERNATIONAL BUSINESS MACHINES CORP,83.5,-2.9085705424631634,2018-02-27 17:14:00.0,20171231,20161231,0001047469-18-001117,current_SEC_mapping_to_historical_prices,unknown,0.9819206106175127,1.0467401408692911,0.9632691477131059,0.9902401181195961,0.9713878657305982,0.9637465527788147,-0.0875187466096557,1.0199272224572458
2018-06-20,price_matched,2,BWXT,1486957,"BWX TECHNOLOGIES, INC.",72.74999999999999,-2.402196429921095,2018-02-27 16:55:00.0,20171231,20161231,0001486957-18-000007,current_SEC_mapping_to_historical_prices,unknown,1.2786984219012596,1.0024749749809445,0.7717040340149336,1.088460846409682,1.1638981492010327,0.9107543538863095,-0.04339678066083877,0.9930467008479242
2018-06-20,price_matched,3,XYL,1524472,XYLEM INC.,70.58333333333333,-2.589690611031099,2018-02-23 12:53:00.0,20171231,20161231,0001524472-18-000006,current_SEC_mapping_to_historical_prices,unknown,0.9085370694211014,0.9852160155962912,0.9735536086968822,1.2482100238663485,0.8537982695394574,0.9543721071163631,-0.05174927113702624,0.9307575818304438
2018-06-20,price_matched,4,FBIN,1519751,"FORTUNE BRANDS HOME & SECURITY, INC.",69.91666666666666,-2.5831736169044217,2018-02-28 16:18:00.0,20171231,20161231,0001193125-18-063999,current_SEC_mapping_to_historical_prices,unknown,0.9514013771602234,0.9897152718155791,0.9763929055724946,1.0598607795542538,1.0627126086703749,0.997714729886614,-0.023170156403091773,0.9880212577084547
2018-06-20,price_matched,5,WLK,1262823,WESTLAKE CHEMICAL CORP,68.25000000000001,-2.3730584133247947,2018-02-21 13:37:00.0,20171231,20161231,0001262823-18-000008,current_SEC_mapping_to_historical_prices,unknown,0.7489449902582597,0.878475437900164,0.96257849976338,1.5841213553979512,0.6930245651219977,0.976258304098472,-0.01937727724412057,0.944819311779544
2018-06-20,price_matched,6,PKG,75677,PACKAGING CORP OF AMERICA,65.83333333333334,-2.4241447783622156,2018-02-28 10:17:00.0,20171231,20161231,0001564590-18-003690,current_SEC_mapping_to_historical_prices,unknown,1.0807754050503942,0.9663739865557947,1.0678427908354224,1.1152275480186884,0.9471674259195753,0.9947015906986052,-0.030254134731746672,0.9515949853546396
2018-06-20,price_matched,7,SMG,825542,SCOTTS MIRACLE-GRO CO,65.16666666666666,-2.209826015246724,2017-11-28 17:27:00.0,20170930,20160930,0001546380-17-000042,current_SEC_mapping_to_historical_prices,unknown,1.4766223002640166,0.9758577383240704,1.097087014258833,1.0542255207086426,1.023592010734261,1.0088102522870321,-0.04939934473971606,1.0404340041631355
2018-06-20,price_matched,8,ALB,915913,ALBEMARLE CORP,64.75000000000001,-2.40305960238267,2018-02-27 17:57:00.0,20171231,20161231,0000915913-18-000005,current_SEC_mapping_to_historical_prices,unknown,0.9580810434123496,1.0033464303413189,1.1734479213007534,1.147457252961393,1.1063322014880295,1.0030575518255629,-0.03214247561404206,0.8445674869979768
2018-06-20,price_matched,9,CC,1627223,CHEMOURS CO,63.16666666666666,-2.3454037711297904,2018-02-16 16:13:00.0,20171231,20161231,0001564590-18-002325,current_SEC_mapping_to_historical_prices,unknown,0.9969514707094012,0.7246009122006841,0.9102345055481492,1.145,1.1168632540313044,0.5629166939397623,0.014671602906897025,0.9007008529761027
2018-06-20,price_matched,10,WHR,106640,WHIRLPOOL CORP /DE/,61.75000000000001,-2.7091506416217968,2018-02-13 17:29:00.0,20171231,20161231,0000106640-18-000019,current_SEC_mapping_to_historical_prices,unknown,0.958286306463333,1.0514542901507185,0.9643127021677302,1.0258229558837726,1.0651172547545071,0.9898244229773896,-0.04561333466413814,1.0684165374400183
2018-06-20,price_matched,11,EMN,915389,EASTMAN CHEMICAL CO,61.75000000000001,-2.313501114424296,2018-03-01 11:47:00.0,20171231,20161231,0000915389-18-000016,current_SEC_mapping_to_historical_prices,unknown,1.1919603682741906,1.015132704642871,0.957405984490572,1.0600577264653641,1.0394163150492264,0.937977314583297,-0.017063566472904558,0.9688641639905111
2018-06-20,price_matched,12,WCN,1318220,"WASTE CONNECTIONS, INC.",61.00000000000001,-2.530265225905841,2018-02-15 06:09:00.0,20171231,20161231,0001144204-18-009150,current_SEC_mapping_to_historical_prices,unknown,0.8332233101674692,1.0101197502706973,0.9890261815909424,1.3716457095563417,0.7741289966830112,0.7834307416927717,-0.05080809053523768,1.0085386578680466
2018-06-20,price_matched,13,CHE,19584,CHEMED CORP,59.0,-2.9666987834287792,2018-02-26 10:35:00.0,20171231,20161231,0001157523-18-000411,current_SEC_mapping_to_historical_prices,unknown,0.8144519634509985,0.9448832483793174,0.9761966088331171,1.0569751300193229,1.1083624515979194,1.0745872498194493,-0.06990889387908603,1.0019178941846023
2018-06-20,price_matched,14,TKR,98362,TIMKEN CO,57.58333333333333,-2.378088173452675,2018-02-15 16:03:00.0,20171231,20161231,0000098362-18-000033,current_SEC_mapping_to_historical_prices,unknown,1.0651485439599948,0.9280989118388067,1.1287653833194762,1.125103003970335,1.0448272257704512,0.9845426725467903,-0.009816600047025628,1.1393152092198422
2018-06-20,price_matched,15,SYK,310764,STRYKER CORP,56.49999999999999,-2.452735908388699,2018-02-08 16:54:00.0,20171231,20161231,0000310764-18-000031,current_SEC_mapping_to_historical_prices,unknown,1.016954532819487,1.0076551526873738,1.0230132486150971,1.0988079470198675,1.0475143615578695,1.00137084042238,-0.024282560706401765,0.9431813635016317
2018-06-20,price_matched,16,GPK,1408075,GRAPHIC PACKAGING HOLDING CO,56.41666666666667,-2.846378977674558,2018-02-23 16:37:00.0,20171231,20161231,0001408075-18-000015,current_SEC_mapping_to_historical_prices,unknown,0.7307390169069412,1.1276666957856631,0.9952945723772281,1.0245689956027082,0.9583842495065911,0.940348919027243,-0.04441702652683529,1.011401674077369
2018-06-20,price_matched,17,FLS,30625,FLOWSERVE CORP,55.58333333333333,-2.798425462021501,2018-02-28 16:04:00.0,20171231,20161231,0001628280-18-002486,current_SEC_mapping_to_historical_prices,unknown,1.058029902325759,1.0406709053412087,0.9552610555031643,0.9173895316536553,0.923348531286624,1.0172699874943372,-0.06280737867668172,0.9873487989615856
2018-06-20,price_matched,18,CE,1306830,CELANESE CORP,48.16666666666666,-2.19310151107039,2018-02-09 16:29:00.0,20171231,20161231,0001306830-18-000030,current_SEC_mapping_to_historical_prices,unknown,1.0803990939664183,1.0566322915460964,1.1328074548472171,1.1393579513824457,1.0342664593053397,0.9620803056877976,0.004193751310547285,1.0765058852327678
2018-06-20,price_matched,19,HRL,48465,HORMEL FOODS CORP /DE/,45.24999999999999,-2.447556388154151,2017-12-20 11:46:00.0,20171031,20161031,0001104659-17-074227,current_SEC_mapping_to_historical_prices,unknown,1.0863056159661064,1.0371419160724955,1.0575276954791608,0.9626486786407629,1.0874586720061423,0.9079101816123418,-0.02343221842948617,0.9166671035541465
2018-06-20,price_matched,20,MMSI,856982,MERIT MEDICAL SYSTEMS INC,27.166666666666668,-2.3118085490937688,2018-03-01 16:53:00.0,20171231,20161231,0000856982-18-000007,current_SEC_mapping_to_historical_prices,unknown,1.08734867642218,0.9791629430467015,1.0085641986765024,1.2053762764185096,0.9704952797930546,1.0308861162145848,-0.03166365506367539,0.7888784198954318
2018-07-19,price_matched,1,TAP,24545,MOLSON COORS BREWING CO,80.08333333333334,-1.956083657895788,2018-02-14 11:49:00.0,20171231,20161231,0000024545-18-000009,current_SEC_mapping_to_historical_prices,unknown,0.49411537598831246,0.8930669952539296,1.000840370914529,2.2523643807574207,0.5670872535982744,0.8468477628972386,-0.014946986302728544,0.9335718190189878
2018-07-19,price_matched,2,COR,1140859,AMERISOURCEBERGEN CORP,75.25,-2.5447970634974393,2017-11-21 17:03:00.0,20170930,20160930,0001140859-17-000047,current_SEC_mapping_to_historical_prices,unknown,1.0767214135322007,0.9801435678850535,0.9483689296245612,1.0428611062879631,1.0354631841239397,0.976092230278002,-0.03226975969002564,0.998378957628028
2018-07-19,price_matched,3,TMUS,1283699,"T-MOBILE US, INC.",72.24999999999999,-2.514222958530855,2018-02-08 06:16:00.0,20171231,20161231,0001283699-18-000011,current_SEC_mapping_to_historical_prices,unknown,0.9325606080255651,0.9962184646213285,1.1987852588629275,1.0830621499066417,1.0749129388095173,0.994799909137882,-0.04855235746779474,0.7153384481081068
2018-07-19,price_matched,4,CE,1306830,CELANESE CORP,69.08333333333333,-2.19310151107039,2018-02-09 16:29:00.0,20171231,20161231,0001306830-18-000030,current_SEC_mapping_to_historical_prices,unknown,1.0803990939664183,1.0566322915460964,1.1328074548472171,1.1393579513824457,1.0342664593053397,0.9620803056877976,0.004193751310547285,1.0765058852327678
2018-07-19,price_matched,5,ZTS,1555280,ZOETIS INC.,65.25,-2.6670876017867635,2018-02-15 12:31:00.0,20171231,20161231,0001555280-18-000053,current_SEC_mapping_to_historical_prices,unknown,1.006796908586089,0.9904275939597378,0.9082033440996033,1.085720130932897,1.0552535395861407,0.900790026120539,-0.0561378989051945,0.9645629317656254
2018-07-19,price_matched,6,VMC,1396009,VULCAN MATERIALS CO,62.916666666666664,-2.444795194384296,2018-02-27 10:53:00.0,20171231,20161231,0001396009-18-000011,current_SEC_mapping_to_historical_prices,unknown,1.005999700226542,1.083120522269531,0.9641476305515964,1.082843469767724,1.1316315445856644,0.9496818742223848,-0.004575854683657077,1.2324051783576506
2018-07-19,price_matched,7,PBI,78814,PITNEY BOWES INC /DE/,60.416666666666664,-2.4448056420401794,2018-02-22 15:37:00.0,20171231,20161231,0000078814-18-000004,current_SEC_mapping_to_historical_prices,unknown,1.1047509878330788,1.0789384294846127,1.001320597494876,1.0420871403095484,1.0913890247803353,0.9895220211940496,-0.035107501967070014,0.9662851396298967
2018-07-19,price_matched,8,VC,1111335,VISTEON CORP,45.66666666666667,-2.5208659442534946,2018-02-22 07:52:00.0,20171231,20161231,0001111335-18-000004,current_SEC_mapping_to_historical_prices,unknown,1.0545089473982363,0.9254472247246789,1.0428222656249997,0.9952546662448593,1.0132620540762824,1.0139022134889903,-0.017795138888888888,0.9406366016971626
2018-07-19,price_matched,9,TUSK,1679268,"MAMMOTH ENERGY SERVICES, INC.",31.58333333333333,-0.02034363891303137,2018-02-28 17:15:00.0,20171231,20161231,0001679268-18-000010,current_SEC_mapping_to_historical_prices,unknown,3.8402001987990007,0.8266874835018101,0.6823993855195624,2.9983566395663956,1.087984175823493,0.9337098545105913,0.0015543509719882433,6.335887403003086
2018-07-19,m_only_raw,1,TUSK,1679268,"MAMMOTH ENERGY SERVICES, INC.",-0.02034363891303137,-0.02034363891303137,2018-02-28 17:15:00.0,20171231,20161231,0001679268-18-000010,current_SEC_mapping_to_historical_prices,unknown,3.8402001987990007,0.8266874835018101,0.6823993855195624,2.9983566395663956,1.087984175823493,0.9337098545105913,0.0015543509719882433,6.335887403003086
2018-07-19,m_weak_raw,1,TUSK,1679268,"MAMMOTH ENERGY SERVICES, INC.",-0.02034363891303137,-0.02034363891303137,2018-02-28 17:15:00.0,20171231,20161231,0001679268-18-000010,current_SEC_mapping_to_historical_prices,unknown,3.8402001987990007,0.8266874835018101,0.6823993855195624,2.9983566395663956,1.087984175823493,0.9337098545105913,0.0015543509719882433,6.335887403003086
2018-07-19,m_weak_winsor,1,TUSK,1679268,"MAMMOTH ENERGY SERVICES, INC.",-0.7694916707163921,-0.02034363891303137,2018-02-28 17:15:00.0,20171231,20161231,0001679268-18-000010,current_SEC_mapping_to_historical_prices,unknown,3.8402001987990007,0.8266874835018101,0.6823993855195624,2.9983566395663956,1.087984175823493,0.9337098545105913,0.0015543509719882433,6.335887403003086
2018-08-16,price_matched,1,NWL,814453,NEWELL BRANDS INC,80.16393442622952,-2.240003278958198,2018-03-01 17:22:00.0,20171231,20161231,0001193125-18-067603,current_SEC_mapping_to_historical_prices,unknown,0.875852084701051,0.9606472632795167,1.0434290936513444,1.11144451145959,0.8538962808374086,1.0248671078390479,0.05482941256356476,0.9309803091276844
2018-08-16,price_matched,2,VMC,1396009,VULCAN MATERIALS CO,75.65573770491804,-2.444795194384296,2018-02-27 10:53:00.0,20171231,20161231,0001396009-18-000011,current_SEC_mapping_to_historical_prices,unknown,1.005999700226542,1.083120522269531,0.9641476305515964,1.082843469767724,1.1316315445856644,0.9496818742223848,-0.004575854683657077,1.2324051783576506
2018-08-16,price_matched,3,WLK,1262823,WESTLAKE CHEMICAL CORP,72.37704918032786,-2.3730584133247947,2018-02-21 13:37:00.0,20171231,20161231,0001262823-18-000008,current_SEC_mapping_to_historical_prices,unknown,0.7489449902582597,0.878475437900164,0.96257849976338,1.5841213553979512,0.6930245651219977,0.976258304098472,-0.01937727724412057,0.944819311779544
2018-08-16,price_matched,4,EMN,915389,EASTMAN CHEMICAL CO,71.31147540983606,-2.313501114424296,2018-03-01 11:47:00.0,20171231,20161231,0000915389-18-000016,current_SEC_mapping_to_historical_prices,unknown,1.1919603682741906,1.015132704642871,0.957405984490572,1.0600577264653641,1.0394163150492264,0.937977314583297,-0.017063566472904558,0.9688641639905111
2018-08-16,price_matched,5,PKG,75677,PACKAGING CORP OF AMERICA,67.62295081967213,-2.4241447783622156,2018-02-28 10:17:00.0,20171231,20161231,0001564590-18-003690,current_SEC_mapping_to_historical_prices,unknown,1.0807754050503942,0.9663739865557947,1.0678427908354224,1.1152275480186884,0.9471674259195753,0.9947015906986052,-0.030254134731746672,0.9515949853546396
2018-08-16,price_matched,6,WHR,106640,WHIRLPOOL CORP /DE/,67.45901639344262,-2.7091506416217968,2018-02-13 17:29:00.0,20171231,20161231,0000106640-18-000019,current_SEC_mapping_to_historical_prices,unknown,0.958286306463333,1.0514542901507185,0.9643127021677302,1.0258229558837726,1.0651172547545071,0.9898244229773896,-0.04561333466413814,1.0684165374400183
2018-08-16,price_matched,7,SPGI,64040,S&P GLOBAL INC.,65.90163934426229,-2.613681839595254,2018-02-09 16:41:00.0,20171231,20161231,0000064040-18-000061,current_SEC_mapping_to_historical_prices,unknown,1.0976339345958346,0.9572633079326791,0.9390513888553762,1.0710121886592474,1.039497122499315,1.0122071274549818,-0.05517241379310345,0.9509190777392369
2018-08-16,price_matched,8,GILD,882095,GILEAD SCIENCES INC,65.73770491803279,-3.208666419424513,2018-02-26 17:58:00.0,20171231,20161231,0000882095-18-000008,current_SEC_mapping_to_historical_prices,unknown,0.9930833367516074,1.0326887182975144,0.8257314034438913,0.8590654820664693,0.8810219163471061,1.3284896067577916,-0.10343895394334333,0.9671898226555837
2018-08-16,price_matched,9,VC,1111335,VISTEON CORP,64.91803278688525,-2.5208659442534946,2018-02-22 07:52:00.0,20171231,20161231,0001111335-18-000004,current_SEC_mapping_to_historical_prices,unknown,1.0545089473982363,0.9254472247246789,1.0428222656249997,0.9952546662448593,1.0132620540762824,1.0139022134889903,-0.017795138888888888,0.9406366016971626
2018-08-16,price_matched,10,ET,1276187,"ENERGY TRANSFER EQUITY, L.P.",64.26229508196721,-2.428642413847965,2018-02-23 16:58:00.0,20171231,20161231,0001276187-18-000011,current_SEC_mapping_to_historical_prices,unknown,0.9934151453301636,1.0801735852729886,0.7180338374705774,1.274628837443382,1.0094605914364891,0.6871819075259097,-0.04029172367414141,0.9459886812320983
2018-08-16,price_matched,11,SMG,825542,SCOTTS MIRACLE-GRO CO,63.934426229508205,-2.209826015246724,2017-11-28 17:27:00.0,20170930,20160930,0001546380-17-000042,current_SEC_mapping_to_historical_prices,unknown,1.4766223002640166,0.9758577383240704,1.097087014258833,1.0542255207086426,1.023592010734261,1.0088102522870321,-0.04939934473971606,1.0404340041631355
2018-08-16,price_matched,12,GPK,1408075,GRAPHIC PACKAGING HOLDING CO,63.68852459016393,-2.846378977674558,2018-02-23 16:37:00.0,20171231,20161231,0001408075-18-000015,current_SEC_mapping_to_historical_prices,unknown,0.7307390169069412,1.1276666957856631,0.9952945723772281,1.0245689956027082,0.9583842495065911,0.940348919027243,-0.04441702652683529,1.011401674077369
2018-08-16,price_matched,13,CC,1627223,CHEMOURS CO,63.60655737704918,-2.3454037711297904,2018-02-16 16:13:00.0,20171231,20161231,0001564590-18-002325,current_SEC_mapping_to_historical_prices,unknown,0.9969514707094012,0.7246009122006841,0.9102345055481492,1.145,1.1168632540313044,0.5629166939397623,0.014671602906897025,0.9007008529761027
2018-08-16,price_matched,14,CHE,19584,CHEMED CORP,62.95081967213114,-2.9666987834287792,2018-02-26 10:35:00.0,20171231,20161231,0001157523-18-000411,current_SEC_mapping_to_historical_prices,unknown,0.8144519634509985,0.9448832483793174,0.9761966088331171,1.0569751300193229,1.1083624515979194,1.0745872498194493,-0.06990889387908603,1.0019178941846023
2018-08-16,price_matched,15,BWXT,1486957,"BWX TECHNOLOGIES, INC.",62.70491803278689,-2.402196429921095,2018-02-27 16:55:00.0,20171231,20161231,0001486957-18-000007,current_SEC_mapping_to_historical_prices,unknown,1.2786984219012596,1.0024749749809445,0.7717040340149336,1.088460846409682,1.1638981492010327,0.9107543538863095,-0.04339678066083877,0.9930467008479242
2018-08-16,price_matched,16,VYX,70866,NCR CORP,61.39344262295082,-2.800145325167066,2018-02-26 16:23:00.0,20171231,20161231,0000070866-18-000010,current_SEC_mapping_to_historical_prices,unknown,0.9947444859120332,0.9850053458242833,0.9708637782629738,0.9958734525447043,1.1853062735179816,1.0106499767311432,-0.0683302848183956,0.9746244149266488
2018-08-16,price_matched,17,MTD,1037646,METTLER TOLEDO INTERNATIONAL INC/,60.49180327868853,-2.5471851636597345,2018-02-08 17:34:00.0,20171231,20161231,0001037646-18-000006,current_SEC_mapping_to_historical_prices,unknown,1.069391233357291,0.9913278474818435,1.0525455176042235,1.0864329293210384,1.1513672529088597,0.9893451568781725,-0.0550446014499148,0.9585900330356277
2018-08-16,price_matched,18,JELD,1674335,"JELD-WEN HOLDING, INC.",57.049180327868854,-2.791743760670261,2018-03-06 16:36:00.0,20171231,20161231,0001674335-18-000038,current_SEC_mapping_to_historical_prices,unknown,1.0844464306454706,0.9373627050245821,0.8924093127078923,1.0264904075734722,1.0618074855666368,1.0077015209706401,-0.08906997701663324,0.7723228372446036
2018-08-16,price_matched,19,FBIN,1519751,"FORTUNE BRANDS HOME & SECURITY, INC.",53.68852459016394,-2.5831736169044217,2018-02-28 16:18:00.0,20171231,20161231,0001193125-18-063999,current_SEC_mapping_to_historical_prices,unknown,0.9514013771602234,0.9897152718155791,0.9763929055724946,1.0598607795542538,1.0627126086703749,0.997714729886614,-0.023170156403091773,0.9880212577084547
2018-08-16,price_matched,20,PBI,78814,PITNEY BOWES INC /DE/,51.80327868852459,-2.4448056420401794,2018-02-22 15:37:00.0,20171231,20161231,0000078814-18-000004,current_SEC_mapping_to_historical_prices,unknown,1.1047509878330788,1.0789384294846127,1.001320597494876,1.0420871403095484,1.0913890247803353,0.9895220211940496,-0.035107501967070014,0.9662851396298967
2018-09-14,price_matched,1,DGX,1022079,QUEST DIAGNOSTICS INC,78.59649122807018,-2.649510405844355,2018-02-23 16:20:00.0,20171231,20161231,0001022079-18-000038,current_SEC_mapping_to_historical_prices,unknown,0.9727291345814141,0.9945945789580258,1.0269290244469749,1.0258150365934797,1.0041501675296984,1.0148486410307598,-0.038369989526801866,0.9812342748616939
2018-09-14,price_matched,2,ZTS,1555280,ZOETIS INC.,69.03508771929825,-2.6670876017867635,2018-02-15 12:31:00.0,20171231,20161231,0001555280-18-000053,current_SEC_mapping_to_historical_prices,unknown,1.006796908586089,0.9904275939597378,0.9082033440996033,1.085720130932897,1.0552535395861407,0.900790026120539,-0.0561378989051945,0.9645629317656254
2018-09-14,price_matched,3,CC,1627223,CHEMOURS CO,68.50877192982456,-2.3454037711297904,2018-02-16 16:13:00.0,20171231,20161231,0001564590-18-002325,current_SEC_mapping_to_historical_prices,unknown,0.9969514707094012,0.7246009122006841,0.9102345055481492,1.145,1.1168632540313044,0.5629166939397623,0.014671602906897025,0.9007008529761027
2018-09-14,price_matched,4,WLK,1262823,WESTLAKE CHEMICAL CORP,67.80701754385964,-2.3730584133247947,2018-02-21 13:37:00.0,20171231,20161231,0001262823-18-000008,current_SEC_mapping_to_historical_prices,unknown,0.7489449902582597,0.878475437900164,0.96257849976338,1.5841213553979512,0.6930245651219977,0.976258304098472,-0.01937727724412057,0.944819311779544
2018-09-14,price_matched,5,TAP,24545,MOLSON COORS BREWING CO,67.28070175438596,-1.956083657895788,2018-02-14 11:49:00.0,20171231,20161231,0000024545-18-000009,current_SEC_mapping_to_historical_prices,unknown,0.49411537598831246,0.8930669952539296,1.000840370914529,2.2523643807574207,0.5670872535982744,0.8468477628972386,-0.014946986302728544,0.9335718190189878
2018-09-14,price_matched,6,COR,1140859,AMERISOURCEBERGEN CORP,67.28070175438596,-2.5447970634974393,2017-11-21 17:03:00.0,20170930,20160930,0001140859-17-000047,current_SEC_mapping_to_historical_prices,unknown,1.0767214135322007,0.9801435678850535,0.9483689296245612,1.0428611062879631,1.0354631841239397,0.976092230278002,-0.03226975969002564,0.998378957628028
2018-09-14,price_matched,7,WHR,106640,WHIRLPOOL CORP /DE/,66.49122807017544,-2.7091506416217968,2018-02-13 17:29:00.0,20171231,20161231,0000106640-18-000019,current_SEC_mapping_to_historical_prices,unknown,0.958286306463333,1.0514542901507185,0.9643127021677302,1.0258229558837726,1.0651172547545071,0.9898244229773896,-0.04561333466413814,1.0684165374400183
2018-09-14,price_matched,8,GILD,882095,GILEAD SCIENCES INC,62.631578947368425,-3.208666419424513,2018-02-26 17:58:00.0,20171231,20161231,0000882095-18-000008,current_SEC_mapping_to_historical_prices,unknown,0.9930833367516074,1.0326887182975144,0.8257314034438913,0.8590654820664693,0.8810219163471061,1.3284896067577916,-0.10343895394334333,0.9671898226555837
2018-09-14,price_matched,9,VC,1111335,VISTEON CORP,60.78947368421053,-2.5208659442534946,2018-02-22 07:52:00.0,20171231,20161231,0001111335-18-000004,current_SEC_mapping_to_historical_prices,unknown,1.0545089473982363,0.9254472247246789,1.0428222656249997,0.9952546662448593,1.0132620540762824,1.0139022134889903,-0.017795138888888888,0.9406366016971626
2018-09-14,price_matched,10,CE,1306830,CELANESE CORP,59.210526315789465,-2.19310151107039,2018-02-09 16:29:00.0,20171231,20161231,0001306830-18-000030,current_SEC_mapping_to_historical_prices,unknown,1.0803990939664183,1.0566322915460964,1.1328074548472171,1.1393579513824457,1.0342664593053397,0.9620803056877976,0.004193751310547285,1.0765058852327678
2018-09-14,price_matched,11,ST,1477294,SENSATA TECHNOLOGIES HOLDING N.V.,58.859649122807014,-2.5085932694428656,2018-02-01 09:09:00.0,20171231,20161231,0001477294-18-000023,current_SEC_mapping_to_historical_prices,unknown,1.077469993936292,0.9906191135887447,0.9099248938362119,1.0326157422442954,1.011328197836195,0.9988403649821073,-0.022478120612359362,0.9508945830576861
2018-09-14,price_matched,12,ADM,7084,ARCHER DANIELS MIDLAND CO,56.05263157894738,-2.4802074999341333,2018-02-16 16:02:00.0,20171231,20161231,0000007084-18-000012,current_SEC_mapping_to_historical_prices,unknown,1.0475530591226896,1.007097721529717,1.0988111248052788,0.9756520065441248,1.0180546736525213,1.0316851190938783,-0.015414258188824663,0.9706676711736167
2018-09-14,price_matched,13,WCN,1318220,"WASTE CONNECTIONS, INC.",54.03508771929825,-2.530265225905841,2018-02-15 06:09:00.0,20171231,20161231,0001144204-18-009150,current_SEC_mapping_to_historical_prices,unknown,0.8332233101674692,1.0101197502706973,0.9890261815909424,1.3716457095563417,0.7741289966830112,0.7834307416927717,-0.05080809053523768,1.0085386578680466
2018-09-14,price_matched,14,FAST,815556,FASTENAL CO,53.94736842105263,-2.1212620694970292,2018-02-05 11:48:00.0,20171231,20161231,0000815556-18-000010,current_SEC_mapping_to_historical_prices,unknown,1.097619555676009,1.0063310826114868,1.5384215884067487,1.1081524482584553,0.8490645468481443,0.9898268147554582,-0.002267651606253221,1.0678625283933652
2018-09-14,price_matched,15,GWW,277135,GRAINGER W W INC,52.368421052631575,-2.8130663108995644,2018-02-26 17:02:00.0,20171231,20161231,0000277135-18-000007,current_SEC_mapping_to_historical_prices,unknown,1.0535722700094954,1.0326426095517391,0.9443504577140694,1.0283760689831238,0.9611339627574406,0.9898855378638349,-0.08111757342114939,1.0615844121346094
2018-09-14,price_matched,16,PBI,78814,PITNEY BOWES INC /DE/,51.31578947368421,-2.4448056420401794,2018-02-22 15:37:00.0,20171231,20161231,0000078814-18-000004,current_SEC_mapping_to_historical_prices,unknown,1.1047509878330788,1.0789384294846127,1.001320597494876,1.0420871403095484,1.0913890247803353,0.9895220211940496,-0.035107501967070014,0.9662851396298967
2018-09-14,price_matched,17,TDC,816761,TERADATA CORP /DE/,51.14035087719297,-3.2695819677265776,2018-02-23 13:59:00.0,20171231,20161231,0000816761-18-000007,current_SEC_mapping_to_historical_prices,unknown,1.0887863440001082,0.9832772836087837,0.9296181437931016,0.9285099052540913,1.033835683033544,1.0575306793034849,-0.1529733959311424,1.1482130968746795
2018-09-14,price_matched,18,CVSA,730464,ADTALEM GLOBAL EDUCATION INC.,49.12280701754386,-3.0468256011500072,2018-08-24 12:50:00.0,20180630,20170630,0001144204-18-046216,current_SEC_mapping_to_historical_prices,unknown,0.9681998677241159,0.9915412478107296,0.9240780403731037,1.019291188326273,0.8549381932799952,0.9917634537150969,-0.0876006040185743,1.2889598733434942
2018-10-12,price_matched,1,PKG,75677,PACKAGING CORP OF AMERICA,74.83870967741936,-2.4241447783622156,2018-02-28 10:17:00.0,20171231,20161231,0001564590-18-003690,current_SEC_mapping_to_historical_prices,unknown,1.0807754050503942,0.9663739865557947,1.0678427908354224,1.1152275480186884,0.9471674259195753,0.9947015906986052,-0.030254134731746672,0.9515949853546396
2018-10-12,price_matched,2,WHR,106640,WHIRLPOOL CORP /DE/,73.46774193548387,-2.7091506416217968,2018-02-13 17:29:00.0,20171231,20161231,0000106640-18-000019,current_SEC_mapping_to_historical_prices,unknown,0.958286306463333,1.0514542901507185,0.9643127021677302,1.0258229558837726,1.0651172547545071,0.9898244229773896,-0.04561333466413814,1.0684165374400183
2018-10-12,price_matched,3,EMN,915389,EASTMAN CHEMICAL CO,70.64516129032258,-2.313501114424296,2018-03-01 11:47:00.0,20171231,20161231,0000915389-18-000016,current_SEC_mapping_to_historical_prices,unknown,1.1919603682741906,1.015132704642871,0.957405984490572,1.0600577264653641,1.0394163150492264,0.937977314583297,-0.017063566472904558,0.9688641639905111
2018-10-12,price_matched,4,SPGI,64040,S&P GLOBAL INC.,68.95161290322582,-2.613681839595254,2018-02-09 16:41:00.0,20171231,20161231,0000064040-18-000061,current_SEC_mapping_to_historical_prices,unknown,1.0976339345958346,0.9572633079326791,0.9390513888553762,1.0710121886592474,1.039497122499315,1.0122071274549818,-0.05517241379310345,0.9509190777392369
2018-10-12,price_matched,5,GWW,277135,GRAINGER W W INC,68.38709677419355,-2.8130663108995644,2018-02-26 17:02:00.0,20171231,20161231,0000277135-18-000007,current_SEC_mapping_to_historical_prices,unknown,1.0535722700094954,1.0326426095517391,0.9443504577140694,1.0283760689831238,0.9611339627574406,0.9898855378638349,-0.08111757342114939,1.0615844121346094
2018-10-12,price_matched,6,NWL,814453,NEWELL BRANDS INC,67.17741935483872,-2.240003278958198,2018-03-01 17:22:00.0,20171231,20161231,0001193125-18-067603,current_SEC_mapping_to_historical_prices,unknown,0.875852084701051,0.9606472632795167,1.0434290936513444,1.11144451145959,0.8538962808374086,1.0248671078390479,0.05482941256356476,0.9309803091276844
2018-10-12,price_matched,7,SITE,1650729,"SITEONE LANDSCAPE SUPPLY, INC.",66.37096774193549,-2.0255965480225036,2018-02-28 06:03:00.0,20171231,20161231,0001650729-18-000005,current_SEC_mapping_to_historical_prices,unknown,1.1519635454393182,0.9781718366452434,1.0406822702809464,1.1295352505763863,0.8942234848484849,0.9957617876375318,0.042055561655869114,0.9730931698921582
2018-10-12,price_matched,8,VMC,1396009,VULCAN MATERIALS CO,65.88709677419355,-2.444795194384296,2018-02-27 10:53:00.0,20171231,20161231,0001396009-18-000011,current_SEC_mapping_to_historical_prices,unknown,1.005999700226542,1.083120522269531,0.9641476305515964,1.082843469767724,1.1316315445856644,0.9496818742223848,-0.004575854683657077,1.2324051783576506
2018-10-12,price_matched,9,ST,1477294,SENSATA TECHNOLOGIES HOLDING N.V.,65.7258064516129,-2.5085932694428656,2018-02-01 09:09:00.0,20171231,20161231,0001477294-18-000023,current_SEC_mapping_to_historical_prices,unknown,1.077469993936292,0.9906191135887447,0.9099248938362119,1.0326157422442954,1.011328197836195,0.9988403649821073,-0.022478120612359362,0.9508945830576861
2018-10-12,price_matched,10,CE,1306830,CELANESE CORP,64.75806451612902,-2.19310151107039,2018-02-09 16:29:00.0,20171231,20161231,0001306830-18-000030,current_SEC_mapping_to_historical_prices,unknown,1.0803990939664183,1.0566322915460964,1.1328074548472171,1.1393579513824457,1.0342664593053397,0.9620803056877976,0.004193751310547285,1.0765058852327678
2018-10-12,price_matched,11,FAST,815556,FASTENAL CO,64.03225806451613,-2.1212620694970292,2018-02-05 11:48:00.0,20171231,20161231,0000815556-18-000010,current_SEC_mapping_to_historical_prices,unknown,1.097619555676009,1.0063310826114868,1.5384215884067487,1.1081524482584553,0.8490645468481443,0.9898268147554582,-0.002267651606253221,1.0678625283933652
2018-10-12,price_matched,12,JELD,1674335,"JELD-WEN HOLDING, INC.",63.95161290322582,-2.791743760670261,2018-03-06 16:36:00.0,20171231,20161231,0001674335-18-000038,current_SEC_mapping_to_historical_prices,unknown,1.0844464306454706,0.9373627050245821,0.8924093127078923,1.0264904075734722,1.0618074855666368,1.0077015209706401,-0.08906997701663324,0.7723228372446036
2018-10-12,price_matched,13,FBIN,1519751,"FORTUNE BRANDS HOME & SECURITY, INC.",63.54838709677419,-2.5831736169044217,2018-02-28 16:18:00.0,20171231,20161231,0001193125-18-063999,current_SEC_mapping_to_historical_prices,unknown,0.9514013771602234,0.9897152718155791,0.9763929055724946,1.0598607795542538,1.0627126086703749,0.997714729886614,-0.023170156403091773,0.9880212577084547
2018-10-12,price_matched,14,GPK,1408075,GRAPHIC PACKAGING HOLDING CO,63.145161290322584,-2.846378977674558,2018-02-23 16:37:00.0,20171231,20161231,0001408075-18-000015,current_SEC_mapping_to_historical_prices,unknown,0.7307390169069412,1.1276666957856631,0.9952945723772281,1.0245689956027082,0.9583842495065911,0.940348919027243,-0.04441702652683529,1.011401674077369
2018-10-12,price_matched,15,VC,1111335,VISTEON CORP,62.58064516129031,-2.5208659442534946,2018-02-22 07:52:00.0,20171231,20161231,0001111335-18-000004,current_SEC_mapping_to_historical_prices,unknown,1.0545089473982363,0.9254472247246789,1.0428222656249997,0.9952546662448593,1.0132620540762824,1.0139022134889903,-0.017795138888888888,0.9406366016971626
2018-10-12,price_matched,16,DGX,1022079,QUEST DIAGNOSTICS INC,60.241935483870975,-2.649510405844355,2018-02-23 16:20:00.0,20171231,20161231,0001022079-18-000038,current_SEC_mapping_to_historical_prices,unknown,0.9727291345814141,0.9945945789580258,1.0269290244469749,1.0258150365934797,1.0041501675296984,1.0148486410307598,-0.038369989526801866,0.9812342748616939
2018-10-12,price_matched,17,CSL,790051,CARLISLE COMPANIES INC,59.83870967741935,-2.3769279198372364,2018-02-16 15:41:00.0,20171231,20161231,0000790051-18-000095,current_SEC_mapping_to_historical_prices,unknown,1.1552852474872741,1.1217914962063433,1.0871496218940395,1.1127768406159875,1.0827948216954038,0.9956126838772277,-0.017585569266764783,1.5134397274190419
2018-10-12,price_matched,18,VYX,70866,NCR CORP,58.70967741935483,-2.800145325167066,2018-02-26 16:23:00.0,20171231,20161231,0000070866-18-000010,current_SEC_mapping_to_historical_prices,unknown,0.9947444859120332,0.9850053458242833,0.9708637782629738,0.9958734525447043,1.1853062735179816,1.0106499767311432,-0.0683302848183956,0.9746244149266488
2018-10-12,price_matched,19,WCC,929008,WESCO INTERNATIONAL INC,57.58064516129032,-2.3559065159987287,2018-02-21 19:18:00.0,20171231,20161231,0000929008-18-000004,current_SEC_mapping_to_historical_prices,unknown,1.0806391026138562,1.0210556757076141,0.9354590732330526,1.0467561620972252,1.0372983464233771,1.0012759303075442,0.003027789439185314,0.9849563485190029
2018-10-12,price_matched,20,SON,91767,SONOCO PRODUCTS CO,57.33870967741935,-2.504601118419032,2018-02-28 14:34:00.0,20171231,20161231,0001193125-18-063468,current_SEC_mapping_to_historical_prices,unknown,1.1012102893110924,1.0397882415810382,1.03714781658799,1.053058650682424,1.0633554460181607,1.0203120868653826,-0.038179827154843395,1.0801455551805075
2018-11-09,price_matched,1,IBM,51143,INTERNATIONAL BUSINESS MACHINES CORP,79.29687499999999,-2.9085705424631634,2018-02-27 17:14:00.0,20171231,20161231,0001047469-18-001117,current_SEC_mapping_to_historical_prices,unknown,0.9819206106175127,1.0467401408692911,0.9632691477131059,0.9902401181195961,0.9713878657305982,0.9637465527788147,-0.0875187466096557,1.0199272224572458
2018-11-09,price_matched,2,ADM,7084,ARCHER DANIELS MIDLAND CO,71.32812500000001,-2.4802074999341333,2018-02-16 16:02:00.0,20171231,20161231,0000007084-18-000012,current_SEC_mapping_to_historical_prices,unknown,1.0475530591226896,1.007097721529717,1.0988111248052788,0.9756520065441248,1.0180546736525213,1.0316851190938783,-0.015414258188824663,0.9706676711736167
2018-11-09,price_matched,3,ET,1276187,"ENERGY TRANSFER EQUITY, L.P.",70.46875,-2.428642413847965,2018-02-23 16:58:00.0,20171231,20161231,0001276187-18-000011,current_SEC_mapping_to_historical_prices,unknown,0.9934151453301636,1.0801735852729886,0.7180338374705774,1.274628837443382,1.0094605914364891,0.6871819075259097,-0.04029172367414141,0.9459886812320983
2018-11-09,price_matched,4,BWXT,1486957,"BWX TECHNOLOGIES, INC.",68.59375,-2.402196429921095,2018-02-27 16:55:00.0,20171231,20161231,0001486957-18-000007,current_SEC_mapping_to_historical_prices,unknown,1.2786984219012596,1.0024749749809445,0.7717040340149336,1.088460846409682,1.1638981492010327,0.9107543538863095,-0.04339678066083877,0.9930467008479242
2018-11-09,price_matched,5,CC,1627223,CHEMOURS CO,65.23437499999999,-2.3454037711297904,2018-02-16 16:13:00.0,20171231,20161231,0001564590-18-002325,current_SEC_mapping_to_historical_prices,unknown,0.9969514707094012,0.7246009122006841,0.9102345055481492,1.145,1.1168632540313044,0.5629166939397623,0.014671602906897025,0.9007008529761027
2018-11-09,price_matched,6,AMGN,318154,AMGEN INC,64.0625,-3.023580407474401,2018-02-13 16:48:00.0,20171231,20161231,0000318154-18-000004,current_SEC_mapping_to_historical_prices,unknown,1.0291049065376459,0.9964167137865542,0.9284128066003361,0.9938236701317907,1.0272220441975837,0.9680493198617851,-0.11504114866047978,1.0134035213349832
2018-11-09,price_matched,7,FBIN,1519751,"FORTUNE BRANDS HOME & SECURITY, INC.",63.671875,-2.5831736169044217,2018-02-28 16:18:00.0,20171231,20161231,0001193125-18-063999,current_SEC_mapping_to_historical_prices,unknown,0.9514013771602234,0.9897152718155791,0.9763929055724946,1.0598607795542538,1.0627126086703749,0.997714729886614,-0.023170156403091773,0.9880212577084547
2018-11-09,price_matched,8,GILD,882095,GILEAD SCIENCES INC,63.4375,-3.208666419424513,2018-02-26 17:58:00.0,20171231,20161231,0000882095-18-000008,current_SEC_mapping_to_historical_prices,unknown,0.9930833367516074,1.0326887182975144,0.8257314034438913,0.8590654820664693,0.8810219163471061,1.3284896067577916,-0.10343895394334333,0.9671898226555837
2018-11-09,price_matched,9,JBTM,1433660,JOHN BEAN TECHNOLOGIES CORP,62.73437500000001,-2.3096901841386166,2018-02-28 15:56:00.0,20171231,20161231,0001433660-18-000004,current_SEC_mapping_to_historical_prices,unknown,1.0031803510113018,1.0097978386024924,0.987929334531148,1.2107367641614217,0.9535908033361344,1.027282329345691,-0.017320684202961047,0.7853728164655784
2018-11-09,price_matched,10,SITE,1650729,"SITEONE LANDSCAPE SUPPLY, INC.",60.312500000000014,-2.0255965480225036,2018-02-28 06:03:00.0,20171231,20161231,0001650729-18-000005,current_SEC_mapping_to_historical_prices,unknown,1.1519635454393182,0.9781718366452434,1.0406822702809464,1.1295352505763863,0.8942234848484849,0.9957617876375318,0.042055561655869114,0.9730931698921582
2018-11-09,price_matched,11,COHR,820318,II-VI INC,55.15624999999999,-2.588257776772837,2018-08-28 17:29:00.0,20180630,20170630,0001564590-18-022409,current_SEC_mapping_to_historical_prices,unknown,0.9327695577321338,1.0036306777098318,0.9778970086440306,1.19211847998963,1.0854967033327672,0.9949563400079868,-0.04144497721184723,1.0842245424703107
2018-11-09,price_matched,12,AVNT,1122976,POLYONE CORP,47.890625,-2.809207783887013,2018-02-15 14:34:00.0,20171231,20161231,0001122976-18-000007,current_SEC_mapping_to_historical_prices,unknown,1.096468097954212,1.0350766835029823,0.8752726619424614,1.0991288368610903,1.0199453740044526,1.0278448179454744,-0.09614460503456179,1.0677547497446047
2018-11-09,price_matched,13,CLF,764065,CLEVELAND-CLIFFS INC.,46.875,-1.8340364779826768,2018-02-14 12:07:00.0,20171231,20161231,0000764065-18-000035,current_SEC_mapping_to_historical_prices,unknown,0.9887583306173985,0.8573475692366201,2.0285257810575805,1.1048838311996207,1.4032732557274066,0.8128749851182647,0.009785332159544932,0.6997001462622766
2018-11-09,price_matched,14,MMSI,856982,MERIT MEDICAL SYSTEMS INC,36.640625,-2.3118085490937688,2018-03-01 16:53:00.0,20171231,20161231,0000856982-18-000007,current_SEC_mapping_to_historical_prices,unknown,1.08734867642218,0.9791629430467015,1.0085641986765024,1.2053762764185096,0.9704952797930546,1.0308861162145848,-0.03166365506367539,0.7888784198954318
2018-12-11,price_matched,1,SPGI,64040,S&P GLOBAL INC.,79.66101694915254,-2.613681839595254,2018-02-09 16:41:00.0,20171231,20161231,0000064040-18-000061,current_SEC_mapping_to_historical_prices,unknown,1.0976339345958346,0.9572633079326791,0.9390513888553762,1.0710121886592474,1.039497122499315,1.0122071274549818,-0.05517241379310345,0.9509190777392369
2018-12-11,price_matched,2,CC,1627223,CHEMOURS CO,73.22033898305085,-2.3454037711297904,2018-02-16 16:13:00.0,20171231,20161231,0001564590-18-002325,current_SEC_mapping_to_historical_prices,unknown,0.9969514707094012,0.7246009122006841,0.9102345055481492,1.145,1.1168632540313044,0.5629166939397623,0.014671602906897025,0.9007008529761027
2018-12-11,price_matched,3,EMN,915389,EASTMAN CHEMICAL CO,72.71186440677967,-2.313501114424296,2018-03-01 11:47:00.0,20171231,20161231,0000915389-18-000016,current_SEC_mapping_to_historical_prices,unknown,1.1919603682741906,1.015132704642871,0.957405984490572,1.0600577264653641,1.0394163150492264,0.937977314583297,-0.017063566472904558,0.9688641639905111
2018-12-11,price_matched,4,HAS,46080,HASBRO INC,68.72881355932203,-2.7796775470049493,2018-02-26 17:16:00.0,20171231,20161231,0001193125-18-058659,current_SEC_mapping_to_historical_prices,unknown,1.025903825433068,1.0176670403179584,0.841864678956635,1.0378419792574318,0.8707869081365532,0.9757029563518838,-0.061960690610915005,1.00645612863019
2018-12-11,price_matched,5,ADM,7084,ARCHER DANIELS MIDLAND CO,66.27118644067797,-2.4802074999341333,2018-02-16 16:02:00.0,20171231,20161231,0000007084-18-000012,current_SEC_mapping_to_historical_prices,unknown,1.0475530591226896,1.007097721529717,1.0988111248052788,0.9756520065441248,1.0180546736525213,1.0316851190938783,-0.015414258188824663,0.9706676711736167
2018-12-11,price_matched,6,VC,1111335,VISTEON CORP,66.1864406779661,-2.5208659442534946,2018-02-22 07:52:00.0,20171231,20161231,0001111335-18-000004,current_SEC_mapping_to_historical_prices,unknown,1.0545089473982363,0.9254472247246789,1.0428222656249997,0.9952546662448593,1.0132620540762824,1.0139022134889903,-0.017795138888888888,0.9406366016971626
2018-12-11,price_matched,7,CE,1306830,CELANESE CORP,64.57627118644068,-2.19310151107039,2018-02-09 16:29:00.0,20171231,20161231,0001306830-18-000030,current_SEC_mapping_to_historical_prices,unknown,1.0803990939664183,1.0566322915460964,1.1328074548472171,1.1393579513824457,1.0342664593053397,0.9620803056877976,0.004193751310547285,1.0765058852327678
2018-12-11,price_matched,8,BWXT,1486957,"BWX TECHNOLOGIES, INC.",64.49152542372883,-2.402196429921095,2018-02-27 16:55:00.0,20171231,20161231,0001486957-18-000007,current_SEC_mapping_to_historical_prices,unknown,1.2786984219012596,1.0024749749809445,0.7717040340149336,1.088460846409682,1.1638981492010327,0.9107543538863095,-0.04339678066083877,0.9930467008479242
2018-12-11,price_matched,9,ALB,915913,ALBEMARLE CORP,64.32203389830508,-2.40305960238267,2018-02-27 17:57:00.0,20171231,20161231,0000915913-18-000005,current_SEC_mapping_to_historical_prices,unknown,0.9580810434123496,1.0033464303413189,1.1734479213007534,1.147457252961393,1.1063322014880295,1.0030575518255629,-0.03214247561404206,0.8445674869979768
2018-12-11,price_matched,10,IBM,51143,INTERNATIONAL BUSINESS MACHINES CORP,63.389830508474574,-2.9085705424631634,2018-02-27 17:14:00.0,20171231,20161231,0001047469-18-001117,current_SEC_mapping_to_historical_prices,unknown,0.9819206106175127,1.0467401408692911,0.9632691477131059,0.9902401181195961,0.9713878657305982,0.9637465527788147,-0.0875187466096557,1.0199272224572458
2018-12-11,price_matched,11,ET,1276187,"ENERGY TRANSFER EQUITY, L.P.",62.796610169491515,-2.428642413847965,2018-02-23 16:58:00.0,20171231,20161231,0001276187-18-000011,current_SEC_mapping_to_historical_prices,unknown,0.9934151453301636,1.0801735852729886,0.7180338374705774,1.274628837443382,1.0094605914364891,0.6871819075259097,-0.04029172367414141,0.9459886812320983
2018-12-11,price_matched,12,FLS,30625,FLOWSERVE CORP,60.84745762711864,-2.798425462021501,2018-02-28 16:04:00.0,20171231,20161231,0001628280-18-002486,current_SEC_mapping_to_historical_prices,unknown,1.058029902325759,1.0406709053412087,0.9552610555031643,0.9173895316536553,0.923348531286624,1.0172699874943372,-0.06280737867668172,0.9873487989615856
2018-12-11,price_matched,13,DGX,1022079,QUEST DIAGNOSTICS INC,59.57627118644068,-2.649510405844355,2018-02-23 16:20:00.0,20171231,20161231,0001022079-18-000038,current_SEC_mapping_to_historical_prices,unknown,0.9727291345814141,0.9945945789580258,1.0269290244469749,1.0258150365934797,1.0041501675296984,1.0148486410307598,-0.038369989526801866,0.9812342748616939
2018-12-11,price_matched,14,FBIN,1519751,"FORTUNE BRANDS HOME & SECURITY, INC.",58.644067796610166,-2.5831736169044217,2018-02-28 16:18:00.0,20171231,20161231,0001193125-18-063999,current_SEC_mapping_to_historical_prices,unknown,0.9514013771602234,0.9897152718155791,0.9763929055724946,1.0598607795542538,1.0627126086703749,0.997714729886614,-0.023170156403091773,0.9880212577084547
2018-12-11,price_matched,15,WLK,1262823,WESTLAKE CHEMICAL CORP,58.05084745762713,-2.3730584133247947,2018-02-21 13:37:00.0,20171231,20161231,0001262823-18-000008,current_SEC_mapping_to_historical_prices,unknown,0.7489449902582597,0.878475437900164,0.96257849976338,1.5841213553979512,0.6930245651219977,0.976258304098472,-0.01937727724412057,0.944819311779544
2018-12-11,price_matched,16,TMUS,1283699,"T-MOBILE US, INC.",57.288135593220346,-2.514222958530855,2018-02-08 06:16:00.0,20171231,20161231,0001283699-18-000011,current_SEC_mapping_to_historical_prices,unknown,0.9325606080255651,0.9962184646213285,1.1987852588629275,1.0830621499066417,1.0749129388095173,0.994799909137882,-0.04855235746779474,0.7153384481081068
2018-12-11,price_matched,17,GILD,882095,GILEAD SCIENCES INC,57.11864406779662,-3.208666419424513,2018-02-26 17:58:00.0,20171231,20161231,0000882095-18-000008,current_SEC_mapping_to_historical_prices,unknown,0.9930833367516074,1.0326887182975144,0.8257314034438913,0.8590654820664693,0.8810219163471061,1.3284896067577916,-0.10343895394334333,0.9671898226555837
2018-12-11,price_matched,18,BMY,14272,BRISTOL MYERS SQUIBB CO,56.61016949152543,-3.0121280845541825,2018-02-13 09:27:00.0,20171231,20161231,0000014272-18-000055,current_SEC_mapping_to_historical_prices,unknown,1.077039293534854,1.052790790617542,0.9159077041999283,1.0694394399547023,0.6877513576826577,0.8924190306359632,-0.12720932312002622,1.141368119187135
2018-12-11,price_matched,19,NKE,320187,NIKE INC,56.525423728813564,-3.1915838941567554,2018-07-24 18:23:00.0,20180531,20170531,0000320187-18-000142,current_SEC_mapping_to_historical_prices,unknown,0.897815973724445,1.0168262284601433,0.9481389037952694,1.0595924308588065,1.0469726973210556,1.0284588669787547,-0.13409655662051828,1.0970414394914847
2018-12-11,price_matched,20,GPK,1408075,GRAPHIC PACKAGING HOLDING CO,55.762711864406775,-2.846378977674558,2018-02-23 16:37:00.0,20171231,20161231,0001408075-18-000015,current_SEC_mapping_to_historical_prices,unknown,0.7307390169069412,1.1276666957856631,0.9952945723772281,1.0245689956027082,0.9583842495065911,0.940348919027243,-0.04441702652683529,1.011401674077369
2019-01-10,price_matched,1,BMY,14272,BRISTOL MYERS SQUIBB CO,80.49180327868852,-3.0121280845541825,2018-02-13 09:27:00.0,20171231,20161231,0000014272-18-000055,current_SEC_mapping_to_historical_prices,unknown,1.077039293534854,1.052790790617542,0.9159077041999283,1.0694394399547023,0.6877513576826577,0.8924190306359632,-0.12720932312002622,1.141368119187135
2019-01-10,price_matched,2,ALB,915913,ALBEMARLE CORP,70.1639344262295,-2.40305960238267,2018-02-27 17:57:00.0,20171231,20161231,0000915913-18-000005,current_SEC_mapping_to_historical_prices,unknown,0.9580810434123496,1.0033464303413189,1.1734479213007534,1.147457252961393,1.1063322014880295,1.0030575518255629,-0.03214247561404206,0.8445674869979768
2019-01-10,price_matched,3,KO,21344,COCA COLA CO,64.2622950819672,-2.8202441215720513,2018-02-23 11:20:00.0,20171231,20161231,0000021344-18-000008,current_SEC_mapping_to_historical_prices,unknown,1.1242898907404781,0.9697123943528154,1.0050603552532225,0.8458543343764183,1.064559857663306,0.9679746597609721,-0.0653840902885228,1.0310275191132712
2019-01-10,price_matched,4,ABT,1800,ABBOTT LABORATORIES,60.73770491803279,-1.9935062547358302,2018-02-16 16:05:00.0,20171231,20161231,0001047469-18-000856,current_SEC_mapping_to_historical_prices,unknown,1.2303737677984665,1.0321634096140406,1.6594632995610277,1.31348007480938,1.0207115290373607,1.040333127802249,-0.06679344262295082,0.9125315319993212
2019-01-10,price_matched,5,MRK,310158,"MERCK & CO., INC.",57.540983606557376,-2.725566316175098,2018-02-27 16:33:00.0,20171231,20161231,0000310158-18-000005,current_SEC_mapping_to_historical_prices,unknown,0.971650000556155,0.9551716093668975,1.042804547281035,1.0079131810988018,1.091168843876902,0.9990600426535575,-0.046123907501820834,1.045868035420685
2019-01-10,price_matched,6,MKC,63754,MCCORMICK & CO INC,57.213114754098356,-2.348584641402402,2018-01-25 16:59:00.0,20171130,20161130,0000063754-18-000008,current_SEC_mapping_to_historical_prices,unknown,1.0889355460792713,0.9984916177184673,1.3962211549198609,1.0957950810381956,1.00911328081913,0.9667904826835243,-0.03253480714051878,1.151869047359399
2019-01-10,price_matched,7,CVSA,730464,ADTALEM GLOBAL EDUCATION INC.,42.786885245901644,-3.0468256011500072,2018-08-24 12:50:00.0,20180630,20170630,0001144204-18-046216,current_SEC_mapping_to_historical_prices,unknown,0.9681998677241159,0.9915412478107296,0.9240780403731037,1.019291188326273,0.8549381932799952,0.9917634537150969,-0.0876006040185743,1.2889598733434942
2019-02-08,price_matched,1,ADM,7084,ARCHER DANIELS MIDLAND CO,81.54545454545455,-2.4802074999341333,2018-02-16 16:02:00.0,20171231,20161231,0000007084-18-000012,current_SEC_mapping_to_historical_prices,unknown,1.0475530591226896,1.007097721529717,1.0988111248052788,0.9756520065441248,1.0180546736525213,1.0316851190938783,-0.015414258188824663,0.9706676711736167
2019-02-08,price_matched,2,GILD,882095,GILEAD SCIENCES INC,78.99999999999999,-3.208666419424513,2018-02-26 17:58:00.0,20171231,20161231,0000882095-18-000008,current_SEC_mapping_to_historical_prices,unknown,0.9930833367516074,1.0326887182975144,0.8257314034438913,0.8590654820664693,0.8810219163471061,1.3284896067577916,-0.10343895394334333,0.9671898226555837
2019-02-08,price_matched,3,AMGN,318154,AMGEN INC,75.54545454545455,-3.023580407474401,2018-02-13 16:48:00.0,20171231,20161231,0000318154-18-000004,current_SEC_mapping_to_historical_prices,unknown,1.0291049065376459,0.9964167137865542,0.9284128066003361,0.9938236701317907,1.0272220441975837,0.9680493198617851,-0.11504114866047978,1.0134035213349832
2019-02-08,price_matched,4,ILMN,1110803,ILLUMINA INC,73.72727272727273,-2.5195838178189547,2018-02-12 19:09:00.0,20171231,20161231,0001110803-18-000009,current_SEC_mapping_to_historical_prices,unknown,0.9399777971067569,1.0470645947197692,0.8768843066387673,1.1476230191826522,1.06068153515227,1.0056521782414782,-0.028343161498953776,0.8915689278090799
2019-02-08,price_matched,5,ET,1276187,"ENERGY TRANSFER EQUITY, L.P.",70.0,-2.428642413847965,2018-02-23 16:58:00.0,20171231,20161231,0001276187-18-000011,current_SEC_mapping_to_historical_prices,unknown,0.9934151453301636,1.0801735852729886,0.7180338374705774,1.274628837443382,1.0094605914364891,0.6871819075259097,-0.04029172367414141,0.9459886812320983
2019-02-08,price_matched,6,PBI,78814,PITNEY BOWES INC /DE/,62.909090909090914,-2.4448056420401794,2018-02-22 15:37:00.0,20171231,20161231,0000078814-18-000004,current_SEC_mapping_to_historical_prices,unknown,1.1047509878330788,1.0789384294846127,1.001320597494876,1.0420871403095484,1.0913890247803353,0.9895220211940496,-0.035107501967070014,0.9662851396298967
2019-02-08,price_matched,7,SITE,1650729,"SITEONE LANDSCAPE SUPPLY, INC.",57.81818181818181,-2.0255965480225036,2018-02-28 06:03:00.0,20171231,20161231,0001650729-18-000005,current_SEC_mapping_to_historical_prices,unknown,1.1519635454393182,0.9781718366452434,1.0406822702809464,1.1295352505763863,0.8942234848484849,0.9957617876375318,0.042055561655869114,0.9730931698921582
2019-02-08,price_matched,8,WLK,1262823,WESTLAKE CHEMICAL CORP,52.090909090909086,-2.3730584133247947,2018-02-21 13:37:00.0,20171231,20161231,0001262823-18-000008,current_SEC_mapping_to_historical_prices,unknown,0.7489449902582597,0.878475437900164,0.96257849976338,1.5841213553979512,0.6930245651219977,0.976258304098472,-0.01937727724412057,0.944819311779544
2019-03-11,price_matched,1,GILD,882095,GILEAD SCIENCES INC,81.33333333333333,-2.8665693794591567,2019-02-25 20:03:00.0,20181231,20171231,0000882095-19-000006,current_SEC_mapping_to_historical_prices,unknown,1.0193274402575618,1.0664789229923421,0.7480823848489014,0.8475504653924235,1.2367005799369895,1.2340267525459538,-0.04625049077345897,0.9151489705532224
2019-03-11,price_matched,2,AVGO,1730168,BROADCOM INC.,78.16666666666667,-1.8944764144090462,2018-12-21 17:18:00.0,20181031,20171031,0001730168-18-000084,current_SEC_mapping_to_historical_prices,unknown,1.1489891508534855,0.937177174400203,1.1576311727025876,1.182127466545702,0.9044405538755372,1.1350758341857956,0.06741281621578485,1.0786509556500279
2019-03-11,price_matched,3,COR,1140859,AMERISOURCEBERGEN CORP,77.00000000000001,-2.337193513770748,2018-11-20 16:10:00.0,20180930,20170930,0001140859-18-000053,current_SEC_mapping_to_historical_prices,unknown,1.0013681651288373,1.0808469123213438,1.0054678436191495,1.0966138132137302,0.8841724663340272,1.0539352990213975,0.006557421351267824,0.9927004963395916
2019-03-11,price_matched,4,HAS,46080,HASBRO INC,58.833333333333336,-2.889089619933574,2019-02-26 16:35:00.0,20181231,20171231,0001193125-19-052025,current_SEC_mapping_to_historical_prices,unknown,0.9616642059733747,1.0230728946463743,1.384956366275809,0.879047530203759,1.0091712223971783,1.3022144591644536,-0.08085958014724716,1.0133571095105942
2019-03-11,price_matched,5,ALSN,1411207,ALLISON TRANSMISSION HOLDINGS INC,55.666666666666664,-2.4800102343174717,2019-02-26 16:29:00.0,20181231,20171231,0001411207-19-000050,current_SEC_mapping_to_historical_prices,unknown,1.0525790854491446,0.9539381153305204,0.9673584139721502,1.1993810786914236,1.0684769775678866,0.8873972620456413,-0.04673117772008496,0.991774868681582
2019-04-08,price_matched,1,LIVN,1639691,LIVANOVA PLC,71.875,-3.1584499702326463,2019-03-18 09:28:00.0,20181231,20171231,0001639691-19-000035,current_SEC_mapping_to_historical_prices,unknown,0.8301634682526144,0.9672333348504346,1.2431482395990416,1.0935356626694077,1.1055790705998372,1.118642487472084,-0.12153895692083111,1.3352280353713155
2019-04-08,price_matched,2,NKE,320187,NIKE INC,65.15625,-3.1915838941567554,2018-07-24 18:23:00.0,20180531,20170531,0000320187-18-000142,current_SEC_mapping_to_historical_prices,unknown,0.897815973724445,1.0168262284601433,0.9481389037952694,1.0595924308588065,1.0469726973210556,1.0284588669787547,-0.13409655662051828,1.0970414394914847
2019-04-08,price_matched,3,RBC,1324948,RBC BEARINGS INC,59.06250000000001,-2.5397088754428614,2018-05-30 16:14:00.0,20180331,20170331,0001615774-18-004515,current_SEC_mapping_to_historical_prices,unknown,0.9715134021544419,0.9756178533040106,0.9486297143192925,1.0967860926764903,0.998089756247819,1.0021312410035204,-0.03775800677487922,0.7215628930829456
2019-05-07,price_matched,1,NKE,320187,NIKE INC,80.66666666666666,-3.1915838941567554,2018-07-24 18:23:00.0,20180531,20170531,0000320187-18-000142,current_SEC_mapping_to_historical_prices,unknown,0.897815973724445,1.0168262284601433,0.9481389037952694,1.0595924308588065,1.0469726973210556,1.0284588669787547,-0.13409655662051828,1.0970414394914847
2019-05-07,price_matched,2,IBM,51143,INTERNATIONAL BUSINESS MACHINES CORP,73.66666666666667,-2.8704465353003963,2019-02-26 16:28:00.0,20181231,20171231,0001047469-19-000712,current_SEC_mapping_to_historical_prices,unknown,0.8277098363411615,1.005902069115564,0.9992875964454601,1.0057114696925662,0.951203896974282,0.9784562919899531,-0.052835907993062196,0.9716741577591748
2019-05-07,price_matched,3,SYK,310764,STRYKER CORP,67.5,-2.2825588280082667,2019-02-07 09:31:00.0,20181231,20171231,0000310764-19-000014,current_SEC_mapping_to_historical_prices,unknown,0.9707111537522097,1.0002850811465305,1.0135800867046718,1.0929765348762457,1.0240238273997637,1.024877409381017,0.03463219361709942,1.075574605858755
2019-05-07,price_matched,4,TXN,97476,TEXAS INSTRUMENTS INC,66.5,-3.0336441283258972,2019-02-22 12:17:00.0,20181231,20171231,0001564590-19-003839,current_SEC_mapping_to_historical_prices,unknown,0.8951997803683055,0.9869478619825902,0.9656624645707611,1.055009691865517,1.0761346618900711,0.9422632037823487,-0.09389041255762386,1.1984882352655866
2019-05-07,price_matched,5,ABT,1800,ABBOTT LABORATORIES,64.83333333333333,-2.730627004719995,2019-02-22 16:13:00.0,20181231,20171231,0001047469-19-000624,current_SEC_mapping_to_historical_prices,unknown,0.884308484374606,0.9358035585002991,1.0527841174128092,1.1163928441036874,0.9520080266434132,0.9505674587425804,-0.058535423458830185,0.8915546281481874
2019-05-07,price_matched,6,RHI,315213,HALF ROBERT INTERNATIONAL INC /DE/,61.50000000000001,-2.7742268406913904,2019-02-15 15:41:00.0,20181231,20171231,0001628280-19-001488,current_SEC_mapping_to_historical_prices,unknown,0.9849421358049053,0.988786036635813,1.0272226704862923,1.10129169784474,0.9026764477225189,1.0042888251280833,-0.0725312477503774,1.0749210754483987
2019-05-07,price_matched,7,COHR,820318,II-VI INC,56.50000000000001,-2.588257776772837,2018-08-28 17:29:00.0,20180630,20170630,0001564590-18-022409,current_SEC_mapping_to_historical_prices,unknown,0.9327695577321338,1.0036306777098318,0.9778970086440306,1.19211847998963,1.0854967033327672,0.9949563400079868,-0.04144497721184723,1.0842245424703107
2019-05-07,price_matched,8,IT,749251,GARTNER INC,55.333333333333336,-2.634699619687414,2019-02-22 16:32:00.0,20181231,20171231,0000749251-19-000005,current_SEC_mapping_to_historical_prices,unknown,0.8883891982555169,0.9536833272740362,1.0822722720108102,1.2005016466887755,1.097534752101349,0.9815243764678343,-0.0562288900993538,0.9723158183065671
2019-05-07,price_matched,9,XYL,1524472,XYLEM INC.,55.16666666666667,-2.41333266939427,2019-02-22 10:34:00.0,20181231,20171231,0001524472-19-000009,current_SEC_mapping_to_historical_prices,unknown,0.9748939912718074,1.0084882296032185,1.024564086553882,1.106224771616741,0.9576400254591744,0.9637423874726807,-0.005123234561063417,0.9901731242080175
2019-05-07,price_matched,10,FAST,815556,FASTENAL CO,53.833333333333336,-2.282813136064447,2019-02-06 13:04:00.0,20181231,20171231,0000815556-19-000015,current_SEC_mapping_to_historical_prices,unknown,1.0392162665593403,1.0199499164027221,0.8687067538035915,1.130873476824963,0.9594852210876724,0.9651995342834425,0.02339304531085353,1.0731035674679186
2019-05-07,price_matched,11,ALSN,1411207,ALLISON TRANSMISSION HOLDINGS INC,50.5,-2.4800102343174717,2019-02-26 16:29:00.0,20181231,20171231,0001411207-19-000050,current_SEC_mapping_to_historical_prices,unknown,1.0525790854491446,0.9539381153305204,0.9673584139721502,1.1993810786914236,1.0684769775678866,0.8873972620456413,-0.04673117772008496,0.991774868681582
2019-05-07,price_matched,12,ILMN,1110803,ILLUMINA INC,46.33333333333334,-2.605402671477571,2019-02-11 20:06:00.0,20181231,20171231,0001110803-19-000013,current_SEC_mapping_to_historical_prices,unknown,1.0326054503260544,0.9615233190091002,0.7823639927087268,1.2111191860465116,0.9170440510498147,0.9726883667595246,-0.04540882310676821,1.0555570296442889
2019-06-05,price_matched,1,RHI,315213,HALF ROBERT INTERNATIONAL INC /DE/,76.99999999999999,-2.7742268406913904,2019-02-15 15:41:00.0,20181231,20171231,0001628280-19-001488,current_SEC_mapping_to_historical_prices,unknown,0.9849421358049053,0.988786036635813,1.0272226704862923,1.10129169784474,0.9026764477225189,1.0042888251280833,-0.0725312477503774,1.0749210754483987
2019-06-05,price_matched,2,IBM,51143,INTERNATIONAL BUSINESS MACHINES CORP,73.50000000000001,-2.8704465353003963,2019-02-26 16:28:00.0,20181231,20171231,0001047469-19-000712,current_SEC_mapping_to_historical_prices,unknown,0.8277098363411615,1.005902069115564,0.9992875964454601,1.0057114696925662,0.951203896974282,0.9784562919899531,-0.052835907993062196,0.9716741577591748
2019-06-05,price_matched,3,AVGO,1730168,BROADCOM INC.,64.33333333333333,-1.8944764144090462,2018-12-21 17:18:00.0,20181031,20171031,0001730168-18-000084,current_SEC_mapping_to_historical_prices,unknown,1.1489891508534855,0.937177174400203,1.1576311727025876,1.182127466545702,0.9044405538755372,1.1350758341857956,0.06741281621578485,1.0786509556500279
2019-06-05,price_matched,4,GILD,882095,GILEAD SCIENCES INC,64.33333333333333,-2.8665693794591567,2019-02-25 20:03:00.0,20181231,20171231,0000882095-19-000006,current_SEC_mapping_to_historical_prices,unknown,1.0193274402575618,1.0664789229923421,0.7480823848489014,0.8475504653924235,1.2367005799369895,1.2340267525459538,-0.04625049077345897,0.9151489705532224
2019-06-05,price_matched,5,ST,1477294,SENSATA TECHNOLOGIES HOLDING PLC,55.49999999999999,-2.438946502775784,2019-02-06 10:42:00.0,20181231,20171231,0001477294-19-000011,current_SEC_mapping_to_historical_prices,unknown,0.9815426749954557,0.9912054067113346,0.989150419624277,1.064986801172033,1.0717784251434628,0.9503685904097433,-0.0031728439394164516,0.9781425053129738
2019-06-05,price_matched,6,COHR,820318,II-VI INC,53.16666666666667,-2.588257776772837,2018-08-28 17:29:00.0,20180630,20170630,0001564590-18-022409,current_SEC_mapping_to_historical_prices,unknown,0.9327695577321338,1.0036306777098318,0.9778970086440306,1.19211847998963,1.0854967033327672,0.9949563400079868,-0.04144497721184723,1.0842245424703107
2019-06-05,price_matched,7,FLS,30625,FLOWSERVE CORP,38.33333333333333,-2.6208148054785894,2019-02-20 16:05:00.0,20181231,20171231,0000030625-19-000009,current_SEC_mapping_to_historical_prices,unknown,0.8835018519292307,0.9597849727314832,1.0277032895397593,1.0469387961367242,0.9664660320491677,0.9996409313553112,-0.01541501950597852,0.9680213676079301
2019-07-03,price_matched,1,LIVN,1639691,LIVANOVA PLC,61.29032258064516,-3.1584499702326463,2019-03-18 09:28:00.0,20181231,20171231,0001639691-19-000035,current_SEC_mapping_to_historical_prices,unknown,0.8301634682526144,0.9672333348504346,1.2431482395990416,1.0935356626694077,1.1055790705998372,1.118642487472084,-0.12153895692083111,1.3352280353713155
2019-08-01,price_matched,1,WCN,1318220,"WASTE CONNECTIONS, INC.",75.66666666666667,-2.712513648196828,2019-02-14 06:03:00.0,20181231,20171231,0001144204-19-007493,current_SEC_mapping_to_historical_prices,unknown,1.0340445530010702,0.9951879376834505,1.0066006746914917,1.0631581379759543,0.9933261149577765,0.9678166164544882,-0.06845184757599965,1.014616055310271
2019-08-01,price_matched,2,IT,749251,GARTNER INC,72.83333333333334,-2.634699619687414,2019-02-22 16:32:00.0,20181231,20171231,0000749251-19-000005,current_SEC_mapping_to_historical_prices,unknown,0.8883891982555169,0.9536833272740362,1.0822722720108102,1.2005016466887755,1.097534752101349,0.9815243764678343,-0.0562288900993538,0.9723158183065671
2019-08-01,price_matched,3,MTD,1037646,METTLER TOLEDO INTERNATIONAL INC/,69.0,-2.574492106718113,2019-02-08 13:57:00.0,20181231,20171231,0001037646-19-000010,current_SEC_mapping_to_historical_prices,unknown,0.9404221416389529,1.0077849896797746,0.9521005623718386,1.0772583138749963,0.9681515970344787,0.9492349502856171,-0.020006514317178516,1.014717236915446
2019-08-01,price_matched,4,GILD,882095,GILEAD SCIENCES INC,67.0,-2.8665693794591567,2019-02-25 20:03:00.0,20181231,20171231,0000882095-19-000006,current_SEC_mapping_to_historical_prices,unknown,1.0193274402575618,1.0664789229923421,0.7480823848489014,0.8475504653924235,1.2367005799369895,1.2340267525459538,-0.04625049077345897,0.9151489705532224
2019-08-01,price_matched,5,FLS,30625,FLOWSERVE CORP,65.5,-2.6208148054785894,2019-02-20 16:05:00.0,20181231,20171231,0000030625-19-000009,current_SEC_mapping_to_historical_prices,unknown,0.8835018519292307,0.9597849727314832,1.0277032895397593,1.0469387961367242,0.9664660320491677,0.9996409313553112,-0.01541501950597852,0.9680213676079301
2019-08-01,price_matched,6,ILMN,1110803,ILLUMINA INC,65.33333333333334,-2.605402671477571,2019-02-11 20:06:00.0,20181231,20171231,0001110803-19-000013,current_SEC_mapping_to_historical_prices,unknown,1.0326054503260544,0.9615233190091002,0.7823639927087268,1.2111191860465116,0.9170440510498147,0.9726883667595246,-0.04540882310676821,1.0555570296442889
2019-08-01,price_matched,7,FAST,815556,FASTENAL CO,64.83333333333334,-2.282813136064447,2019-02-06 13:04:00.0,20181231,20171231,0000815556-19-000015,current_SEC_mapping_to_historical_prices,unknown,1.0392162665593403,1.0199499164027221,0.8687067538035915,1.130873476824963,0.9594852210876724,0.9651995342834425,0.02339304531085353,1.0731035674679186
2019-08-01,price_matched,8,NKE,320187,NIKE INC,63.5,-2.7878712379208235,2019-07-23 16:14:00.0,20190531,20180531,0000320187-19-000051,current_SEC_mapping_to_historical_prices,unknown,1.136348354768566,0.9813674464609246,0.7890436237934316,1.074731433909388,1.110098303517736,1.0267367407877075,-0.07901505249399166,1.1322903791090528
2019-08-01,price_matched,9,XYL,1524472,XYLEM INC.,63.0,-2.41333266939427,2019-02-22 10:34:00.0,20181231,20171231,0001524472-19-000009,current_SEC_mapping_to_historical_prices,unknown,0.9748939912718074,1.0084882296032185,1.024564086553882,1.106224771616741,0.9576400254591744,0.9637423874726807,-0.005123234561063417,0.9901731242080175
2019-08-01,price_matched,10,ST,1477294,SENSATA TECHNOLOGIES HOLDING PLC,62.000000000000014,-2.438946502775784,2019-02-06 10:42:00.0,20181231,20171231,0001477294-19-000011,current_SEC_mapping_to_historical_prices,unknown,0.9815426749954557,0.9912054067113346,0.989150419624277,1.064986801172033,1.0717784251434628,0.9503685904097433,-0.0031728439394164516,0.9781425053129738
2019-08-01,price_matched,11,ROP,882835,ROPER TECHNOLOGIES INC,61.16666666666667,-2.534060352735478,2019-02-25 11:45:00.0,20181231,20171231,0000882835-19-000010,current_SEC_mapping_to_historical_prices,unknown,0.9693031779389164,0.9842129839115497,1.0216627296926262,1.1266847531199131,0.928125,1.0101315738149472,-0.03185022459752779,0.939458158823729
2019-08-01,price_matched,12,FBIN,1519751,"FORTUNE BRANDS HOME & SECURITY, INC.",57.333333333333336,-2.6976877951993616,2019-02-25 16:32:00.0,20181231,20171231,0001193125-19-049951,current_SEC_mapping_to_historical_prices,unknown,0.9916564496553066,1.0199688487880063,1.0101322117198626,1.0381958245793348,0.9601941982179235,0.999020951067128,-0.035945411259765955,1.2633685627797333
2019-08-01,price_matched,13,ALSN,1411207,ALLISON TRANSMISSION HOLDINGS INC,52.33333333333333,-2.4800102343174717,2019-02-26 16:29:00.0,20181231,20171231,0001411207-19-000050,current_SEC_mapping_to_historical_prices,unknown,1.0525790854491446,0.9539381153305204,0.9673584139721502,1.1993810786914236,1.0684769775678866,0.8873972620456413,-0.04673117772008496,0.991774868681582
2019-08-29,price_matched,1,ILMN,1110803,ILLUMINA INC,79.35483870967742,-2.605402671477571,2019-02-11 20:06:00.0,20181231,20171231,0001110803-19-000013,current_SEC_mapping_to_historical_prices,unknown,1.0326054503260544,0.9615233190091002,0.7823639927087268,1.2111191860465116,0.9170440510498147,0.9726883667595246,-0.04540882310676821,1.0555570296442889
2019-08-29,price_matched,2,MTD,1037646,METTLER TOLEDO INTERNATIONAL INC/,75.16129032258064,-2.574492106718113,2019-02-08 13:57:00.0,20181231,20171231,0001037646-19-000010,current_SEC_mapping_to_historical_prices,unknown,0.9404221416389529,1.0077849896797746,0.9521005623718386,1.0772583138749963,0.9681515970344787,0.9492349502856171,-0.020006514317178516,1.014717236915446
2019-08-29,price_matched,3,GILD,882095,GILEAD SCIENCES INC,70.3225806451613,-2.8665693794591567,2019-02-25 20:03:00.0,20181231,20171231,0000882095-19-000006,current_SEC_mapping_to_historical_prices,unknown,1.0193274402575618,1.0664789229923421,0.7480823848489014,0.8475504653924235,1.2367005799369895,1.2340267525459538,-0.04625049077345897,0.9151489705532224
2019-08-29,price_matched,4,IBM,51143,INTERNATIONAL BUSINESS MACHINES CORP,68.5483870967742,-2.8704465353003963,2019-02-26 16:28:00.0,20181231,20171231,0001047469-19-000712,current_SEC_mapping_to_historical_prices,unknown,0.8277098363411615,1.005902069115564,0.9992875964454601,1.0057114696925662,0.951203896974282,0.9784562919899531,-0.052835907993062196,0.9716741577591748
2019-08-29,price_matched,5,FLS,30625,FLOWSERVE CORP,67.0967741935484,-2.6208148054785894,2019-02-20 16:05:00.0,20181231,20171231,0000030625-19-000009,current_SEC_mapping_to_historical_prices,unknown,0.8835018519292307,0.9597849727314832,1.0277032895397593,1.0469387961367242,0.9664660320491677,0.9996409313553112,-0.01541501950597852,0.9680213676079301
2019-08-29,price_matched,6,COR,1140859,AMERISOURCEBERGEN CORP,66.12903225806453,-2.337193513770748,2018-11-20 16:10:00.0,20180930,20170930,0001140859-18-000053,current_SEC_mapping_to_historical_prices,unknown,1.0013681651288373,1.0808469123213438,1.0054678436191495,1.0966138132137302,0.8841724663340272,1.0539352990213975,0.006557421351267824,0.9927004963395916
2019-08-29,price_matched,7,RHI,315213,HALF ROBERT INTERNATIONAL INC /DE/,60.0,-2.7742268406913904,2019-02-15 15:41:00.0,20181231,20171231,0001628280-19-001488,current_SEC_mapping_to_historical_prices,unknown,0.9849421358049053,0.988786036635813,1.0272226704862923,1.10129169784474,0.9026764477225189,1.0042888251280833,-0.0725312477503774,1.0749210754483987
2019-08-29,price_matched,8,CVSA,730464,ADTALEM GLOBAL EDUCATION INC.,59.354838709677416,-2.669320931977941,2019-08-28 16:12:00.0,20190630,20180630,0001558370-19-008351,current_SEC_mapping_to_historical_prices,unknown,1.0683170673765119,0.9569769583511647,1.1321666491726983,1.0068842789741157,0.9495465759514147,1.0659653732892853,-0.04890988346169075,1.1314832978465845
2019-08-29,price_matched,9,HAS,46080,HASBRO INC,52.41935483870969,-2.889089619933574,2019-02-26 16:35:00.0,20181231,20171231,0001193125-19-052025,current_SEC_mapping_to_historical_prices,unknown,0.9616642059733747,1.0230728946463743,1.384956366275809,0.879047530203759,1.0091712223971783,1.3022144591644536,-0.08085958014724716,1.0133571095105942
2019-08-29,price_matched,10,FBIN,1519751,"FORTUNE BRANDS HOME & SECURITY, INC.",48.387096774193544,-2.6976877951993616,2019-02-25 16:32:00.0,20181231,20171231,0001193125-19-049951,current_SEC_mapping_to_historical_prices,unknown,0.9916564496553066,1.0199688487880063,1.0101322117198626,1.0381958245793348,0.9601941982179235,0.999020951067128,-0.035945411259765955,1.2633685627797333
2019-08-29,price_matched,11,LIVN,1639691,LIVANOVA PLC,45.322580645161295,-3.1584499702326463,2019-03-18 09:28:00.0,20181231,20171231,0001639691-19-000035,current_SEC_mapping_to_historical_prices,unknown,0.8301634682526144,0.9672333348504346,1.2431482395990416,1.0935356626694077,1.1055790705998372,1.118642487472084,-0.12153895692083111,1.3352280353713155
2019-08-29,price_matched,12,SMG,825542,SCOTTS MIRACLE-GRO CO,34.677419354838705,-2.742024384488263,2018-11-29 08:21:00.0,20180930,20170930,0001546380-18-000030,current_SEC_mapping_to_historical_prices,unknown,1.134004101914071,1.1339820455418128,1.0540216593738836,1.0080617690473488,1.1530186062372303,0.9725552006871878,-0.0912751677852349,1.2455891798303997
2019-08-29,price_matched,13,COHR,820318,II-VI INC,34.193548387096776,-2.374389159760656,2019-08-16 16:13:00.0,20190630,20180630,0001564590-19-032471,current_SEC_mapping_to_historical_prices,unknown,1.0664867087436007,1.04239714507093,1.0595103615982633,1.1757879312457606,0.9737353134055997,0.95224770475636,-0.0363184464111235,0.9817938538992056
2019-09-27,price_matched,1,GILD,882095,GILEAD SCIENCES INC,72.03124999999999,-2.8665693794591567,2019-02-25 20:03:00.0,20181231,20171231,0000882095-19-000006,current_SEC_mapping_to_historical_prices,unknown,1.0193274402575618,1.0664789229923421,0.7480823848489014,0.8475504653924235,1.2367005799369895,1.2340267525459538,-0.04625049077345897,0.9151489705532224
2019-09-27,price_matched,2,ABT,1800,ABBOTT LABORATORIES,69.53124999999999,-2.730627004719995,2019-02-22 16:13:00.0,20181231,20171231,0001047469-19-000624,current_SEC_mapping_to_historical_prices,unknown,0.884308484374606,0.9358035585002991,1.0527841174128092,1.1163928441036874,0.9520080266434132,0.9505674587425804,-0.058535423458830185,0.8915546281481874
2019-09-27,price_matched,3,WCN,1318220,"WASTE CONNECTIONS, INC.",69.21875,-2.712513648196828,2019-02-14 06:03:00.0,20181231,20171231,0001144204-19-007493,current_SEC_mapping_to_historical_prices,unknown,1.0340445530010702,0.9951879376834505,1.0066006746914917,1.0631581379759543,0.9933261149577765,0.9678166164544882,-0.06845184757599965,1.014616055310271
2019-09-27,price_matched,4,AVGO,1730168,BROADCOM INC.,67.34374999999999,-1.8944764144090462,2018-12-21 17:18:00.0,20181031,20171031,0001730168-18-000084,current_SEC_mapping_to_historical_prices,unknown,1.1489891508534855,0.937177174400203,1.1576311727025876,1.182127466545702,0.9044405538755372,1.1350758341857956,0.06741281621578485,1.0786509556500279
2019-09-27,price_matched,5,GPN,1123360,GLOBAL PAYMENTS INC,67.03125,-2.6336094370034684,2019-02-21 16:58:00.0,20181231,20171231,0001123360-19-000008,current_SEC_mapping_to_historical_prices,unknown,1.3627849987871947,0.763249486668364,1.1151044352401307,0.8468498021338999,0.8884643061050501,1.2173762358742715,-0.04943240659994646,0.9717126371241352
2019-09-27,price_matched,6,ROP,882835,ROPER TECHNOLOGIES INC,66.71875,-2.534060352735478,2019-02-25 11:45:00.0,20181231,20171231,0000882835-19-000010,current_SEC_mapping_to_historical_prices,unknown,0.9693031779389164,0.9842129839115497,1.0216627296926262,1.1266847531199131,0.928125,1.0101315738149472,-0.03185022459752779,0.939458158823729
2019-09-27,price_matched,7,CVSA,730464,ADTALEM GLOBAL EDUCATION INC.,65.625,-2.669320931977941,2019-08-28 16:12:00.0,20190630,20180630,0001558370-19-008351,current_SEC_mapping_to_historical_prices,unknown,1.0683170673765119,0.9569769583511647,1.1321666491726983,1.0068842789741157,0.9495465759514147,1.0659653732892853,-0.04890988346169075,1.1314832978465845
2019-09-27,price_matched,8,SYK,310764,STRYKER CORP,57.65625000000001,-2.2825588280082667,2019-02-07 09:31:00.0,20181231,20171231,0000310764-19-000014,current_SEC_mapping_to_historical_prices,unknown,0.9707111537522097,1.0002850811465305,1.0135800867046718,1.0929765348762457,1.0240238273997637,1.024877409381017,0.03463219361709942,1.075574605858755
2019-09-27,price_matched,9,COR,1140859,AMERISOURCEBERGEN CORP,54.53125,-2.337193513770748,2018-11-20 16:10:00.0,20180930,20170930,0001140859-18-000053,current_SEC_mapping_to_historical_prices,unknown,1.0013681651288373,1.0808469123213438,1.0054678436191495,1.0966138132137302,0.8841724663340272,1.0539352990213975,0.006557421351267824,0.9927004963395916
2019-09-27,price_matched,10,COHR,820318,II-VI INC,54.0625,-2.374389159760656,2019-08-16 16:13:00.0,20190630,20180630,0001564590-19-032471,current_SEC_mapping_to_historical_prices,unknown,1.0664867087436007,1.04239714507093,1.0595103615982633,1.1757879312457606,0.9737353134055997,0.95224770475636,-0.0363184464111235,0.9817938538992056
2019-09-27,price_matched,11,SPGI,64040,S&P GLOBAL INC.,53.75,-2.3762321129689665,2019-02-12 18:15:00.0,20181231,20171231,0000064040-19-000059,current_SEC_mapping_to_historical_prices,unknown,1.064328273910986,0.9893537214090756,1.153028763192116,1.0321622958931223,0.9679871948779512,0.9422797884128875,-0.011207443434129837,0.9819940492752287
2019-09-27,price_matched,12,SMG,825542,SCOTTS MIRACLE-GRO CO,52.65624999999999,-2.742024384488263,2018-11-29 08:21:00.0,20180930,20170930,0001546380-18-000030,current_SEC_mapping_to_historical_prices,unknown,1.134004101914071,1.1339820455418128,1.0540216593738836,1.0080617690473488,1.1530186062372303,0.9725552006871878,-0.0912751677852349,1.2455891798303997
2019-09-27,price_matched,13,G,1398659,GENPACT LTD,51.24999999999999,-2.39389568483097,2019-03-01 14:36:00.0,20181231,20171231,0001564590-19-005767,current_SEC_mapping_to_historical_prices,unknown,1.0187922185341487,1.0724975469724176,1.0600491469416151,1.0964076890558725,0.9428052493912727,0.9178954219984976,-0.016289246609594427,1.0337796663487355
2019-09-27,price_matched,14,LIVN,1639691,LIVANOVA PLC,41.40625,-3.1584499702326463,2019-03-18 09:28:00.0,20181231,20171231,0001639691-19-000035,current_SEC_mapping_to_historical_prices,unknown,0.8301634682526144,0.9672333348504346,1.2431482395990416,1.0935356626694077,1.1055790705998372,1.118642487472084,-0.12153895692083111,1.3352280353713155
2019-09-27,price_matched,15,CHE,19584,CHEMED CORP,38.4375,-2.774359102125245,2019-02-27 10:38:00.0,20181231,20171231,0001157523-19-000468,current_SEC_mapping_to_historical_prices,unknown,0.9831216804271056,0.9965527140769211,1.025826040792647,1.069552007410945,1.0361991067679948,0.913196185709205,-0.08364077336501528,0.9303454648410369
2019-09-27,price_matched,16,SITE,1650729,"SITEONE LANDSCAPE SUPPLY, INC.",38.125,-2.225499167637052,2019-02-27 06:03:00.0,20181231,20171231,0001650729-19-000004,current_SEC_mapping_to_historical_prices,unknown,1.1434854476402394,0.9964004654335107,1.0513047435164495,1.13460815383789,0.9663227837034447,1.0157946327641594,-0.003594351732991014,0.9785788573419125
2019-10-25,price_matched,1,ROP,882835,ROPER TECHNOLOGIES INC,80.15625,-2.534060352735478,2019-02-25 11:45:00.0,20181231,20171231,0000882835-19-000010,current_SEC_mapping_to_historical_prices,unknown,0.9693031779389164,0.9842129839115497,1.0216627296926262,1.1266847531199131,0.928125,1.0101315738149472,-0.03185022459752779,0.939458158823729
2019-10-25,price_matched,2,IBM,51143,INTERNATIONAL BUSINESS MACHINES CORP,77.8125,-2.8704465353003963,2019-02-26 16:28:00.0,20181231,20171231,0001047469-19-000712,current_SEC_mapping_to_historical_prices,unknown,0.8277098363411615,1.005902069115564,0.9992875964454601,1.0057114696925662,0.951203896974282,0.9784562919899531,-0.052835907993062196,0.9716741577591748
2019-10-25,price_matched,3,HAS,46080,HASBRO INC,76.5625,-2.889089619933574,2019-02-26 16:35:00.0,20181231,20171231,0001193125-19-052025,current_SEC_mapping_to_historical_prices,unknown,0.9616642059733747,1.0230728946463743,1.384956366275809,0.879047530203759,1.0091712223971783,1.3022144591644536,-0.08085958014724716,1.0133571095105942
2019-10-25,price_matched,4,TXN,97476,TEXAS INSTRUMENTS INC,70.9375,-3.0336441283258972,2019-02-22 12:17:00.0,20181231,20171231,0001564590-19-003839,current_SEC_mapping_to_historical_prices,unknown,0.8951997803683055,0.9869478619825902,0.9656624645707611,1.055009691865517,1.0761346618900711,0.9422632037823487,-0.09389041255762386,1.1984882352655866
2019-10-25,price_matched,5,NKE,320187,NIKE INC,68.4375,-2.7878712379208235,2019-07-23 16:14:00.0,20190531,20180531,0000320187-19-000051,current_SEC_mapping_to_historical_prices,unknown,1.136348354768566,0.9813674464609246,0.7890436237934316,1.074731433909388,1.110098303517736,1.0267367407877075,-0.07901505249399166,1.1322903791090528
2019-10-25,price_matched,6,ILMN,1110803,ILLUMINA INC,67.1875,-2.605402671477571,2019-02-11 20:06:00.0,20181231,20171231,0001110803-19-000013,current_SEC_mapping_to_historical_prices,unknown,1.0326054503260544,0.9615233190091002,0.7823639927087268,1.2111191860465116,0.9170440510498147,0.9726883667595246,-0.04540882310676821,1.0555570296442889
2019-10-25,price_matched,7,CVSA,730464,ADTALEM GLOBAL EDUCATION INC.,62.65624999999999,-2.669320931977941,2019-08-28 16:12:00.0,20190630,20180630,0001558370-19-008351,current_SEC_mapping_to_historical_prices,unknown,1.0683170673765119,0.9569769583511647,1.1321666491726983,1.0068842789741157,0.9495465759514147,1.0659653732892853,-0.04890988346169075,1.1314832978465845
2019-10-25,price_matched,8,SMG,825542,SCOTTS MIRACLE-GRO CO,58.12500000000001,-2.742024384488263,2018-11-29 08:21:00.0,20180930,20170930,0001546380-18-000030,current_SEC_mapping_to_historical_prices,unknown,1.134004101914071,1.1339820455418128,1.0540216593738836,1.0080617690473488,1.1530186062372303,0.9725552006871878,-0.0912751677852349,1.2455891798303997
2019-10-25,price_matched,9,SYK,310764,STRYKER CORP,55.15624999999999,-2.2825588280082667,2019-02-07 09:31:00.0,20181231,20171231,0000310764-19-000014,current_SEC_mapping_to_historical_prices,unknown,0.9707111537522097,1.0002850811465305,1.0135800867046718,1.0929765348762457,1.0240238273997637,1.024877409381017,0.03463219361709942,1.075574605858755
2019-10-25,price_matched,10,CHE,19584,CHEMED CORP,50.46874999999999,-2.774359102125245,2019-02-27 10:38:00.0,20181231,20171231,0001157523-19-000468,current_SEC_mapping_to_historical_prices,unknown,0.9831216804271056,0.9965527140769211,1.025826040792647,1.069552007410945,1.0361991067679948,0.913196185709205,-0.08364077336501528,0.9303454648410369
2019-11-22,price_matched,1,TXN,97476,TEXAS INSTRUMENTS INC,81.21212121212122,-3.0336441283258972,2019-02-22 12:17:00.0,20181231,20171231,0001564590-19-003839,current_SEC_mapping_to_historical_prices,unknown,0.8951997803683055,0.9869478619825902,0.9656624645707611,1.055009691865517,1.0761346618900711,0.9422632037823487,-0.09389041255762386,1.1984882352655866
2019-11-22,price_matched,2,IBM,51143,INTERNATIONAL BUSINESS MACHINES CORP,79.24242424242425,-2.8704465353003963,2019-02-26 16:28:00.0,20181231,20171231,0001047469-19-000712,current_SEC_mapping_to_historical_prices,unknown,0.8277098363411615,1.005902069115564,0.9992875964454601,1.0057114696925662,0.951203896974282,0.9784562919899531,-0.052835907993062196,0.9716741577591748
2019-11-22,price_matched,3,COHR,820318,II-VI INC,66.96969696969697,-2.374389159760656,2019-08-16 16:13:00.0,20190630,20180630,0001564590-19-032471,current_SEC_mapping_to_historical_prices,unknown,1.0664867087436007,1.04239714507093,1.0595103615982633,1.1757879312457606,0.9737353134055997,0.95224770475636,-0.0363184464111235,0.9817938538992056
2019-11-22,price_matched,4,SYK,310764,STRYKER CORP,65.15151515151516,-2.2825588280082667,2019-02-07 09:31:00.0,20181231,20171231,0000310764-19-000014,current_SEC_mapping_to_historical_prices,unknown,0.9707111537522097,1.0002850811465305,1.0135800867046718,1.0929765348762457,1.0240238273997637,1.024877409381017,0.03463219361709942,1.075574605858755
2019-11-22,price_matched,5,WCN,1318220,"WASTE CONNECTIONS, INC.",63.030303030303024,-2.712513648196828,2019-02-14 06:03:00.0,20181231,20171231,0001144204-19-007493,current_SEC_mapping_to_historical_prices,unknown,1.0340445530010702,0.9951879376834505,1.0066006746914917,1.0631581379759543,0.9933261149577765,0.9678166164544882,-0.06845184757599965,1.014616055310271
2019-11-22,price_matched,6,SHW,89800,SHERWIN WILLIAMS CO,60.909090909090914,-2.646091075401898,2019-02-22 14:28:00.0,20181231,20171231,0000089800-19-000004,current_SEC_mapping_to_historical_prices,unknown,0.8196992519127009,1.0598479794844942,0.9939707238767795,1.1702309856492898,0.9737935394427909,0.8965920637504289,-0.043636554060908175,0.9749887388215258
2019-11-22,price_matched,7,CSL,790051,CARLISLE COMPANIES INC,53.48484848484848,-2.1434974595074596,2019-02-14 15:50:00.0,20181231,20171231,0000790051-19-000070,current_SEC_mapping_to_historical_prices,unknown,0.9344805218980727,1.0657718635075168,0.8398643260406131,1.1942785539084995,1.0193674257897605,0.9826673423188822,0.05179836927531815,0.982023799139552
2019-11-22,price_matched,8,XYL,1524472,XYLEM INC.,51.96969696969697,-2.41333266939427,2019-02-22 10:34:00.0,20181231,20171231,0001524472-19-000009,current_SEC_mapping_to_historical_prices,unknown,0.9748939912718074,1.0084882296032185,1.024564086553882,1.106224771616741,0.9576400254591744,0.9637423874726807,-0.005123234561063417,0.9901731242080175
2019-11-22,price_matched,9,RHI,315213,HALF ROBERT INTERNATIONAL INC /DE/,51.06060606060606,-2.7742268406913904,2019-02-15 15:41:00.0,20181231,20171231,0001628280-19-001488,current_SEC_mapping_to_historical_prices,unknown,0.9849421358049053,0.988786036635813,1.0272226704862923,1.10129169784474,0.9026764477225189,1.0042888251280833,-0.0725312477503774,1.0749210754483987
2019-11-22,price_matched,10,FAST,815556,FASTENAL CO,45.90909090909091,-2.282813136064447,2019-02-06 13:04:00.0,20181231,20171231,0000815556-19-000015,current_SEC_mapping_to_historical_prices,unknown,1.0392162665593403,1.0199499164027221,0.8687067538035915,1.130873476824963,0.9594852210876724,0.9651995342834425,0.02339304531085353,1.0731035674679186
2019-11-22,price_matched,11,WGO,107687,WINNEBAGO INDUSTRIES INC,31.212121212121215,-2.6379296987121696,2019-10-23 17:03:00.0,20190831,20180831,0000107687-19-000024,current_SEC_mapping_to_historical_prices,unknown,0.9753548069169798,0.960960811244822,0.9316639512007979,0.9845524831306968,0.9157059390692509,1.1107595716285386,-0.019879898318377224,0.8516635262750135
2019-12-23,price_matched,1,COR,1140859,AMERISOURCEBERGEN CORP,64.6875,-2.64710492220647,2019-11-19 17:11:00.0,20190930,20180930,0001140859-19-000040,current_SEC_mapping_to_historical_prices,unknown,1.0237884506031105,0.9598989063993041,0.9019442194247482,1.069367103245163,0.9383290042242222,1.0123692436403466,-0.0380031338727325,1.0093012301883144
2019-12-23,price_matched,2,IT,749251,GARTNER INC,64.6875,-2.634699619687414,2019-02-22 16:32:00.0,20181231,20171231,0000749251-19-000005,current_SEC_mapping_to_historical_prices,unknown,0.8883891982555169,0.9536833272740362,1.0822722720108102,1.2005016466887755,1.097534752101349,0.9815243764678343,-0.0562288900993538,0.9723158183065671
2019-12-23,price_matched,3,LIVN,1639691,LIVANOVA PLC,59.06249999999999,-3.1584499702326463,2019-03-18 09:28:00.0,20181231,20171231,0001639691-19-000035,current_SEC_mapping_to_historical_prices,unknown,0.8301634682526144,0.9672333348504346,1.2431482395990416,1.0935356626694077,1.1055790705998372,1.118642487472084,-0.12153895692083111,1.3352280353713155
2020-01-23,price_matched,1,GILD,882095,GILEAD SCIENCES INC,86.29032258064517,-2.8665693794591567,2019-02-25 20:03:00.0,20181231,20171231,0000882095-19-000006,current_SEC_mapping_to_historical_prices,unknown,1.0193274402575618,1.0664789229923421,0.7480823848489014,0.8475504653924235,1.2367005799369895,1.2340267525459538,-0.04625049077345897,0.9151489705532224
2020-01-23,price_matched,2,FAST,815556,FASTENAL CO,77.09677419354838,-2.282813136064447,2019-02-06 13:04:00.0,20181231,20171231,0000815556-19-000015,current_SEC_mapping_to_historical_prices,unknown,1.0392162665593403,1.0199499164027221,0.8687067538035915,1.130873476824963,0.9594852210876724,0.9651995342834425,0.02339304531085353,1.0731035674679186
2020-01-23,price_matched,3,ST,1477294,SENSATA TECHNOLOGIES HOLDING PLC,67.25806451612904,-2.438946502775784,2019-02-06 10:42:00.0,20181231,20171231,0001477294-19-000011,current_SEC_mapping_to_historical_prices,unknown,0.9815426749954557,0.9912054067113346,0.989150419624277,1.064986801172033,1.0717784251434628,0.9503685904097433,-0.0031728439394164516,0.9781425053129738
2020-01-23,price_matched,4,ALSN,1411207,ALLISON TRANSMISSION HOLDINGS INC,66.45161290322581,-2.4800102343174717,2019-02-26 16:29:00.0,20181231,20171231,0001411207-19-000050,current_SEC_mapping_to_historical_prices,unknown,1.0525790854491446,0.9539381153305204,0.9673584139721502,1.1993810786914236,1.0684769775678866,0.8873972620456413,-0.04673117772008496,0.991774868681582
2020-01-23,price_matched,5,CSL,790051,CARLISLE COMPANIES INC,62.25806451612903,-2.1434974595074596,2019-02-14 15:50:00.0,20181231,20171231,0000790051-19-000070,current_SEC_mapping_to_historical_prices,unknown,0.9344805218980727,1.0657718635075168,0.8398643260406131,1.1942785539084995,1.0193674257897605,0.9826673423188822,0.05179836927531815,0.982023799139552
2020-01-23,price_matched,6,LIVN,1639691,LIVANOVA PLC,56.774193548387096,-3.1584499702326463,2019-03-18 09:28:00.0,20181231,20171231,0001639691-19-000035,current_SEC_mapping_to_historical_prices,unknown,0.8301634682526144,0.9672333348504346,1.2431482395990416,1.0935356626694077,1.1055790705998372,1.118642487472084,-0.12153895692083111,1.3352280353713155
2020-01-23,price_matched,7,ILMN,1110803,ILLUMINA INC,51.12903225806452,-2.605402671477571,2019-02-11 20:06:00.0,20181231,20171231,0001110803-19-000013,current_SEC_mapping_to_historical_prices,unknown,1.0326054503260544,0.9615233190091002,0.7823639927087268,1.2111191860465116,0.9170440510498147,0.9726883667595246,-0.04540882310676821,1.0555570296442889
2020-01-23,price_matched,8,FLS,30625,FLOWSERVE CORP,47.096774193548384,-2.6208148054785894,2019-02-20 16:05:00.0,20181231,20171231,0000030625-19-000009,current_SEC_mapping_to_historical_prices,unknown,0.8835018519292307,0.9597849727314832,1.0277032895397593,1.0469387961367242,0.9664660320491677,0.9996409313553112,-0.01541501950597852,0.9680213676079301
2020-02-21,price_matched,1,ABT,1800,ABBOTT LABORATORIES,74.55882352941175,-2.730627004719995,2019-02-22 16:13:00.0,20181231,20171231,0001047469-19-000624,current_SEC_mapping_to_historical_prices,unknown,0.884308484374606,0.9358035585002991,1.0527841174128092,1.1163928441036874,0.9520080266434132,0.9505674587425804,-0.058535423458830185,0.8915546281481874
2020-02-21,price_matched,2,HAS,46080,HASBRO INC,72.50000000000001,-2.889089619933574,2019-02-26 16:35:00.0,20181231,20171231,0001193125-19-052025,current_SEC_mapping_to_historical_prices,unknown,0.9616642059733747,1.0230728946463743,1.384956366275809,0.879047530203759,1.0091712223971783,1.3022144591644536,-0.08085958014724716,1.0133571095105942
2020-02-21,price_matched,3,ILMN,1110803,"ILLUMINA, INC.",71.76470588235294,-2.177734922816609,2020-02-10 20:20:00.0,20191231,20181231,0001110803-20-000018,current_SEC_mapping_to_historical_prices,unknown,1.0487106158798354,0.99104762523273,1.3483334418459805,1.063006300630063,0.7936118605728613,0.989304841348215,-0.006697648988518316,0.6376660484814685
2020-02-21,price_matched,4,NKE,320187,NIKE INC,66.61764705882354,-2.7878712379208235,2019-07-23 16:14:00.0,20190531,20180531,0000320187-19-000051,current_SEC_mapping_to_historical_prices,unknown,1.136348354768566,0.9813674464609246,0.7890436237934316,1.074731433909388,1.110098303517736,1.0267367407877075,-0.07901505249399166,1.1322903791090528
2020-02-21,price_matched,5,MTD,1037646,METTLER TOLEDO INTERNATIONAL INC/,64.70588235294117,-2.5214011875528017,2020-02-07 15:44:00.0,20191231,20181231,0001037646-20-000005,current_SEC_mapping_to_historical_prices,unknown,1.0317001281964098,0.9914374227951086,1.0218073587752559,1.0248897494401459,0.9948440040588961,0.9833746712725484,-0.01517967992927311,1.0865351339264697
2020-02-21,price_matched,6,NVST,1757073,ENVISTA HOLDINGS CORP,64.55882352941175,-3.291709481045861,2020-02-20 19:36:00.0,20191231,20181231,0001628280-20-001914,current_SEC_mapping_to_historical_prices,unknown,0.9973399319537033,1.0240473091513351,0.9630003676310521,0.9673404816312181,1.1052406508220463,0.9876202356997852,-0.029212607375412047,3.0043585939075967
2020-02-21,price_matched,7,SHW,89800,SHERWIN WILLIAMS CO,62.5,-2.646091075401898,2019-02-22 14:28:00.0,20181231,20171231,0000089800-19-000004,current_SEC_mapping_to_historical_prices,unknown,0.8196992519127009,1.0598479794844942,0.9939707238767795,1.1702309856492898,0.9737935394427909,0.8965920637504289,-0.043636554060908175,0.9749887388215258
2020-02-21,price_matched,8,ST,1477294,SENSATA TECHNOLOGIES HOLDING PLC,62.205882352941174,-2.7261518915441894,2020-02-11 08:34:00.0,20191231,20181231,0001477294-20-000009,current_SEC_mapping_to_historical_prices,unknown,0.9786567161054565,1.0391058452380892,0.9811290361984338,0.9798400000908671,0.9699808177002007,0.940026474119415,-0.0492862774980946,0.9933031052768819
2020-02-21,price_matched,9,ALSN,1411207,ALLISON TRANSMISSION HOLDINGS INC,62.205882352941174,-2.4800102343174717,2019-02-26 16:29:00.0,20181231,20171231,0001411207-19-000050,current_SEC_mapping_to_historical_prices,unknown,1.0525790854491446,0.9539381153305204,0.9673584139721502,1.1993810786914236,1.0684769775678866,0.8873972620456413,-0.04673117772008496,0.991774868681582
2020-02-21,price_matched,10,SPGI,64040,S&P GLOBAL INC.,62.05882352941177,-2.639159987876126,2020-02-10 17:30:00.0,20191231,20181231,0000064040-20-000055,current_SEC_mapping_to_historical_prices,unknown,1.0166907888047318,0.9965990775580226,0.9410124778686878,1.070469798657718,1.1632906159570071,0.9060964170321256,-0.05754317941487487,0.9309884667036107
2020-02-21,price_matched,11,RHI,315213,ROBERT HALF INTERNATIONAL INC.,61.17647058823529,-2.348718660141449,2020-02-14 15:39:00.0,20191231,20181231,0000315213-20-000029,current_SEC_mapping_to_historical_prices,unknown,1.0009615142413881,0.9973953808092599,1.4993837773117566,1.0472669294245045,1.0167302528979056,1.0008398401196874,-0.028206184282480635,0.9447827269613731
2020-02-21,price_matched,12,TDG,1260221,TRANSDIGM GROUP INC,59.85294117647059,-2.080596407529481,2019-11-19 15:58:00.0,20190930,20180930,0001260221-19-000043,current_SEC_mapping_to_historical_prices,unknown,1.1060183515732485,1.0623071875323058,0.9787651749058289,1.370514383413196,1.1967946836004695,1.2133510576456328,-0.0077332562439821366,1.0082646709292542
2020-02-21,price_matched,13,FLS,30625,FLOWSERVE CORP,59.705882352941174,-2.5020585324121085,2020-02-18 06:08:00.0,20191231,20181231,0000030625-20-000007,current_SEC_mapping_to_historical_prices,unknown,0.9753675619973087,0.9438265036972995,1.064983067110123,1.0292704869143308,0.9928015440261391,0.9263654420422786,-0.012007581039433357,0.9319674822327378
2020-02-21,price_matched,14,IT,749251,GARTNER INC,53.23529411764706,-2.614369136072965,2020-02-19 16:54:00.0,20191231,20181231,0000749251-20-000008,current_SEC_mapping_to_historical_prices,unknown,0.9893252534149266,0.9933429837560456,1.0072718921679795,1.0678833159684404,1.0604874335986139,1.0454171571032083,-0.04644558033832758,0.8970907044546066
2020-02-21,price_matched,15,TXN,97476,TEXAS INSTRUMENTS INC,52.64705882352941,-3.0449328926855332,2020-02-20 11:58:00.0,20191231,20181231,0000097476-20-000009,current_SEC_mapping_to_historical_prices,unknown,0.976482811539744,1.0219124359008112,0.9668560529069323,0.9112392295995946,0.885899814471243,1.071991660780583,-0.09057609057609058,1.0397323206096944
2020-02-21,price_matched,16,G,1398659,GENPACT LTD,45.882352941176464,-2.39389568483097,2019-03-01 14:36:00.0,20181231,20171231,0001564590-19-005767,current_SEC_mapping_to_historical_prices,unknown,1.0187922185341487,1.0724975469724176,1.0600491469416151,1.0964076890558725,0.9428052493912727,0.9178954219984976,-0.016289246609594427,1.0337796663487355
2020-02-21,price_matched,17,COHR,820318,II-VI INC,33.088235294117645,-2.374389159760656,2019-08-16 16:13:00.0,20190630,20180630,0001564590-19-032471,current_SEC_mapping_to_historical_prices,unknown,1.0664867087436007,1.04239714507093,1.0595103615982633,1.1757879312457606,0.9737353134055997,0.95224770475636,-0.0363184464111235,0.9817938538992056
2020-02-21,m_only_raw,1,FAST,815556,FASTENAL CO,-1.434166568127634,-1.434166568127634,2020-02-06 12:52:00.0,20191231,20181231,0000815556-20-000011,current_SEC_mapping_to_historical_prices,unknown,0.9667308860546077,1.024485161816295,3.469261776911744,1.0742381825139473,1.0227606429438834,0.970250072375086,-0.013631937682570594,0.8294800932261376
2020-03-20,price_matched,1,TDG,1260221,TRANSDIGM GROUP INC,73.6764705882353,-2.080596407529481,2019-11-19 15:58:00.0,20190930,20180930,0001260221-19-000043,current_SEC_mapping_to_historical_prices,unknown,1.1060183515732485,1.0623071875323058,0.9787651749058289,1.370514383413196,1.1967946836004695,1.2133510576456328,-0.0077332562439821366,1.0082646709292542
2020-03-20,price_matched,2,NVST,1757073,ENVISTA HOLDINGS CORP,70.29411764705883,-3.291709481045861,2020-02-20 19:36:00.0,20191231,20181231,0001628280-20-001914,current_SEC_mapping_to_historical_prices,unknown,0.9973399319537033,1.0240473091513351,0.9630003676310521,0.9673404816312181,1.1052406508220463,0.9876202356997852,-0.029212607375412047,3.0043585939075967
2020-03-20,price_matched,3,SYK,310764,STRYKER CORP,70.29411764705881,-2.2811881886741348,2020-02-06 10:12:00.0,20191231,20181231,0000310764-20-000014,current_SEC_mapping_to_historical_prices,unknown,1.1336293119621932,1.008780234320763,0.964049134486446,1.0943312991691787,1.0810930789813822,0.9598574402587964,-0.003580070938442669,0.993460431282935
2020-03-20,price_matched,4,HAS,46080,"HASBRO, INC.",69.11764705882352,-2.553358699069066,2020-02-27 12:51:00.0,20191231,20181231,0000046080-20-000028,current_SEC_mapping_to_historical_prices,unknown,1.1519576954616852,0.9657877158647921,0.5722329005449386,1.0306969141282973,1.025412103893754,0.7814900241387345,-0.014974319156134381,1.0614700322855963
2020-03-20,price_matched,5,NKE,320187,NIKE INC,68.52941176470588,-2.7878712379208235,2019-07-23 16:14:00.0,20190531,20180531,0000320187-19-000051,current_SEC_mapping_to_historical_prices,unknown,1.136348354768566,0.9813674464609246,0.7890436237934316,1.074731433909388,1.110098303517736,1.0267367407877075,-0.07901505249399166,1.1322903791090528
2020-03-20,price_matched,6,GPN,1123360,GLOBAL PAYMENTS INC,66.91176470588236,-1.0452506633822232,2020-02-21 16:20:00.0,20191231,20181231,0001123360-20-000009,current_SEC_mapping_to_historical_prices,unknown,1.761043054680416,1.1677393379353171,1.2521041379220454,1.4591081302508402,1.3714462359012767,0.9142212987175105,-0.021597605692173512,0.4549425832962229
2020-03-20,price_matched,7,ALSN,1411207,ALLISON TRANSMISSION HOLDINGS INC,64.41176470588236,-2.7734780446064615,2020-02-27 16:05:00.0,20191231,20181231,0001564590-20-007355,current_SEC_mapping_to_historical_prices,unknown,0.9118516038695861,1.0144460938115591,0.9840185323172037,0.9944710652414301,1.2202214491962804,0.9779344080678402,-0.05460674157303371,0.9456774911320158
2020-03-20,price_matched,8,FLS,30625,FLOWSERVE CORP,63.235294117647065,-2.5020585324121085,2020-02-18 06:08:00.0,20191231,20181231,0000030625-20-000007,current_SEC_mapping_to_historical_prices,unknown,0.9753675619973087,0.9438265036972995,1.064983067110123,1.0292704869143308,0.9928015440261391,0.9263654420422786,-0.012007581039433357,0.9319674822327378
2020-03-20,price_matched,9,IT,749251,GARTNER INC,62.5,-2.614369136072965,2020-02-19 16:54:00.0,20191231,20181231,0000749251-20-000008,current_SEC_mapping_to_historical_prices,unknown,0.9893252534149266,0.9933429837560456,1.0072718921679795,1.0678833159684404,1.0604874335986139,1.0454171571032083,-0.04644558033832758,0.8970907044546066
2020-03-20,price_matched,10,WGO,107687,WINNEBAGO INDUSTRIES INC,62.5,-2.6379296987121696,2019-10-23 17:03:00.0,20190831,20180831,0000107687-19-000024,current_SEC_mapping_to_historical_prices,unknown,0.9753548069169798,0.960960811244822,0.9316639512007979,0.9845524831306968,0.9157059390692509,1.1107595716285386,-0.019879898318377224,0.8516635262750135
2020-03-20,price_matched,11,IBM,51143,INTERNATIONAL BUSINESS MACHINES CORP,61.617647058823536,-2.8704465353003963,2019-02-26 16:28:00.0,20181231,20171231,0001047469-19-000712,current_SEC_mapping_to_historical_prices,unknown,0.8277098363411615,1.005902069115564,0.9992875964454601,1.0057114696925662,0.951203896974282,0.9784562919899531,-0.052835907993062196,0.9716741577591748
2020-03-20,price_matched,12,RHI,315213,ROBERT HALF INTERNATIONAL INC.,57.05882352941176,-2.348718660141449,2020-02-14 15:39:00.0,20191231,20181231,0000315213-20-000029,current_SEC_mapping_to_historical_prices,unknown,1.0009615142413881,0.9973953808092599,1.4993837773117566,1.0472669294245045,1.0167302528979056,1.0008398401196874,-0.028206184282480635,0.9447827269613731
2020-03-20,price_matched,13,FBIN,1519751,"FORTUNE BRANDS HOME & SECURITY, INC.",56.470588235294116,-2.5214935735059667,2020-02-26 16:33:00.0,20191231,20181231,0001564590-20-006812,current_SEC_mapping_to_historical_prices,unknown,1.0398919133263902,1.0033344528003418,0.9764714185705103,1.0509562268691546,1.029228033779623,0.9629350413095856,-0.03263236532990002,0.9172834609033764
2020-03-20,price_matched,14,SHW,89800,SHERWIN WILLIAMS CO,55.88235294117647,-2.617818538113568,2020-02-21 15:03:00.0,20191231,20181231,0000089800-20-000005,current_SEC_mapping_to_historical_prices,unknown,1.0135502844697986,0.9424442666410336,1.0064629703504977,1.0208902449456785,1.0832752863591932,1.0264533594383909,-0.03805583474009817,0.9024585335913751
2020-03-20,price_matched,15,CSL,790051,CARLISLE COMPANIES INC,55.73529411764706,-2.537723172718157,2020-02-10 16:14:00.0,20191231,20181231,0000790051-20-000071,current_SEC_mapping_to_historical_prices,unknown,1.0439020362588112,0.9198728596034312,1.162455848351955,1.0741377385868958,1.0067026056185573,0.9930545107877156,-0.04190320232896652,0.9800283840794755
2020-03-20,price_matched,16,G,1398659,GENPACT LTD,55.73529411764706,-2.387919278657047,2020-03-02 16:19:00.0,20191231,20181231,0001564590-20-008158,current_SEC_mapping_to_historical_prices,unknown,1.0065818687216308,1.0326787634072658,1.069811347883524,1.173205389247498,0.8514252040004474,0.9764814842058549,-0.027616057172312594,0.9133808207372767
2020-03-20,price_matched,17,ST,1477294,SENSATA TECHNOLOGIES HOLDING PLC,54.55882352941176,-2.7261518915441894,2020-02-11 08:34:00.0,20191231,20181231,0001477294-20-000009,current_SEC_mapping_to_historical_prices,unknown,0.9786567161054565,1.0391058452380892,0.9811290361984338,0.9798400000908671,0.9699808177002007,0.940026474119415,-0.0492862774980946,0.9933031052768819
2020-03-20,price_matched,18,ABT,1800,ABBOTT LABORATORIES,49.558823529411775,-2.5906838199868862,2020-02-21 16:28:00.0,20191231,20181231,0001104659-20-023904,current_SEC_mapping_to_historical_prices,unknown,1.0033819254947398,0.9986081792131272,0.9719711148976962,1.043364510432337,1.0737666877902032,0.9605034121761837,-0.03607465346826344,0.9599420868943653
2020-03-20,price_matched,19,TXN,97476,TEXAS INSTRUMENTS INC,48.529411764705884,-3.0449328926855332,2020-02-20 11:58:00.0,20191231,20181231,0000097476-20-000009,current_SEC_mapping_to_historical_prices,unknown,0.976482811539744,1.0219124359008112,0.9668560529069323,0.9112392295995946,0.885899814471243,1.071991660780583,-0.09057609057609058,1.0397323206096944
2020-03-20,price_matched,20,CVSA,730464,ADTALEM GLOBAL EDUCATION INC.,47.79411764705882,-2.669320931977941,2019-08-28 16:12:00.0,20190630,20180630,0001558370-19-008351,current_SEC_mapping_to_historical_prices,unknown,1.0683170673765119,0.9569769583511647,1.1321666491726983,1.0068842789741157,0.9495465759514147,1.0659653732892853,-0.04890988346169075,1.1314832978465845
2020-03-20,m_only_raw,1,GPN,1123360,GLOBAL PAYMENTS INC,-1.0452506633822232,-1.0452506633822232,2020-02-21 16:20:00.0,20191231,20181231,0001123360-20-000009,current_SEC_mapping_to_historical_prices,unknown,1.761043054680416,1.1677393379353171,1.2521041379220454,1.4591081302508402,1.3714462359012767,0.9142212987175105,-0.021597605692173512,0.4549425832962229
2020-03-20,m_only_raw,2,FAST,815556,FASTENAL CO,-1.434166568127634,-1.434166568127634,2020-02-06 12:52:00.0,20191231,20181231,0000815556-20-000011,current_SEC_mapping_to_historical_prices,unknown,0.9667308860546077,1.024485161816295,3.469261776911744,1.0742381825139473,1.0227606429438834,0.970250072375086,-0.013631937682570594,0.8294800932261376
2020-03-20,m_weak_raw,1,GPN,1123360,GLOBAL PAYMENTS INC,-1.0452506633822232,-1.0452506633822232,2020-02-21 16:20:00.0,20191231,20181231,0001123360-20-000009,current_SEC_mapping_to_historical_prices,unknown,1.761043054680416,1.1677393379353171,1.2521041379220454,1.4591081302508402,1.3714462359012767,0.9142212987175105,-0.021597605692173512,0.4549425832962229
2020-03-20,m_weak_raw,2,FAST,815556,FASTENAL CO,-1.434166568127634,-1.434166568127634,2020-02-06 12:52:00.0,20191231,20181231,0000815556-20-000011,current_SEC_mapping_to_historical_prices,unknown,0.9667308860546077,1.024485161816295,3.469261776911744,1.0742381825139473,1.0227606429438834,0.970250072375086,-0.013631937682570594,0.8294800932261376
2020-03-20,m_weak_winsor,1,GPN,1123360,GLOBAL PAYMENTS INC,-1.307796538946575,-1.0452506633822232,2020-02-21 16:20:00.0,20191231,20181231,0001123360-20-000009,current_SEC_mapping_to_historical_prices,unknown,1.761043054680416,1.1677393379353171,1.2521041379220454,1.4591081302508402,1.3714462359012767,0.9142212987175105,-0.021597605692173512,0.4549425832962229
2020-03-20,m_weak_winsor,2,FAST,815556,FASTENAL CO,-1.7047490101526908,-1.434166568127634,2020-02-06 12:52:00.0,20191231,20181231,0000815556-20-000011,current_SEC_mapping_to_historical_prices,unknown,0.9667308860546077,1.024485161816295,3.469261776911744,1.0742381825139473,1.0227606429438834,0.970250072375086,-0.013631937682570594,0.8294800932261376
2020-04-20,m_only_raw,1,GPN,1123360,GLOBAL PAYMENTS INC,-1.0452506633822232,-1.0452506633822232,2020-02-21 16:20:00.0,20191231,20181231,0001123360-20-000009,current_SEC_mapping_to_historical_prices,unknown,1.761043054680416,1.1677393379353171,1.2521041379220454,1.4591081302508402,1.3714462359012767,0.9142212987175105,-0.021597605692173512,0.4549425832962229
2020-04-20,m_only_raw,2,FAST,815556,FASTENAL CO,-1.434166568127634,-1.434166568127634,2020-02-06 12:52:00.0,20191231,20181231,0000815556-20-000011,current_SEC_mapping_to_historical_prices,unknown,0.9667308860546077,1.024485161816295,3.469261776911744,1.0742381825139473,1.0227606429438834,0.970250072375086,-0.013631937682570594,0.8294800932261376
2020-05-18,price_matched,1,NVST,1757073,ENVISTA HOLDINGS CORP,68.5483870967742,-3.291709481045861,2020-02-20 19:36:00.0,20191231,20181231,0001628280-20-001914,current_SEC_mapping_to_historical_prices,unknown,0.9973399319537033,1.0240473091513351,0.9630003676310521,0.9673404816312181,1.1052406508220463,0.9876202356997852,-0.029212607375412047,3.0043585939075967
2020-05-18,price_matched,2,XYL,1524472,XYLEM INC.,67.58064516129032,-2.7432467432057517,2020-02-28 12:33:00.0,20191231,20181231,0001524472-20-000006,current_SEC_mapping_to_historical_prices,unknown,0.9968093317483779,0.9982120466827777,0.9639353904624016,1.0080660649126176,1.002587322121604,0.9894351723448738,-0.05680933852140078,0.9642076885953006
2020-05-18,price_matched,3,ABT,1800,ABBOTT LABORATORIES,66.77419354838709,-2.5906838199868862,2020-02-21 16:28:00.0,20191231,20181231,0001104659-20-023904,current_SEC_mapping_to_historical_prices,unknown,1.0033819254947398,0.9986081792131272,0.9719711148976962,1.043364510432337,1.0737666877902032,0.9605034121761837,-0.03607465346826344,0.9599420868943653
2020-05-18,price_matched,4,CSL,790051,CARLISLE COMPANIES INC,61.7741935483871,-2.537723172718157,2020-02-10 16:14:00.0,20191231,20181231,0000790051-20-000071,current_SEC_mapping_to_historical_prices,unknown,1.0439020362588112,0.9198728596034312,1.162455848351955,1.0741377385868958,1.0067026056185573,0.9930545107877156,-0.04190320232896652,0.9800283840794755
2020-05-18,price_matched,5,HAS,46080,"HASBRO, INC.",60.64516129032258,-2.553358699069066,2020-02-27 12:51:00.0,20191231,20181231,0000046080-20-000028,current_SEC_mapping_to_historical_prices,unknown,1.1519576954616852,0.9657877158647921,0.5722329005449386,1.0306969141282973,1.025412103893754,0.7814900241387345,-0.014974319156134381,1.0614700322855963
2020-05-18,price_matched,6,GILD,882095,GILEAD SCIENCES INC,54.19354838709677,-2.6279983906456907,2020-02-24 17:38:00.0,20191231,20181231,0000882095-20-000006,current_SEC_mapping_to_historical_prices,unknown,1.0612026273680517,0.9860120069883721,1.1631177925623606,1.0145523568490984,0.9962211349568183,1.0646352530122407,-0.06097976536258458,0.9355452076120614
2020-05-18,m_only_raw,1,GPN,1123360,GLOBAL PAYMENTS INC,-1.0452506633822232,-1.0452506633822232,2020-02-21 16:20:00.0,20191231,20181231,0001123360-20-000009,current_SEC_mapping_to_historical_prices,unknown,1.761043054680416,1.1677393379353171,1.2521041379220454,1.4591081302508402,1.3714462359012767,0.9142212987175105,-0.021597605692173512,0.4549425832962229
2020-05-18,m_only_raw,2,FAST,815556,FASTENAL CO,-1.434166568127634,-1.434166568127634,2020-02-06 12:52:00.0,20191231,20181231,0000815556-20-000011,current_SEC_mapping_to_historical_prices,unknown,0.9667308860546077,1.024485161816295,3.469261776911744,1.0742381825139473,1.0227606429438834,0.970250072375086,-0.013631937682570594,0.8294800932261376
2020-06-16,price_matched,1,GILD,882095,GILEAD SCIENCES INC,76.81818181818181,-2.6279983906456907,2020-02-24 17:38:00.0,20191231,20181231,0000882095-20-000006,current_SEC_mapping_to_historical_prices,unknown,1.0612026273680517,0.9860120069883721,1.1631177925623606,1.0145523568490984,0.9962211349568183,1.0646352530122407,-0.06097976536258458,0.9355452076120614
2020-06-16,price_matched,2,ABT,1800,ABBOTT LABORATORIES,74.09090909090911,-2.5906838199868862,2020-02-21 16:28:00.0,20191231,20181231,0001104659-20-023904,current_SEC_mapping_to_historical_prices,unknown,1.0033819254947398,0.9986081792131272,0.9719711148976962,1.043364510432337,1.0737666877902032,0.9605034121761837,-0.03607465346826344,0.9599420868943653
2020-06-16,price_matched,3,SYK,310764,STRYKER CORP,71.21212121212122,-2.2811881886741348,2020-02-06 10:12:00.0,20191231,20181231,0000310764-20-000014,current_SEC_mapping_to_historical_prices,unknown,1.1336293119621932,1.008780234320763,0.964049134486446,1.0943312991691787,1.0810930789813822,0.9598574402587964,-0.003580070938442669,0.993460431282935
2020-06-16,price_matched,4,CHE,19584,CHEMED CORP,71.06060606060606,-2.5836972747368576,2020-02-26 14:20:00.0,20191231,20181231,0000019584-20-000006,current_SEC_mapping_to_historical_prices,unknown,1.1067395980702222,0.9775109253660728,1.061239288091054,1.0874580960458824,1.0168725959445635,1.0365633706246187,-0.06412119367634432,0.9645417467615807
2020-06-16,price_matched,5,SMG,825542,SCOTTS MIRACLE-GRO CO,47.272727272727266,-2.0951407495886305,2019-11-27 09:18:00.0,20190930,20180930,0001546380-19-000034,current_SEC_mapping_to_historical_prices,unknown,0.8360746492143073,1.0048147544885284,0.88722537702298,1.1849515656679432,0.9842201221308408,0.9395424942430742,0.07722785353451976,0.8661180362448988
2020-06-16,m_only_raw,1,GPN,1123360,GLOBAL PAYMENTS INC,-1.0452506633822232,-1.0452506633822232,2020-02-21 16:20:00.0,20191231,20181231,0001123360-20-000009,current_SEC_mapping_to_historical_prices,unknown,1.761043054680416,1.1677393379353171,1.2521041379220454,1.4591081302508402,1.3714462359012767,0.9142212987175105,-0.021597605692173512,0.4549425832962229
2020-06-16,m_only_raw,2,FAST,815556,FASTENAL CO,-1.434166568127634,-1.434166568127634,2020-02-06 12:52:00.0,20191231,20181231,0000815556-20-000011,current_SEC_mapping_to_historical_prices,unknown,0.9667308860546077,1.024485161816295,3.469261776911744,1.0742381825139473,1.0227606429438834,0.970250072375086,-0.013631937682570594,0.8294800932261376
2020-07-15,price_matched,1,INTC,50863,INTEL CORP,85.58823529411765,-2.7801613443488007,2020-01-23 18:40:00.0,20191231,20181231,0000050863-20-000011,current_SEC_mapping_to_historical_prices,unknown,1.121708023915639,1.054261129142052,0.9316730524504776,1.0157661472448059,0.9340901983068941,0.8969693601056069,-0.08860713134686941,1.0696966188552854
2020-07-15,price_matched,2,GPN,1123360,GLOBAL PAYMENTS INC,69.11764705882352,-1.0452506633822232,2020-02-21 16:20:00.0,20191231,20181231,0001123360-20-000009,current_SEC_mapping_to_historical_prices,unknown,1.761043054680416,1.1677393379353171,1.2521041379220454,1.4591081302508402,1.3714462359012767,0.9142212987175105,-0.021597605692173512,0.4549425832962229
2020-07-15,price_matched,3,TDG,1260221,TRANSDIGM GROUP INC,49.85294117647059,-2.080596407529481,2019-11-19 15:58:00.0,20190930,20180930,0001260221-19-000043,current_SEC_mapping_to_historical_prices,unknown,1.1060183515732485,1.0623071875323058,0.9787651749058289,1.370514383413196,1.1967946836004695,1.2133510576456328,-0.0077332562439821366,1.0082646709292542
2020-07-15,price_matched,4,COHR,820318,II-VI INC,38.97058823529412,-2.374389159760656,2019-08-16 16:13:00.0,20190630,20180630,0001564590-19-032471,current_SEC_mapping_to_historical_prices,unknown,1.0664867087436007,1.04239714507093,1.0595103615982633,1.1757879312457606,0.9737353134055997,0.95224770475636,-0.0363184464111235,0.9817938538992056
2020-07-15,price_matched,5,WGO,107687,WINNEBAGO INDUSTRIES INC,34.26470588235294,-2.6379296987121696,2019-10-23 17:03:00.0,20190831,20180831,0000107687-19-000024,current_SEC_mapping_to_historical_prices,unknown,0.9753548069169798,0.960960811244822,0.9316639512007979,0.9845524831306968,0.9157059390692509,1.1107595716285386,-0.019879898318377224,0.8516635262750135
2020-07-15,m_only_raw,1,GPN,1123360,GLOBAL PAYMENTS INC,-1.0452506633822232,-1.0452506633822232,2020-02-21 16:20:00.0,20191231,20181231,0001123360-20-000009,current_SEC_mapping_to_historical_prices,unknown,1.761043054680416,1.1677393379353171,1.2521041379220454,1.4591081302508402,1.3714462359012767,0.9142212987175105,-0.021597605692173512,0.4549425832962229
2020-07-15,m_only_raw,2,FAST,815556,FASTENAL CO,-1.434166568127634,-1.434166568127634,2020-02-06 12:52:00.0,20191231,20181231,0000815556-20-000011,current_SEC_mapping_to_historical_prices,unknown,0.9667308860546077,1.024485161816295,3.469261776911744,1.0742381825139473,1.0227606429438834,0.970250072375086,-0.013631937682570594,0.8294800932261376
2020-07-15,m_weak_raw,1,GPN,1123360,GLOBAL PAYMENTS INC,-1.0452506633822232,-1.0452506633822232,2020-02-21 16:20:00.0,20191231,20181231,0001123360-20-000009,current_SEC_mapping_to_historical_prices,unknown,1.761043054680416,1.1677393379353171,1.2521041379220454,1.4591081302508402,1.3714462359012767,0.9142212987175105,-0.021597605692173512,0.4549425832962229
2020-07-15,m_weak_winsor,1,GPN,1123360,GLOBAL PAYMENTS INC,-1.307796538946575,-1.0452506633822232,2020-02-21 16:20:00.0,20191231,20181231,0001123360-20-000009,current_SEC_mapping_to_historical_prices,unknown,1.761043054680416,1.1677393379353171,1.2521041379220454,1.4591081302508402,1.3714462359012767,0.9142212987175105,-0.021597605692173512,0.4549425832962229
2020-08-12,price_matched,1,GILD,882095,GILEAD SCIENCES INC,89.8529411764706,-2.6279983906456907,2020-02-24 17:38:00.0,20191231,20181231,0000882095-20-000006,current_SEC_mapping_to_historical_prices,unknown,1.0612026273680517,0.9860120069883721,1.1631177925623606,1.0145523568490984,0.9962211349568183,1.0646352530122407,-0.06097976536258458,0.9355452076120614
2020-08-12,price_matched,2,ILMN,1110803,"ILLUMINA, INC.",78.97058823529412,-2.177734922816609,2020-02-10 20:20:00.0,20191231,20181231,0001110803-20-000018,current_SEC_mapping_to_historical_prices,unknown,1.0487106158798354,0.99104762523273,1.3483334418459805,1.063006300630063,0.7936118605728613,0.989304841348215,-0.006697648988518316,0.6376660484814685
2020-08-12,price_matched,3,INTC,50863,INTEL CORP,72.6470588235294,-2.7801613443488007,2020-01-23 18:40:00.0,20191231,20181231,0000050863-20-000011,current_SEC_mapping_to_historical_prices,unknown,1.121708023915639,1.054261129142052,0.9316730524504776,1.0157661472448059,0.9340901983068941,0.8969693601056069,-0.08860713134686941,1.0696966188552854
2020-08-12,price_matched,4,SPGI,64040,S&P GLOBAL INC.,68.82352941176471,-2.639159987876126,2020-02-10 17:30:00.0,20191231,20181231,0000064040-20-000055,current_SEC_mapping_to_historical_prices,unknown,1.0166907888047318,0.9965990775580226,0.9410124778686878,1.070469798657718,1.1632906159570071,0.9060964170321256,-0.05754317941487487,0.9309884667036107
2020-08-12,price_matched,5,WGO,107687,WINNEBAGO INDUSTRIES INC,55.294117647058826,-2.6379296987121696,2019-10-23 17:03:00.0,20190831,20180831,0000107687-19-000024,current_SEC_mapping_to_historical_prices,unknown,0.9753548069169798,0.960960811244822,0.9316639512007979,0.9845524831306968,0.9157059390692509,1.1107595716285386,-0.019879898318377224,0.8516635262750135
2020-08-12,price_matched,6,FORM,1039399,FORMFACTOR INC,42.05882352941177,-2.929354554738721,2020-02-21 16:54:00.0,20191231,20181231,0001039399-20-000011,current_SEC_mapping_to_historical_prices,unknown,0.9224644575742404,0.9856241064429823,0.9334167746263751,1.1128786520035872,0.9250888361882275,0.9626765784207375,-0.09727795095025253,0.9598190538905818
2020-08-12,m_only_raw,1,GPN,1123360,GLOBAL PAYMENTS INC,-1.0452506633822232,-1.0452506633822232,2020-02-21 16:20:00.0,20191231,20181231,0001123360-20-000009,current_SEC_mapping_to_historical_prices,unknown,1.761043054680416,1.1677393379353171,1.2521041379220454,1.4591081302508402,1.3714462359012767,0.9142212987175105,-0.021597605692173512,0.4549425832962229
2020-08-12,m_only_raw,2,FAST,815556,FASTENAL CO,-1.434166568127634,-1.434166568127634,2020-02-06 12:52:00.0,20191231,20181231,0000815556-20-000011,current_SEC_mapping_to_historical_prices,unknown,0.9667308860546077,1.024485161816295,3.469261776911744,1.0742381825139473,1.0227606429438834,0.970250072375086,-0.013631937682570594,0.8294800932261376
2020-09-10,price_matched,1,GILD,882095,GILEAD SCIENCES INC,70.9090909090909,-2.6279983906456907,2020-02-24 17:38:00.0,20191231,20181231,0000882095-20-000006,current_SEC_mapping_to_historical_prices,unknown,1.0612026273680517,0.9860120069883721,1.1631177925623606,1.0145523568490984,0.9962211349568183,1.0646352530122407,-0.06097976536258458,0.9355452076120614
2020-09-10,price_matched,2,INTC,50863,INTEL CORP,70.30303030303031,-2.7801613443488007,2020-01-23 18:40:00.0,20191231,20181231,0000050863-20-000011,current_SEC_mapping_to_historical_prices,unknown,1.121708023915639,1.054261129142052,0.9316730524504776,1.0157661472448059,0.9340901983068941,0.8969693601056069,-0.08860713134686941,1.0696966188552854
2020-09-10,price_matched,3,COR,1140859,AMERISOURCEBERGEN CORP,68.03030303030302,-2.64710492220647,2019-11-19 17:11:00.0,20190930,20180930,0001140859-19-000040,current_SEC_mapping_to_historical_prices,unknown,1.0237884506031105,0.9598989063993041,0.9019442194247482,1.069367103245163,0.9383290042242222,1.0123692436403466,-0.0380031338727325,1.0093012301883144
2020-09-10,price_matched,4,ROP,882835,ROPER TECHNOLOGIES INC,67.72727272727273,-2.2614369492604487,2020-02-28 14:02:00.0,20191231,20181231,0000882835-20-000006,current_SEC_mapping_to_historical_prices,unknown,1.0926071606150858,0.9893011370094517,0.9953969115017927,1.0338264755740485,1.0676377597109306,0.9907033856417478,0.016903290647140357,0.9320121186557793
2020-09-10,price_matched,5,ALSN,1411207,ALLISON TRANSMISSION HOLDINGS INC,64.84848484848484,-2.7734780446064615,2020-02-27 16:05:00.0,20191231,20181231,0001564590-20-007355,current_SEC_mapping_to_historical_prices,unknown,0.9118516038695861,1.0144460938115591,0.9840185323172037,0.9944710652414301,1.2202214491962804,0.9779344080678402,-0.05460674157303371,0.9456774911320158
2020-09-10,price_matched,6,GPN,1123360,GLOBAL PAYMENTS INC,64.39393939393939,-1.0452506633822232,2020-02-21 16:20:00.0,20191231,20181231,0001123360-20-000009,current_SEC_mapping_to_historical_prices,unknown,1.761043054680416,1.1677393379353171,1.2521041379220454,1.4591081302508402,1.3714462359012767,0.9142212987175105,-0.021597605692173512,0.4549425832962229
2020-09-10,price_matched,7,FAST,815556,FASTENAL CO,63.48484848484848,-1.434166568127634,2020-02-06 12:52:00.0,20191231,20181231,0000815556-20-000011,current_SEC_mapping_to_historical_prices,unknown,0.9667308860546077,1.024485161816295,3.469261776911744,1.0742381825139473,1.0227606429438834,0.970250072375086,-0.013631937682570594,0.8294800932261376
2020-09-10,price_matched,8,FLS,30625,FLOWSERVE CORP,62.878787878787875,-2.5020585324121085,2020-02-18 06:08:00.0,20191231,20181231,0000030625-20-000007,current_SEC_mapping_to_historical_prices,unknown,0.9753675619973087,0.9438265036972995,1.064983067110123,1.0292704869143308,0.9928015440261391,0.9263654420422786,-0.012007581039433357,0.9319674822327378
2020-09-10,price_matched,9,RHI,315213,ROBERT HALF INTERNATIONAL INC.,58.030303030303024,-2.348718660141449,2020-02-14 15:39:00.0,20191231,20181231,0000315213-20-000029,current_SEC_mapping_to_historical_prices,unknown,1.0009615142413881,0.9973953808092599,1.4993837773117566,1.0472669294245045,1.0167302528979056,1.0008398401196874,-0.028206184282480635,0.9447827269613731
2020-09-10,price_matched,10,TXN,97476,TEXAS INSTRUMENTS INC,56.81818181818182,-3.0449328926855332,2020-02-20 11:58:00.0,20191231,20181231,0000097476-20-000009,current_SEC_mapping_to_historical_prices,unknown,0.976482811539744,1.0219124359008112,0.9668560529069323,0.9112392295995946,0.885899814471243,1.071991660780583,-0.09057609057609058,1.0397323206096944
2020-09-10,price_matched,11,IT,749251,GARTNER INC,56.81818181818181,-2.614369136072965,2020-02-19 16:54:00.0,20191231,20181231,0000749251-20-000008,current_SEC_mapping_to_historical_prices,unknown,0.9893252534149266,0.9933429837560456,1.0072718921679795,1.0678833159684404,1.0604874335986139,1.0454171571032083,-0.04644558033832758,0.8970907044546066
2020-09-10,price_matched,12,SPGI,64040,S&P GLOBAL INC.,56.363636363636374,-2.639159987876126,2020-02-10 17:30:00.0,20191231,20181231,0000064040-20-000055,current_SEC_mapping_to_historical_prices,unknown,1.0166907888047318,0.9965990775580226,0.9410124778686878,1.070469798657718,1.1632906159570071,0.9060964170321256,-0.05754317941487487,0.9309884667036107
2020-09-10,price_matched,13,QRVO,1604778,"QORVO, INC.",55.757575757575765,-2.984582313413446,2020-05-20 16:55:00.0,20200331,20190331,0001604778-20-000030,current_SEC_mapping_to_historical_prices,unknown,0.9263060204440517,0.9477777624807784,1.159629771958229,1.0481554529054387,0.8850338248993552,0.6885156384285317,-0.09317948957135859,1.3701008288193648
2020-09-10,price_matched,14,FLEX,866374,FLEX LTD.,54.848484848484844,-1.8877092549739944,2020-05-28 16:47:00.0,20200331,20190331,0000866374-20-000009,current_SEC_mapping_to_historical_prices,unknown,1.0093090742616955,1.0478099857095664,1.1429590853773948,0.9236702786908657,0.977439776800395,0.9474924675332533,0.11840031755453786,0.9743687785569848
2020-09-10,price_matched,15,HAS,46080,"HASBRO, INC.",54.6969696969697,-2.553358699069066,2020-02-27 12:51:00.0,20191231,20181231,0000046080-20-000028,current_SEC_mapping_to_historical_prices,unknown,1.1519576954616852,0.9657877158647921,0.5722329005449386,1.0306969141282973,1.025412103893754,0.7814900241387345,-0.014974319156134381,1.0614700322855963
2020-09-10,price_matched,16,WGO,107687,WINNEBAGO INDUSTRIES INC,54.39393939393939,-2.6379296987121696,2019-10-23 17:03:00.0,20190831,20180831,0000107687-19-000024,current_SEC_mapping_to_historical_prices,unknown,0.9753548069169798,0.960960811244822,0.9316639512007979,0.9845524831306968,0.9157059390692509,1.1107595716285386,-0.019879898318377224,0.8516635262750135
2020-09-10,price_matched,17,G,1398659,GENPACT LTD,52.87878787878788,-2.387919278657047,2020-03-02 16:19:00.0,20191231,20181231,0001564590-20-008158,current_SEC_mapping_to_historical_prices,unknown,1.0065818687216308,1.0326787634072658,1.069811347883524,1.173205389247498,0.8514252040004474,0.9764814842058549,-0.027616057172312594,0.9133808207372767
2020-09-10,price_matched,18,CSL,790051,CARLISLE COMPANIES INC,49.84848484848485,-2.537723172718157,2020-02-10 16:14:00.0,20191231,20181231,0000790051-20-000071,current_SEC_mapping_to_historical_prices,unknown,1.0439020362588112,0.9198728596034312,1.162455848351955,1.0741377385868958,1.0067026056185573,0.9930545107877156,-0.04190320232896652,0.9800283840794755
2020-09-10,price_matched,19,WCN,1318220,"WASTE CONNECTIONS, INC.",48.939393939393945,-2.6943236507136485,2020-02-13 06:12:00.0,20191231,20181231,0001558370-20-000746,current_SEC_mapping_to_historical_prices,unknown,0.993400297360827,1.028284673932778,1.0239106327528373,1.0946056432526816,0.9895144758192855,0.951707042601837,-0.07087841155302982,0.9776600222346492
2020-09-10,price_matched,20,CHE,19584,CHEMED CORP,45.454545454545446,-2.5836972747368576,2020-02-26 14:20:00.0,20191231,20181231,0000019584-20-000006,current_SEC_mapping_to_historical_prices,unknown,1.1067395980702222,0.9775109253660728,1.061239288091054,1.0874580960458824,1.0168725959445635,1.0365633706246187,-0.06412119367634432,0.9645417467615807
2020-09-10,m_only_raw,1,GPN,1123360,GLOBAL PAYMENTS INC,-1.0452506633822232,-1.0452506633822232,2020-02-21 16:20:00.0,20191231,20181231,0001123360-20-000009,current_SEC_mapping_to_historical_prices,unknown,1.761043054680416,1.1677393379353171,1.2521041379220454,1.4591081302508402,1.3714462359012767,0.9142212987175105,-0.021597605692173512,0.4549425832962229
2020-09-10,m_only_raw,2,FAST,815556,FASTENAL CO,-1.434166568127634,-1.434166568127634,2020-02-06 12:52:00.0,20191231,20181231,0000815556-20-000011,current_SEC_mapping_to_historical_prices,unknown,0.9667308860546077,1.024485161816295,3.469261776911744,1.0742381825139473,1.0227606429438834,0.970250072375086,-0.013631937682570594,0.8294800932261376
2020-09-10,m_weak_raw,1,GPN,1123360,GLOBAL PAYMENTS INC,-1.0452506633822232,-1.0452506633822232,2020-02-21 16:20:00.0,20191231,20181231,0001123360-20-000009,current_SEC_mapping_to_historical_prices,unknown,1.761043054680416,1.1677393379353171,1.2521041379220454,1.4591081302508402,1.3714462359012767,0.9142212987175105,-0.021597605692173512,0.4549425832962229
2020-09-10,m_weak_raw,2,FAST,815556,FASTENAL CO,-1.434166568127634,-1.434166568127634,2020-02-06 12:52:00.0,20191231,20181231,0000815556-20-000011,current_SEC_mapping_to_historical_prices,unknown,0.9667308860546077,1.024485161816295,3.469261776911744,1.0742381825139473,1.0227606429438834,0.970250072375086,-0.013631937682570594,0.8294800932261376
2020-09-10,m_weak_winsor,1,GPN,1123360,GLOBAL PAYMENTS INC,-1.3000746014299729,-1.0452506633822232,2020-02-21 16:20:00.0,20191231,20181231,0001123360-20-000009,current_SEC_mapping_to_historical_prices,unknown,1.761043054680416,1.1677393379353171,1.2521041379220454,1.4591081302508402,1.3714462359012767,0.9142212987175105,-0.021597605692173512,0.4549425832962229
2020-09-10,m_weak_winsor,2,FAST,815556,FASTENAL CO,-1.6527173014739827,-1.434166568127634,2020-02-06 12:52:00.0,20191231,20181231,0000815556-20-000011,current_SEC_mapping_to_historical_prices,unknown,0.9667308860546077,1.024485161816295,3.469261776911744,1.0742381825139473,1.0227606429438834,0.970250072375086,-0.013631937682570594,0.8294800932261376
2020-10-08,price_matched,1,GILD,882095,GILEAD SCIENCES INC,82.71428571428572,-2.6279983906456907,2020-02-24 17:38:00.0,20191231,20181231,0000882095-20-000006,current_SEC_mapping_to_historical_prices,unknown,1.0612026273680517,0.9860120069883721,1.1631177925623606,1.0145523568490984,0.9962211349568183,1.0646352530122407,-0.06097976536258458,0.9355452076120614
2020-10-08,price_matched,2,CHD,313927,CHURCH & DWIGHT CO INC /DE/,75.14285714285714,-2.6043309469250913,2020-02-18 11:12:00.0,20191231,20181231,0001564590-20-004956,current_SEC_mapping_to_historical_prices,unknown,0.9819799287945659,0.9752218962535082,1.064224819758616,1.051086615692612,0.9701006862866621,1.0571444477899579,-0.03734190524829513,0.9333201537142377
2020-10-08,price_matched,3,CHE,19584,CHEMED CORP,70.42857142857144,-2.5836972747368576,2020-02-26 14:20:00.0,20191231,20181231,0000019584-20-000006,current_SEC_mapping_to_historical_prices,unknown,1.1067395980702222,0.9775109253660728,1.061239288091054,1.0874580960458824,1.0168725959445635,1.0365633706246187,-0.06412119367634432,0.9645417467615807
2020-10-08,price_matched,4,SHW,89800,SHERWIN WILLIAMS CO,70.42857142857143,-2.617818538113568,2020-02-21 15:03:00.0,20191231,20181231,0000089800-20-000005,current_SEC_mapping_to_historical_prices,unknown,1.0135502844697986,0.9424442666410336,1.0064629703504977,1.0208902449456785,1.0832752863591932,1.0264533594383909,-0.03805583474009817,0.9024585335913751
2020-10-08,price_matched,5,IT,749251,GARTNER INC,66.57142857142857,-2.614369136072965,2020-02-19 16:54:00.0,20191231,20181231,0000749251-20-000008,current_SEC_mapping_to_historical_prices,unknown,0.9893252534149266,0.9933429837560456,1.0072718921679795,1.0678833159684404,1.0604874335986139,1.0454171571032083,-0.04644558033832758,0.8970907044546066
2020-10-08,price_matched,6,WMG,1319161,WARNER MUSIC GROUP CORP.,52.714285714285715,-1.996296093518481,2019-11-27 08:28:00.0,20190930,20180930,0001319161-19-000010,current_SEC_mapping_to_historical_prices,unknown,1.5516853511304414,0.9880549505981554,0.9077666591015731,1.1173533083645444,1.1460978988686215,0.9577659966187457,-0.023932192122320093,0.9909580789714197
2020-10-08,price_matched,7,TDG,1260221,TRANSDIGM GROUP INC,51.14285714285713,-2.080596407529481,2019-11-19 15:58:00.0,20190930,20180930,0001260221-19-000043,current_SEC_mapping_to_historical_prices,unknown,1.1060183515732485,1.0623071875323058,0.9787651749058289,1.370514383413196,1.1967946836004695,1.2133510576456328,-0.0077332562439821366,1.0082646709292542
2020-10-08,m_only_raw,1,GPN,1123360,GLOBAL PAYMENTS INC,-1.0452506633822232,-1.0452506633822232,2020-02-21 16:20:00.0,20191231,20181231,0001123360-20-000009,current_SEC_mapping_to_historical_prices,unknown,1.761043054680416,1.1677393379353171,1.2521041379220454,1.4591081302508402,1.3714462359012767,0.9142212987175105,-0.021597605692173512,0.4549425832962229
2020-10-08,m_only_raw,2,FAST,815556,FASTENAL CO,-1.434166568127634,-1.434166568127634,2020-02-06 12:52:00.0,20191231,20181231,0000815556-20-000011,current_SEC_mapping_to_historical_prices,unknown,0.9667308860546077,1.024485161816295,3.469261776911744,1.0742381825139473,1.0227606429438834,0.970250072375086,-0.013631937682570594,0.8294800932261376
2020-11-05,price_matched,1,GILD,882095,GILEAD SCIENCES INC,80.0,-2.6279983906456907,2020-02-24 17:38:00.0,20191231,20181231,0000882095-20-000006,current_SEC_mapping_to_historical_prices,unknown,1.0612026273680517,0.9860120069883721,1.1631177925623606,1.0145523568490984,0.9962211349568183,1.0646352530122407,-0.06097976536258458,0.9355452076120614
2020-11-05,price_matched,2,ILMN,1110803,"ILLUMINA, INC.",73.38235294117648,-2.177734922816609,2020-02-10 20:20:00.0,20191231,20181231,0001110803-20-000018,current_SEC_mapping_to_historical_prices,unknown,1.0487106158798354,0.99104762523273,1.3483334418459805,1.063006300630063,0.7936118605728613,0.989304841348215,-0.006697648988518316,0.6376660484814685
2020-11-05,price_matched,3,INTC,50863,INTEL CORP,72.79411764705883,-2.7801613443488007,2020-01-23 18:40:00.0,20191231,20181231,0000050863-20-000011,current_SEC_mapping_to_historical_prices,unknown,1.121708023915639,1.054261129142052,0.9316730524504776,1.0157661472448059,0.9340901983068941,0.8969693601056069,-0.08860713134686941,1.0696966188552854
2020-11-05,price_matched,4,CHD,313927,CHURCH & DWIGHT CO INC /DE/,69.11764705882352,-2.6043309469250913,2020-02-18 11:12:00.0,20191231,20181231,0001564590-20-004956,current_SEC_mapping_to_historical_prices,unknown,0.9819799287945659,0.9752218962535082,1.064224819758616,1.051086615692612,0.9701006862866621,1.0571444477899579,-0.03734190524829513,0.9333201537142377
2020-11-05,price_matched,5,ROP,882835,ROPER TECHNOLOGIES INC,67.6470588235294,-2.2614369492604487,2020-02-28 14:02:00.0,20191231,20181231,0000882835-20-000006,current_SEC_mapping_to_historical_prices,unknown,1.0926071606150858,0.9893011370094517,0.9953969115017927,1.0338264755740485,1.0676377597109306,0.9907033856417478,0.016903290647140357,0.9320121186557793
2020-11-05,price_matched,6,THO,730263,THOR INDUSTRIES INC,64.70588235294117,-2.617208476352739,2020-09-28 06:36:00.0,20200731,20190731,0000730263-20-000019,current_SEC_mapping_to_historical_prices,unknown,1.1832905770418694,0.9037730586646351,0.992746794735791,1.0385485478383443,0.7652642352023596,1.139051929316862,-0.05509299206786498,0.9320836002185922
2020-11-05,price_matched,7,SYK,310764,STRYKER CORP,62.794117647058826,-2.2811881886741348,2020-02-06 10:12:00.0,20191231,20181231,0000310764-20-000014,current_SEC_mapping_to_historical_prices,unknown,1.1336293119621932,1.008780234320763,0.964049134486446,1.0943312991691787,1.0810930789813822,0.9598574402587964,-0.003580070938442669,0.993460431282935
2020-11-05,price_matched,8,RHI,315213,ROBERT HALF INTERNATIONAL INC.,57.20588235294116,-2.348718660141449,2020-02-14 15:39:00.0,20191231,20181231,0000315213-20-000029,current_SEC_mapping_to_historical_prices,unknown,1.0009615142413881,0.9973953808092599,1.4993837773117566,1.0472669294245045,1.0167302528979056,1.0008398401196874,-0.028206184282480635,0.9447827269613731
2020-11-05,price_matched,9,ALSN,1411207,ALLISON TRANSMISSION HOLDINGS INC,56.3235294117647,-2.7734780446064615,2020-02-27 16:05:00.0,20191231,20181231,0001564590-20-007355,current_SEC_mapping_to_historical_prices,unknown,0.9118516038695861,1.0144460938115591,0.9840185323172037,0.9944710652414301,1.2202214491962804,0.9779344080678402,-0.05460674157303371,0.9456774911320158
2020-11-05,price_matched,10,HAS,46080,"HASBRO, INC.",45.88235294117647,-2.553358699069066,2020-02-27 12:51:00.0,20191231,20181231,0000046080-20-000028,current_SEC_mapping_to_historical_prices,unknown,1.1519576954616852,0.9657877158647921,0.5722329005449386,1.0306969141282973,1.025412103893754,0.7814900241387345,-0.014974319156134381,1.0614700322855963
2020-11-05,price_matched,11,ST,1477294,SENSATA TECHNOLOGIES HOLDING PLC,43.08823529411765,-2.7261518915441894,2020-02-11 08:34:00.0,20191231,20181231,0001477294-20-000009,current_SEC_mapping_to_historical_prices,unknown,0.9786567161054565,1.0391058452380892,0.9811290361984338,0.9798400000908671,0.9699808177002007,0.940026474119415,-0.0492862774980946,0.9933031052768819
2020-11-05,m_only_raw,1,GPN,1123360,GLOBAL PAYMENTS INC,-1.0452506633822232,-1.0452506633822232,2020-02-21 16:20:00.0,20191231,20181231,0001123360-20-000009,current_SEC_mapping_to_historical_prices,unknown,1.761043054680416,1.1677393379353171,1.2521041379220454,1.4591081302508402,1.3714462359012767,0.9142212987175105,-0.021597605692173512,0.4549425832962229
2020-11-05,m_only_raw,2,FAST,815556,FASTENAL CO,-1.434166568127634,-1.434166568127634,2020-02-06 12:52:00.0,20191231,20181231,0000815556-20-000011,current_SEC_mapping_to_historical_prices,unknown,0.9667308860546077,1.024485161816295,3.469261776911744,1.0742381825139473,1.0227606429438834,0.970250072375086,-0.013631937682570594,0.8294800932261376
