date,year,horizon,model,pool_n,n,unknown_end,unknown_path,high_up10,high_up20,end_down10,winning_names,calendar_days,gross,net_rt10bp_borrow0pct,net_rt10bp_borrow5pct,net_rt10bp_borrow20pct,net_rt20bp_borrow0pct,net_rt20bp_borrow5pct,net_rt20bp_borrow20pct
2016-03-31,2016,20,price_weak,38,20,0,0,10,3,1,7,28,-0.0916280108596377,-0.0926280108596377,-0.09646362729799388,-0.10797047661306236,-0.0936280108596377,-0.09746362729799386,-0.10897047661306236
2016-03-31,2016,5,price_weak,38,20,0,0,3,0,0,8,7,-0.007718138788057716,-0.008718138788057717,-0.009677042897646756,-0.01255375522641388,-0.009718138788057716,-0.010677042897646757,-0.013553755226413881
2016-03-31,2016,20,accrual_weak,5,5,0,0,2,0,2,3,28,0.0061041896088572965,0.005854189608857296,0.004895285499268255,0.0020185731705011315,0.005604189608857297,0.004645285499268255,0.0017685731705011322
2016-03-31,2016,5,accrual_weak,5,5,0,0,0,0,0,3,7,0.008448021313191122,0.008198021313191122,0.007958295285793861,0.007239117203602081,0.007948021313191122,0.007708295285793862,0.006989117203602081
2016-03-31,2016,20,cashburn_weak,3,3,0,0,2,0,1,1,28,-0.00526539572983527,-0.00541539572983527,-0.005990738195588695,-0.007716765592848969,-0.00556539572983527,-0.006140738195588695,-0.007866765592848969
2016-03-31,2016,5,cashburn_weak,3,3,0,0,1,0,0,1,7,-0.0014230423223601184,-0.0015730423223601184,-0.0017168779387984746,-0.002148384788113543,-0.0017230423223601183,-0.0018668779387984746,-0.0022983847881135433
2016-03-31,2016,20,cashburn_rebound,1,1,0,0,0,0,1,1,28,0.00799941072480848,0.007949410724808481,0.007757629902890672,0.007182287437137247,0.007899410724808481,0.0077076299028906725,0.007132287437137248
2016-03-31,2016,5,cashburn_rebound,1,1,0,0,0,0,0,1,7,0.004876252209781967,0.0048262522097819675,0.004778307004302515,0.004634471387864159,0.004776252209781967,0.004728307004302515,0.004584471387864159
2016-03-31,2016,20,residual_rally,196,20,0,0,6,4,1,13,28,-0.025702521594510835,-0.026702521594510836,-0.030538138032867,-0.04204498734793549,-0.027702521594510837,-0.031538138032867,-0.04304498734793549
2016-03-31,2016,5,residual_rally,196,20,0,0,2,0,0,11,7,-0.009627060324172227,-0.010627060324172228,-0.011585964433761267,-0.014462676762528392,-0.011627060324172227,-0.012585964433761268,-0.015462676762528393
2016-04-28,2016,20,price_weak,117,20,0,0,0,0,2,9,28,0.005421449843920173,0.004421449843920173,0.0005858334055640086,-0.010921015909504487,0.0034214498439201733,-0.0004141665944359914,-0.011921015909504484
2016-04-28,2016,5,price_weak,117,20,0,0,0,0,0,11,7,0.007040688929921079,0.006040688929921079,0.005081784820332038,0.0022050724915649144,0.005040688929921079,0.004081784820332038,0.0012050724915649144
2016-04-28,2016,20,accrual_weak,10,10,0,0,2,0,4,7,28,0.010924072858312317,0.010424072858312317,0.008506264639134235,0.002752839981599987,0.009924072858312316,0.008006264639134234,0.0022528399815999883
2016-04-28,2016,5,accrual_weak,10,10,0,0,0,0,0,8,7,0.018903842211193112,0.01840384221119311,0.01792439015639859,0.01648603399201503,0.01790384221119311,0.017424390156398593,0.01598603399201503
2016-04-28,2016,20,cashburn_weak,3,3,0,0,1,0,1,2,28,-0.0002748294246217919,-0.0004248294246217919,-0.0010001718903752165,-0.002726199287635491,-0.000574829424621792,-0.0011501718903752167,-0.0028761992876354904
2016-04-28,2016,5,cashburn_weak,3,3,0,0,0,0,0,3,7,0.006775033338966663,0.006625033338966663,0.0064811977225283065,0.006049690873213238,0.006475033338966663,0.0063311977225283065,0.005899690873213238
2016-04-28,2016,20,cashburn_rebound,0,0,0,0,0,0,0,0,28,0.0,0.0,0.0,0.0,0.0,0.0,0.0
2016-04-28,2016,5,cashburn_rebound,0,0,0,0,0,0,0,0,7,0.0,0.0,0.0,0.0,0.0,0.0,0.0
2016-04-28,2016,20,residual_rally,160,20,0,0,0,0,6,11,28,0.056061282517125534,0.05506128251712553,0.05122566607876937,0.03971881676370087,0.05406128251712553,0.05022566607876937,0.038718816763700876
2016-04-28,2016,5,residual_rally,160,20,0,0,0,0,5,16,7,0.055995662834026835,0.054995662834026834,0.05403675872443779,0.05116004639567067,0.053995662834026834,0.05303675872443779,0.05016004639567067
2016-05-26,2016,20,price_weak,86,20,0,0,2,0,3,14,29,0.02437168059925151,0.02337168059925151,0.01939907785952548,0.007481269640347395,0.022371680599251507,0.018399077859525482,0.006481269640347398
2016-05-26,2016,5,price_weak,86,20,0,0,0,0,0,11,8,0.002124407681399776,0.001124407681399776,2.851727044087156e-05,-0.003259153962435841,0.000124407681399776,-0.0009714827295591285,-0.004259153962435841
2016-05-26,2016,20,accrual_weak,9,9,0,0,2,0,2,7,29,0.02286091987887668,0.02241091987887668,0.020623248645999966,0.01526023494736983,0.02196091987887668,0.020173248645999967,0.01481023494736983
2016-05-26,2016,5,accrual_weak,9,9,0,0,0,0,0,5,8,0.0012049326041624064,0.0007549326041624063,0.0002617819192308994,-0.0012176701355636212,0.00030493260416240636,-0.0001882180807691006,-0.001667670135563621
2016-05-26,2016,20,cashburn_weak,2,2,0,0,1,0,0,1,29,0.0003770417156748751,0.0002770417156748751,-0.00012021855829772777,-0.0013119993802155365,0.0001770417156748751,-0.00022021855829772782,-0.001411999380215536
2016-05-26,2016,5,cashburn_weak,2,2,0,0,0,0,0,1,8,-0.0006731817284452213,-0.0007731817284452213,-0.0008827707695411118,-0.001211537892828783,-0.0008731817284452212,-0.0009827707695411118,-0.001311537892828783
2016-05-26,2016,20,cashburn_rebound,2,2,0,0,1,0,0,1,29,0.0003770417156748751,0.0002770417156748751,-0.00012021855829772777,-0.0013119993802155365,0.0001770417156748751,-0.00022021855829772782,-0.001411999380215536
2016-05-26,2016,5,cashburn_rebound,2,2,0,0,0,0,0,1,8,-0.0006731817284452213,-0.0007731817284452213,-0.0008827707695411118,-0.001211537892828783,-0.0008731817284452212,-0.0009827707695411118,-0.001311537892828783
2016-05-26,2016,20,residual_rally,147,20,0,0,5,1,3,12,29,0.019185337400352987,0.018185337400352986,0.014212734660626959,0.002294926441448873,0.01718533740035299,0.01321273466062696,0.0012949264414488758
2016-05-26,2016,5,residual_rally,147,20,0,0,2,0,0,4,8,-0.021946194792759926,-0.022946194792759927,-0.02404208520371883,-0.02732975643659554,-0.023946194792759924,-0.025042085203718832,-0.028329756436595542
2016-06-24,2016,20,price_weak,202,20,0,0,12,1,0,2,29,-0.0990418163016443,-0.1000418163016443,-0.10401441904137032,-0.11593222726054841,-0.1010418163016443,-0.10501441904137032,-0.11693222726054842
2016-06-24,2016,5,price_weak,202,20,0,0,1,0,0,0,5,-0.04708474349880905,-0.04808474349880905,-0.04876967500565836,-0.05082446952620631,-0.04908474349880905,-0.04976967500565836,-0.051824469526206306
2016-06-24,2016,20,accrual_weak,21,20,0,0,16,5,0,1,29,-0.13294559599289985,-0.13394559599289985,-0.13791819873262587,-0.14983600695180396,-0.13494559599289985,-0.13891819873262587,-0.15083600695180396
2016-06-24,2016,5,accrual_weak,21,20,0,0,5,0,0,1,5,-0.05523364842526224,-0.05623364842526224,-0.05691857993211155,-0.0589733744526595,-0.05723364842526224,-0.05791857993211155,-0.059973374452659496
2016-06-24,2016,20,cashburn_weak,7,7,0,0,5,1,0,1,29,-0.034765322993498306,-0.03511532299349831,-0.03650573395240241,-0.040676966829114744,-0.035465322993498305,-0.036855733952402416,-0.04102696682911475
2016-06-24,2016,5,cashburn_weak,7,7,0,0,2,0,0,0,5,-0.024698519768970195,-0.025048519768970195,-0.025288245796367455,-0.026007423878559238,-0.025398519768970194,-0.025638245796367455,-0.026357423878559237
2016-06-24,2016,20,cashburn_rebound,0,0,0,0,0,0,0,0,29,0.0,0.0,0.0,0.0,0.0,0.0,0.0
2016-06-24,2016,5,cashburn_rebound,0,0,0,0,0,0,0,0,5,0.0,0.0,0.0,0.0,0.0,0.0,0.0
2016-06-24,2016,20,residual_rally,86,20,0,0,12,3,0,1,29,-0.09300467471113197,-0.09400467471113197,-0.09797727745085799,-0.10989508567003609,-0.09500467471113197,-0.09897727745085799,-0.11089508567003609
2016-06-24,2016,5,residual_rally,86,20,0,0,3,0,0,4,5,-0.035197059533360435,-0.036197059533360436,-0.03688199104020975,-0.03893678556075769,-0.03719705953336044,-0.03788199104020975,-0.03993678556075769
2016-07-25,2016,20,price_weak,23,20,0,0,5,0,0,8,28,-0.02993595952096298,-0.03093595952096298,-0.034771575959319144,-0.046278425274387636,-0.03193595952096298,-0.035771575959319145,-0.04727842527438764
2016-07-25,2016,5,price_weak,23,20,0,0,0,0,0,10,7,0.00612986569811178,0.00512986569811178,0.004170961588522739,0.0012942492597556154,0.00412986569811178,0.003170961588522739,0.00029424925975561535
2016-07-25,2016,20,accrual_weak,3,3,0,0,1,0,0,1,28,-0.00989012381063487,-0.010040123810634871,-0.010615466276388295,-0.01234149367364857,-0.01019012381063487,-0.010765466276388296,-0.012491493673648569
2016-07-25,2016,5,accrual_weak,3,3,0,0,0,0,0,0,7,-0.0028145475030279753,-0.0029645475030279753,-0.0031083831194663315,-0.0035398899687813998,-0.0031145475030279752,-0.0032583831194663315,-0.0036898899687814
2016-07-25,2016,20,cashburn_weak,1,1,0,0,0,0,0,0,28,-0.0023349082518404505,-0.0023849082518404507,-0.0025766890737582587,-0.0031520315395116836,-0.0024349082518404504,-0.002626689073758259,-0.0032020315395116833
2016-07-25,2016,5,cashburn_weak,1,1,0,0,0,0,0,0,7,-0.0018459509943962171,-0.001895950994396217,-0.0019438961998756693,-0.0020877318163140253,-0.0019459509943962172,-0.001993896199875669,-0.0021377318163140254
2016-07-25,2016,20,cashburn_rebound,0,0,0,0,0,0,0,0,28,0.0,0.0,0.0,0.0,0.0,0.0,0.0
2016-07-25,2016,5,cashburn_rebound,0,0,0,0,0,0,0,0,7,0.0,0.0,0.0,0.0,0.0,0.0,0.0
2016-07-25,2016,20,residual_rally,177,20,0,0,3,0,3,8,28,-0.008579587254574111,-0.009579587254574112,-0.013415203692930276,-0.02492205300799877,-0.010579587254574111,-0.014415203692930277,-0.02592205300799877
2016-07-25,2016,5,residual_rally,177,20,0,0,0,0,0,10,7,-0.004959598430566559,-0.005959598430566559,-0.0069185025401556,-0.009795214868922724,-0.006959598430566559,-0.0079185025401556,-0.010795214868922723
2016-08-22,2016,20,price_weak,102,20,0,0,0,0,0,18,29,0.033692056760944854,0.03269205676094485,0.028719454021218824,0.01680164580204074,0.03169205676094485,0.027719454021218826,0.015801645802040742
2016-08-22,2016,5,price_weak,102,20,0,0,0,0,0,13,7,0.0050084299312378846,0.0040084299312378845,0.0030495258216488436,0.00017281349288171977,0.0030084299312378845,0.0020495258216488435,-0.0008271865071182802
2016-08-22,2016,20,accrual_weak,10,10,0,0,2,0,2,7,29,0.016896111125269682,0.01639611112526968,0.014409809755406667,0.008450905645817625,0.01589611112526968,0.013909809755406668,0.007950905645817626
2016-08-22,2016,5,accrual_weak,10,10,0,0,0,0,0,7,7,0.0028329226969129595,0.0023329226969129595,0.001853470642118439,0.0004151144777348771,0.0018329226969129595,0.001353470642118439,-8.48855222651229e-05
2016-08-22,2016,20,cashburn_weak,3,3,0,0,0,0,1,3,29,0.013736706689463352,0.013586706689463351,0.012990816278504447,0.011203145045627735,0.013436706689463352,0.012840816278504448,0.011053145045627736
2016-08-22,2016,5,cashburn_weak,3,3,0,0,0,0,0,3,7,0.0010461151946189518,0.0008961151946189519,0.0007522795781805956,0.00032077272886552716,0.0007461151946189519,0.0006022795781805957,0.0001707727288655271
2016-08-22,2016,20,cashburn_rebound,0,0,0,0,0,0,0,0,29,0.0,0.0,0.0,0.0,0.0,0.0,0.0
2016-08-22,2016,5,cashburn_rebound,0,0,0,0,0,0,0,0,7,0.0,0.0,0.0,0.0,0.0,0.0,0.0
2016-08-22,2016,20,residual_rally,128,20,0,0,2,1,5,12,29,0.023202789114835476,0.022202789114835475,0.018230186375109446,0.006312378155931362,0.021202789114835474,0.01723018637510945,0.005312378155931365
2016-08-22,2016,5,residual_rally,128,20,0,0,0,0,0,12,7,0.007850193953493761,0.0068501939534937615,0.0058912898439047205,0.0030145775151375967,0.0058501939534937614,0.0048912898439047205,0.0020145775151375967
2016-09-20,2016,20,price_weak,192,20,0,0,3,0,1,13,28,-0.014827831657160302,-0.015827831657160302,-0.019663448095516466,-0.03117029741058496,-0.0168278316571603,-0.020663448095516467,-0.032170297410584955
2016-09-20,2016,5,price_weak,192,20,0,0,1,0,0,5,7,-0.01807578612558457,-0.01907578612558457,-0.02003469023517361,-0.022911402563940735,-0.02007578612558457,-0.02103469023517361,-0.023911402563940736
2016-09-20,2016,20,accrual_weak,15,15,0,0,2,0,0,10,28,-0.008147494889050005,-0.008897494889050006,-0.011774207217817129,-0.0204043442041185,-0.009647494889050005,-0.012524207217817128,-0.0211543442041185
2016-09-20,2016,5,accrual_weak,15,15,0,0,1,0,0,5,7,-0.013362762584018195,-0.014112762584018196,-0.014831940666209976,-0.016989474912785317,-0.014862762584018195,-0.015581940666209975,-0.017739474912785318
2016-09-20,2016,20,cashburn_weak,7,7,0,0,2,0,0,4,28,-0.004223268737101088,-0.004573268737101088,-0.005915734490525746,-0.009943131750799718,-0.004923268737101088,-0.006265734490525745,-0.010293131750799718
2016-09-20,2016,5,cashburn_weak,7,7,0,0,1,0,0,3,7,-0.008156195736927547,-0.008506195736927546,-0.00884181217528371,-0.009848661490352205,-0.008856195736927546,-0.009191812175283712,-0.010198661490352205
2016-09-20,2016,20,cashburn_rebound,1,1,0,0,1,0,0,0,28,-0.004274193548387095,-0.004324193548387095,-0.004515974370304904,-0.005091316836058329,-0.0043741935483870955,-0.0045659743703049035,-0.005141316836058328
2016-09-20,2016,5,cashburn_rebound,1,1,0,0,0,0,0,0,7,-0.002741935483870972,-0.002791935483870972,-0.002839880689350424,-0.00298371630578878,-0.002841935483870972,-0.002889880689350424,-0.0030337163057887803
2016-09-20,2016,20,residual_rally,188,20,0,0,4,1,4,13,28,0.038906531139479464,0.03790653113947946,0.0340709147011233,0.022564065386054804,0.03690653113947946,0.0330709147011233,0.021564065386054806
2016-09-20,2016,5,residual_rally,188,20,0,0,1,0,1,4,7,-0.016021122120058275,-0.017021122120058275,-0.017980026229647315,-0.02085673855841444,-0.018021122120058276,-0.018980026229647316,-0.02185673855841444
2016-10-18,2016,20,price_weak,167,20,0,0,5,0,1,6,28,-0.03294756847594653,-0.03394756847594653,-0.037783184914302693,-0.049290034229371185,-0.03494756847594653,-0.038783184914302694,-0.050290034229371186
2016-10-18,2016,5,price_weak,167,20,0,0,0,0,0,12,7,0.006987097467239256,0.005987097467239256,0.005028193357650215,0.0021514810288830915,0.004987097467239256,0.004028193357650215,0.0011514810288830914
2016-10-18,2016,20,accrual_weak,15,15,0,0,7,0,1,5,28,-0.029111151285302277,-0.029861151285302277,-0.0327378636140694,-0.04136800060037077,-0.030611151285302278,-0.0334878636140694,-0.04211800060037077
2016-10-18,2016,5,accrual_weak,15,15,0,0,0,0,1,6,7,0.000318352189450799,-0.000431647810549201,-0.0011508258927409817,-0.0033083601393163247,-0.001181647810549201,-0.0019008258927409817,-0.0040583601393163245
2016-10-18,2016,20,cashburn_weak,6,6,0,0,2,1,2,3,28,-0.006146550392111427,-0.006446550392111427,-0.007597235323618277,-0.011049290118138825,-0.006746550392111427,-0.007897235323618277,-0.011349290118138823
2016-10-18,2016,5,cashburn_weak,6,6,0,0,0,0,1,6,7,0.015460981864677504,0.015160981864677504,0.014873310631800791,0.014010296933170654,0.014860981864677504,0.014573310631800791,0.013710296933170654
2016-10-18,2016,20,cashburn_rebound,4,4,0,0,1,0,1,2,28,0.0095799453343843,0.009379945334384299,0.008612822046713067,0.006311452183699367,0.0091799453343843,0.008412822046713066,0.006111452183699368
2016-10-18,2016,5,cashburn_rebound,4,4,0,0,0,0,1,4,7,0.011477770631466277,0.011277770631466276,0.01108598980954847,0.010510647343795044,0.011077770631466278,0.010885989809548469,0.010310647343795044
2016-10-18,2016,20,residual_rally,166,20,0,0,10,4,2,7,28,-0.059345154494671225,-0.060345154494671226,-0.06418077093302739,-0.07568762024809589,-0.06134515449467123,-0.06518077093302739,-0.07668762024809589
2016-10-18,2016,5,residual_rally,166,20,0,0,0,0,0,10,7,-0.002351825036828803,-0.003351825036828803,-0.004310729146417844,-0.007187441475184968,-0.004351825036828803,-0.005310729146417844,-0.008187441475184968
2016-11-15,2016,20,price_weak,86,20,0,0,3,0,0,7,29,-0.0135756862246029,-0.0145756862246029,-0.01854828896432893,-0.030466097183507013,-0.0155756862246029,-0.01954828896432893,-0.031466097183507014
2016-11-15,2016,5,price_weak,86,20,0,0,0,0,0,10,7,-0.011739835734406812,-0.012739835734406811,-0.013698739843995854,-0.016575452172762975,-0.013739835734406812,-0.014698739843995853,-0.017575452172762976
2016-11-15,2016,20,accrual_weak,6,6,0,0,2,1,0,2,29,-0.01882888964637063,-0.01912888964637063,-0.02032067046828844,-0.023896012934041862,-0.01942888964637063,-0.020620670468288436,-0.02419601293404186
2016-11-15,2016,5,accrual_weak,6,6,0,0,0,0,1,3,7,0.003478865883239507,0.003178865883239507,0.0028911946503627946,0.0020281809517326576,0.002878865883239507,0.0025911946503627947,0.0017281809517326575
2016-11-15,2016,20,cashburn_weak,5,5,0,0,3,1,0,2,29,-0.02107894159325746,-0.02132894159325746,-0.022322092278188967,-0.02530154433298349,-0.02157894159325746,-0.022572092278188967,-0.02555154433298349
2016-11-15,2016,5,cashburn_weak,5,5,0,0,0,0,1,3,7,0.0037085526132439096,0.00345855261324391,0.003218826585846649,0.0024996485036548684,0.0032085526132439096,0.0029688265858466493,0.0022496485036548686
2016-11-15,2016,20,cashburn_rebound,2,2,0,0,1,0,0,1,29,-0.004565554537559652,-0.004665554537559652,-0.005062814811532254,-0.006254595633450063,-0.004765554537559651,-0.0051628148115322545,-0.006354595633450063
2016-11-15,2016,5,cashburn_rebound,2,2,0,0,0,0,0,1,7,-0.0016787506550992148,-0.0017787506550992148,-0.0018746410660581189,-0.0021623122989348313,-0.0018787506550992149,-0.001974641066058119,-0.002262312298934831
2016-11-15,2016,20,residual_rally,192,20,0,0,12,3,2,5,29,-0.03531181597790469,-0.03631181597790469,-0.04028441871763072,-0.0522022269368088,-0.03731181597790469,-0.04128441871763072,-0.0532022269368088
2016-11-15,2016,5,residual_rally,192,20,0,0,2,0,1,3,7,-0.028173057438969328,-0.02917305743896933,-0.030131961548558368,-0.03300867387732549,-0.03017305743896933,-0.03113196154855837,-0.03400867387732549
2016-12-14,2016,20,price_weak,74,20,0,0,3,2,1,5,30,-0.032552242670911155,-0.033552242670911156,-0.03766183171200704,-0.04999059883529472,-0.03455224267091116,-0.038661831712007044,-0.05099059883529471
2016-12-14,2016,5,price_weak,74,20,0,0,0,0,0,13,7,0.007204962904384921,0.006204962904384921,0.00524605879479588,0.002369346466028756,0.005204962904384921,0.00424605879479588,0.001369346466028756
2016-12-14,2016,20,accrual_weak,3,3,0,0,0,0,0,1,30,-0.0032605389345029935,-0.0034105389345029935,-0.004026977290667377,-0.005876292359160528,-0.0035605389345029935,-0.0041769772906673774,-0.006026292359160527
2016-12-14,2016,5,accrual_weak,3,3,0,0,0,0,0,3,7,0.003825218894220733,0.003675218894220733,0.003531383277782377,0.003099876428467308,0.003525218894220733,0.003381383277782377,0.0029498764284673082
2016-12-14,2016,20,cashburn_weak,2,2,0,0,1,0,0,0,30,-0.010202171444791363,-0.010302171444791362,-0.010713130348900951,-0.011946007061229719,-0.010402171444791363,-0.010813130348900952,-0.012046007061229718
2016-12-14,2016,5,cashburn_weak,2,2,0,0,0,0,0,1,7,0.0032770366165200183,0.0031770366165200185,0.003081146205561114,0.0027934749726844016,0.003077036616520018,0.002981146205561114,0.0026934749726844017
2016-12-14,2016,20,cashburn_rebound,1,1,0,0,0,0,0,0,30,-0.0033141025641025613,-0.0033641025641025614,-0.003569582016157356,-0.00418602037232174,-0.003414102564102561,-0.003619582016157356,-0.0042360203723217395
2016-12-14,2016,5,cashburn_rebound,1,1,0,0,0,0,0,1,7,0.003461538461538466,0.003411538461538466,0.003363593256059014,0.003219757639620658,0.003361538461538466,0.003313593256059014,0.0031697576396206577
2016-12-14,2016,20,residual_rally,99,20,0,0,2,0,0,10,30,-0.016058122680381547,-0.017058122680381548,-0.02116771172147744,-0.03349647884476511,-0.018058122680381546,-0.022167711721477436,-0.0344964788447651
2016-12-14,2016,5,residual_rally,99,20,0,0,0,0,0,15,7,0.006982166780576865,0.005982166780576865,0.005023262670987824,0.0021465503422207002,0.004982166780576865,0.004023262670987824,0.0011465503422207002
2017-01-13,2017,20,price_weak,87,20,0,0,2,0,0,5,28,-0.02513302260628018,-0.02613302260628018,-0.029968639044636345,-0.04147548835970484,-0.02713302260628018,-0.030968639044636346,-0.04247548835970484
2017-01-13,2017,5,price_weak,87,20,0,0,0,0,0,13,7,0.003946920761346284,0.002946920761346284,0.0019880166517572432,-0.0008886956770098806,0.0019469207613462842,0.0009880166517572432,-0.0018886956770098806
2017-01-13,2017,20,accrual_weak,6,6,0,0,0,0,0,3,28,0.001193689638180423,0.000893689638180423,-0.0002569952933264264,-0.0037090500878469747,0.000593689638180423,-0.0005569952933264265,-0.004009050087846974
2017-01-13,2017,5,accrual_weak,6,6,0,0,0,0,0,3,7,0.0012561123649929284,0.0009561123649929285,0.0006684411321162162,-0.0001945725665139209,0.0006561123649929285,0.00036844113211621614,-0.000494572566513921
2017-01-13,2017,20,cashburn_weak,1,1,0,0,0,0,0,0,28,-0.00208065208065209,-0.0021306520806520903,-0.0023224329025698983,-0.0028977753683233232,-0.00218065208065209,-0.0023724329025698984,-0.002947775368323323
2017-01-13,2017,5,cashburn_weak,1,1,0,0,0,0,0,1,7,0.0008580008580008569,0.0008080008580008569,0.0007600556525214049,0.0006162200360830487,0.0007580008580008569,0.0007100556525214049,0.0005662200360830487
2017-01-13,2017,20,cashburn_rebound,0,0,0,0,0,0,0,0,28,0.0,0.0,0.0,0.0,0.0,0.0,0.0
2017-01-13,2017,5,cashburn_rebound,0,0,0,0,0,0,0,0,7,0.0,0.0,0.0,0.0,0.0,0.0,0.0
2017-01-13,2017,20,residual_rally,176,20,0,0,7,4,1,9,28,-0.05420871120903993,-0.05520871120903993,-0.059044327647396096,-0.07055117696246459,-0.05620871120903993,-0.0600443276473961,-0.07155117696246459
2017-01-13,2017,5,residual_rally,176,20,0,0,1,1,0,13,7,-0.0016220126156913817,-0.0026220126156913815,-0.0035809167252804225,-0.006457629054047546,-0.0036220126156913815,-0.0045809167252804225,-0.007457629054047546
2017-02-13,2017,20,price_weak,66,20,0,0,1,0,0,14,29,0.00358180231580435,0.00258180231580435,-0.0013908004239216783,-0.013308608643099764,0.00158180231580435,-0.0023908004239216784,-0.014308608643099761
2017-02-13,2017,5,price_weak,66,20,0,0,0,0,0,9,8,-0.006647410450039609,-0.007647410450039609,-0.008743300860998515,-0.012030972093875226,-0.00864741045003961,-0.009743300860998514,-0.013030972093875225
2017-02-13,2017,20,accrual_weak,7,7,0,0,0,0,1,4,29,0.0034028899591801607,0.0030528899591801607,0.001662479000276051,-0.0025087538764362784,0.0027028899591801606,0.001312479000276051,-0.002858753876436278
2017-02-13,2017,5,accrual_weak,7,7,0,0,0,0,0,1,8,-0.007027932115655877,-0.007377932115655877,-0.0077614937594914935,-0.008912178690998343,-0.007727932115655877,-0.008111493759491493,-0.009262178690998343
2017-02-13,2017,20,cashburn_weak,1,1,0,0,0,0,1,1,29,0.0058700696055684455,0.005820069605568446,0.005621439468582144,0.00502554905762324,0.005770069605568445,0.0055714394685821445,0.00497554905762324
2017-02-13,2017,5,cashburn_weak,1,1,0,0,0,0,0,0,8,-0.0005336426914153147,-0.0005836426914153148,-0.0006384372119632599,-0.0008028207736070956,-0.0006336426914153148,-0.00068843721196326,-0.0008528207736070956
2017-02-13,2017,20,cashburn_rebound,1,1,0,0,0,0,1,1,29,0.0058700696055684455,0.005820069605568446,0.005621439468582144,0.00502554905762324,0.005770069605568445,0.0055714394685821445,0.00497554905762324
2017-02-13,2017,5,cashburn_rebound,1,1,0,0,0,0,0,0,8,-0.0005336426914153147,-0.0005836426914153148,-0.0006384372119632599,-0.0008028207736070956,-0.0006336426914153148,-0.00068843721196326,-0.0008528207736070956
2017-02-13,2017,20,residual_rally,158,20,0,0,3,0,3,7,29,0.015343010177665034,0.014343010177665035,0.010370407437939006,-0.0015474007812390795,0.013343010177665034,0.009370407437939005,-0.002547400781239077
2017-02-13,2017,5,residual_rally,158,20,0,0,2,0,0,7,8,-0.014650645216254731,-0.01565064521625473,-0.016746535627213635,-0.02003420686009035,-0.01665064521625473,-0.017746535627213636,-0.02103420686009035
2017-03-14,2017,20,price_weak,123,20,0,0,1,0,0,8,28,-0.013297012267886071,-0.014297012267886072,-0.018132628706242236,-0.02963947802131073,-0.015297012267886071,-0.019132628706242237,-0.03063947802131073
2017-03-14,2017,5,price_weak,123,20,0,0,0,0,0,17,7,0.005926075846310702,0.004926075846310702,0.003967171736721661,0.0010904594079545376,0.003926075846310702,0.0029671717367216613,9.045940795453754e-05
2017-03-14,2017,20,accrual_weak,11,11,0,0,0,0,0,7,28,0.00992344182475926,0.00937344182475926,0.00726385278366337,0.0009350856603756973,0.00882344182475926,0.00671385278366337,0.00038508566037569886
2017-03-14,2017,5,accrual_weak,11,11,0,0,0,0,0,8,7,0.008269351518799723,0.007719351518799723,0.007191954258525751,0.005609762477703832,0.007169351518799723,0.0066419542585257505,0.005059762477703832
2017-03-14,2017,20,cashburn_weak,6,6,0,0,1,1,0,2,28,-0.017472091275252837,-0.017772091275252838,-0.018922776206759685,-0.022374831001280234,-0.018072091275252836,-0.019222776206759686,-0.022674831001280232
2017-03-14,2017,5,cashburn_weak,6,6,0,0,1,1,0,5,7,-0.0026420930228934656,-0.0029420930228934656,-0.003229764255770178,-0.0040927779544003146,-0.0032420930228934655,-0.003529764255770178,-0.004392777954400315
2017-03-14,2017,20,cashburn_rebound,0,0,0,0,0,0,0,0,28,0.0,0.0,0.0,0.0,0.0,0.0,0.0
2017-03-14,2017,5,cashburn_rebound,0,0,0,0,0,0,0,0,7,0.0,0.0,0.0,0.0,0.0,0.0,0.0
2017-03-14,2017,20,residual_rally,184,20,0,0,4,0,0,11,28,-0.016524843796285958,-0.01752484379628596,-0.021360460234642123,-0.03286730954971062,-0.01852484379628596,-0.022360460234642124,-0.033867309549710616
2017-03-14,2017,5,residual_rally,184,20,0,0,0,0,0,16,7,0.013936566130053857,0.012936566130053857,0.011977662020464817,0.009100949691697693,0.011936566130053857,0.010977662020464816,0.008100949691697692
2017-04-11,2017,20,price_weak,122,20,0,0,2,0,2,5,29,-0.0053161029895863075,-0.0063161029895863075,-0.010288705729312335,-0.022206513948490422,-0.0073161029895863075,-0.011288705729312336,-0.02320651394849042
2017-04-11,2017,5,price_weak,122,20,0,0,0,0,2,15,8,0.020244991445104988,0.019244991445104987,0.018149101034146083,0.014861429801269371,0.01824499144510499,0.01714910103414608,0.013861429801269372
2017-04-11,2017,20,accrual_weak,16,16,0,0,5,0,0,4,29,-0.030949920429490317,-0.03174992042949032,-0.03492800262127114,-0.04446224919661361,-0.032549920429490314,-0.03572800262127114,-0.045262249196613605
2017-04-11,2017,5,accrual_weak,16,16,0,0,1,0,0,4,8,-0.009386312643266554,-0.010186312643266554,-0.011063024972033677,-0.013693161958335047,-0.010986312643266554,-0.011863024972033677,-0.014493161958335048
2017-04-11,2017,20,cashburn_weak,1,1,0,0,1,0,0,0,29,-0.003830963665086895,-0.003880963665086895,-0.004079593802073196,-0.004675484213032101,-0.003930963665086895,-0.004129593802073197,-0.004725484213032101
2017-04-11,2017,5,cashburn_weak,1,1,0,0,0,0,0,0,8,-0.0006319115323854651,-0.0006819115323854651,-0.0007367060529334103,-0.000901089614577246,-0.0007319115323854652,-0.0007867060529334103,-0.000951089614577246
2017-04-11,2017,20,cashburn_rebound,0,0,0,0,0,0,0,0,29,0.0,0.0,0.0,0.0,0.0,0.0,0.0
2017-04-11,2017,5,cashburn_rebound,0,0,0,0,0,0,0,0,8,0.0,0.0,0.0,0.0,0.0,0.0,0.0
2017-04-11,2017,20,residual_rally,203,20,0,0,6,2,1,6,29,-0.029450367362443282,-0.030450367362443283,-0.03442297010216931,-0.04634077832134739,-0.031450367362443284,-0.03542297010216931,-0.04734077832134739
2017-04-11,2017,5,residual_rally,203,20,0,0,0,0,1,18,8,0.01882475920472146,0.017824759204721458,0.016728868793762553,0.013441197560885841,0.016824759204721457,0.015728868793762556,0.012441197560885842
2017-05-10,2017,20,price_weak,106,20,0,0,2,1,1,11,29,-0.00038897273485730686,-0.001388972734857307,-0.005361575474583335,-0.017279383693761422,-0.002388972734857307,-0.006361575474583335,-0.01827938369376142
2017-05-10,2017,5,price_weak,106,20,0,0,1,0,0,15,7,0.016829307926615307,0.015829307926615306,0.014870403817026267,0.011993691488259142,0.014829307926615307,0.013870403817026266,0.010993691488259141
2017-05-10,2017,20,accrual_weak,12,12,0,0,0,0,0,4,29,-0.006902242747038384,-0.0075022427470383835,-0.009885804390874001,-0.017036489322380853,-0.008102242747038383,-0.010485804390874001,-0.01763648932238085
2017-05-10,2017,5,accrual_weak,12,12,0,0,0,0,0,8,7,0.006616636593355163,0.006016636593355163,0.005441294127601738,0.0037152667303414644,0.0054166365933551635,0.0048412941276017385,0.003115266730341464
2017-05-10,2017,20,cashburn_weak,5,5,0,0,0,0,0,3,29,-0.0012227248462772454,-0.0014727248462772455,-0.0024658755312087525,-0.0054453275860032735,-0.0017227248462772455,-0.0027158755312087527,-0.005695327586003274
2017-05-10,2017,5,cashburn_weak,5,5,0,0,0,0,0,5,7,0.006622235083200767,0.006372235083200767,0.006132509055803507,0.005413330973611726,0.006122235083200768,0.005882509055803507,0.005163330973611726
2017-05-10,2017,20,cashburn_rebound,2,2,0,0,0,0,0,2,29,0.002473902764597352,0.0023739027645973522,0.001976642490624749,0.0007848616687069405,0.002273902764597352,0.0018766424906247491,0.0006848616687069409
2017-05-10,2017,5,cashburn_rebound,2,2,0,0,0,0,0,2,7,0.0009105686417013204,0.0008105686417013203,0.0007146782307424163,0.00042700699786570387,0.0007105686417013204,0.0006146782307424163,0.00032700699786570393
2017-05-10,2017,20,residual_rally,198,20,0,0,5,2,2,7,29,-0.034906206808560714,-0.035906206808560714,-0.039878809548286744,-0.05179661776746483,-0.036906206808560715,-0.040878809548286744,-0.052796617767464825
2017-05-10,2017,5,residual_rally,198,20,0,0,1,1,1,15,7,0.024521598723113148,0.023521598723113147,0.022562694613524108,0.019685982284756983,0.02252159872311315,0.021562694613524107,0.018685982284756982
2017-06-08,2017,20,price_weak,84,20,0,0,4,0,1,7,29,-0.011558555657441044,-0.012558555657441045,-0.016531158397167074,-0.028448966616345158,-0.013558555657441044,-0.01753115839716707,-0.029448966616345156
2017-06-08,2017,5,price_weak,84,20,0,0,1,0,0,3,7,-0.020871952352649836,-0.021871952352649836,-0.022830856462238876,-0.025707568791006,-0.022871952352649834,-0.023830856462238877,-0.026707568791006
2017-06-08,2017,20,accrual_weak,5,5,0,0,0,0,0,3,29,-0.001635538005396575,-0.001885538005396575,-0.002878688690328082,-0.005858140745122604,-0.002135538005396575,-0.003128688690328082,-0.006108140745122603
2017-06-08,2017,5,accrual_weak,5,5,0,0,0,0,0,1,7,-0.004061109177231542,-0.004311109177231542,-0.004550835204628802,-0.005270013286820583,-0.004561109177231543,-0.0048008352046288024,-0.005520013286820584
2017-06-08,2017,20,cashburn_weak,3,3,0,0,0,0,0,3,29,0.008380267232035143,0.008230267232035142,0.007634376821076239,0.005846705588199526,0.008080267232035143,0.007484376821076239,0.005696705588199527
2017-06-08,2017,5,cashburn_weak,3,3,0,0,0,0,0,2,7,0.0007313620790040165,0.0005813620790040165,0.00043752646256566035,6.019613250591812e-06,0.0004313620790040165,0.00028752646256566033,-0.00014398038674940826
2017-06-08,2017,20,cashburn_rebound,0,0,0,0,0,0,0,0,29,0.0,0.0,0.0,0.0,0.0,0.0,0.0
2017-06-08,2017,5,cashburn_rebound,0,0,0,0,0,0,0,0,7,0.0,0.0,0.0,0.0,0.0,0.0,0.0
2017-06-08,2017,20,residual_rally,149,20,0,0,4,0,4,12,29,0.03429698362579402,0.033296983625794016,0.029324380886067987,0.017406572666889903,0.032296983625794015,0.02832438088606799,0.016406572666889906
2017-06-08,2017,5,residual_rally,149,20,0,0,1,0,4,16,7,0.04530942726595521,0.04430942726595521,0.043350523156366165,0.040473810827599044,0.04330942726595521,0.04235052315636617,0.03947381082759904
2017-07-07,2017,20,price_weak,128,20,0,0,6,1,1,6,26,-0.037995158288625014,-0.038995158288625015,-0.042556802124241455,-0.05324173363109077,-0.039995158288625016,-0.043556802124241456,-0.05424173363109077
2017-07-07,2017,5,price_weak,128,20,0,0,0,0,0,3,5,-0.014487459347789727,-0.015487459347789726,-0.016172390854639042,-0.018227185375186986,-0.016487459347789727,-0.017172390854639043,-0.019227185375186986
2017-07-07,2017,20,accrual_weak,12,12,0,0,5,2,1,2,26,-0.034216342879666524,-0.03481634287966653,-0.03695332918103639,-0.043364288085145974,-0.035416342879666524,-0.03755332918103639,-0.04396428808514598
2017-07-07,2017,5,accrual_weak,12,12,0,0,0,0,0,1,5,-0.02546479465266723,-0.02606479465266723,-0.02647575355677682,-0.027708630269105586,-0.02666479465266723,-0.02707575355677682,-0.028308630269105586
2017-07-07,2017,20,cashburn_weak,5,5,0,0,3,1,0,2,26,-0.008264787089273024,-0.008514787089273024,-0.009405198048177134,-0.012076430924889463,-0.008764787089273024,-0.009655198048177133,-0.012326430924889463
2017-07-07,2017,5,cashburn_weak,5,5,0,0,0,0,0,0,5,-0.011682541050629292,-0.011932541050629292,-0.01210377392734162,-0.012617472557478606,-0.012182541050629292,-0.01235377392734162,-0.012867472557478606
2017-07-07,2017,20,cashburn_rebound,2,2,0,0,2,1,0,0,26,-0.011245417776047217,-0.011345417776047216,-0.011701582159608861,-0.012770075310293793,-0.011445417776047217,-0.01180158215960886,-0.012870075310293792
2017-07-07,2017,5,cashburn_rebound,2,2,0,0,0,0,0,0,5,-0.0064574892394472895,-0.00655748923944729,-0.006625982390132221,-0.006831461842187016,-0.006657489239447289,-0.006725982390132221,-0.006931461842187015
2017-07-07,2017,20,residual_rally,171,20,0,0,5,1,0,7,26,-0.027009939229792036,-0.028009939229792037,-0.03157158306540848,-0.04225651457225779,-0.029009939229792038,-0.03257158306540847,-0.04325651457225779
2017-07-07,2017,5,residual_rally,171,20,0,0,1,0,0,4,5,-0.02034597599070547,-0.021345975990705472,-0.022030907497554788,-0.02408570201810273,-0.022345975990705473,-0.023030907497554785,-0.025085702018102733
2017-08-04,2017,20,price_weak,111,20,0,0,1,0,2,13,26,0.002250738326276558,0.0012507383262765578,-0.002310905509339881,-0.012995837016189197,0.00025073832627655777,-0.003310905509339881,-0.013995837016189198
2017-08-04,2017,5,price_weak,111,20,0,0,1,0,0,13,5,0.007141025825185337,0.006141025825185337,0.005456094318336022,0.003401299797788077,0.005141025825185337,0.004456094318336022,0.002401299797788077
2017-08-04,2017,20,accrual_weak,7,7,0,0,0,0,0,4,26,0.0011529986005966997,0.0008029986005966996,-0.0004435767418690538,-0.0041833027692663146,0.0004529986005966997,-0.0007935767418690536,-0.004533302769266315
2017-08-04,2017,5,accrual_weak,7,7,0,0,0,0,0,6,5,0.007463741804105134,0.007113741804105135,0.006874015776707874,0.006154837694516094,0.006763741804105134,0.006524015776707874,0.005804837694516093
2017-08-04,2017,20,cashburn_weak,3,3,0,0,0,0,0,2,26,0.00013449391970420942,-1.5506080295790562e-05,-0.0005497526556382563,-0.0021524923816656537,-0.00016550608029579055,-0.0006997526556382564,-0.002302492381665654
2017-08-04,2017,5,cashburn_weak,3,3,0,0,0,0,0,3,5,0.0037450276857931954,0.0035950276857931954,0.0034922879597657983,0.0031840687816836063,0.0034450276857931955,0.0033422879597657983,0.0030340687816836063
2017-08-04,2017,20,cashburn_rebound,1,1,0,0,0,0,0,1,26,0.0011655011655011594,0.0011155011655011595,0.0009374189737203375,0.00040317239837787163,0.0010655011655011594,0.0008874189737203375,0.0003531723983778716
2017-08-04,2017,5,cashburn_rebound,1,1,0,0,0,0,0,1,5,0.0010489510489510468,0.0009989510489510469,0.000964704473608581,0.0008619647475811838,0.0009489510489510467,0.0009147044736085811,0.0008119647475811838
2017-08-04,2017,20,residual_rally,146,20,0,0,5,0,1,5,26,-0.02399620986837725,-0.02499620986837725,-0.028557853703993687,-0.039242785210843005,-0.02599620986837725,-0.029557853703993688,-0.040242785210843006
2017-08-04,2017,5,residual_rally,146,20,0,0,1,0,1,15,5,0.023851295608391686,0.022851295608391685,0.02216636410154237,0.020111569580994425,0.021851295608391684,0.021166364101542372,0.019111569580994425
2017-09-01,2017,20,price_weak,72,20,0,0,3,0,1,5,28,-0.03211705567344445,-0.03311705567344445,-0.036952672111800616,-0.048459521426869115,-0.03411705567344445,-0.03795267211180062,-0.04945952142686911
2017-09-01,2017,5,price_weak,72,20,0,0,0,0,0,5,7,-0.012199914462839117,-0.013199914462839118,-0.014158818572428157,-0.01703553090119528,-0.014199914462839117,-0.015158818572428158,-0.018035530901195283
2017-09-01,2017,20,accrual_weak,8,8,0,0,1,0,0,5,28,-0.0011057804638339441,-0.001505780463833944,-0.00304002703917641,-0.007642766765203809,-0.001905780463833944,-0.00344002703917641,-0.008042766765203806
2017-09-01,2017,5,accrual_weak,8,8,0,0,0,0,0,5,7,0.0009266389429979261,0.0005266389429979261,0.00014307729916230964,-0.00100760763234454,0.00012663894299792605,-0.0002569227008376903,-0.0014076076323445398
2017-09-01,2017,20,cashburn_weak,2,2,0,0,2,1,0,0,28,-0.020357498382786898,-0.020457498382786897,-0.020841060026622515,-0.021991744958129365,-0.020557498382786896,-0.020941060026622514,-0.022091744958129364
2017-09-01,2017,5,cashburn_weak,2,2,0,0,1,1,0,0,7,-0.01299789305135537,-0.013097893051355369,-0.013193783462314274,-0.013481454695190987,-0.01319789305135537,-0.013293783462314274,-0.013581454695190986
2017-09-01,2017,20,cashburn_rebound,0,0,0,0,0,0,0,0,28,0.0,0.0,0.0,0.0,0.0,0.0,0.0
2017-09-01,2017,5,cashburn_rebound,0,0,0,0,0,0,0,0,7,0.0,0.0,0.0,0.0,0.0,0.0,0.0
2017-09-01,2017,20,residual_rally,182,20,0,0,8,1,2,8,28,-0.025679799290971455,-0.026679799290971456,-0.03051541572932762,-0.042022265044396115,-0.027679799290971453,-0.03151541572932762,-0.043022265044396116
2017-09-01,2017,5,residual_rally,182,20,0,0,1,0,0,9,7,0.00366343131930843,0.00266343131930843,0.001704527209719389,-0.0011721851190477348,0.00166343131930843,0.0007045272097193889,-0.002172185119047735
2017-10-02,2017,20,price_weak,76,20,0,0,1,0,0,6,28,-0.016320338576630823,-0.017320338576630824,-0.021155955014986988,-0.03266280433005549,-0.018320338576630825,-0.02215595501498699,-0.03366280433005548
2017-10-02,2017,5,price_weak,76,20,0,0,0,0,0,6,7,-0.004093301760278695,-0.005093301760278695,-0.006052205869867736,-0.00892891819863486,-0.006093301760278695,-0.007052205869867736,-0.00992891819863486
2017-10-02,2017,20,accrual_weak,4,4,0,0,0,0,0,3,28,0.0040989149253366055,0.0038989149253366054,0.0031317916376653724,0.0008304217746516731,0.0036989149253366053,0.0029317916376653723,0.0006304217746516739
2017-10-02,2017,5,accrual_weak,4,4,0,0,0,0,0,2,7,0.001272928375233917,0.001072928375233917,0.0008811475533161088,0.000305805087562684,0.0008729283752339171,0.0006811475533161089,0.00010580508756268415
2017-10-02,2017,20,cashburn_weak,0,0,0,0,0,0,0,0,28,0.0,0.0,0.0,0.0,0.0,0.0,0.0
2017-10-02,2017,5,cashburn_weak,0,0,0,0,0,0,0,0,7,0.0,0.0,0.0,0.0,0.0,0.0,0.0
2017-10-02,2017,20,cashburn_rebound,0,0,0,0,0,0,0,0,28,0.0,0.0,0.0,0.0,0.0,0.0,0.0
2017-10-02,2017,5,cashburn_rebound,0,0,0,0,0,0,0,0,7,0.0,0.0,0.0,0.0,0.0,0.0,0.0
2017-10-02,2017,20,residual_rally,189,20,0,0,2,0,2,10,28,0.00789617759194371,0.00689617759194371,0.0030605611535875453,-0.00844628816148095,0.00589617759194371,0.0020605611535875453,-0.009446288161480947
2017-10-02,2017,5,residual_rally,189,20,0,0,0,0,0,11,7,0.007637885129332134,0.006637885129332134,0.005678981019743093,0.0028022686909759693,0.005637885129332134,0.004678981019743093,0.0018022686909759692
2017-10-30,2017,20,price_weak,119,20,0,0,2,0,1,7,29,-0.006815125492165996,-0.007815125492165996,-0.011787728231892024,-0.02370553645107011,-0.008815125492165996,-0.012787728231892025,-0.02470553645107011
2017-10-30,2017,5,price_weak,119,20,0,0,2,0,0,10,7,-0.0018891305308295192,-0.0028891305308295194,-0.0038480346404185604,-0.006724746969185684,-0.0038891305308295194,-0.00484803464041856,-0.007724746969185684
2017-10-30,2017,20,accrual_weak,13,13,0,0,1,0,2,5,29,-0.0030077491074272655,-0.0036577491074272655,-0.006239940888249184,-0.01398651623071494,-0.0043077491074272655,-0.006889940888249184,-0.014636516230714939
2017-10-30,2017,5,accrual_weak,13,13,0,0,1,0,2,6,7,0.007262874557343535,0.0066128745573435345,0.005989586886110659,0.004119723872412028,0.005962874557343535,0.005339586886110658,0.0034697238724120277
2017-10-30,2017,20,cashburn_weak,4,4,0,0,0,0,1,4,29,0.016453015761538854,0.016253015761538855,0.015458495213593649,0.013074933569758031,0.016053015761538853,0.015258495213593648,0.012874933569758032
2017-10-30,2017,5,cashburn_weak,4,4,0,0,0,0,1,2,7,0.0005580857272423246,0.0003580857272423246,0.00016630490532451635,-0.0004090375604289085,0.00015808572724232455,-3.3695094675483634e-05,-0.0006090375604289083
2017-10-30,2017,20,cashburn_rebound,3,3,0,0,0,0,1,3,29,0.011887369167264416,0.011737369167264415,0.011141478756305511,0.009353807523428799,0.011587369167264416,0.010991478756305512,0.0092038075234288
2017-10-30,2017,5,cashburn_rebound,3,3,0,0,0,0,1,1,7,0.0002372565071041166,8.725650710411661e-05,-5.657910933423954e-05,-0.0004880859586493081,-6.274349289588337e-05,-0.00020657910933423955,-0.0006380859586493082
2017-10-30,2017,20,residual_rally,167,20,0,0,5,2,2,6,29,-0.03738711749089649,-0.03838711749089649,-0.04235972023062252,-0.054277528449800605,-0.03938711749089649,-0.04335972023062252,-0.0552775284498006
2017-10-30,2017,5,residual_rally,167,20,0,0,0,0,2,7,7,0.004407050664163204,0.0034070506641632036,0.0024481465545741626,-0.00042856577419296115,0.0024070506641632036,0.0014481465545741626,-0.0014285657741929612
2017-11-28,2017,20,price_weak,50,20,0,0,2,1,1,3,29,-0.029747580324879,-0.030747580324879002,-0.03472018306460503,-0.04663799128378311,-0.031747580324879,-0.03572018306460503,-0.04763799128378311
2017-11-28,2017,5,price_weak,50,20,0,0,1,0,0,6,7,-0.007090321627092488,-0.008090321627092488,-0.00904922573668153,-0.011925938065448654,-0.009090321627092487,-0.01004922573668153,-0.012925938065448653
2017-11-28,2017,20,accrual_weak,5,5,0,0,0,0,0,1,29,-0.004793076311102385,-0.005043076311102385,-0.006036226996033891,-0.009015679050828413,-0.005293076311102384,-0.0062862269960338914,-0.009265679050828413
2017-11-28,2017,5,accrual_weak,5,5,0,0,0,0,0,2,7,-0.002071319997874743,-0.0023213199978747434,-0.0025610460252720032,-0.0032802241074637844,-0.002571319997874743,-0.0028110460252720034,-0.0035302241074637846
2017-11-28,2017,20,cashburn_weak,4,4,0,0,2,1,1,2,29,-0.005339631661163968,-0.005539631661163968,-0.0063341522091091736,-0.008717713852944791,-0.0057396316611639684,-0.006534152209109174,-0.00891771385294479
2017-11-28,2017,5,cashburn_weak,4,4,0,0,1,0,0,3,7,0.002708332078315262,0.002508332078315262,0.002316551256397454,0.0017412087906440291,0.002308332078315262,0.002116551256397454,0.0015412087906440293
2017-11-28,2017,20,cashburn_rebound,3,3,0,0,1,0,1,2,29,0.004095479125298174,0.003945479125298174,0.0033495887143392697,0.0015619174814625568,0.003795479125298174,0.0031995887143392698,0.0014119174814625573
2017-11-28,2017,5,cashburn_rebound,3,3,0,0,0,0,0,3,7,0.005824962221972435,0.005674962221972435,0.0055311266055340785,0.00509961975621901,0.005524962221972435,0.005381126605534079,0.00494961975621901
2017-11-28,2017,20,residual_rally,193,20,0,0,9,1,0,2,29,-0.06829256386383556,-0.06929256386383556,-0.07326516660356158,-0.08518297482273968,-0.07029256386383556,-0.07426516660356158,-0.08618297482273968
2017-11-28,2017,5,residual_rally,193,20,0,0,2,0,0,8,7,-0.013020625325758133,-0.014020625325758134,-0.014979529435347173,-0.017856241764114298,-0.015020625325758133,-0.015979529435347174,-0.0188562417641143
2017-12-27,2017,20,price_weak,101,20,0,0,6,1,1,10,30,-0.01151915335544384,-0.01251915335544384,-0.01662874239653973,-0.028957509519827403,-0.01351915335544384,-0.01762874239653973,-0.029957509519827397
2017-12-27,2017,5,price_weak,101,20,0,0,1,0,0,12,8,-0.003450696176832102,-0.0044506961768321016,-0.005546586587791006,-0.00883425782066772,-0.0054506961768321024,-0.006546586587791007,-0.009834257820667719
2017-12-27,2017,20,accrual_weak,7,7,0,0,4,1,0,3,30,-0.030235041182780413,-0.030585041182780413,-0.03202339734716397,-0.03633846584031466,-0.030935041182780412,-0.032373397347163976,-0.036688465840314655
2017-12-27,2017,5,accrual_weak,7,7,0,0,1,0,0,1,8,-0.011897336406521065,-0.012247336406521064,-0.012630898050356682,-0.01378158298186353,-0.012597336406521064,-0.012980898050356682,-0.014131582981863532
2017-12-27,2017,20,cashburn_weak,4,4,0,0,2,1,1,3,30,-0.006170742414859293,-0.006370742414859292,-0.007192660223078471,-0.009658413647736005,-0.006570742414859293,-0.007392660223078471,-0.009858413647736004
2017-12-27,2017,5,cashburn_weak,4,4,0,0,1,0,0,1,8,-0.009620162963433664,-0.009820162963433665,-0.010039341045625445,-0.010696875292200788,-0.010020162963433664,-0.010239341045625445,-0.010896875292200788
2017-12-27,2017,20,cashburn_rebound,1,1,0,0,0,0,0,1,30,0.0004892367906066564,0.0004392367906066564,0.0002337573385518619,-0.00038268101761252163,0.0003892367906066564,0.0001837573385518619,-0.00043268101761252155
2017-12-27,2017,5,cashburn_rebound,1,1,0,0,0,0,0,0,8,-0.0019569471624266144,-0.0020069471624266145,-0.0020617416829745595,-0.0022261252446183952,-0.002056947162426614,-0.0021117416829745596,-0.0022761252446183954
2017-12-27,2017,20,residual_rally,205,20,0,0,11,2,0,4,30,-0.07665839716343387,-0.07765839716343387,-0.08176798620452976,-0.09409675332781743,-0.07865839716343387,-0.08276798620452976,-0.09509675332781742
2017-12-27,2017,5,residual_rally,205,20,0,0,3,0,0,4,8,-0.03232513202510085,-0.03332513202510085,-0.03442102243605975,-0.03770869366893647,-0.03432513202510085,-0.035421022436059754,-0.03870869366893647
2018-01-26,2018,20,price_weak,53,20,0,0,2,2,1,15,29,0.007259336686216427,0.006259336686216427,0.002286733946490399,-0.009631074272687687,0.005259336686216427,0.001286733946490399,-0.010631074272687684
2018-01-26,2018,5,price_weak,53,20,0,0,1,0,0,16,5,0.01994594180099369,0.01894594180099369,0.018261010294144373,0.01620621577359643,0.017945941800993688,0.017261010294144376,0.015206215773596429
2018-01-26,2018,20,accrual_weak,6,6,0,0,1,0,1,5,29,0.013223356118459728,0.012923356118459729,0.01173157529654192,0.008156232830788495,0.012623356118459729,0.01143157529654192,0.007856232830788495
2018-01-26,2018,5,accrual_weak,6,6,0,0,0,0,1,5,5,0.009006305996444069,0.008706305996444069,0.008500826544389275,0.007884388188224891,0.008406305996444069,0.008200826544389275,0.007584388188224891
2018-01-26,2018,20,cashburn_weak,5,5,0,0,0,0,0,3,29,0.00619881070617116,0.005948810706171159,0.004955660021239653,0.001976207966445131,0.00569881070617116,0.004705660021239653,0.0017262079664451318
2018-01-26,2018,5,cashburn_weak,5,5,0,0,0,0,0,5,5,0.005349597816566265,0.005099597816566265,0.004928364939853936,0.00441466630971695,0.004849597816566265,0.004678364939853937,0.00416466630971695
2018-01-26,2018,20,cashburn_rebound,2,2,0,0,0,0,0,1,29,-0.0024323177958378074,-0.002532317795837807,-0.0029295780698104104,-0.004121358891728219,-0.0026323177958378075,-0.0030295780698104103,-0.004221358891728219
2018-01-26,2018,5,cashburn_rebound,2,2,0,0,0,0,0,2,5,0.0022968130278389065,0.0021968130278389067,0.002128319877153975,0.0019228404250991806,0.0020968130278389064,0.002028319877153975,0.0018228404250991805
2018-01-26,2018,20,residual_rally,162,20,0,0,0,0,3,13,29,0.045941398286747134,0.04494139828674713,0.040968795547021104,0.02905098732784302,0.04394139828674713,0.0399687955470211,0.028050987327843023
2018-01-26,2018,5,residual_rally,162,20,0,0,0,0,1,18,5,0.03926150825643892,0.03826150825643892,0.037576576749589606,0.03552178222904166,0.03726150825643892,0.036576576749589605,0.03452178222904166
2018-02-26,2018,20,price_weak,133,20,0,0,1,0,4,16,28,0.04366168264093129,0.04266168264093129,0.03882606620257512,0.027319216887506628,0.041661682640931286,0.03782606620257512,0.02631921688750663
2018-02-26,2018,5,price_weak,133,20,0,0,0,0,0,17,7,0.021034247909743377,0.020034247909743376,0.019075343800154337,0.016198631471387212,0.019034247909743375,0.018075343800154336,0.015198631471387211
2018-02-26,2018,20,accrual_weak,21,20,0,0,3,0,2,14,28,0.024999082878953877,0.023999082878953876,0.020163466440597713,0.008656617125529217,0.02299908287895388,0.01916346644059771,0.00765661712552922
2018-02-26,2018,5,accrual_weak,21,20,0,0,1,0,0,16,7,0.011672586196639972,0.010672586196639973,0.00971368208705093,0.006836969758283807,0.009672586196639972,0.008713682087050931,0.005836969758283807
2018-02-26,2018,20,cashburn_weak,3,3,0,0,1,0,0,1,28,-0.0014148770751875872,-0.0015648770751875872,-0.002140219540941012,-0.003866246938201286,-0.0017148770751875871,-0.002290219540941012,-0.004016246938201285
2018-02-26,2018,5,cashburn_weak,3,3,0,0,0,0,0,2,7,0.0026714076894132576,0.0025214076894132576,0.0023775720729749014,0.001946065223659833,0.0023714076894132577,0.0022275720729749014,0.0017960652236598327
2018-02-26,2018,20,cashburn_rebound,2,2,0,0,1,0,0,1,28,-0.0009115947994764395,-0.0010115947994764395,-0.0013951564433120562,-0.0025458413748189056,-0.0011115947994764395,-0.001495156443312056,-0.0026458413748189054
2018-02-26,2018,5,cashburn_rebound,2,2,0,0,0,0,0,1,7,0.00033005101545264257,0.00023005101545264258,0.00013416060449373846,-0.00015351062838297395,0.00013005101545264256,3.416060449373847e-05,-0.0002535106283829739
2018-02-26,2018,20,residual_rally,184,20,0,0,4,1,3,9,28,0.006728858525880793,0.005728858525880793,0.001893242087524628,-0.009613607227543867,0.004728858525880793,0.000893242087524628,-0.010613607227543865
2018-02-26,2018,5,residual_rally,184,20,0,0,0,0,0,9,7,-0.005643285560609451,-0.006643285560609451,-0.007602189670198492,-0.010478901998965616,-0.007643285560609451,-0.008602189670198492,-0.011478901998965615
2018-03-26,2018,20,price_weak,265,20,0,0,3,0,1,11,29,0.011442015689199753,0.010442015689199752,0.006469412949473724,-0.005448395269704361,0.009442015689199753,0.005469412949473724,-0.006448395269704359
2018-03-26,2018,5,price_weak,265,20,0,0,0,0,0,12,8,-0.000215696320685832,-0.001215696320685832,-0.0023115867316447366,-0.005599257964521449,-0.002215696320685832,-0.0033115867316447366,-0.006599257964521449
2018-03-26,2018,20,accrual_weak,45,20,0,0,1,0,3,12,29,0.03491997610101303,0.03391997610101303,0.029947373361287,0.018029565142108916,0.03291997610101303,0.028947373361287002,0.01702956514210892
2018-03-26,2018,5,accrual_weak,45,20,0,0,0,0,1,12,8,0.010570263102029891,0.00957026310202989,0.008474372691070986,0.005186701458194274,0.008570263102029891,0.007474372691070987,0.004186701458194274
2018-03-26,2018,20,cashburn_weak,5,5,0,0,1,0,2,3,29,0.011160134704211738,0.010910134704211738,0.00991698401928023,0.006937531964485709,0.010660134704211737,0.00966698401928023,0.00668753196448571
2018-03-26,2018,5,cashburn_weak,5,5,0,0,0,0,1,3,8,0.01201426555574776,0.01176426555574776,0.011490292953008035,0.010668375144788855,0.01151426555574776,0.011240292953008034,0.010418375144788855
2018-03-26,2018,20,cashburn_rebound,0,0,0,0,0,0,0,0,29,0.0,0.0,0.0,0.0,0.0,0.0,0.0
2018-03-26,2018,5,cashburn_rebound,0,0,0,0,0,0,0,0,8,0.0,0.0,0.0,0.0,0.0,0.0,0.0
2018-03-26,2018,20,residual_rally,114,20,0,0,9,3,0,3,29,-0.061176952162837375,-0.062176952162837376,-0.0661495549025634,-0.07806736312174149,-0.06317695216283738,-0.0671495549025634,-0.07906736312174148
2018-03-26,2018,5,residual_rally,114,20,0,0,0,0,1,13,8,0.016240729650414322,0.015240729650414321,0.014144839239455417,0.010857168006578705,0.014240729650414322,0.013144839239455417,0.009857168006578706
2018-04-24,2018,20,price_weak,188,20,0,0,4,0,0,5,28,-0.030185423266214366,-0.031185423266214367,-0.03502103970457053,-0.04652788901963903,-0.03218542326621437,-0.03602103970457053,-0.04752788901963902
2018-04-24,2018,5,price_weak,188,20,0,0,0,0,0,9,7,-0.005302847323428306,-0.006302847323428306,-0.007261751433017347,-0.010138463761784471,-0.007302847323428306,-0.008261751433017347,-0.01113846376178447
2018-04-24,2018,20,accrual_weak,27,20,0,0,8,3,1,6,28,-0.03805234338118006,-0.03905234338118006,-0.04288795981953623,-0.05439480913460472,-0.040052343381180064,-0.04388795981953623,-0.05539480913460472
2018-04-24,2018,5,accrual_weak,27,20,0,0,2,0,0,9,7,-0.012005931339551763,-0.013005931339551764,-0.013964835449140803,-0.016841547777907927,-0.014005931339551763,-0.014964835449140804,-0.01784154777790793
2018-04-24,2018,20,cashburn_weak,4,4,0,0,3,1,1,1,28,-0.004860096305734291,-0.00506009630573429,-0.005827219593405524,-0.008128589456419224,-0.005260096305734291,-0.006027219593405524,-0.008328589456419223
2018-04-24,2018,5,cashburn_weak,4,4,0,0,1,0,0,1,7,-0.010114433256789217,-0.010314433256789218,-0.010506214078707025,-0.01108155654446045,-0.010514433256789217,-0.010706214078707026,-0.01128155654446045
2018-04-24,2018,20,cashburn_rebound,0,0,0,0,0,0,0,0,28,0.0,0.0,0.0,0.0,0.0,0.0,0.0
2018-04-24,2018,5,cashburn_rebound,0,0,0,0,0,0,0,0,7,0.0,0.0,0.0,0.0,0.0,0.0,0.0
2018-04-24,2018,20,residual_rally,99,20,0,0,8,4,0,4,28,-0.06482107232795134,-0.06582107232795134,-0.06965668876630751,-0.081163538081376,-0.06682107232795134,-0.0706566887663075,-0.082163538081376
2018-04-24,2018,5,residual_rally,99,20,0,0,2,0,0,11,7,-0.0029862853000250877,-0.003986285300025087,-0.004945189409614128,-0.007821901738381253,-0.004986285300025088,-0.005945189409614129,-0.008821901738381252
2018-05-22,2018,20,price_weak,114,20,0,0,1,0,0,2,29,-0.03278177122093507,-0.03378177122093507,-0.0377543739606611,-0.04967218217983918,-0.03478177122093507,-0.0387543739606611,-0.05067218217983918
2018-05-22,2018,5,price_weak,114,20,0,0,0,0,0,1,8,-0.01554259541647841,-0.01654259541647841,-0.017638485827437315,-0.020926157060314025,-0.01754259541647841,-0.018638485827437316,-0.021926157060314026
2018-05-22,2018,20,accrual_weak,14,14,0,0,3,1,0,4,29,-0.020696945881188904,-0.021396945881188904,-0.024177767798997125,-0.032520233552421784,-0.022096945881188903,-0.024877767798997124,-0.033220233552421784
2018-05-22,2018,5,accrual_weak,14,14,0,0,0,0,0,8,8,0.0032033099319256518,0.0025033099319256517,0.0017361866442544187,-0.0005651832187592797,0.0018033099319256518,0.0010361866442544186,-0.0012651832187592802
2018-05-22,2018,20,cashburn_weak,2,2,0,0,1,1,0,1,29,-0.011126426469924006,-0.011226426469924005,-0.011623686743896609,-0.012815467565814417,-0.011326426469924007,-0.011723686743896608,-0.012915467565814418
2018-05-22,2018,5,cashburn_weak,2,2,0,0,0,0,0,2,8,0.0042435929698275586,0.004143592969827558,0.004034003928731668,0.003705236805443997,0.004043592969827559,0.003934003928731668,0.0036052368054439966
2018-05-22,2018,20,cashburn_rebound,0,0,0,0,0,0,0,0,29,0.0,0.0,0.0,0.0,0.0,0.0,0.0
2018-05-22,2018,5,cashburn_rebound,0,0,0,0,0,0,0,0,8,0.0,0.0,0.0,0.0,0.0,0.0,0.0
2018-05-22,2018,20,residual_rally,244,20,0,0,4,1,0,11,29,-0.016618591686207725,-0.017618591686207725,-0.021591194425933755,-0.033509002645111835,-0.018618591686207726,-0.022591194425933752,-0.034509002645111836
2018-05-22,2018,5,residual_rally,244,20,0,0,0,0,0,9,8,-0.017760244761539024,-0.018760244761539025,-0.01985613517249793,-0.02314380640537464,-0.019760244761539023,-0.02085613517249793,-0.02414380640537464
2018-06-20,2018,20,price_weak,111,20,0,0,0,0,0,8,29,-0.007834833408904179,-0.008834833408904178,-0.012807436148630207,-0.02472524436780829,-0.009834833408904179,-0.013807436148630208,-0.025725244367808292
2018-06-20,2018,5,price_weak,111,20,0,0,0,0,0,18,7,0.028317394484336834,0.027317394484336833,0.026358490374747794,0.02348177804598067,0.026317394484336835,0.025358490374747793,0.022481778045980668
2018-06-20,2018,20,accrual_weak,17,17,0,0,1,0,1,7,29,-0.0024468047926260615,-0.0032968047926260615,-0.006673517121393186,-0.01680365410769456,-0.004146804792626062,-0.007523517121393185,-0.017653654107694556
2018-06-20,2018,5,accrual_weak,17,17,0,0,0,0,1,13,7,0.0223379461314542,0.0214879461314542,0.020672877638303513,0.01822767215885146,0.0206379461314542,0.019822877638303513,0.01737767215885146
2018-06-20,2018,20,cashburn_weak,2,2,0,0,0,0,0,1,29,0.0004797177340823466,0.0003797177340823466,-1.7542539890256256e-05,-0.0012093233618080648,0.00027971773408234663,-0.0001175425398902563,-0.0013093233618080647
2018-06-20,2018,5,cashburn_weak,2,2,0,0,0,0,0,1,7,0.0004533061520841819,0.0003533061520841819,0.0002574157411252778,-3.025549175143463e-05,0.00025330615208418185,0.0001574157411252778,-0.00013025549175143457
2018-06-20,2018,20,cashburn_rebound,0,0,0,0,0,0,0,0,29,0.0,0.0,0.0,0.0,0.0,0.0,0.0
2018-06-20,2018,5,cashburn_rebound,0,0,0,0,0,0,0,0,7,0.0,0.0,0.0,0.0,0.0,0.0,0.0
2018-06-20,2018,20,residual_rally,248,20,0,0,2,0,1,13,29,0.006305653273744072,0.005305653273744072,0.0013330505340180439,-0.010584757685160042,0.004305653273744072,0.00033305053401804386,-0.01158475768516004
2018-06-20,2018,5,residual_rally,248,20,0,0,0,0,4,17,7,0.057814007767324746,0.056814007767324745,0.0558551036577357,0.05297839132896858,0.055814007767324744,0.0548551036577357,0.05197839132896858
2018-07-19,2018,20,price_weak,94,20,0,0,4,1,2,8,28,-0.002539854419409443,-0.003539854419409443,-0.007375470857765608,-0.018882320172834102,-0.004539854419409443,-0.008375470857765608,-0.0198823201728341
2018-07-19,2018,5,price_weak,94,20,0,0,0,0,1,9,7,-0.0024727482638002506,-0.0034727482638002506,-0.004431652373389291,-0.007308364702156416,-0.004472748263800251,-0.005431652373389292,-0.008308364702156415
2018-07-19,2018,20,accrual_weak,12,12,0,0,5,0,5,6,28,0.017016811584254506,0.016416811584254506,0.014115441721240806,0.00721133213219971,0.015816811584254506,0.013515441721240806,0.006611332132199712
2018-07-19,2018,5,accrual_weak,12,12,0,0,0,0,2,8,7,0.015555693843458085,0.014955693843458085,0.01438035137770466,0.012654323980444387,0.014355693843458086,0.01378035137770466,0.012054323980444386
2018-07-19,2018,20,cashburn_weak,5,5,0,0,2,0,2,3,28,0.01017598176557687,0.00992598176557687,0.008967077655987829,0.006090365327220705,0.00967598176557687,0.008717077655987828,0.0058403653272207055
2018-07-19,2018,5,cashburn_weak,5,5,0,0,0,0,0,3,7,-0.0002928444171344857,-0.0005428444171344857,-0.000782570444531746,-0.001501748526723527,-0.0007928444171344857,-0.001032570444531746,-0.0017517485267235268
2018-07-19,2018,20,cashburn_rebound,0,0,0,0,0,0,0,0,28,0.0,0.0,0.0,0.0,0.0,0.0,0.0
2018-07-19,2018,5,cashburn_rebound,0,0,0,0,0,0,0,0,7,0.0,0.0,0.0,0.0,0.0,0.0,0.0
2018-07-19,2018,20,residual_rally,263,20,0,0,3,1,5,11,28,0.03995353272978584,0.03895353272978584,0.03511791629142968,0.023611066976361183,0.03795353272978584,0.03411791629142968,0.022611066976361185
2018-07-19,2018,5,residual_rally,263,20,0,0,1,0,2,13,7,0.02376603474762969,0.02276603474762969,0.02180713063804065,0.018930418309273524,0.02176603474762969,0.020807130638040648,0.017930418309273524
2018-08-16,2018,20,price_weak,163,20,0,0,5,1,1,8,29,-0.01604025348102638,-0.01704025348102638,-0.021012856220752406,-0.03293066443993049,-0.018040253481026378,-0.022012856220752407,-0.033930664439930494
2018-08-16,2018,5,price_weak,163,20,0,0,0,0,0,5,7,-0.018616831487482617,-0.019616831487482618,-0.020575735597071657,-0.023452447925838782,-0.02061683148748262,-0.021575735597071658,-0.024452447925838783
2018-08-16,2018,20,accrual_weak,23,20,0,0,4,1,0,4,29,-0.04840830218583593,-0.04940830218583593,-0.05338090492556196,-0.06529871314474005,-0.05040830218583593,-0.05438090492556196,-0.06629871314474003
2018-08-16,2018,5,accrual_weak,23,20,0,0,1,0,0,5,7,-0.012459993229679223,-0.013459993229679224,-0.014418897339268263,-0.017295609668035387,-0.014459993229679223,-0.015418897339268264,-0.01829560966803539
2018-08-16,2018,20,cashburn_weak,7,7,0,0,3,1,0,3,29,-0.010200133243472288,-0.010550133243472287,-0.011940544202376398,-0.016111777079088726,-0.010900133243472287,-0.012290544202376397,-0.016461777079088726
2018-08-16,2018,5,cashburn_weak,7,7,0,0,2,0,0,0,7,-0.01656612186442319,-0.01691612186442319,-0.017251738302779353,-0.018258587617847846,-0.017266121864423188,-0.017601738302779352,-0.018608587617847845
2018-08-16,2018,20,cashburn_rebound,0,0,0,0,0,0,0,0,29,0.0,0.0,0.0,0.0,0.0,0.0,0.0
2018-08-16,2018,5,cashburn_rebound,0,0,0,0,0,0,0,0,7,0.0,0.0,0.0,0.0,0.0,0.0,0.0
2018-08-16,2018,20,residual_rally,210,20,0,0,8,3,2,8,29,-0.033380453224627,-0.034380453224627,-0.03835305596435303,-0.05027086418353112,-0.035380453224627004,-0.03935305596435303,-0.05127086418353111
2018-08-16,2018,5,residual_rally,210,20,0,0,1,0,0,8,7,-0.010852031527269318,-0.011852031527269317,-0.01281093563685836,-0.01568764796562548,-0.012852031527269318,-0.01381093563685836,-0.016687647965625482
2018-09-14,2018,20,price_weak,123,20,0,0,0,0,6,16,26,0.06329564282764182,0.062295642827641814,0.058733998992025374,0.04804906748517606,0.061295642827641814,0.05773399899202537,0.04704906748517606
2018-09-14,2018,5,price_weak,123,20,0,0,0,0,0,6,5,-0.014310574527991166,-0.015310574527991165,-0.01599550603484048,-0.018050300555388428,-0.016310574527991166,-0.01699550603484048,-0.019050300555388425
2018-09-14,2018,20,accrual_weak,13,13,0,0,2,0,3,11,26,0.039807650010896846,0.03915765001089685,0.03684258151774616,0.029897376038294104,0.03850765001089684,0.03619258151774616,0.029247376038294103
2018-09-14,2018,5,accrual_weak,13,13,0,0,0,0,0,5,5,-0.010700065080677357,-0.011350065080677357,-0.011795270560129412,-0.013130886998485577,-0.012000065080677358,-0.012445270560129411,-0.013780886998485576
2018-09-14,2018,20,cashburn_weak,6,6,0,0,1,0,1,5,26,0.015043663551872977,0.014743663551872977,0.013675170401188045,0.010469690949133251,0.014443663551872977,0.013375170401188045,0.01016969094913325
2018-09-14,2018,5,cashburn_weak,6,6,0,0,0,0,0,2,5,-0.005376142170606685,-0.0056761421706066845,-0.005881621622661479,-0.006498059978825863,-0.005976142170606684,-0.006181621622661479,-0.006798059978825863
2018-09-14,2018,20,cashburn_rebound,2,2,0,0,0,0,0,2,26,0.003554998398379311,0.0034549983983793112,0.003098834014817667,0.0020303408641327353,0.003354998398379311,0.002998834014817667,0.0019303408641327354
2018-09-14,2018,5,cashburn_rebound,2,2,0,0,0,0,0,1,5,-0.000947325807333882,-0.001047325807333882,-0.0011158189580188136,-0.0013212984100736081,-0.001147325807333882,-0.0012158189580188136,-0.001421298410073608
2018-09-14,2018,20,residual_rally,233,20,0,0,2,1,12,16,26,0.09405757817470362,0.09305757817470361,0.08949593433908717,0.07881100283223785,0.09205757817470361,0.08849593433908717,0.07781100283223785
2018-09-14,2018,5,residual_rally,233,20,0,0,1,0,0,10,5,-0.003163118933664821,-0.004163118933664821,-0.004848050440514136,-0.0069028449610620815,-0.005163118933664821,-0.005848050440514136,-0.007902844961062081
2018-10-12,2018,20,price_weak,421,20,0,0,8,1,1,7,26,-0.02600334754339622,-0.02700334754339622,-0.030564991379012658,-0.041249922885861975,-0.02800334754339622,-0.031564991379012655,-0.042249922885861976
2018-10-12,2018,5,price_weak,421,20,0,0,1,0,1,14,5,0.015059713166777922,0.014059713166777923,0.013374781659928607,0.011319987139380662,0.013059713166777922,0.012374781659928606,0.010319987139380662
2018-10-12,2018,20,accrual_weak,50,20,0,0,9,3,1,7,26,-0.04569055501044043,-0.04669055501044043,-0.05025219884605687,-0.06093713035290618,-0.04769055501044043,-0.05125219884605686,-0.06193713035290618
2018-10-12,2018,5,accrual_weak,50,20,0,0,1,0,1,8,5,0.0018260273472483434,0.0008260273472483434,0.0001410958403990283,-0.001913698680148917,-0.00017397265275165665,-0.0008589041596009715,-0.002913698680148917
2018-10-12,2018,20,cashburn_weak,14,14,0,0,9,2,4,6,26,0.012863164680206818,0.012163164680206819,0.009670013995275312,0.0021905619404807893,0.011463164680206818,0.00897001399527531,0.0014905619404807884
2018-10-12,2018,5,cashburn_weak,14,14,0,0,2,0,3,10,5,0.0229758145692815,0.022275814569281502,0.02179636251448698,0.02035800635010342,0.021575814569281503,0.02109636251448698,0.019658006350103417
2018-10-12,2018,20,cashburn_rebound,0,0,0,0,0,0,0,0,26,0.0,0.0,0.0,0.0,0.0,0.0,0.0
2018-10-12,2018,5,cashburn_rebound,0,0,0,0,0,0,0,0,5,0.0,0.0,0.0,0.0,0.0,0.0,0.0
2018-10-12,2018,20,residual_rally,33,20,0,0,10,1,3,11,26,-0.007079179646271483,-0.008079179646271483,-0.011640823481887922,-0.022325754988737238,-0.009079179646271484,-0.012640823481887921,-0.02332575498873724
2018-10-12,2018,5,residual_rally,33,20,0,0,2,0,0,7,5,-0.0068286040751886325,-0.007828604075188633,-0.008513535582037948,-0.010568330102585892,-0.008828604075188633,-0.009513535582037947,-0.011568330102585893
2018-11-09,2018,20,price_weak,151,20,0,0,2,1,6,16,30,0.0677867816316272,0.0667867816316272,0.06267719259053131,0.050348425467243635,0.0657867816316272,0.06167719259053131,0.04934842546724364
2018-11-09,2018,5,price_weak,151,20,0,0,2,0,1,14,5,0.018501141974432523,0.017501141974432522,0.016816210467583206,0.014761415947035263,0.016501141974432525,0.01581621046758321,0.013761415947035262
2018-11-09,2018,20,accrual_weak,18,18,0,0,3,0,7,15,30,0.0779380397969263,0.0770380397969263,0.07333940965994,0.0622435192489811,0.07613803979692631,0.07243940965994,0.0613435192489811
2018-11-09,2018,5,accrual_weak,18,18,0,0,0,0,0,11,5,0.019049320240791118,0.018149320240791116,0.017532881884626733,0.015683566816133584,0.017249320240791118,0.016632881884626735,0.014783566816133582
2018-11-09,2018,20,cashburn_weak,8,8,0,0,3,1,4,6,30,0.029662970905506368,0.029262970905506367,0.027619135289068012,0.022687628439752944,0.02886297090550637,0.02721913528906801,0.022287628439752946
2018-11-09,2018,5,cashburn_weak,8,8,0,0,0,0,0,4,5,0.009331393181280618,0.008931393181280618,0.008657420578540891,0.007835502770321714,0.008531393181280617,0.008257420578540892,0.007435502770321714
2018-11-09,2018,20,cashburn_rebound,1,1,0,0,0,0,0,1,30,0.004954128440366972,0.004904128440366973,0.004698648988312178,0.004082210632147794,0.004854128440366972,0.004648648988312178,0.004032210632147795
2018-11-09,2018,5,cashburn_rebound,1,1,0,0,0,0,0,0,5,-0.000642201834862377,-0.0006922018348623771,-0.0007264484102048428,-0.0008291881362322401,-0.0007422018348623771,-0.0007764484102048429,-0.00087918813623224
2018-11-09,2018,20,residual_rally,210,20,0,0,2,0,6,16,30,0.06182382824406278,0.06082382824406278,0.05671423920296689,0.04438547207967922,0.05982382824406278,0.05571423920296689,0.04338547207967922
2018-11-09,2018,5,residual_rally,210,20,0,0,0,0,0,11,5,0.01178612906230873,0.01078612906230873,0.010101197555459416,0.00804640303491147,0.00978612906230873,0.009101197555459416,0.00704640303491147
2018-12-11,2018,20,price_weak,326,20,0,0,3,1,1,6,30,-0.02018682619638167,-0.02118682619638167,-0.02529641523747756,-0.03762518236076523,-0.022186826196381668,-0.02629641523747756,-0.03862518236076523
2018-12-11,2018,5,price_weak,326,20,0,0,0,0,3,19,7,0.05496254758615545,0.05396254758615545,0.05300364347656641,0.050126931147799286,0.05296254758615545,0.052003643476566414,0.049126931147799285
2018-12-11,2018,20,accrual_weak,42,20,0,0,6,2,1,9,30,-0.03309185806103031,-0.03409185806103031,-0.038201447102126196,-0.05053021422541387,-0.03509185806103031,-0.0392014471021262,-0.051530214225413866
2018-12-11,2018,5,accrual_weak,42,20,0,0,1,0,0,15,7,0.03733079508585561,0.036330795085855606,0.035371890976266564,0.03249517864749944,0.035330795085855606,0.03437189097626657,0.03149517864749944
2018-12-11,2018,20,cashburn_weak,6,6,0,0,3,1,0,2,30,-0.017698017646176623,-0.017998017646176624,-0.01923089435850539,-0.02292952449549169,-0.018298017646176622,-0.01953089435850539,-0.02322952449549169
2018-12-11,2018,5,cashburn_weak,6,6,0,0,0,0,2,3,7,0.013021533402946978,0.012721533402946978,0.012433862170070266,0.011570848471440128,0.012421533402946978,0.012133862170070266,0.011270848471440128
2018-12-11,2018,20,cashburn_rebound,0,0,0,0,0,0,0,0,30,0.0,0.0,0.0,0.0,0.0,0.0,0.0
2018-12-11,2018,5,cashburn_rebound,0,0,0,0,0,0,0,0,7,0.0,0.0,0.0,0.0,0.0,0.0,0.0
2018-12-11,2018,20,residual_rally,50,20,0,0,2,0,2,13,30,0.020808761855505686,0.019808761855505685,0.015699172814409794,0.0033704056911221247,0.018808761855505687,0.014699172814409796,0.0023704056911221273
2018-12-11,2018,5,residual_rally,50,20,0,0,0,0,0,19,7,0.03904168718901356,0.03804168718901356,0.03708278307942452,0.034206070750657395,0.03704168718901356,0.036082783079424516,0.033206070750657395
2019-01-10,2019,20,price_weak,70,20,0,0,7,2,0,4,29,-0.08072722336604174,-0.08172722336604174,-0.08569982610576776,-0.09761763432494586,-0.08272722336604174,-0.08669982610576776,-0.09861763432494586
2019-01-10,2019,5,price_weak,70,20,0,0,0,0,0,7,7,-0.009532903740309129,-0.01053290374030913,-0.011491807849898169,-0.014368520178665294,-0.011532903740309129,-0.01249180784989817,-0.015368520178665294
2019-01-10,2019,20,accrual_weak,5,5,0,0,1,0,0,3,29,-0.005450293683013352,-0.005700293683013352,-0.006693444367944858,-0.00967289642273938,-0.005950293683013351,-0.006943444367944859,-0.009922896422739379
2019-01-10,2019,5,accrual_weak,5,5,0,0,0,0,0,2,7,0.0012652945403825889,0.0010152945403825889,0.0007755685129853286,5.6390430793547665e-05,0.0007652945403825889,0.0005255685129853286,-0.00019360956920645234
2019-01-10,2019,20,cashburn_weak,2,2,0,0,1,1,0,0,29,-0.015249928063777484,-0.015349928063777484,-0.015747188337750087,-0.016938969159667895,-0.015449928063777485,-0.015847188337750086,-0.017038969159667895
2019-01-10,2019,5,cashburn_weak,2,2,0,0,0,0,0,1,7,0.0015166978042376212,0.0014166978042376211,0.0013208073932787171,0.0010331361604020046,0.001316697804237621,0.001220807393278717,0.0009331361604020047
2019-01-10,2019,20,cashburn_rebound,0,0,0,0,0,0,0,0,29,0.0,0.0,0.0,0.0,0.0,0.0,0.0
2019-01-10,2019,5,cashburn_rebound,0,0,0,0,0,0,0,0,7,0.0,0.0,0.0,0.0,0.0,0.0,0.0
2019-01-10,2019,20,residual_rally,341,20,0,0,10,1,1,6,29,-0.029074544557572267,-0.030074544557572268,-0.0340471472972983,-0.04596495551647638,-0.03107454455757227,-0.0350471472972983,-0.04696495551647638
2019-01-10,2019,5,residual_rally,341,20,0,0,2,0,0,6,7,-0.022794019423665445,-0.023794019423665446,-0.024752923533254485,-0.02762963586202161,-0.024794019423665443,-0.025752923533254486,-0.02862963586202161
2019-02-08,2019,20,price_weak,86,20,0,0,3,1,2,11,29,0.00987062624980652,0.008870626249806519,0.004898023510080491,-0.007019784709097594,0.00787062624980652,0.0038980235100804913,-0.008019784709097592
2019-02-08,2019,5,price_weak,86,20,0,0,1,0,0,2,5,-0.03481918294289989,-0.03581918294289989,-0.0365041144497492,-0.03855890897029715,-0.03681918294289989,-0.0375041144497492,-0.039558908970297145
2019-02-08,2019,20,accrual_weak,11,11,0,0,6,3,0,2,29,-0.06492926403612378,-0.06547926403612378,-0.06766419554297311,-0.07421899006352105,-0.06602926403612379,-0.0682141955429731,-0.07476899006352104
2019-02-08,2019,5,accrual_weak,11,11,0,0,3,0,0,0,5,-0.033024689877997705,-0.03357468987799771,-0.033951402206764826,-0.0350815391930662,-0.0341246898779977,-0.03450140220676483,-0.0356315391930662
2019-02-08,2019,20,cashburn_weak,1,1,0,0,1,1,0,0,29,-0.030702568864128754,-0.030752568864128756,-0.030951199001115055,-0.03154708941207396,-0.030802568864128754,-0.031001199001115056,-0.03159708941207396
2019-02-08,2019,5,cashburn_weak,1,1,0,0,1,0,0,0,5,-0.00470442587434231,-0.00475442587434231,-0.004788672449684776,-0.0048914121757121735,-0.0048044258743423105,-0.004838672449684776,-0.004941412175712173
2019-02-08,2019,20,cashburn_rebound,0,0,0,0,0,0,0,0,29,0.0,0.0,0.0,0.0,0.0,0.0,0.0
2019-02-08,2019,5,cashburn_rebound,0,0,0,0,0,0,0,0,5,0.0,0.0,0.0,0.0,0.0,0.0,0.0
2019-02-08,2019,20,residual_rally,256,20,0,0,8,2,1,6,29,-0.05119017501757302,-0.05219017501757302,-0.05616277775729905,-0.06808058597647713,-0.05319017501757302,-0.05716277775729905,-0.06908058597647712
2019-02-08,2019,5,residual_rally,256,20,0,0,2,1,0,6,5,-0.02091073745574252,-0.02191073745574252,-0.022595668962591835,-0.02465046348313978,-0.02291073745574252,-0.023595668962591833,-0.02565046348313978
2019-03-11,2019,20,price_weak,156,20,0,0,4,1,1,4,28,-0.025262559665635797,-0.026262559665635798,-0.03009817610399196,-0.04160502541906046,-0.027262559665635795,-0.031098176103991963,-0.04260502541906046
2019-03-11,2019,5,price_weak,156,20,0,0,0,0,0,3,7,-0.026446829762291613,-0.027446829762291614,-0.028405733871880653,-0.03128244620064778,-0.02844682976229161,-0.029405733871880654,-0.032282446200647776
2019-03-11,2019,20,accrual_weak,16,16,0,0,6,1,0,1,28,-0.05400929597728279,-0.05480929597728279,-0.05787778912796772,-0.06708326858002252,-0.055609295977282786,-0.05867778912796772,-0.06788326858002251
2019-03-11,2019,5,accrual_weak,16,16,0,0,1,0,0,4,7,-0.014160771787678033,-0.014960771787678033,-0.015727895075349267,-0.018029264938362967,-0.015760771787678034,-0.016527895075349266,-0.018829264938362966
2019-03-11,2019,20,cashburn_weak,6,6,0,0,1,0,1,5,28,0.01532542771861382,0.01502542771861382,0.01387474278710697,0.010422687992586423,0.01472542771861382,0.01357474278710697,0.010122687992586425
2019-03-11,2019,5,cashburn_weak,6,6,0,0,0,0,0,2,7,-0.005029455153399404,-0.005329455153399404,-0.005617126386276116,-0.006480140084906253,-0.005629455153399404,-0.005917126386276116,-0.0067801400849062535
2019-03-11,2019,20,cashburn_rebound,2,2,0,0,1,0,0,1,28,0.0002381982029356855,0.00013819820293568548,-0.000245363440899931,-0.0013960483724067808,3.8198202935685484e-05,-0.00034536344089993094,-0.0014960483724067804
2019-03-11,2019,5,cashburn_rebound,2,2,0,0,0,0,0,1,7,-0.0009419538265457994,-0.0010419538265457994,-0.0011378442375047035,-0.001425515470381416,-0.0011419538265457995,-0.0012378442375047035,-0.001525515470381416
2019-03-11,2019,20,residual_rally,220,20,0,0,9,2,1,10,28,-0.02644563572149434,-0.02744563572149434,-0.0312812521598505,-0.042788101474919,-0.02844563572149434,-0.032281252159850504,-0.043788101474918996
2019-03-11,2019,5,residual_rally,220,20,0,0,2,1,1,9,7,-0.025062288827606555,-0.026062288827606556,-0.027021192937195595,-0.02989790526596272,-0.027062288827606557,-0.028021192937195596,-0.03089790526596272
2019-04-08,2019,20,price_weak,78,20,0,0,2,0,2,9,29,0.014236634102225837,0.013236634102225836,0.009264031362499809,-0.002653776856678277,0.012236634102225837,0.00826403136249981,-0.0036537768566782744
2019-04-08,2019,5,price_weak,78,20,0,0,1,0,1,11,7,0.006059353108770027,0.005059353108770027,0.004100448999180986,0.001223736670413862,0.004059353108770027,0.003100448999180986,0.000223736670413862
2019-04-08,2019,20,accrual_weak,4,4,0,0,1,0,1,2,29,0.005109137636102545,0.004909137636102546,0.00411461708815734,0.0017310554443217222,0.004709137636102545,0.0039146170881573395,0.001531055444321723
2019-04-08,2019,5,accrual_weak,4,4,0,0,0,0,0,1,7,0.0009091719210530758,0.0007091719210530758,0.0005173910991352676,-5.795136661815726e-05,0.0005091719210530757,0.0003173910991352676,-0.00025795136661815714
2019-04-08,2019,20,cashburn_weak,8,8,0,0,4,0,3,3,29,0.01384619898464442,0.013446198984644421,0.011857157888754008,0.007090034601082774,0.01304619898464442,0.011457157888754009,0.006690034601082776
2019-04-08,2019,5,cashburn_weak,8,8,0,0,1,0,1,6,7,0.006628249801699748,0.006228249801699748,0.005844688157864132,0.004694003226357282,0.005828249801699748,0.005444688157864132,0.004294003226357283
2019-04-08,2019,20,cashburn_rebound,5,5,0,0,3,0,2,2,29,0.010293134185980051,0.010043134185980051,0.009049983501048544,0.006070531446254023,0.009793134185980051,0.008799983501048544,0.005820531446254024
2019-04-08,2019,5,cashburn_rebound,5,5,0,0,0,0,1,4,7,0.00945081287996295,0.009200812879962949,0.008961086852565688,0.008241908770373908,0.008950812879962949,0.008711086852565688,0.007991908770373908
2019-04-08,2019,20,residual_rally,272,20,0,0,5,1,4,15,29,0.032262688211097464,0.03126268821109746,0.027290085471371434,0.01537227725219335,0.030262688211097462,0.026290085471371436,0.014372277252193352
2019-04-08,2019,5,residual_rally,272,20,0,0,0,0,0,5,7,-0.014884016289019137,-0.015884016289019136,-0.01684292039860818,-0.0197196327273753,-0.016884016289019137,-0.01784292039860818,-0.0207196327273753
2019-05-07,2019,20,price_weak,273,20,0,0,0,0,4,16,29,0.05508901240626609,0.05408901240626609,0.05011640966654006,0.03819860144736198,0.05308901240626609,0.04911640966654006,0.03719860144736198
2019-05-07,2019,5,price_weak,273,20,0,0,0,0,0,16,7,0.024556276333457507,0.023556276333457506,0.022597372223868466,0.019720659895101342,0.022556276333457505,0.021597372223868466,0.01872065989510134
2019-05-07,2019,20,accrual_weak,27,20,0,0,2,0,3,15,29,0.03466201633336467,0.03366201633336467,0.029689413593638643,0.01777160537446056,0.03266201633336467,0.028689413593638646,0.01677160537446056
2019-05-07,2019,5,accrual_weak,27,20,0,0,0,0,1,17,7,0.03438241368156504,0.03338241368156504,0.032423509571976,0.029546797243208876,0.03238241368156504,0.031423509571976,0.028546797243208875
2019-05-07,2019,20,cashburn_weak,10,10,0,0,4,1,2,9,29,0.028489022319329593,0.027989022319329593,0.02600272094946658,0.020043816839877535,0.027489022319329592,0.025502720949466578,0.019543816839877538
2019-05-07,2019,5,cashburn_weak,10,10,0,0,3,1,0,7,7,-0.005031840539899574,-0.005531840539899574,-0.006011292594694094,-0.007449648759077656,-0.006031840539899574,-0.0065112925946940944,-0.007949648759077657
2019-05-07,2019,20,cashburn_rebound,2,2,0,0,2,1,0,1,29,-0.006912926930720526,-0.007012926930720526,-0.007410187204693128,-0.008601968026610937,-0.007112926930720525,-0.0075101872046931285,-0.008701968026610937
2019-05-07,2019,5,cashburn_rebound,2,2,0,0,1,1,0,1,7,-0.006566298470213061,-0.006666298470213061,-0.006762188881171965,-0.007049860114048677,-0.006766298470213061,-0.006862188881171965,-0.007149860114048678
2019-05-07,2019,20,residual_rally,151,20,0,0,6,2,3,8,29,-0.018989933470156723,-0.019989933470156724,-0.02396253620988275,-0.03588034442906084,-0.02098993347015672,-0.02496253620988275,-0.03688034442906084
2019-05-07,2019,5,residual_rally,151,20,0,0,1,0,0,11,7,0.015362607697106017,0.014362607697106018,0.013403703587516975,0.010526991258749853,0.013362607697106017,0.012403703587516976,0.009526991258749853
2019-06-05,2019,20,price_weak,232,20,0,0,11,1,0,2,28,-0.07892862404867072,-0.07992862404867072,-0.08376424048702688,-0.09527108980209538,-0.08092862404867072,-0.08476424048702688,-0.09627108980209538
2019-06-05,2019,5,price_weak,232,20,0,0,0,0,0,8,7,0.0002938581330422352,-0.0007061418669577649,-0.0016650459765468059,-0.004541758305313929,-0.001706141866957765,-0.0026650459765468057,-0.0055417583053139294
2019-06-05,2019,20,accrual_weak,21,20,0,0,10,2,1,4,28,-0.05365895875246344,-0.05465895875246344,-0.0584945751908196,-0.0700014245058881,-0.05565895875246344,-0.059494575190819604,-0.07100142450588809
2019-06-05,2019,5,accrual_weak,21,20,0,0,1,0,0,4,7,-0.022183774316048687,-0.023183774316048688,-0.024142678425637727,-0.027019390754404852,-0.024183774316048685,-0.025142678425637728,-0.028019390754404853
2019-06-05,2019,20,cashburn_weak,11,11,0,0,5,4,2,3,28,-0.058215582782989626,-0.05876558278298963,-0.060875171824085514,-0.06720393894737318,-0.05931558278298962,-0.061425171824085516,-0.0677539389473732
2019-06-05,2019,5,cashburn_weak,11,11,0,0,0,0,1,4,7,-0.0029807730414257495,-0.0035307730414257496,-0.004058170301699722,-0.00564036208252164,-0.004080773041425749,-0.0046081703016997225,-0.00619036208252164
2019-06-05,2019,20,cashburn_rebound,5,5,0,0,2,1,1,2,28,-0.009450269119207827,-0.009700269119207827,-0.010659173228796868,-0.013535885557563992,-0.009950269119207827,-0.010909173228796868,-0.013785885557563991
2019-06-05,2019,5,cashburn_rebound,5,5,0,0,0,0,1,2,7,0.004352922298355611,0.00410292229835561,0.0038631962709583505,0.0031440181887665694,0.0038529222983556106,0.0036131962709583503,0.002894018188766569
2019-06-05,2019,20,residual_rally,340,20,0,0,7,0,1,6,28,-0.02534162363961337,-0.02634162363961337,-0.030177240077969535,-0.041684089393038026,-0.02734162363961337,-0.031177240077969536,-0.04268408939303803
2019-06-05,2019,5,residual_rally,340,20,0,0,4,0,1,6,7,-0.01896709765116762,-0.01996709765116762,-0.02092600176075666,-0.023802714089523783,-0.020967097651167617,-0.02192600176075666,-0.024802714089523784
2019-07-03,2019,20,price_weak,58,20,0,0,5,1,3,14,28,-0.0007239330323364768,-0.0017239330323364768,-0.0055595494706926415,-0.017066398785761137,-0.002723933032336477,-0.006559549470692642,-0.018066398785761134
2019-07-03,2019,5,price_weak,58,20,0,0,1,0,1,9,7,0.0002352934403044682,-0.0007647065596955319,-0.0017236106692845728,-0.004600322998051696,-0.001764706559695532,-0.0027236106692845726,-0.0056003229980516964
2019-07-03,2019,20,accrual_weak,8,8,0,0,2,0,3,6,28,0.0162520677983147,0.0158520677983147,0.014317821222972236,0.009715081496944836,0.0154520677983147,0.013917821222972235,0.009315081496944839
2019-07-03,2019,5,accrual_weak,8,8,0,0,0,0,0,4,7,-0.00046455771745868566,-0.0008645577174586857,-0.001248119361294302,-0.002398804292801152,-0.0012645577174586857,-0.0016481193612943022,-0.0027988042928011516
2019-07-03,2019,20,cashburn_weak,3,3,0,0,3,0,0,2,28,-0.00232337498269915,-0.00247337498269915,-0.003048717448452575,-0.004774744845712849,-0.00262337498269915,-0.0031987174484525748,-0.004924744845712849
2019-07-03,2019,5,cashburn_weak,3,3,0,0,2,0,0,0,7,-0.01012810799754853,-0.010278107997548531,-0.010421943613986887,-0.010853450463301955,-0.01042810799754853,-0.010571943613986886,-0.011003450463301956
2019-07-03,2019,20,cashburn_rebound,2,2,0,0,2,0,0,1,28,-0.0031082483326813127,-0.0032082483326813125,-0.0035918099765169294,-0.004742494908023779,-0.003308248332681313,-0.0036918099765169293,-0.004842494908023779
2019-07-03,2019,5,cashburn_rebound,2,2,0,0,1,0,0,0,7,-0.005722114419239577,-0.005822114419239577,-0.00591800483019848,-0.006205676063075193,-0.005922114419239576,-0.006018004830198481,-0.006305676063075193
2019-07-03,2019,20,residual_rally,317,20,0,0,6,3,3,10,28,-0.050525824192313086,-0.05152582419231309,-0.05536144063066925,-0.06686828994573775,-0.05252582419231309,-0.05636144063066925,-0.06786828994573774
2019-07-03,2019,5,residual_rally,317,20,0,0,1,1,1,7,7,-0.01160103035690555,-0.01260103035690555,-0.013559934466494592,-0.016436646795261717,-0.01360103035690555,-0.014559934466494591,-0.017436646795261714
2019-08-01,2019,20,price_weak,288,20,0,0,2,0,3,14,28,0.021888419270018573,0.020888419270018572,0.017052802831662408,0.005545953516593913,0.019888419270018574,0.016052802831662407,0.004545953516593915
2019-08-01,2019,5,price_weak,288,20,0,0,1,0,0,14,7,0.009848102638570694,0.008848102638570693,0.007889198528981654,0.005012486200214529,0.007848102638570694,0.006889198528981653,0.004012486200214529
2019-08-01,2019,20,accrual_weak,34,20,0,0,7,4,4,10,28,-0.0251393861790156,-0.0261393861790156,-0.029975002617371765,-0.041481851932440264,-0.027139386179015602,-0.030975002617371766,-0.04248185193244026
2019-08-01,2019,5,accrual_weak,34,20,0,0,4,1,0,8,7,-0.0337671195518496,-0.0347671195518496,-0.03572602366143864,-0.038602735990205764,-0.0357671195518496,-0.036726023661438637,-0.039602735990205765
2019-08-01,2019,20,cashburn_weak,8,8,0,0,4,3,1,2,28,-0.03361395547964533,-0.03401395547964533,-0.0355482020549878,-0.04015094178101519,-0.03441395547964533,-0.0359482020549878,-0.0405509417810152
2019-08-01,2019,5,cashburn_weak,8,8,0,0,2,0,1,4,7,-0.00819125144834441,-0.00859125144834441,-0.008974813092180027,-0.010125498023686876,-0.00899125144834441,-0.009374813092180027,-0.010525498023686877
2019-08-01,2019,20,cashburn_rebound,1,1,0,0,1,1,0,0,28,-0.010275482093663912,-0.010325482093663912,-0.010517262915581721,-0.011092605381335146,-0.010375482093663912,-0.01056726291558172,-0.011142605381335146
2019-08-01,2019,5,cashburn_rebound,1,1,0,0,1,0,0,0,7,-0.004297520661157028,-0.004347520661157028,-0.004395465866636481,-0.004539301483074837,-0.004397520661157029,-0.0044454658666364805,-0.004589301483074837
2019-08-01,2019,20,residual_rally,183,20,0,0,6,2,4,7,28,0.013044847193609887,0.012044847193609886,0.008209230755253722,-0.003297618559814773,0.011044847193609887,0.007209230755253722,-0.0042976185598147705
2019-08-01,2019,5,residual_rally,183,20,0,0,1,0,1,6,7,-0.010251273607981165,-0.011251273607981165,-0.012210177717570207,-0.01508689004633733,-0.012251273607981165,-0.013210177717570206,-0.01608689004633733
2019-08-29,2019,20,price_weak,214,20,0,0,11,3,0,2,29,-0.02962885995633714,-0.03062885995633714,-0.034601462696063165,-0.04651927091524125,-0.03162885995633714,-0.035601462696063166,-0.047519270915241246
2019-08-29,2019,5,price_weak,214,20,0,0,0,0,0,4,8,-0.025236591063844786,-0.026236591063844787,-0.02733248147480369,-0.030620152707680405,-0.027236591063844788,-0.02833248147480369,-0.031620152707680406
2019-08-29,2019,20,accrual_weak,21,20,0,0,10,1,2,8,29,-0.004768899312087321,-0.005768899312087321,-0.00974150205181335,-0.021659310270991435,-0.006768899312087321,-0.010741502051813349,-0.022659310270991433
2019-08-29,2019,5,accrual_weak,21,20,0,0,1,0,1,6,8,-0.012914532465659767,-0.013914532465659768,-0.015010422876618672,-0.018298094109495386,-0.014914532465659767,-0.01601042287661867,-0.019298094109495383
2019-08-29,2019,20,cashburn_weak,11,11,0,0,7,3,4,5,29,0.021184887876661847,0.02063488787666185,0.01844995636981253,0.011895161849264584,0.020084887876661846,0.01789995636981253,0.011345161849264585
2019-08-29,2019,5,cashburn_weak,11,11,0,0,0,0,1,5,8,-0.0004660058358550101,-0.0010160058358550102,-0.0016187455618824078,-0.0034269647399646,-0.0015660058358550103,-0.002168745561882408,-0.0039769647399645995
2019-08-29,2019,20,cashburn_rebound,1,1,0,0,0,0,0,1,29,0.0046002351557907165,0.004550235155790717,0.004351605018804415,0.0037557146078455107,0.004500235155790716,0.004301605018804415,0.003705714607845511
2019-08-29,2019,5,cashburn_rebound,1,1,0,0,0,0,0,1,8,0.0026601998824221096,0.0026101998824221095,0.0025554053618741645,0.0023910218002303287,0.0025601998824221098,0.0025054053618741644,0.0023410218002303286
2019-08-29,2019,20,residual_rally,250,20,0,0,8,1,4,14,29,0.05029349160946295,0.04929349160946295,0.04532088886973692,0.03340308065055883,0.048293491609462946,0.04432088886973692,0.03240308065055884
2019-08-29,2019,5,residual_rally,250,20,0,0,1,0,0,14,8,0.018015188843756635,0.017015188843756635,0.01591929843279773,0.012631627199921018,0.016015188843756634,0.014919298432797731,0.01163162719992102
2019-09-27,2019,20,price_weak,211,20,0,0,6,0,0,6,26,-0.034272625847322456,-0.03527262584732246,-0.0388342696829389,-0.04951920118978821,-0.03627262584732246,-0.03983426968293889,-0.05051920118978821
2019-09-27,2019,5,price_weak,211,20,0,0,0,0,0,6,5,-0.012767044805282457,-0.013767044805282458,-0.014451976312131772,-0.016506770832679717,-0.014767044805282457,-0.015451976312131771,-0.017506770832679718
2019-09-27,2019,20,accrual_weak,30,20,0,0,6,1,3,8,26,-0.02070872644242074,-0.02170872644242074,-0.025270370278037177,-0.0359553017848865,-0.022708726442420737,-0.026270370278037178,-0.0369553017848865
2019-09-27,2019,5,accrual_weak,30,20,0,0,0,0,0,6,5,-0.004720320343309192,-0.005720320343309192,-0.006405251850158507,-0.008460046370706452,-0.006720320343309192,-0.007405251850158507,-0.009460046370706451
2019-09-27,2019,20,cashburn_weak,21,20,0,0,8,2,6,9,26,-0.0015121686721978555,-0.0025121686721978555,-0.006073812507814294,-0.01675874401466361,-0.0035121686721978555,-0.007073812507814295,-0.01775874401466361
2019-09-27,2019,5,cashburn_weak,21,20,0,0,2,0,0,7,5,-0.012049397648125081,-0.013049397648125082,-0.013734329154974396,-0.01578912367552234,-0.014049397648125081,-0.014734329154974395,-0.016789123675522342
2019-09-27,2019,20,cashburn_rebound,1,1,0,0,0,0,1,1,26,0.008773291925465842,0.008723291925465842,0.00854520973368502,0.008010963158342554,0.008673291925465842,0.008495209733685019,0.007960963158342554
2019-09-27,2019,5,cashburn_rebound,1,1,0,0,0,0,0,0,5,-0.0022360248447204968,-0.002286024844720497,-0.0023202714200629623,-0.00242301114609036,-0.0023360248447204966,-0.0023702714200629625,-0.0024730111460903596
2019-09-27,2019,20,residual_rally,193,20,0,0,4,2,2,8,26,-0.022744069683295082,-0.023744069683295083,-0.02730571351891152,-0.03799064502576084,-0.02474406968329508,-0.02830571351891152,-0.03899064502576084
2019-09-27,2019,5,residual_rally,193,20,0,0,0,0,0,10,5,0.0073465752199513845,0.0063465752199513845,0.00566164371310207,0.003606849192554124,0.0053465752199513845,0.00466164371310207,0.002606849192554124
2019-10-25,2019,20,price_weak,132,20,0,0,3,0,0,10,26,-0.022156847338526277,-0.023156847338526278,-0.026718491174142715,-0.03740342268099203,-0.02415684733852628,-0.027718491174142715,-0.03840342268099203
2019-10-25,2019,5,price_weak,132,20,0,0,0,0,0,11,5,-0.005943278860294487,-0.006943278860294487,-0.007628210367143802,-0.009683004887691748,-0.007943278860294486,-0.008628210367143802,-0.010683004887691748
2019-10-25,2019,20,accrual_weak,12,12,0,0,3,0,1,5,26,1.4544969882446245e-05,-0.0005854550301175537,-0.002722441331487417,-0.009133400235597005,-0.0011854550301175536,-0.003322441331487417,-0.009733400235597007
2019-10-25,2019,5,accrual_weak,12,12,0,0,0,0,0,4,5,-0.006314000865616787,-0.006914000865616787,-0.007324959769726375,-0.008557836482055143,-0.007514000865616786,-0.007924959769726375,-0.009157836482055143
2019-10-25,2019,20,cashburn_weak,10,10,0,0,4,2,3,3,26,-0.025813456895747867,-0.026313456895747867,-0.028094278813556087,-0.033436744566980744,-0.026813456895747868,-0.028594278813556084,-0.033936744566980745
2019-10-25,2019,5,cashburn_weak,10,10,0,0,2,1,0,4,5,-0.01768750640301369,-0.01818750640301369,-0.018529972156438347,-0.019557369416712322,-0.01868750640301369,-0.019029972156438348,-0.02005736941671232
2019-10-25,2019,20,cashburn_rebound,3,3,0,0,1,0,1,1,26,-0.0016961816035687416,-0.0018461816035687416,-0.0023804281789112074,-0.003983167904938604,-0.0019961816035687415,-0.0025304281789112074,-0.004133167904938605
2019-10-25,2019,5,cashburn_rebound,3,3,0,0,0,0,0,2,5,-0.0025834513385043665,-0.0027334513385043665,-0.0028361910645317637,-0.0031444102426139557,-0.0028834513385043664,-0.0029861910645317636,-0.0032944102426139556
2019-10-25,2019,20,residual_rally,303,20,0,0,5,1,1,12,26,-0.005541751785618232,-0.006541751785618232,-0.01010339562123467,-0.020788327128083987,-0.007541751785618232,-0.01110339562123467,-0.021788327128083988
2019-10-25,2019,5,residual_rally,303,20,0,0,0,0,1,12,5,0.0038230963385976644,0.0028230963385976644,0.0021381648317483496,8.337031120040413e-05,0.0018230963385976644,0.0011381648317483496,-0.0009166296887995959
2019-11-22,2019,20,price_weak,178,20,0,0,3,1,0,1,29,-0.05246754799596574,-0.05346754799596574,-0.05744015073569177,-0.06935795895486985,-0.05446754799596574,-0.05844015073569177,-0.07035795895486985
2019-11-22,2019,5,price_weak,178,20,0,0,0,0,0,7,8,-0.006248844624662487,-0.007248844624662487,-0.00834473503562139,-0.011632406268498104,-0.008248844624662487,-0.009344735035621391,-0.012632406268498104
2019-11-22,2019,20,accrual_weak,16,16,0,0,5,0,0,4,29,-0.03553366294641325,-0.03633366294641325,-0.03951174513819407,-0.04904599171353654,-0.037133662946413244,-0.04031174513819407,-0.049845991713536535
2019-11-22,2019,5,accrual_weak,16,16,0,0,0,0,0,10,8,0.0059867431814475455,0.005186743181447545,0.004310030852680422,0.0016798938663790518,0.004386743181447546,0.003510030852680422,0.0008798938663790515
2019-11-22,2019,20,cashburn_weak,4,4,0,0,3,0,0,2,29,-0.007973574178090748,-0.008173574178090748,-0.008968094726035953,-0.01135165636987157,-0.008373574178090747,-0.009168094726035953,-0.01155165636987157
2019-11-22,2019,5,cashburn_weak,4,4,0,0,1,0,0,3,8,0.0006942694804168093,0.0004942694804168093,0.00027509139822502835,-0.00038244284835031413,0.00029426948041680925,7.509139822502837e-05,-0.0005824428483503142
2019-11-22,2019,20,cashburn_rebound,0,0,0,0,0,0,0,0,29,0.0,0.0,0.0,0.0,0.0,0.0,0.0
2019-11-22,2019,5,cashburn_rebound,0,0,0,0,0,0,0,0,8,0.0,0.0,0.0,0.0,0.0,0.0,0.0
2019-11-22,2019,20,residual_rally,238,20,0,0,5,1,3,10,29,-0.0020014530243593455,-0.0030014530243593456,-0.006974055764085374,-0.01889186398326346,-0.004001453024359346,-0.007974055764085374,-0.019891863983263456
2019-11-22,2019,5,residual_rally,238,20,0,0,1,0,0,11,8,0.006526598197043892,0.005526598197043892,0.004430707786084988,0.0011430365532082752,0.004526598197043892,0.0034307077860849878,0.00014303655320827523
2019-12-23,2019,20,price_weak,101,20,0,0,3,1,0,6,31,-0.03177106174707696,-0.03277106174707696,-0.03701763708954271,-0.04975736311693997,-0.03377106174707696,-0.038017637089542713,-0.05075736311693997
2019-12-23,2019,5,price_weak,101,20,0,0,0,0,0,8,8,0.003932313701292195,0.002932313701292195,0.0018364232903332906,-0.001451247942543422,0.001932313701292195,0.0008364232903332906,-0.002451247942543422
2019-12-23,2019,20,accrual_weak,6,6,0,0,1,0,0,2,31,-0.00033659794878327374,-0.0006365979487832738,-0.001910570551523,-0.005732488359742178,-0.0009365979487832737,-0.002210570551523,-0.006032488359742177
2019-12-23,2019,5,accrual_weak,6,6,0,0,0,0,0,4,8,0.00374413164912587,0.0034441316491258703,0.0031153645258381987,0.002129063155975185,0.0031441316491258703,0.002815364525838199,0.0018290631559751852
2019-12-23,2019,20,cashburn_weak,7,7,0,0,6,1,0,1,31,-0.03373679924889804,-0.03408679924889804,-0.03557310061876105,-0.04003200472835009,-0.03443679924889804,-0.035923100618761056,-0.040382004728350095
2019-12-23,2019,5,cashburn_weak,7,7,0,0,0,0,0,7,8,0.00606176341089108,0.005711763410891081,0.005328201767055464,0.004177516835548615,0.00536176341089108,0.004978201767055464,0.0038275168355486142
2019-12-23,2019,20,cashburn_rebound,3,3,0,0,2,0,0,1,31,-0.008336520143648518,-0.00848652014364852,-0.009123506445018381,-0.01103446534912797,-0.008636520143648518,-0.00927350644501838,-0.01118446534912797
2019-12-23,2019,5,cashburn_rebound,3,3,0,0,0,0,0,3,8,0.0019139083768315024,0.0017639083768315024,0.0015995248151876667,0.0011063741302561598,0.0016139083768315025,0.0014495248151876667,0.0009563741302561599
2019-12-23,2019,20,residual_rally,358,20,0,0,7,1,2,8,31,-0.017017712602098244,-0.018017712602098244,-0.022264287944563997,-0.03500401397196126,-0.019017712602098245,-0.023264287944563998,-0.036004013971961256
2019-12-23,2019,5,residual_rally,358,20,0,0,0,0,0,10,8,0.0037284544221424577,0.0027284544221424577,0.0016325640111835532,-0.0016551072216931593,0.0017284544221424576,0.0006325640111835532,-0.0026551072216931594
2020-01-23,2020,20,price_weak,170,20,0,0,2,1,3,13,29,0.007915462089914565,0.006915462089914565,0.002942859350188537,-0.008974948868989549,0.005915462089914565,0.001942859350188537,-0.009974948868989546
2020-01-23,2020,5,price_weak,170,20,0,0,0,0,0,17,7,0.028585859882883334,0.027585859882883333,0.026626955773294294,0.02375024344452717,0.026585859882883332,0.025626955773294293,0.02275024344452717
2020-01-23,2020,20,accrual_weak,18,18,0,0,5,1,2,10,29,-0.003838598067557747,-0.004738598067557747,-0.008313940533311172,-0.01903996793057145,-0.0056385980675577475,-0.009213940533311173,-0.019939967930571446
2020-01-23,2020,5,accrual_weak,18,18,0,0,0,0,1,16,7,0.0285480450355609,0.027648045035560898,0.026785031336930762,0.02419599024104035,0.0267480450355609,0.025885031336930764,0.02329599024104035
2020-01-23,2020,20,cashburn_weak,6,6,0,0,2,1,0,5,29,-0.0005652138532291518,-0.0008652138532291517,-0.0020569946751469604,-0.005632337140900385,-0.0011652138532291518,-0.0023569946751469603,-0.0059323371409003844
2020-01-23,2020,5,cashburn_weak,6,6,0,0,0,0,1,5,7,0.01507959616653166,0.01477959616653166,0.014491924933654948,0.013628911235024811,0.01447959616653166,0.014191924933654948,0.013328911235024811
2020-01-23,2020,20,cashburn_rebound,2,2,0,0,0,0,0,2,29,0.006179619588604873,0.006079619588604873,0.00568235931463227,0.0044905784927144615,0.005979619588604873,0.00558235931463227,0.004390578492714462
2020-01-23,2020,5,cashburn_rebound,2,2,0,0,0,0,0,1,7,0.001977106463551087,0.001877106463551087,0.001781216052592183,0.0014935448197154705,0.001777106463551087,0.001681216052592183,0.0013935448197154704
2020-01-23,2020,20,residual_rally,254,20,0,0,5,2,2,5,29,-0.04383267079123,-0.04483267079123,-0.04880527353095603,-0.06072308175013412,-0.045832670791230004,-0.04980527353095603,-0.061723081750134114
2020-01-23,2020,5,residual_rally,254,20,0,0,1,0,1,10,7,0.011844884504223042,0.010844884504223041,0.009885980394634002,0.007009268065866877,0.009844884504223042,0.008885980394634,0.006009268065866877
2020-02-21,2020,20,price_weak,241,20,0,0,1,0,19,20,26,0.3189087486926198,0.3179087486926198,0.3143471048570034,0.30366217335015405,0.3169087486926198,0.3133471048570034,0.30266217335015405
2020-02-21,2020,5,price_weak,241,20,0,0,0,0,10,19,5,0.0864950759365432,0.0854950759365432,0.08481014442969388,0.08275534990914593,0.08449507593654319,0.08381014442969388,0.08175534990914593
2020-02-21,2020,20,accrual_weak,19,19,0,0,3,0,17,18,26,0.29059084804088336,0.28964084804088336,0.2862572863970477,0.2761066014655409,0.28869084804088335,0.2853072863970477,0.2751566014655409
2020-02-21,2020,5,accrual_weak,19,19,0,0,0,0,6,16,5,0.07322894489321445,0.07227894489321444,0.0716282599617076,0.06967620516718706,0.07132894489321445,0.0706782599617076,0.06872620516718705
2020-02-21,2020,20,cashburn_weak,7,7,0,0,0,0,7,7,26,0.1491021310576279,0.1487521310576279,0.14750555571516213,0.14376582968776488,0.1484021310576279,0.14715555571516215,0.1434158296877649
2020-02-21,2020,5,cashburn_weak,7,7,0,0,0,0,4,7,5,0.03657969949752116,0.03622969949752116,0.03598997347012391,0.035270795387932125,0.035879699497521164,0.035639973470123903,0.03492079538793212
2020-02-21,2020,20,cashburn_rebound,0,0,0,0,0,0,0,0,26,0.0,0.0,0.0,0.0,0.0,0.0,0.0
2020-02-21,2020,5,cashburn_rebound,0,0,0,0,0,0,0,0,5,0.0,0.0,0.0,0.0,0.0,0.0,0.0
2020-02-21,2020,20,residual_rally,233,20,0,0,2,0,19,20,26,0.38697504783790587,0.38597504783790587,0.38241340400228946,0.3717284724954401,0.38497504783790587,0.38141340400228946,0.3707284724954401
2020-02-21,2020,5,residual_rally,233,20,0,0,1,0,12,19,5,0.10787372595505115,0.10687372595505115,0.10618879444820184,0.10413399992765389,0.10587372595505115,0.10518879444820184,0.10313399992765389
2020-03-20,2020,20,price_weak,646,20,0,0,20,20,0,0,29,-0.3864618544121151,-0.3874618544121151,-0.39143445715184116,-0.4033522653710192,-0.3884618544121151,-0.39243445715184117,-0.4043522653710192
2020-03-20,2020,5,price_weak,646,20,0,0,20,20,0,0,5,-0.29285558952660556,-0.29385558952660557,-0.2945405210334549,-0.2965953155540028,-0.29485558952660557,-0.2955405210334549,-0.2975953155540028
2020-03-20,2020,20,accrual_weak,65,20,0,0,20,19,0,1,29,-0.33304455237854835,-0.33404455237854835,-0.3380171551182744,-0.34993496333745244,-0.33504455237854835,-0.3390171551182744,-0.35093496333745244
2020-03-20,2020,5,accrual_weak,65,20,0,0,17,11,1,2,5,-0.17616996019156866,-0.17716996019156867,-0.17785489169841798,-0.17990968621896591,-0.17816996019156867,-0.17885489169841798,-0.18090968621896591
2020-03-20,2020,20,cashburn_weak,36,20,0,0,20,19,0,0,29,-0.5668991405268853,-0.5678991405268853,-0.5718717432666113,-0.5837895514857894,-0.5688991405268853,-0.5728717432666113,-0.5847895514857894
2020-03-20,2020,5,cashburn_weak,36,20,0,0,16,11,0,2,5,-0.20360103307422883,-0.20460103307422883,-0.20528596458107815,-0.20734075910162608,-0.20560103307422883,-0.20628596458107815,-0.20834075910162608
2020-03-20,2020,20,cashburn_rebound,5,5,0,0,5,4,0,0,29,-0.11620493542048804,-0.11645493542048804,-0.11744808610541956,-0.12042753816021406,-0.11670493542048804,-0.11769808610541956,-0.12067753816021407
2020-03-20,2020,5,cashburn_rebound,5,5,0,0,4,3,0,0,5,-0.026000398696864747,-0.026250398696864748,-0.026421631573577076,-0.026935330203714063,-0.026500398696864748,-0.026671631573577076,-0.027185330203714064
2020-03-20,2020,20,residual_rally,57,20,0,0,18,12,1,2,29,-0.2229421601998157,-0.2239421601998157,-0.22791476293954172,-0.2398325711587198,-0.2249421601998157,-0.22891476293954172,-0.2408325711587198
2020-03-20,2020,5,residual_rally,57,20,0,0,11,4,2,9,5,-0.017526145843946805,-0.018526145843946806,-0.01921107735079612,-0.021265871871344065,-0.019526145843946803,-0.02021107735079612,-0.022265871871344066
2020-04-20,2020,20,price_weak,16,16,0,0,12,10,1,4,28,-0.11772104963683847,-0.11852104963683846,-0.1215895427875234,-0.1307950222395782,-0.11932104963683847,-0.1223895427875234,-0.1315950222395782
2020-04-20,2020,5,price_weak,16,16,0,0,9,2,0,2,7,-0.07714588263810498,-0.07794588263810498,-0.07871300592577622,-0.08101437578878992,-0.07874588263810499,-0.07951300592577622,-0.08181437578878992
2020-04-20,2020,20,accrual_weak,2,2,0,0,2,1,0,0,28,-0.03476249123613401,-0.03486249123613401,-0.035246052879969625,-0.036396737811476475,-0.034962491236134007,-0.03534605287996962,-0.03649673781147647
2020-04-20,2020,5,accrual_weak,2,2,0,0,1,0,0,0,7,-0.009503922208395998,-0.009603922208395997,-0.009699812619354903,-0.009987483852231615,-0.009703922208395999,-0.009799812619354902,-0.010087483852231615
2020-04-20,2020,20,cashburn_weak,1,1,0,0,1,1,0,0,28,-0.012656250000000003,-0.012706250000000002,-0.012898030821917811,-0.013473373287671236,-0.012756250000000002,-0.01294803082191781,-0.013523373287671236
2020-04-20,2020,5,cashburn_weak,1,1,0,0,0,0,0,0,7,-0.0016406249999999956,-0.0016906249999999955,-0.0017385702054794477,-0.001882405821917804,-0.0017406249999999956,-0.0017885702054794477,-0.0019324058219178039
2020-04-20,2020,20,cashburn_rebound,1,1,0,0,1,1,0,0,28,-0.012656250000000003,-0.012706250000000002,-0.012898030821917811,-0.013473373287671236,-0.012756250000000002,-0.01294803082191781,-0.013523373287671236
2020-04-20,2020,5,cashburn_rebound,1,1,0,0,0,0,0,0,7,-0.0016406249999999956,-0.0016906249999999955,-0.0017385702054794477,-0.001882405821917804,-0.0017406249999999956,-0.0017885702054794477,-0.0019324058219178039
2020-04-20,2020,20,residual_rally,269,20,0,0,19,13,2,3,28,-0.18039752960562822,-0.18139752960562822,-0.1852331460439844,-0.19673999535905287,-0.18239752960562822,-0.1862331460439844,-0.19773999535905287
2020-04-20,2020,5,residual_rally,269,20,0,0,7,3,0,4,7,-0.08194981610727778,-0.08294981610727778,-0.08390872021686682,-0.08678543254563395,-0.08394981610727778,-0.08490872021686682,-0.08778543254563394
2020-05-18,2020,20,price_weak,94,20,0,0,13,4,0,3,29,-0.10569928911082471,-0.10669928911082471,-0.11067189185055074,-0.12258970006972883,-0.10769928911082471,-0.11167189185055074,-0.12358970006972883
2020-05-18,2020,5,price_weak,94,20,0,0,2,0,0,7,8,-0.029426271854504242,-0.030426271854504243,-0.031522162265463144,-0.03480983349833986,-0.031426271854504244,-0.032522162265463145,-0.03580983349833986
2020-05-18,2020,20,accrual_weak,5,5,0,0,4,2,0,1,29,-0.011829095519478066,-0.012079095519478066,-0.013072246204409574,-0.016051698259204095,-0.012329095519478066,-0.013322246204409574,-0.016301698259204092
2020-05-18,2020,5,accrual_weak,5,5,0,0,1,0,0,2,8,-0.006107917609603658,-0.006357917609603659,-0.006631890212343385,-0.007453808020562563,-0.006607917609603659,-0.006881890212343384,-0.007703808020562562
2020-05-18,2020,20,cashburn_weak,6,6,0,0,5,1,0,2,29,-0.008992761260583687,-0.009292761260583687,-0.010484542082501495,-0.01405988454825492,-0.009592761260583687,-0.010784542082501495,-0.01435988454825492
2020-05-18,2020,5,cashburn_weak,6,6,0,0,1,1,0,3,8,-0.007811277667201499,-0.008111277667201499,-0.00844004479048917,-0.009426346160352185,-0.008411277667201499,-0.00874004479048917,-0.009726346160352183
2020-05-18,2020,20,cashburn_rebound,1,1,0,0,1,0,0,0,29,-0.003152994906024942,-0.003202994906024942,-0.003401625043011243,-0.003997515453970148,-0.0032529949060249416,-0.0034516250430112433,-0.004047515453970148
2020-05-18,2020,5,cashburn_rebound,1,1,0,0,0,0,0,1,8,0.0008080098366414934,0.0007580098366414934,0.0007032153160935482,0.0005388317544497126,0.0007080098366414934,0.0006532153160935482,0.0004888317544497126
2020-05-18,2020,20,residual_rally,316,20,0,0,16,12,2,7,29,-0.1265584126483928,-0.1275584126483928,-0.13153101538811882,-0.1434488236072969,-0.1285584126483928,-0.13253101538811882,-0.1444488236072969
2020-05-18,2020,5,residual_rally,316,20,0,0,15,4,1,6,8,-0.06604770579943206,-0.06704770579943206,-0.06814359621039097,-0.07143126744326768,-0.06804770579943206,-0.06914359621039097,-0.07243126744326768
2020-06-16,2020,20,price_weak,92,20,0,0,4,0,0,6,29,-0.031037773719720045,-0.032037773719720046,-0.036010376459446075,-0.047928184678624156,-0.03303777371972005,-0.037010376459446076,-0.048928184678624156
2020-06-16,2020,5,price_weak,92,20,0,0,0,0,1,10,7,0.012224416442222646,0.011224416442222645,0.010265512332633606,0.007388800003866481,0.010224416442222646,0.009265512332633605,0.006388800003866481
2020-06-16,2020,20,accrual_weak,8,8,0,0,4,2,0,0,29,-0.052312692535191864,-0.05271269253519186,-0.054301733631082275,-0.05906885691875351,-0.053112692535191866,-0.05470173363108227,-0.05946885691875351
2020-06-16,2020,5,accrual_weak,8,8,0,0,1,0,1,5,7,0.005416245310063589,0.005016245310063588,0.004632683666227972,0.0034819987347211225,0.004616245310063588,0.004232683666227972,0.0030819987347211228
2020-06-16,2020,20,cashburn_weak,8,8,0,0,5,2,1,2,29,-0.031123292891515976,-0.031523292891515974,-0.03311233398740639,-0.03787945727507762,-0.03192329289151598,-0.033512333987406384,-0.03827945727507762
2020-06-16,2020,5,cashburn_weak,8,8,0,0,3,0,0,2,7,-0.016020697682644258,-0.01642069768264426,-0.016804259326479873,-0.017954944257986723,-0.016820697682644256,-0.017204259326479874,-0.018354944257986724
2020-06-16,2020,20,cashburn_rebound,2,2,0,0,1,0,0,0,29,-0.0035141763612269615,-0.0036141763612269613,-0.004011436635199564,-0.005203217457117373,-0.0037141763612269616,-0.004111436635199564,-0.005303217457117372
2020-06-16,2020,5,cashburn_rebound,2,2,0,0,1,0,0,0,7,-0.0034456012631042033,-0.003545601263104203,-0.0036414916740631076,-0.00392916290693982,-0.0036456012631042034,-0.0037414916740631074,-0.0040291629069398194
2020-06-16,2020,20,residual_rally,155,20,0,0,18,11,0,2,29,-0.20514297275581295,-0.20614297275581295,-0.21011557549553897,-0.22203338371471706,-0.20714297275581295,-0.21111557549553897,-0.22303338371471707
2020-06-16,2020,5,residual_rally,155,20,0,0,12,5,0,3,7,-0.11119412960499138,-0.11219412960499138,-0.11315303371458042,-0.11602974604334754,-0.11319412960499138,-0.11415303371458042,-0.11702974604334754
2020-07-15,2020,20,price_weak,86,20,0,0,10,3,1,1,28,-0.07061490284569186,-0.07161490284569186,-0.07545051928404803,-0.08695736859911651,-0.07261490284569186,-0.07645051928404802,-0.08795736859911651
2020-07-15,2020,5,price_weak,86,20,0,0,2,0,0,2,7,-0.04246845802107287,-0.043468458021072874,-0.04442736213066192,-0.04730407445942904,-0.044468458021072875,-0.04542736213066191,-0.04830407445942904
2020-07-15,2020,20,accrual_weak,6,6,0,0,5,2,0,1,28,-0.04188713391975747,-0.04218713391975747,-0.04333781885126432,-0.046789873645784866,-0.042487133919757475,-0.04363781885126432,-0.04708987364578487
2020-07-15,2020,5,accrual_weak,6,6,0,0,2,0,0,1,7,-0.02095762777718759,-0.021257627777187593,-0.021545299010064304,-0.02240831270869444,-0.02155762777718759,-0.021845299010064302,-0.02270831270869444
2020-07-15,2020,20,cashburn_weak,8,8,0,0,6,3,0,3,28,-0.03779298686197022,-0.038192986861970216,-0.03972723343731269,-0.044329973163340086,-0.03859298686197022,-0.040127233437312684,-0.044729973163340084
2020-07-15,2020,5,cashburn_weak,8,8,0,0,4,0,0,1,7,-0.026334901546467317,-0.026734901546467318,-0.027118463190302932,-0.028269148121809782,-0.027134901546467315,-0.027518463190302933,-0.028669148121809783
2020-07-15,2020,20,cashburn_rebound,1,1,0,0,0,0,0,1,28,0.0007496387283236983,0.0006996387283236983,0.00050785790640589,-6.74845593475348e-05,0.0006496387283236982,0.00045785790640589006,-0.0001174845593475346
2020-07-15,2020,5,cashburn_rebound,1,1,0,0,0,0,0,0,7,-0.0012192919075144526,-0.0012692919075144526,-0.0013172371129939048,-0.001461072729432261,-0.0013192919075144527,-0.0013672371129939047,-0.001511072729432261
2020-07-15,2020,20,residual_rally,374,20,0,0,13,6,1,7,28,-0.06007040848958407,-0.061070408489584074,-0.06490602492794023,-0.07641287424300873,-0.062070408489584075,-0.06590602492794023,-0.07741287424300873
2020-07-15,2020,5,residual_rally,374,20,0,0,6,0,0,9,7,-0.019273283060319047,-0.020273283060319048,-0.021232187169908087,-0.024108899498675212,-0.021273283060319045,-0.022232187169908088,-0.025108899498675213
2020-08-12,2020,20,price_weak,117,20,0,0,4,2,1,14,29,0.01104268111660765,0.010042681116607648,0.006070078376881621,-0.005847729842296465,0.00904268111660765,0.005070078376881621,-0.006847729842296462
2020-08-12,2020,5,price_weak,117,20,0,0,1,0,0,9,7,-0.007753015213556036,-0.008753015213556037,-0.009711919323145076,-0.0125886316519122,-0.009753015213556036,-0.010711919323145077,-0.013588631651912202
2020-08-12,2020,20,accrual_weak,9,9,0,0,4,1,2,7,29,0.01988654833960855,0.01943654833960855,0.01764887710673184,0.0122858634081017,0.01898654833960855,0.017198877106731836,0.0118358634081017
2020-08-12,2020,5,accrual_weak,9,9,0,0,0,0,0,5,7,0.0044603873293732055,0.004010387329373206,0.003578880480058137,0.0022843599321129312,0.0035603873293732053,0.003128880480058137,0.0018343599321129314
2020-08-12,2020,20,cashburn_weak,16,16,0,0,10,7,2,6,29,-0.013217772098717695,-0.014017772098717695,-0.017195854290498518,-0.02673010086584099,-0.014817772098717695,-0.01799585429049852,-0.027530100865840984
2020-08-12,2020,5,cashburn_weak,16,16,0,0,3,0,0,8,7,-0.015366781181929717,-0.016166781181929716,-0.01693390446960095,-0.019235274332614648,-0.016966781181929718,-0.01773390446960095,-0.02003527433261465
2020-08-12,2020,20,cashburn_rebound,3,3,0,0,1,0,0,2,29,0.00513135752660161,0.00498135752660161,0.004385467115642706,0.002597795882765993,0.00483135752660161,0.004235467115642706,0.0024477958827659936
2020-08-12,2020,5,cashburn_rebound,3,3,0,0,0,0,0,3,7,0.0039494978715071015,0.0037994978715071015,0.0036556622550687453,0.0032241554057536766,0.0036494978715071015,0.0035056622550687453,0.0030741554057536766
2020-08-12,2020,20,residual_rally,332,20,0,0,10,6,1,7,29,-0.06214385616189755,-0.06314385616189755,-0.06711645890162357,-0.07903426712080167,-0.06414385616189755,-0.06811645890162357,-0.08003426712080167
2020-08-12,2020,5,residual_rally,332,20,0,0,4,2,0,8,7,-0.022564210279196206,-0.023564210279196206,-0.024523114388785246,-0.02739982671755237,-0.024564210279196204,-0.025523114388785247,-0.02839982671755237
2020-09-10,2020,20,price_weak,358,20,0,0,6,0,0,6,28,-0.03972649428410106,-0.040726494284101064,-0.04456211072245723,-0.05606896003752572,-0.041726494284101065,-0.04556211072245723,-0.05706896003752572
2020-09-10,2020,5,price_weak,358,20,0,0,1,0,0,3,7,-0.02877657119939006,-0.02977657119939006,-0.0307354753089791,-0.033612187637746226,-0.030776571199390063,-0.031735475308979105,-0.034612187637746226
2020-09-10,2020,20,accrual_weak,39,20,0,0,8,3,0,4,28,-0.09866224856374325,-0.09966224856374326,-0.10349786500209943,-0.11500471431716791,-0.10066224856374326,-0.10449786500209941,-0.11600471431716791
2020-09-10,2020,5,accrual_weak,39,20,0,0,3,0,0,12,7,-0.00048443406919207455,-0.0014844340691920746,-0.0024433381787811155,-0.005320050507548239,-0.0024844340691920746,-0.0034433381787811156,-0.006320050507548239
2020-09-10,2020,20,cashburn_weak,19,19,0,0,13,6,0,3,28,-0.10719455662616247,-0.10814455662616247,-0.11178839224260081,-0.12271989909191588,-0.10909455662616246,-0.11273839224260082,-0.12366989909191589
2020-09-10,2020,5,cashburn_weak,19,19,0,0,3,1,0,7,7,-0.041571268946649934,-0.04252126894664993,-0.04343222785075952,-0.04616510456308829,-0.04347126894664993,-0.04438222785075952,-0.04711510456308829
2020-09-10,2020,20,cashburn_rebound,1,1,0,0,1,1,0,0,28,-0.013258877434135175,-0.013308877434135174,-0.013500658256052983,-0.014076000721806408,-0.013358877434135174,-0.013550658256052983,-0.014126000721806408
2020-09-10,2020,5,cashburn_rebound,1,1,0,0,0,0,0,1,7,0.0008018327605956443,0.0007518327605956443,0.0007038875551161923,0.0005600519386778361,0.0007018327605956443,0.0006538875551161923,0.0005100519386778361
2020-09-10,2020,20,residual_rally,62,20,0,0,10,5,1,7,28,-0.061993580896193314,-0.06299358089619331,-0.06682919733454948,-0.07833604664961798,-0.06399358089619331,-0.06782919733454948,-0.07933604664961796
2020-09-10,2020,5,residual_rally,62,20,0,0,6,1,1,5,7,-0.027098456318055908,-0.02809845631805591,-0.029057360427644948,-0.03193407275641207,-0.02909845631805591,-0.03005736042764495,-0.032934072756412074
2020-10-08,2020,20,price_weak,66,20,0,0,3,0,0,12,28,-0.007625315539277483,-0.008625315539277482,-0.012460931977633647,-0.02396778129270214,-0.009625315539277483,-0.013460931977633647,-0.02496778129270214
2020-10-08,2020,5,price_weak,66,20,0,0,0,0,1,11,7,0.006052050549808457,0.005052050549808457,0.004093146440219416,0.0012164341114522925,0.004052050549808457,0.0030931464402194162,0.00021643411145229243
2020-10-08,2020,20,accrual_weak,5,5,0,0,1,1,0,3,28,-0.005744090462974494,-0.005994090462974494,-0.006952994572563535,-0.00982970690133066,-0.0062440904629744946,-0.0072029945725635355,-0.010079706901330658
2020-10-08,2020,5,accrual_weak,5,5,0,0,1,0,0,4,7,0.002465675230676212,0.002215675230676212,0.001975949203278952,0.001256771121087171,0.001965675230676212,0.0017259492032789519,0.001006771121087171
2020-10-08,2020,20,cashburn_weak,4,4,0,0,1,0,0,2,28,0.0010585017945492047,0.0008585017945492048,9.13785068779717e-05,-0.0022099913561357274,0.0006585017945492048,-0.00010862149312202817,-0.002409991356135727
2020-10-08,2020,5,cashburn_weak,4,4,0,0,0,0,0,3,7,0.004774938265014817,0.004574938265014817,0.004383157443097008,0.0038078149773435837,0.004374938265014817,0.004183157443097009,0.0036078149773435837
2020-10-08,2020,20,cashburn_rebound,2,2,0,0,0,0,0,1,28,0.00010737981608660574,7.379816086605735e-06,-0.0003761818277490108,-0.0015268667592558604,-9.262018391339427e-05,-0.0004761818277490107,-0.00162686675925586
2020-10-08,2020,5,cashburn_rebound,2,2,0,0,0,0,0,2,7,0.0023703100143561027,0.002270310014356103,0.0021744196033971984,0.0018867483705204862,0.0021703100143561026,0.0020744196033971986,0.0017867483705204861
2020-10-08,2020,20,residual_rally,473,20,0,0,10,2,7,10,28,0.03299607379974092,0.03199607379974092,0.028160457361384755,0.01665360804631626,0.03099607379974092,0.027160457361384754,0.015653608046316263
2020-10-08,2020,5,residual_rally,473,20,0,0,5,0,1,11,7,0.007162662290596522,0.006162662290596522,0.005203758181007481,0.002327045852240357,0.005162662290596522,0.004203758181007481,0.001327045852240357
2020-11-05,2020,20,price_weak,168,20,0,0,9,2,0,2,29,-0.08461021979118769,-0.08561021979118769,-0.08958282253091371,-0.1015006307500918,-0.08661021979118769,-0.09058282253091371,-0.1025006307500918
2020-11-05,2020,5,price_weak,168,20,0,0,2,0,0,2,7,-0.03400845309433243,-0.03500845309433243,-0.035967357203921475,-0.038844069532688597,-0.036008453094332434,-0.03696735720392147,-0.0398440695326886
2020-11-05,2020,20,accrual_weak,16,16,0,0,6,2,1,8,29,-0.034857745556170085,-0.03565774555617009,-0.038835827747950906,-0.04837007432329338,-0.03645774555617008,-0.03963582774795091,-0.04917007432329337
2020-11-05,2020,5,accrual_weak,16,16,0,0,2,1,1,9,7,0.008900723436695391,0.00810072343669539,0.0073336001490241585,0.005032230286010459,0.007300723436695391,0.006533600149024158,0.004232230286010459
2020-11-05,2020,20,cashburn_weak,15,15,0,0,7,4,1,5,29,-0.06560733026669253,-0.06635733026669254,-0.06933678232148706,-0.07827513848587062,-0.06710733026669254,-0.07008678232148706,-0.07902513848587062
2020-11-05,2020,5,cashburn_weak,15,15,0,0,4,1,3,8,7,0.013949293948994463,0.013199293948994462,0.012480115866802682,0.010322581620227339,0.012449293948994463,0.011730115866802681,0.009572581620227338
2020-11-05,2020,20,cashburn_rebound,11,11,0,0,6,4,1,4,29,-0.05859520421386677,-0.05914520421386677,-0.061330135720716085,-0.06788493024126403,-0.059695204213866766,-0.06188013572071609,-0.06843493024126403
2020-11-05,2020,5,cashburn_rebound,11,11,0,0,3,1,2,6,7,0.007356624509521836,0.006806624509521836,0.006279227249247864,0.004697035468425945,0.006256624509521836,0.005729227249247864,0.004147035468425946
2020-11-05,2020,20,residual_rally,364,20,0,0,15,8,1,2,29,-0.16880257264405127,-0.16980257264405127,-0.1737751753837773,-0.18569298360295539,-0.17080257264405127,-0.1747751753837773,-0.1866929836029554
2020-11-05,2020,5,residual_rally,364,20,0,0,7,2,1,4,7,-0.0435879902038364,-0.0445879902038364,-0.04554689431342544,-0.048423606642192564,-0.0455879902038364,-0.046546894313425444,-0.049423606642192565
