date,model,rank,symbol,score,trend,r20,r60,vol20
2016-03-31,legacy_short_proxy,1,WFC,84.9953488372093,-0.022536634663973265,-0.02440992535807951,-0.08599508599508598,0.19256799973447364
2016-03-31,legacy_short_proxy,2,MDLZ,84.17674418604652,-0.021928594936555523,-0.026686074721009256,-0.08380908883306692,0.18461675768687053
2016-03-31,legacy_short_proxy,3,MU,82.1906976744186,-0.0465349239595666,-0.10359589041095885,-0.26936496859734815,0.48309650846108104
2016-03-31,legacy_short_proxy,4,TFC,82.06976744186046,-0.021887724352850246,-0.015971606033717833,-0.09222373806275563,0.16498414535083458
2016-03-31,legacy_short_proxy,5,UVXY,81.63255813953488,-0.2454378492438748,-0.3906595140422846,-0.39584506601589386,0.8307945024155482
2016-03-31,legacy_short_proxy,6,JPM,80.41860465116281,-0.004496743013238547,-0.009036144578313254,-0.06916064130776478,0.15883373657377
2016-03-31,legacy_short_proxy,7,GD,80.3953488372093,-0.014482316270380324,-0.03126613081631158,-0.03454104505034161,0.19957742654229432
2016-03-31,legacy_short_proxy,8,HSBC,79.5813953488372,-0.028274343882218167,-0.02810743285446604,-0.19357346462814207,0.14285889166127352
2016-03-31,legacy_short_proxy,9,EBAY,78.66511627906976,-0.0068678459937562275,0.00590219224283306,-0.09723798713583054,0.18979986373893862
2016-03-31,legacy_short_proxy,10,MAC,78.10232558139533,-0.0005927831800923711,-0.015162813820531973,-0.0025176233635448853,0.11484641921180594
2016-03-31,legacy_short_proxy,11,C,77.64651162790697,-0.014481806271908315,-0.011132164850781612,-0.18345394093487188,0.24333535745747692
2016-03-31,legacy_short_proxy,12,RIG,77.52093023255814,-0.13956224994116184,-0.07113821138211374,-0.27171314741035857,0.9807671066178847
2016-03-31,legacy_short_proxy,13,PNC,77.14418604651165,-0.011570827489481128,-0.012494161606725895,-0.09220695577501081,0.1473160801079042
2016-03-31,legacy_short_proxy,14,CI,77.10232558139533,-0.018957481485717076,-0.023202846975088898,-0.06352780620948484,0.17379225931830658
2016-03-31,legacy_short_proxy,15,COF,76.95813953488371,-0.004645752403656611,0.0024587792884003257,-0.020214871359909403,0.15378780897146607
2016-03-31,legacy_short_proxy,16,UTHR,76.83255813953488,-0.07594453842836824,-0.13539726877715696,-0.28359264497878356,0.549445508708251
2016-03-31,legacy_short_proxy,17,REGN,76.62790697674417,-0.04062772821157068,-0.11615703391285159,-0.30221662956151385,0.3001955788757869
2016-03-31,legacy_short_proxy,18,UUP,76.57209302325582,-0.015011640041743712,-0.03689167974882268,-0.04476449980537178,0.07634664771524449
2016-03-31,legacy_short_proxy,19,TZA,76.44186046511628,-0.0841518166597347,-0.146830915954699,-0.10597543202165316,0.5964905784012982
2016-03-31,legacy_short_proxy,20,TBT,76.36279069767443,-0.025099843952497647,-0.026670187483496144,-0.15127791848952343,0.21237419969886057
2016-03-31,mirror28,1,HSBC,90.81081081081082,-0.028274343882218167,-0.02810743285446604,-0.19357346462814207,0.14285889166127352
2016-03-31,mirror28,2,DXD,85.27027027027027,-0.04068692306812516,-0.09278846153846154,-0.09322441134070159,0.13701357396035457
2016-03-31,mirror28,3,EUM,77.7027027027027,-0.030918980818780528,-0.07576791808873728,-0.10479338842975217,0.19824069164094252
2016-03-31,mirror28,4,TBT,76.75675675675676,-0.025099843952497647,-0.026670187483496144,-0.15127791848952343,0.21237419969886057
2016-03-31,mirror28,5,RF,75.67567567567566,-0.031462060456508456,-0.03325123152709353,-0.16843220338983045,0.2591761759291429
2016-03-31,mirror28,6,SPXU,75.67567567567566,-0.0525988986748146,-0.11046333231052474,-0.12337465981251894,0.2722222337375081
2016-03-31,mirror28,7,SDS,74.86486486486486,-0.03456462430808305,-0.07515861395802825,-0.07560975609756093,0.1813184428417755
2016-03-31,mirror28,8,JACK,73.5135135135135,-0.027343125385476563,-0.07915224913494812,-0.1491940855201811,0.24673156764755944
2016-03-31,mirror28,9,TFC,72.56756756756756,-0.021887724352850246,-0.015971606033717833,-0.09222373806275563,0.16498414535083458
2016-03-31,mirror28,10,ING,70.94594594594594,-0.046172296622026265,-0.044070512820512886,-0.1036814425244178,0.2797425884100105
2016-03-31,mirror28,11,MDLZ,69.18918918918918,-0.021928594936555523,-0.026686074721009256,-0.08380908883306692,0.18461675768687053
2016-03-31,mirror28,12,WFC,68.91891891891892,-0.022536634663973265,-0.02440992535807951,-0.08599508599508598,0.19256799973447364
2016-03-31,mirror28,13,FITB,67.83783783783784,-0.01993599342317809,0.01212856276531249,-0.1462915601023017,0.24604179360227788
2016-03-31,mirror28,14,LHX,66.75675675675676,-0.014580063787778763,-0.028571428571428692,-0.11169423844837423,0.18813024470884662
2016-03-31,mirror28,15,QID,65.94594594594595,-0.047467041210456085,-0.07011530071673422,-0.03492884864165591,0.21240866787320323
2016-03-31,mirror28,16,BNY,65.4054054054054,-0.01798450852564415,-0.015766969535008113,-0.07855891918939206,0.1669612078314232
2016-03-31,mirror28,17,KEY,64.72972972972973,-0.014945349096586513,-0.023872679045092937,-0.14814814814814825,0.222541477148175
2016-03-31,mirror28,18,C,63.24324324324324,-0.014481806271908315,-0.011132164850781612,-0.18345394093487188,0.24333535745747692
2016-03-31,mirror28,19,PSQ,62.83783783783784,-0.023999228105852977,-0.035216434336023505,-0.013133208255159512,0.10488351088342639
2016-03-31,mirror28,20,PNC,62.70270270270271,-0.011570827489481128,-0.012494161606725895,-0.09220695577501081,0.1473160801079042
2016-03-31,bounded45,1,HSBC,79.27536231884058,-0.028274343882218167,-0.02810743285446604,-0.19357346462814207,0.14285889166127352
2016-03-31,bounded45,2,AN,78.40579710144927,-0.05267323517772515,-0.0944713870029098,-0.20463452036121998,0.3431343272138357
2016-03-31,bounded45,3,VIXY,76.23188405797102,-0.12216752470782766,-0.20920785375761675,-0.17746478873239435,0.4226126402475154
2016-03-31,bounded45,4,DXD,75.36231884057972,-0.04068692306812516,-0.09278846153846154,-0.09322441134070159,0.13701357396035457
2016-03-31,bounded45,5,SPXU,73.33333333333333,-0.0525988986748146,-0.11046333231052474,-0.12337465981251894,0.2722222337375081
2016-03-31,bounded45,6,TEVA,73.18840579710145,-0.03780624859519066,-0.04938710250488543,-0.18055130168453293,0.2879891532342334
2016-03-31,bounded45,7,ING,69.56521739130434,-0.046172296622026265,-0.044070512820512886,-0.1036814425244178,0.2797425884100105
2016-03-31,bounded45,8,LAD,69.56521739130434,-0.04581883341436854,-0.07665468386551066,-0.1526295361925093,0.3501641118365167
2016-03-31,bounded45,9,NXST,69.56521739130434,-0.042531333470309685,-0.041982254923176754,-0.1923006750592957,0.4363055617468552
2016-03-31,bounded45,10,RF,69.27536231884058,-0.031462060456508456,-0.03325123152709353,-0.16843220338983045,0.2591761759291429
2016-03-31,bounded45,11,EUM,68.40579710144927,-0.030918980818780528,-0.07576791808873728,-0.10479338842975217,0.19824069164094252
2016-03-31,bounded45,12,BBVA,68.26086956521739,-0.060518731988472574,-0.03550295857988173,-0.09820193637621033,0.34179225523490525
2016-03-31,bounded45,13,CFG,66.81159420289855,-0.028157906944379807,-0.0004770992366412985,-0.187984496124031,0.2808498227522298
2016-03-31,bounded45,14,HWC,66.08695652173913,-0.05603749537474789,-0.07456670697299472,-0.0779116465863453,0.3073775226318164
2016-03-31,bounded45,15,SDS,65.94202898550725,-0.03456462430808305,-0.07515861395802825,-0.07560975609756093,0.1813184428417755
2016-03-31,bounded45,16,SQQQ,65.07246376811594,-0.0704572304753287,-0.10199125789218066,-0.06710393541876891,0.31684157931343776
2016-03-31,bounded45,17,TBT,63.913043478260875,-0.025099843952497647,-0.026670187483496144,-0.15127791848952343,0.21237419969886057
2016-03-31,bounded45,18,QID,63.91304347826087,-0.047467041210456085,-0.07011530071673422,-0.03492884864165591,0.21240866787320323
2016-03-31,bounded45,19,VOYA,63.623188405797094,-0.029550307238439766,-0.02648790058861994,-0.184830230010953,0.35352011933968874
2016-03-31,bounded45,20,UBS,63.47826086956522,-0.028443204560616442,-0.014760147601476148,-0.16257187663355988,0.30120177653059466
2016-03-31,efficient60,1,HSBC,82.1256038647343,-0.028274343882218167,-0.02810743285446604,-0.19357346462814207,0.14285889166127352
2016-03-31,efficient60,2,PNC,77.77777777777779,-0.011570827489481128,-0.012494161606725895,-0.09220695577501081,0.1473160801079042
2016-03-31,efficient60,3,TEVA,75.3623188405797,-0.03780624859519066,-0.04938710250488543,-0.18055130168453293,0.2879891532342334
2016-03-31,efficient60,4,C,73.42995169082126,-0.014481806271908315,-0.011132164850781612,-0.18345394093487188,0.24333535745747692
2016-03-31,efficient60,5,COR,73.42995169082126,-0.007681724375143695,-0.012324546388223223,-0.15038774909198005,0.21297565196795612
2016-03-31,efficient60,6,WFC,71.98067632850241,-0.022536634663973265,-0.02440992535807951,-0.08599508599508598,0.19256799973447364
2016-03-31,efficient60,7,JPM,71.4975845410628,-0.004496743013238547,-0.009036144578313254,-0.06916064130776478,0.15883373657377
2016-03-31,efficient60,8,MDLZ,71.4975845410628,-0.021928594936555523,-0.026686074721009256,-0.08380908883306692,0.18461675768687053
2016-03-31,efficient60,9,UUP,71.49758454106279,-0.015011640041743712,-0.03689167974882268,-0.04476449980537178,0.07634664771524449
2016-03-31,efficient60,10,SDS,71.0144927536232,-0.03456462430808305,-0.07515861395802825,-0.07560975609756093,0.1813184428417755
2016-03-31,efficient60,11,PFE,71.01449275362319,-0.005886200130803987,-0.011340893929286167,-0.07230046948356805,0.2094862141767931
2016-03-31,efficient60,12,TFC,70.04830917874396,-0.021887724352850246,-0.015971606033717833,-0.09222373806275563,0.16498414535083458
2016-03-31,efficient60,13,TBT,69.56521739130437,-0.025099843952497647,-0.026670187483496144,-0.15127791848952343,0.21237419969886057
2016-03-31,efficient60,14,LHX,69.08212560386474,-0.014580063787778763,-0.028571428571428692,-0.11169423844837423,0.18813024470884662
2016-03-31,efficient60,15,LLY,68.59903381642513,-0.0017121032529956448,-0.027154823020805074,-0.1310486303849403,0.2933902417621816
2016-03-31,efficient60,16,NOK,68.59903381642512,-0.013849491072917552,-0.039024390243902474,-0.17688022284122562,0.25144193905060924
2016-03-31,efficient60,17,BNY,68.1159420289855,-0.01798450852564415,-0.015766969535008113,-0.07855891918939206,0.1669612078314232
2016-03-31,efficient60,18,GD,67.63285024154588,-0.014482316270380324,-0.03126613081631158,-0.03454104505034161,0.19957742654229432
2016-03-31,efficient60,19,KEY,66.18357487922707,-0.014945349096586513,-0.023872679045092937,-0.14814814814814825,0.222541477148175
2016-03-31,efficient60,20,MS,65.70048309178745,-0.016941157973350718,-0.04212945231711984,-0.20552731893265563,0.31463865904465227
2016-04-28,legacy_short_proxy,1,GOOG,87.85042333019756,-0.06499059578095645,-0.0724832214765101,-0.09625948208213442,0.24679207416622242
2016-04-28,legacy_short_proxy,2,GOOGL,87.83631232361242,-0.07120743034055732,-0.07577346617724179,-0.09731113956466064,0.251375126008156
2016-04-28,legacy_short_proxy,3,MSFT,86.35465663217309,-0.08041316907313278,-0.0965055223610356,-0.058490566037735836,0.2954662207469194
2016-04-28,legacy_short_proxy,4,XLK,86.07243650047036,-0.03411286107133937,-0.04192966636609552,0.045253320216428916,0.12322081043742815
2016-04-28,legacy_short_proxy,5,SBUX,86.02069614299153,-0.0560639775141798,-0.05494137353433837,-0.07043413790262787,0.2347802348352292
2016-04-28,legacy_short_proxy,6,KMB,85.94543744120413,-0.05568002034656394,-0.06148241766411422,-0.013827044762127927,0.21312053580188217
2016-04-28,legacy_short_proxy,7,PG,85.55973659454375,-0.028797564687975563,-0.030980439800753268,-0.005734230865120815,0.1436880677478417
2016-04-28,legacy_short_proxy,8,AAPL,85.55973659454374,-0.11689666089353223,-0.12990825688073393,0.0038103302286198737,0.289784646516944
2016-04-28,legacy_short_proxy,9,CMG,85.52681091251176,-0.059408964938880704,-0.10096613228580531,-0.10984967938610324,0.3126197338771592
2016-04-28,legacy_short_proxy,10,AAL,84.13922859830669,-0.0798864246796106,-0.12289685442574982,-0.028625438833378425,0.30218950998966626
2016-04-28,legacy_short_proxy,11,PRGO,83.65475070555033,-0.21014163401181862,-0.24607207066364423,-0.33025484341365174,0.6830784916351232
2016-04-28,legacy_short_proxy,12,TLT,83.39604891815617,-0.01031101771930465,-0.011943955286731534,0.00023252208959845255,0.10694381498987768
2016-04-28,legacy_short_proxy,13,MNST,82.6716839134525,-0.00957872221705569,-0.04226618705035956,-0.060846560846560815,0.20779199641242221
2016-04-28,legacy_short_proxy,14,VMRK,82.65757290686734,-0.03904322493413792,-0.08116753298680535,-0.088095238095238,0.21117773310742705
2016-04-28,legacy_short_proxy,15,PSA,82.58701787394168,-0.06494081951454012,-0.09723380342964871,-0.02433194890682555,0.22852925773408406
2016-04-28,legacy_short_proxy,16,QQQ,82.12605832549387,-0.030225608504232393,-0.026739926739926756,0.04043073910915318,0.13841750244266238
2016-04-28,legacy_short_proxy,17,SO,81.6274694261524,-0.007165502231143761,-0.03440943359752546,0.006447713076768169,0.14159572111824537
2016-04-28,legacy_short_proxy,18,AEP,80.931326434619,-0.029121729290317977,-0.050301204819277134,0.01709677419354838,0.19119071324037684
2016-04-28,legacy_short_proxy,19,ORLY,80.84195672624647,-0.021215310474714588,-0.031249999999999778,0.021387283236994348,0.1735458040295701
2016-04-28,legacy_short_proxy,20,DAL,80.73377234242709,-0.06977753662506814,-0.1195562859490551,-0.017197890392111947,0.26492776971286947
2016-04-28,mirror28,1,GOOGL,77.0,-0.07120743034055732,-0.07577346617724179,-0.09731113956466064,0.251375126008156
2016-04-28,mirror28,2,GEN,74.5,-0.0679160792768877,-0.0826985854189336,-0.12506486766995328,0.2734855450735259
2016-04-28,mirror28,3,GOOG,74.00000000000001,-0.06499059578095645,-0.0724832214765101,-0.09625948208213442,0.24679207416622242
2016-04-28,mirror28,4,EXR,69.75,-0.04170166372784023,-0.0783222769099079,-0.054445664105378655,0.1935796950205114
2016-04-28,mirror28,5,SBUX,69.75,-0.0560639775141798,-0.05494137353433837,-0.07043413790262787,0.2347802348352292
2016-04-28,mirror28,6,VMRK,69.0,-0.03904322493413792,-0.08116753298680535,-0.088095238095238,0.21117773310742705
2016-04-28,mirror28,7,CUBE,68.25,-0.05200169621962891,-0.09369369369369362,-0.040991420400381284,0.21044750673849794
2016-04-28,mirror28,8,RWM,68.25,-0.015890625509838885,-0.028350515463917536,-0.1290788333814612,0.14371049630266877
2016-04-28,mirror28,9,PSA,63.75000000000001,-0.06494081951454012,-0.09723380342964871,-0.02433194890682555,0.22852925773408406
2016-04-28,mirror28,10,RNR,62.5,-0.0516166212229382,-0.07986313944755064,-0.016940085592011322,0.20465617819965212
2016-04-28,mirror28,11,KMB,61.74999999999999,-0.05568002034656394,-0.06148241766411422,-0.013827044762127927,0.21312053580188217
2016-04-28,mirror28,12,SIG,61.5,-0.04766494348549899,-0.12367975489800853,-0.056428509419220396,0.25031940289535926
2016-04-28,mirror28,13,JBL,60.25,-0.03082003302146441,-0.08614426569797617,-0.0823345492443982,0.22298999540180311
2016-04-28,mirror28,14,AXS,60.00000000000001,-0.03591076773797819,-0.05048683736025972,-0.02118959107806695,0.1796180089838915
2016-04-28,mirror28,15,HRL,60.0,-0.03596764156813903,-0.10430157261794648,-0.04770100811408917,0.21735237656512205
2016-04-28,mirror28,16,DAL,59.5,-0.06977753662506814,-0.1195562859490551,-0.017197890392111947,0.26492776971286947
2016-04-28,mirror28,17,KR,58.75,-0.0334862570463742,-0.06091503267973852,-0.1053549190535491,0.25595236178230496
2016-04-28,mirror28,18,NKE,58.75,-0.017059574182282877,-0.04766552789978851,-0.06410871302957633,0.17837527612345533
2016-04-28,mirror28,19,NTES,56.75,-0.027292064751054834,-0.06058495821727017,-0.1282714054927302,0.2566861277034095
2016-04-28,mirror28,20,CBOE,51.5,-0.015425764947312404,-0.019592836369202504,-0.024668798538145298,0.15198270905125266
2016-04-28,bounded45,1,GOOGL,77.93103448275862,-0.07120743034055732,-0.07577346617724179,-0.09731113956466064,0.251375126008156
2016-04-28,bounded45,2,SAM,77.41379310344828,-0.10154646625234998,-0.16026368401145508,-0.11143510577472848,0.3411126737500433
2016-04-28,bounded45,3,GEN,76.72413793103448,-0.0679160792768877,-0.0826985854189336,-0.12506486766995328,0.2734855450735259
2016-04-28,bounded45,4,FSLR,75.6896551724138,-0.07322979902642024,-0.16722652256462678,-0.13775895962498097,0.42491252117635053
2016-04-28,bounded45,5,GOOG,75.51724137931033,-0.06499059578095645,-0.0724832214765101,-0.09625948208213442,0.24679207416622242
2016-04-28,bounded45,6,MSFT,70.6896551724138,-0.08041316907313278,-0.0965055223610356,-0.058490566037735836,0.2954662207469194
2016-04-28,bounded45,7,SBUX,68.79310344827586,-0.0560639775141798,-0.05494137353433837,-0.07043413790262787,0.2347802348352292
2016-04-28,bounded45,8,CMG,68.27586206896552,-0.059408964938880704,-0.10096613228580531,-0.10984967938610324,0.3126197338771592
2016-04-28,bounded45,9,VMRK,67.75862068965517,-0.03904322493413792,-0.08116753298680535,-0.088095238095238,0.21117773310742705
2016-04-28,bounded45,10,W,67.24137931034483,-0.07246942810417656,-0.12077741786210083,-0.07542579075425793,0.3827588929962312
2016-04-28,bounded45,11,TWM,65.0,-0.0329065707332562,-0.05700283724529265,-0.24571900144419223,0.28767777303016623
2016-04-28,bounded45,12,CUBE,64.48275862068967,-0.05200169621962891,-0.09369369369369362,-0.040991420400381284,0.21044750673849794
2016-04-28,bounded45,13,RWM,64.48275862068967,-0.015890625509838885,-0.028350515463917536,-0.1290788333814612,0.14371049630266877
2016-04-28,bounded45,14,AAL,64.13793103448275,-0.0798864246796106,-0.12289685442574982,-0.028625438833378425,0.30218950998966626
2016-04-28,bounded45,15,EXR,64.13793103448275,-0.04170166372784023,-0.0783222769099079,-0.054445664105378655,0.1935796950205114
2016-04-28,bounded45,16,KR,62.24137931034483,-0.0334862570463742,-0.06091503267973852,-0.1053549190535491,0.25595236178230496
2016-04-28,bounded45,17,PSA,62.241379310344826,-0.06494081951454012,-0.09723380342964871,-0.02433194890682555,0.22852925773408406
2016-04-28,bounded45,18,JBL,60.3448275862069,-0.03082003302146441,-0.08614426569797617,-0.0823345492443982,0.22298999540180311
2016-04-28,bounded45,19,CIEN,59.827586206896555,-0.059548719108749704,-0.1256572029442692,-0.06415306696679801,0.3654525708293135
2016-04-28,bounded45,20,DAL,59.65517241379311,-0.06977753662506814,-0.1195562859490551,-0.017197890392111947,0.26492776971286947
2016-04-28,efficient60,1,GOOGL,87.93103448275862,-0.07120743034055732,-0.07577346617724179,-0.09731113956466064,0.251375126008156
2016-04-28,efficient60,2,GOOG,86.78160919540231,-0.06499059578095645,-0.0724832214765101,-0.09625948208213442,0.24679207416622242
2016-04-28,efficient60,3,GEN,81.60919540229887,-0.0679160792768877,-0.0826985854189336,-0.12506486766995328,0.2734855450735259
2016-04-28,efficient60,4,MSFT,80.45977011494253,-0.08041316907313278,-0.0965055223610356,-0.058490566037735836,0.2954662207469194
2016-04-28,efficient60,5,NKE,77.01149425287358,-0.017059574182282877,-0.04766552789978851,-0.06410871302957633,0.17837527612345533
2016-04-28,efficient60,6,SBUX,77.01149425287356,-0.0560639775141798,-0.05494137353433837,-0.07043413790262787,0.2347802348352292
2016-04-28,efficient60,7,UUP,70.6896551724138,-0.008861845060643692,-0.011002444987775029,-0.05453837164004682,0.060541315738416784
2016-04-28,efficient60,8,VMRK,70.6896551724138,-0.03904322493413792,-0.08116753298680535,-0.088095238095238,0.21117773310742705
2016-04-28,efficient60,9,SDS,68.39080459770116,-0.0021806789904973423,-0.02110817941952503,-0.17884019477644975,0.20885263166695991
2016-04-28,efficient60,10,CLX,67.81609195402301,-0.011135327917574434,-0.010233222275107146,-0.03346502440158039,0.15771292238325565
2016-04-28,efficient60,11,PG,66.09195402298852,-0.028797564687975563,-0.030980439800753268,-0.005734230865120815,0.1436880677478417
2016-04-28,efficient60,12,CMG,65.51724137931035,-0.059408964938880704,-0.10096613228580531,-0.10984967938610324,0.3126197338771592
2016-04-28,efficient60,13,KMB,64.36781609195403,-0.05568002034656394,-0.06148241766411422,-0.013827044762127927,0.21312053580188217
2016-04-28,efficient60,14,HRL,63.2183908045977,-0.03596764156813903,-0.10430157261794648,-0.04770100811408917,0.21735237656512205
2016-04-28,efficient60,15,KR,62.64367816091955,-0.0334862570463742,-0.06091503267973852,-0.1053549190535491,0.25595236178230496
2016-04-28,efficient60,16,PSA,62.06896551724139,-0.06494081951454012,-0.09723380342964871,-0.02433194890682555,0.22852925773408406
2016-04-28,efficient60,17,EXR,62.06896551724138,-0.04170166372784023,-0.0783222769099079,-0.054445664105378655,0.1935796950205114
2016-04-28,efficient60,18,RWM,62.068965517241374,-0.015890625509838885,-0.028350515463917536,-0.1290788333814612,0.14371049630266877
2016-04-28,efficient60,19,FSLR,58.62068965517241,-0.07322979902642024,-0.16722652256462678,-0.13775895962498097,0.42491252117635053
2016-04-28,efficient60,20,MAC,55.17241379310346,-0.01885252174800478,-0.02927814235234727,-0.009656237929702605,0.09666713647618642
2016-05-26,legacy_short_proxy,1,NKE,84.035747883349,-0.030807949318753414,-0.04612230953194385,-0.10253937640630018,0.20743869822186908
2016-05-26,legacy_short_proxy,2,CVS,83.59360301034806,-0.05082654944366294,-0.042090702499752886,-0.017033356990773574,0.18466527212955308
2016-05-26,legacy_short_proxy,3,VZ,83.53715898400753,-0.009146040337395966,-0.016856134849078885,-0.03760552570990028,0.1253620898470961
2016-05-26,legacy_short_proxy,4,GLD,83.12323612417686,-0.035660222845371514,-0.038832550086569495,-0.01769464105156726,0.1496358195672961
2016-05-26,legacy_short_proxy,5,ELV,82.74694261523989,-0.04934445768772244,-0.09993055555555541,-0.033410396002684695,0.23623275907467653
2016-05-26,legacy_short_proxy,6,CI,81.63217309501411,-0.01865671641791078,-0.07910533085608118,-0.08277580071174373,0.2681266742562409
2016-05-26,legacy_short_proxy,7,SBUX,81.29350893697084,-0.009255194287402846,-0.02002835873803621,-0.07169241101410351,0.16521821548230292
2016-05-26,legacy_short_proxy,8,GAP,79.40733772342426,-0.07465286673156857,-0.23246918827029328,-0.36341205498766305,0.4964112387458486
2016-05-26,legacy_short_proxy,9,TGT,79.11571025399812,-0.07385256367179593,-0.15271117668756917,-0.150308261405672,0.37588487076128696
2016-05-26,legacy_short_proxy,10,GE,78.99811853245531,-3.3310016321896896e-05,-0.028478964401294493,-0.005301524188204065,0.15638250423790728
2016-05-26,legacy_short_proxy,11,SIG,78.49482596425213,-0.09114333231828986,-0.10755359278682486,-0.1412889518413597,0.4415723756742252
2016-05-26,legacy_short_proxy,12,VLO,77.98212605832549,-0.031608346537043586,-0.11196847808241661,-0.12870489690721643,0.28312194717119177
2016-05-26,legacy_short_proxy,13,CF,77.90686735653809,-0.03053026245313284,-0.1561771561771561,-0.1663788140472079,0.5621533561461362
2016-05-26,legacy_short_proxy,14,PYPL,77.75164628410161,-0.021431095974040026,-0.04991265285749935,-0.027834525025536183,0.22172135603644988
2016-05-26,legacy_short_proxy,15,ROST,77.22953904045156,-0.027480709354271493,-0.06197771587743728,-0.06685140284031865,0.35614197154069793
2016-05-26,legacy_short_proxy,16,HRL,77.21072436500471,-0.07555791007218204,-0.09888974954815388,-0.19492502883506346,0.36346764390535014
2016-05-26,legacy_short_proxy,17,DE,76.88617121354658,-0.02064371294014289,-0.04360776837841074,-0.019183773216031375,0.29286630276749065
2016-05-26,legacy_short_proxy,18,PEG,76.7074317968015,-0.02833119285189034,-0.04364736387208301,0.02739090064995353,0.1774833701800077
2016-05-26,legacy_short_proxy,19,WSM,76.67920978363124,-0.03970452446906847,-0.11564625850340127,-0.043414275202354635,0.34827524248221875
2016-05-26,legacy_short_proxy,20,MCD,76.29350893697084,-0.028335949764521806,-0.03228580362726696,0.04481769074949371,0.16387808767235168
2016-05-26,mirror28,1,ALGT,83.45454545454545,-0.07002096864582674,-0.17727546714888487,-0.19631396101984333,0.2526896534501404
2016-05-26,mirror28,2,JBLU,79.27272727272727,-0.05505494799326105,-0.1217693836978131,-0.21116071428571415,0.272513208020174
2016-05-26,mirror28,3,SHO,74.36363636363636,-0.04482647814910301,-0.09167303284950334,-0.12250922509225093,0.2566711802373762
2016-05-26,mirror28,4,VSAT,74.0,-0.06215686406596155,-0.1079072151736512,-0.057286023835319666,0.2527639573272903
2016-05-26,mirror28,5,NKE,73.45454545454545,-0.030807949318753414,-0.04612230953194385,-0.10253937640630018,0.20743869822186908
2016-05-26,mirror28,6,SDS,72.9090909090909,-0.03157782345247295,-0.022102425876010745,-0.11469009272816011,0.22523252961894286
2016-05-26,mirror28,7,AMX,71.0909090909091,-0.031896385076357836,-0.10443490701001434,-0.1335640138408304,0.24356092328562237
2016-05-26,mirror28,8,SBH,70.54545454545455,-0.04264518863925515,-0.09111397295556978,-0.11282212445003137,0.2739566002302873
2016-05-26,mirror28,9,PSQ,69.81818181818181,-0.02970157239247484,-0.03134272997032661,-0.04200293470286154,0.13731241002269542
2016-05-26,mirror28,10,MAR,69.27272727272728,-0.03155640083461153,-0.05314846909300974,-0.047508353915443835,0.1869659112806823
2016-05-26,mirror28,11,HLT,69.27272727272727,-0.050788565239954564,-0.07822085889570551,-0.04146730462519932,0.24105900603418623
2016-05-26,mirror28,12,RWM,68.72727272727272,-0.021746820270576617,-0.002818302387267879,-0.07688766114180479,0.1677861457395258
2016-05-26,mirror28,13,CVS,68.36363636363636,-0.05082654944366294,-0.042090702499752886,-0.017033356990773574,0.18466527212955308
2016-05-26,mirror28,14,ELV,67.45454545454544,-0.04934445768772244,-0.09993055555555541,-0.033410396002684695,0.23623275907467653
2016-05-26,mirror28,15,GLD,65.63636363636364,-0.035660222845371514,-0.038832550086569495,-0.01769464105156726,0.1496358195672961
2016-05-26,mirror28,16,IAU,65.0909090909091,-0.036381514257618264,-0.03843008994276376,-0.01754385964912286,0.15441014712547071
2016-05-26,mirror28,17,ALK,64.72727272727273,-0.019937616228672184,-0.08151645604777125,-0.1439295884027958,0.21892570837863282
2016-05-26,mirror28,18,EG,60.00000000000001,-0.016449265412605496,-0.02853423022675483,-0.06656241855616363,0.11622771890530985
2016-05-26,mirror28,19,GT,57.09090909090908,-0.016581930546320067,-0.08430913348946134,-0.1286214581343521,0.22247080052475124
2016-05-26,mirror28,20,FE,56.90909090909091,-0.01972667494924496,-0.003695719125346386,-0.04034411153960249,0.16534515961360602
2016-05-26,bounded45,1,ALGT,86.26262626262626,-0.07002096864582674,-0.17727546714888487,-0.19631396101984333,0.2526896534501404
2016-05-26,bounded45,2,JBLU,82.42424242424242,-0.05505494799326105,-0.1217693836978131,-0.21116071428571415,0.272513208020174
2016-05-26,bounded45,3,CALM,81.41414141414141,-0.06045246631227574,-0.10482921083627794,-0.16955017301038056,0.28622261188710363
2016-05-26,bounded45,4,HRL,79.69696969696969,-0.07555791007218204,-0.09888974954815388,-0.19492502883506346,0.36346764390535014
2016-05-26,bounded45,5,DECK,78.58585858585857,-0.07029427089232732,-0.1536399257578882,-0.1498705334023821,0.31691172975620585
2016-05-26,bounded45,6,RH,77.17171717171716,-0.07799623097910369,-0.25601452564684524,-0.15884013343597636,0.4072054284788539
2016-05-26,bounded45,7,TGT,76.26262626262627,-0.07385256367179593,-0.15271117668756917,-0.150308261405672,0.37588487076128696
2016-05-26,bounded45,8,PBF,76.06060606060606,-0.08158314271851341,-0.20895522388059706,-0.1294349540078844,0.376706915892211
2016-05-26,bounded45,9,SIG,75.65656565656566,-0.09114333231828986,-0.10755359278682486,-0.1412889518413597,0.4415723756742252
2016-05-26,bounded45,10,COR,74.14141414141415,-0.04486007958419225,-0.14730386484610047,-0.15907794134428843,0.29007309258059466
2016-05-26,bounded45,11,FAZ,74.14141414141415,-0.056347943991029825,-0.044362292051756014,-0.23049117584520518,0.4207536783093479
2016-05-26,bounded45,12,SQQQ,73.73737373737374,-0.08918021147653221,-0.09430156328794759,-0.12773190869354056,0.42134765609738395
2016-05-26,bounded45,13,SHO,72.12121212121212,-0.04482647814910301,-0.09167303284950334,-0.12250922509225093,0.2566711802373762
2016-05-26,bounded45,14,QID,72.02020202020202,-0.058706722608333095,-0.06281887755102056,-0.08413836086008097,0.285623539815658
2016-05-26,bounded45,15,SPXU,71.9191919191919,-0.04582967515364411,-0.032751868992524025,-0.16630868364528995,0.33909746331043
2016-05-26,bounded45,16,VSAT,71.61616161616162,-0.06215686406596155,-0.1079072151736512,-0.057286023835319666,0.2527639573272903
2016-05-26,bounded45,17,AAL,69.2929292929293,-0.03675228698729183,-0.12399221573533492,-0.24236595335417166,0.3129268971366044
2016-05-26,bounded45,18,MNRO,68.989898989899,-0.07238741554305472,-0.13128919860627175,-0.07891236884882524,0.3552242864792317
2016-05-26,bounded45,19,TWM,68.88888888888889,-0.043605378567382225,-0.006838074398249461,-0.15282314512365847,0.3322330900834166
2016-05-26,bounded45,20,SBH,67.87878787878788,-0.04264518863925515,-0.09111397295556978,-0.11282212445003137,0.2739566002302873
2016-05-26,efficient60,1,COR,93.26599326599327,-0.04486007958419225,-0.14730386484610047,-0.15907794134428843,0.29007309258059466
2016-05-26,efficient60,2,TGT,85.18518518518519,-0.07385256367179593,-0.15271117668756917,-0.150308261405672,0.37588487076128696
2016-05-26,efficient60,3,NKE,83.50168350168352,-0.030807949318753414,-0.04612230953194385,-0.10253937640630018,0.20743869822186908
2016-05-26,efficient60,4,ALK,82.15488215488216,-0.019937616228672184,-0.08151645604777125,-0.1439295884027958,0.21892570837863282
2016-05-26,efficient60,5,SBUX,82.15488215488216,-0.009255194287402846,-0.02002835873803621,-0.07169241101410351,0.16521821548230292
2016-05-26,efficient60,6,VZ,81.14478114478115,-0.009146040337395966,-0.016856134849078885,-0.03760552570990028,0.1253620898470961
2016-05-26,efficient60,7,AAL,76.43097643097643,-0.03675228698729183,-0.12399221573533492,-0.24236595335417166,0.3129268971366044
2016-05-26,efficient60,8,HRL,76.43097643097643,-0.07555791007218204,-0.09888974954815388,-0.19492502883506346,0.36346764390535014
2016-05-26,efficient60,9,EG,74.41077441077441,-0.016449265412605496,-0.02853423022675483,-0.06656241855616363,0.11622771890530985
2016-05-26,efficient60,10,JBLU,72.3905723905724,-0.05505494799326105,-0.1217693836978131,-0.21116071428571415,0.272513208020174
2016-05-26,efficient60,11,GLD,71.71717171717172,-0.035660222845371514,-0.038832550086569495,-0.01769464105156726,0.1496358195672961
2016-05-26,efficient60,12,XRT,70.37037037037038,-0.009276921436441321,-0.06611570247933884,-0.05428636055191127,0.2399134060705175
2016-05-26,efficient60,13,MAR,69.36026936026937,-0.03155640083461153,-0.05314846909300974,-0.047508353915443835,0.1869659112806823
2016-05-26,efficient60,14,CAH,68.68686868686869,-0.004341273010679991,-0.015539421729715897,-0.07058682058682042,0.19565184107455777
2016-05-26,efficient60,15,VLO,68.01346801346801,-0.031608346537043586,-0.11196847808241661,-0.12870489690721643,0.28312194717119177
2016-05-26,efficient60,16,SDS,67.67676767676768,-0.03157782345247295,-0.022102425876010745,-0.11469009272816011,0.22523252961894286
2016-05-26,efficient60,17,DECK,67.00336700336702,-0.07029427089232732,-0.1536399257578882,-0.1498705334023821,0.31691172975620585
2016-05-26,efficient60,18,ALGT,66.66666666666666,-0.07002096864582674,-0.17727546714888487,-0.19631396101984333,0.2526896534501404
2016-05-26,efficient60,19,UAL,65.993265993266,-0.01570449015704567,-0.07407407407407407,-0.2316988950276243,0.348931090293718
2016-05-26,efficient60,20,MSI,65.65656565656568,-0.025068659609887134,-0.07884258030262803,-0.026374859708192977,0.21838282928529612
2016-06-24,legacy_short_proxy,1,AAPL,82.8434065934066,-0.04228702678314966,-0.06972111553784865,-0.14311926605504577,0.15948659883884875
2016-06-24,legacy_short_proxy,2,TSLA,82.8021978021978,-0.11169350667264277,-0.1419053964023983,-0.15926892950391647,0.47812986118414963
2016-06-24,legacy_short_proxy,3,NFLX,82.54578754578755,-0.08096621168744289,-0.13968871595330734,-0.13463796477495116,0.23399406509136056
2016-06-24,legacy_short_proxy,4,GOOGL,81.48351648351648,-0.05850669158262212,-0.07028493894165544,-0.10173046670162567,0.20860983422221188
2016-06-24,legacy_short_proxy,5,GOOG,80.51739926739927,-0.054791835820478085,-0.06766086716376696,-0.0936912751677853,0.19570103848172268
2016-06-24,legacy_short_proxy,6,LUV,79.7481684981685,-0.07415686890534945,-0.08327351040918873,-0.14486607142857133,0.30845935565082305
2016-06-24,legacy_short_proxy,7,FDX,79.3635531135531,-0.06996423652074923,-0.07851897184822532,-0.07466814159292035,0.2573189336138493
2016-06-24,legacy_short_proxy,8,DAL,79.21245421245422,-0.12832329839688872,-0.17726847521047706,-0.27732128184059157,0.36610569023371553
2016-06-24,legacy_short_proxy,9,KMX,78.98809523809524,-0.07978385251112596,-0.13242180183554975,-0.0935420743639922,0.3185118235066943
2016-06-24,legacy_short_proxy,10,AAL,78.17307692307692,-0.12571308521469504,-0.14154236750238025,-0.34040477932211655,0.5162483339862093
2016-06-24,legacy_short_proxy,11,MSFT,78.05860805860806,-0.028636035790169934,-0.039699364039313956,-0.09777294948397608,0.22765311916155317
2016-06-24,legacy_short_proxy,12,PYPL,77.95787545787545,-0.05627891961691667,-0.0785395324402417,-0.09119170984455971,0.21409738946977397
2016-06-24,legacy_short_proxy,13,BFH,77.90293040293041,-0.0934969175421998,-0.0891770808771517,-0.12209090909090914,0.2731630756160914
2016-06-24,legacy_short_proxy,14,WY,77.56410256410257,-0.07404624759996636,-0.11263999999999996,-0.104906391220142,0.3001457103148578
2016-06-24,legacy_short_proxy,15,CUBE,77.42673992673991,-0.026989687669610518,-0.06125039669946064,-0.11171171171171168,0.18134079062354108
2016-06-24,legacy_short_proxy,16,SABR,77.04212454212454,-0.07841610689649015,-0.09462824617573817,-0.11998616874135559,0.24181860112267622
2016-06-24,legacy_short_proxy,17,EZU,76.73534798534799,-0.09735315181011672,-0.12210376687988622,-0.10206455364931666,0.48149226277551144
2016-06-24,legacy_short_proxy,18,GS,76.73076923076924,-0.06544087856199088,-0.10903152870242427,-0.09631800229328558,0.3105403301735832
2016-06-24,legacy_short_proxy,19,REGN,76.45146520146521,-0.09670484056366879,-0.13736850129592926,-0.05815114859616022,0.28580925640284377
2016-06-24,legacy_short_proxy,20,ALK,76.3415750915751,-0.10689159064678622,-0.1459026307831871,-0.31126554498902703,0.28366192906716475
2016-06-24,mirror28,1,SFM,91.0924369747899,-0.06346088144857975,-0.1283783783783784,-0.2448347107438016,0.17541071879751077
2016-06-24,mirror28,2,NFLX,84.74789915966386,-0.08096621168744289,-0.13968871595330734,-0.13463796477495116,0.23399406509136056
2016-06-24,mirror28,3,AMCX,82.39495798319328,-0.062371173995208085,-0.07385905499113044,-0.11564521096396674,0.22159066079991158
2016-06-24,mirror28,4,PBI,82.18487394957982,-0.06969152929655831,-0.06913445835601517,-0.20612813370473526,0.2558789466115402
2016-06-24,mirror28,5,AAPL,81.97478991596638,-0.04228702678314966,-0.06972111553784865,-0.14311926605504577,0.15948659883884875
2016-06-24,mirror28,6,SABR,81.89075630252101,-0.07841610689649015,-0.09462824617573817,-0.11998616874135559,0.24181860112267622
2016-06-24,mirror28,7,GILD,80.88235294117648,-0.049318030114184674,-0.056513073044905715,-0.12399303287611585,0.19613754388570734
2016-06-24,mirror28,8,GOOGL,80.84033613445378,-0.05850669158262212,-0.07028493894165544,-0.10173046670162567,0.20860983422221188
2016-06-24,mirror28,9,MSI,80.33613445378151,-0.04818621612481144,-0.06729106628242076,-0.14491413474240422,0.2106303054908126
2016-06-24,mirror28,10,BRKR,79.9579831932773,-0.08708565050130845,-0.1345427059712775,-0.18214285714285716,0.2741551525474003
2016-06-24,mirror28,11,GOOG,79.83193277310924,-0.054791835820478085,-0.06766086716376696,-0.0936912751677853,0.19570103848172268
2016-06-24,mirror28,12,VC,79.78991596638654,-0.06692771043242696,-0.07002991569214045,-0.1407211961301671,0.2590337302043742
2016-06-24,mirror28,13,DOX,79.74789915966387,-0.042052594221820394,-0.0485639686684074,-0.09533267130089385,0.14627505985781408
2016-06-24,mirror28,14,LDOS,78.94957983193278,-0.05423396460085417,-0.07918006430868163,-0.08942766295707472,0.19776934127634274
2016-06-24,mirror28,15,CHKP,78.9075630252101,-0.06333876533742222,-0.08903391213145317,-0.1063221676003201,0.2402061113039842
2016-06-24,mirror28,16,IPGP,78.90756302521008,-0.06214133464502469,-0.06306306306306309,-0.16652789342214824,0.25908882636345687
2016-06-24,mirror28,17,PYPL,78.27731092436974,-0.05627891961691667,-0.0785395324402417,-0.09119170984455971,0.21409738946977397
2016-06-24,mirror28,18,BFH,78.19327731092436,-0.0934969175421998,-0.0891770808771517,-0.12209090909090914,0.2731630756160914
2016-06-24,mirror28,19,WAB,77.60504201680672,-0.06714559832152778,-0.09284607438016523,-0.11401185521503354,0.2617895487030947
2016-06-24,mirror28,20,LYB,77.22689075630252,-0.0634669600495068,-0.0793904387366352,-0.12467866323907462,0.2662781524728049
2016-06-24,bounded45,1,BRKR,86.21553884711778,-0.08708565050130845,-0.1345427059712775,-0.18214285714285716,0.2741551525474003
2016-06-24,bounded45,2,NFLX,85.26315789473685,-0.08096621168744289,-0.13968871595330734,-0.13463796477495116,0.23399406509136056
2016-06-24,bounded45,3,RDN,84.9874686716792,-0.09633722484627005,-0.17894736842105252,-0.18225806451612903,0.31046990723046075
2016-06-24,bounded45,4,BFH,84.78696741854635,-0.0934969175421998,-0.0891770808771517,-0.12209090909090914,0.2731630756160914
2016-06-24,bounded45,5,SFM,83.88471177944862,-0.06346088144857975,-0.1283783783783784,-0.2448347107438016,0.17541071879751077
2016-06-24,bounded45,6,SABR,82.93233082706767,-0.07841610689649015,-0.09462824617573817,-0.11998616874135559,0.24181860112267622
2016-06-24,bounded45,7,MTSI,81.37844611528821,-0.09009800327830297,-0.07948502658830103,-0.24891527746060738,0.3679548851245808
2016-06-24,bounded45,8,PBI,80.72681704260651,-0.06969152929655831,-0.06913445835601517,-0.20612813370473526,0.2558789466115402
2016-06-24,bounded45,9,MTG,80.40100250626567,-0.08703402309540265,-0.15007215007215013,-0.23207301173402872,0.36529622156900204
2016-06-24,bounded45,10,SSNC,79.69924812030075,-0.07503745980436805,-0.10081833060556467,-0.13371176285083575,0.2834344750284543
2016-06-24,bounded45,11,LAD,79.3984962406015,-0.07474928669383318,-0.1252304289050018,-0.18493072254666199,0.31120400559405903
2016-06-24,bounded45,12,WERN,79.12280701754386,-0.08901237373215709,-0.09668168783285536,-0.18814432989690721,0.3981625650855637
2016-06-24,bounded45,13,RHI,78.44611528822055,-0.07541665101486095,-0.08996795661819079,-0.20738514383855722,0.3323624171878866
2016-06-24,bounded45,14,MGA,78.1453634085213,-0.0924255916918566,-0.10044753853804078,-0.1578212290502794,0.40508100835108063
2016-06-24,bounded45,15,COF,77.94486215538846,-0.09659617644697283,-0.14718853362734285,-0.10719953830616069,0.3483951746176677
2016-06-24,bounded45,16,MLCO,77.44360902255639,-0.08506127142703124,-0.12024879060124394,-0.22895215021199278,0.4180101124984163
2016-06-24,bounded45,17,VOYA,77.39348370927318,-0.1273915842646549,-0.19641228336880512,-0.11219348337252266,0.3827290815151721
2016-06-24,bounded45,18,LUV,77.31829573934836,-0.07415686890534945,-0.08327351040918873,-0.14486607142857133,0.30845935565082305
2016-06-24,bounded45,19,BEN,76.81704260651628,-0.07260048033797428,-0.13448555225492853,-0.1792573623559539,0.32090849445635133
2016-06-24,bounded45,20,KBR,76.59147869674186,-0.08879397159426239,-0.11530681051921787,-0.1524547803617572,0.4211628465186675
2016-06-24,efficient60,1,AAPL,97.91144527986634,-0.04228702678314966,-0.06972111553784865,-0.14311926605504577,0.15948659883884875
2016-06-24,efficient60,2,CVS,92.56474519632415,-0.022468387501306197,-0.035172769468798326,-0.0982358044924323,0.11816379132760652
2016-06-24,efficient60,3,GOOG,90.05847953216376,-0.054791835820478085,-0.06766086716376696,-0.0936912751677853,0.19570103848172268
2016-06-24,efficient60,4,GOOGL,89.640768588137,-0.05850669158262212,-0.07028493894165544,-0.10173046670162567,0.20860983422221188
2016-06-24,efficient60,5,MCD,89.22305764411028,-0.021292460985672612,-0.035140156717020865,-0.04964990451941442,0.10671944027855779
2016-06-24,efficient60,6,HD,87.3015873015873,-0.020390448806877126,-0.0570682581126446,-0.052686802068500294,0.13547436076298394
2016-06-24,efficient60,7,KO,85.79782790309106,-0.024947840369334062,-0.01700604162004915,-0.05302866997197675,0.13952042979438878
2016-06-24,efficient60,8,QQQ,85.54720133667502,-0.0409541719734976,-0.04810149689667753,-0.044963369963369915,0.17631525098619014
2016-06-24,efficient60,9,MSI,85.29657477025899,-0.04818621612481144,-0.06729106628242076,-0.14491413474240422,0.2106303054908126
2016-06-24,efficient60,10,NKE,84.96240601503762,-0.03262299152924264,-0.058202005730659034,-0.14446071254270365,0.19986262873776736
2016-06-24,efficient60,11,SBUX,84.79532163742691,-0.010365999882359644,-0.01103273648037617,-0.08408710217755444,0.14439385163651042
2016-06-24,efficient60,12,VMRK,83.87635756056808,-0.002208850635997184,-0.047134128600523684,-0.12701586032253764,0.20722827570248378
2016-06-24,efficient60,13,XLK,83.12447786131997,-0.033268549216874055,-0.036902050113895135,-0.046889089269612216,0.16650825330603114
2016-06-24,efficient60,14,GILD,83.12447786131996,-0.049318030114184674,-0.056513073044905715,-0.12399303287611585,0.19613754388570734
2016-06-24,efficient60,15,NFLX,82.6232247284879,-0.08096621168744289,-0.13968871595330734,-0.13463796477495116,0.23399406509136056
2016-06-24,efficient60,16,GE,81.78780284043442,-0.017398181099249177,-0.0066622251832111345,-0.061969172695816255,0.19517517029857304
2016-06-24,efficient60,17,ELV,81.53717627401838,-0.038822066479321515,-0.024920916595941756,-0.09072595150730278,0.15438992237940938
2016-06-24,efficient60,18,PGR,81.45363408521304,-0.024705610713462445,-0.04721804511278194,-0.0984632896983495,0.13585297609745134
2016-06-24,efficient60,19,XLY,81.28654970760235,-0.03204077223217783,-0.03546099290780136,-0.03716814159292037,0.15584868858071085
2016-06-24,efficient60,20,DIS,81.11946532999166,-0.02792235159110279,-0.04097785793006714,-0.036149431074413485,0.14070548505762645
2016-07-25,legacy_short_proxy,1,DIS,87.39110707803994,-0.010354743976665248,0.01744671959882993,-0.06382774199750074,0.12458515634071614
2016-07-25,legacy_short_proxy,2,DE,86.02994555353902,-0.042728322563206245,-0.04650024473813019,-0.07160729179077807,0.20245404541917045
2016-07-25,legacy_short_proxy,3,FOXA,85.65335753176045,-0.016366417247473564,-0.0033407572383072903,-0.12540716612377845,0.20720675168548874
2016-07-25,legacy_short_proxy,4,CVS,85.21324863883846,-0.01998791137789413,0.005345306820611517,-0.07084280209465454,0.14387626804065487
2016-07-25,legacy_short_proxy,5,BIDU,82.18693284936481,-0.014346562514415684,0.007101558572146782,-0.1385334910224707,0.26891886219804384
2016-07-25,legacy_short_proxy,6,FAST,81.41107078039927,-0.03685323040161492,-0.04204753199268729,-0.11336717428087983,0.23377917211325708
2016-07-25,legacy_short_proxy,7,LUV,81.02540834845735,-0.07026515858499294,-0.02479770294962158,-0.1520653654108035,0.5172357653505619
2016-07-25,legacy_short_proxy,8,FXE,80.5989110707804,-0.006514733498714231,-0.00851457658491439,-0.03373320104627053,0.055854260300309884
2016-07-25,legacy_short_proxy,9,UVXY,80.16333938294011,-0.24503963541914053,-0.5959650014716507,-0.6217908578584846,0.9558996237525388
2016-07-25,legacy_short_proxy,10,SHV,79.84573502722323,-6.793016778561256e-05,-0.0003621876131835178,-9.05715062040624e-05,0.002266082630018452
2016-07-25,legacy_short_proxy,11,ROP,79.75952813067151,-0.036176572121528805,-0.02413813706159995,-0.07618778280542982,0.2651305854601976
2016-07-25,legacy_short_proxy,12,PSX,79.75499092558984,-0.02636412961764545,-0.05278555075044522,-0.15172570907848282,0.21623805456333559
2016-07-25,legacy_short_proxy,13,COP,79.18784029038112,-0.047495058762263564,-0.06787120685661341,-0.1558632263478078,0.377776586909907
2016-07-25,legacy_short_proxy,14,GWW,78.67513611615244,-0.02662403966629434,0.004278419285089985,-0.07484319376165449,0.2660750077510801
2016-07-25,legacy_short_proxy,15,XOP,78.57078039927406,-0.03445077322202661,-0.037839399191218814,-0.07136883189294663,0.39266938090370207
2016-07-25,legacy_short_proxy,16,EOG,77.6361161524501,-0.04596336499321685,-0.02849740932642486,-0.03834412016119182,0.29077812374895823
2016-07-25,legacy_short_proxy,17,USO,77.51814882032669,-0.07783340919435577,-0.11140350877192984,-0.09714795008912658,0.41416319403494933
2016-07-25,legacy_short_proxy,18,NFLX,77.49092558983665,-0.053736047842135704,-0.008819538670284843,-0.029020824102791387,0.6122485581688927
2016-07-25,legacy_short_proxy,19,TSCO,77.4410163339383,-0.01572997328872361,-0.0065359477124183885,-0.03949447077409163,0.24828929153554966
2016-07-25,legacy_short_proxy,20,WAB,76.9328493647913,-0.05592487299517668,-0.05693950177935947,-0.2081042314128615,0.3575208665183091
2016-07-25,mirror28,1,DE,77.94871794871796,-0.042728322563206245,-0.04650024473813019,-0.07160729179077807,0.20245404541917045
2016-07-25,mirror28,2,PSQ,77.6923076923077,-0.03379587100517467,-0.0841429880843263,-0.07344213649851639,0.1478513364630583
2016-07-25,mirror28,3,SU,77.6923076923077,-0.047636258493566785,-0.01862197392923648,-0.10252043596730243,0.2621081719456845
2016-07-25,mirror28,4,FAST,77.69230769230768,-0.03685323040161492,-0.04204753199268729,-0.11336717428087983,0.23377917211325708
2016-07-25,mirror28,5,SDS,74.1025641025641,-0.043588414809696996,-0.12348284960422162,-0.10458221024258763,0.271190103255032
2016-07-25,mirror28,6,ENB,73.07692307692307,-0.052357090498336145,-0.05079441502166582,-0.05894988066825768,0.22699553569637232
2016-07-25,mirror28,7,PSX,72.82051282051283,-0.02636412961764545,-0.05278555075044522,-0.15172570907848282,0.21623805456333559
2016-07-25,mirror28,8,RWM,69.74358974358974,-0.03184935693492097,-0.07419035029742238,-0.07112068965517238,0.20490427779311815
2016-07-25,mirror28,9,CMP,67.43589743589745,-0.043530487721646915,-0.10201204664872499,-0.05807232154859532,0.23113696797064667
2016-07-25,mirror28,10,ROP,65.64102564102564,-0.036176572121528805,-0.02413813706159995,-0.07618778280542982,0.2651305854601976
2016-07-25,mirror28,11,CVS,64.35897435897436,-0.01998791137789413,0.005345306820611517,-0.07084280209465454,0.14387626804065487
2016-07-25,mirror28,12,FOXA,62.56410256410256,-0.016366417247473564,-0.0033407572383072903,-0.12540716612377845,0.20720675168548874
2016-07-25,mirror28,13,PBH,61.794871794871796,-0.02337964435317419,0.011100658513640616,-0.0634367375392123,0.15553944242309545
2016-07-25,mirror28,14,EMBJ,57.435897435897445,-0.018206528106473385,-0.01827553889409561,-0.1360824742268042,0.2659286990534594
2016-07-25,mirror28,15,DBC,56.41025641025641,-0.03672486453943391,-0.04063957361758819,-0.0027700831024930483,0.20332850651803783
2016-07-25,mirror28,16,GWW,55.641025641025635,-0.02662403966629434,0.004278419285089985,-0.07484319376165449,0.2660750077510801
2016-07-25,mirror28,17,TTE,53.846153846153854,-0.026348702533971924,0.015789473684210575,-0.08422301304863578,0.273914219912228
2016-07-25,mirror28,18,DBA,53.84615384615385,-0.0315671850265411,-0.03837263060564022,-0.0033540967896502627,0.16400682771771713
2016-07-25,mirror28,19,GDDY,52.05128205128206,-0.03161038745540512,-0.06354300385109113,-0.033454786353097066,0.259080261260531
2016-07-25,mirror28,20,DIS,50.51282051282051,-0.010354743976665248,0.01744671959882993,-0.06382774199750074,0.12458515634071614
2016-07-25,bounded45,1,CALM,82.5925925925926,-0.06269340974212034,-0.02223816355810615,-0.19729093050647817,0.2899415178557026
2016-07-25,bounded45,2,QID,82.22222222222221,-0.06786447996100164,-0.16212832550860723,-0.14636479591836749,0.29125003915070086
2016-07-25,bounded45,3,SQQQ,80.18518518518519,-0.10227896363478817,-0.23636363636363633,-0.21633888048411498,0.43611138184331844
2016-07-25,bounded45,4,WAB,78.14814814814814,-0.05592487299517668,-0.05693950177935947,-0.2081042314128615,0.3575208665183091
2016-07-25,bounded45,5,TUR,76.66666666666666,-0.06892661162110847,-0.03661448660122035,-0.20425158886697348,0.43165075199111386
2016-07-25,bounded45,6,SPXU,73.33333333333333,-0.06526548672566401,-0.18046414963630064,-0.1577073691705233,0.4175487827609855
2016-07-25,bounded45,7,TWM,69.81481481481482,-0.06461722131025283,-0.14581629871899704,-0.14277899343544864,0.41080864537769174
2016-07-25,bounded45,8,USO,68.88888888888889,-0.07783340919435577,-0.11140350877192984,-0.09714795008912658,0.41416319403494933
2016-07-25,bounded45,9,SU,68.70370370370371,-0.047636258493566785,-0.01862197392923648,-0.10252043596730243,0.2621081719456845
2016-07-25,bounded45,10,COP,68.7037037037037,-0.047495058762263564,-0.06787120685661341,-0.1558632263478078,0.377776586909907
2016-07-25,bounded45,11,KEX,65.55555555555556,-0.06733517492455432,-0.0651408450704225,-0.08777135717632367,0.3845247984381963
2016-07-25,bounded45,12,ENB,65.18518518518519,-0.052357090498336145,-0.05079441502166582,-0.05894988066825768,0.22699553569637232
2016-07-25,bounded45,13,MANH,65.18518518518518,-0.07594786260449216,-0.061483985192338664,-0.052178153446033826,0.34937343155833345
2016-07-25,bounded45,14,CLB,63.148148148148145,-0.04813756181661366,-0.04715111478117251,-0.1243075055020112,0.3906094013539642
2016-07-25,bounded45,15,FAST,62.037037037037045,-0.03685323040161492,-0.04204753199268729,-0.11336717428087983,0.23377917211325708
2016-07-25,bounded45,16,SDS,61.66666666666667,-0.043588414809696996,-0.12348284960422162,-0.10458221024258763,0.271190103255032
2016-07-25,bounded45,17,INFY,59.44444444444446,-0.04478466161110528,-0.07688053097345116,-0.11646373742721017,0.37319187691347233
2016-07-25,bounded45,18,RES,59.25925925925927,-0.06237478295712506,-0.06524633821571246,-0.06834771068347723,0.37799697666833443
2016-07-25,bounded45,19,DE,58.333333333333336,-0.042728322563206245,-0.04650024473813019,-0.07160729179077807,0.20245404541917045
2016-07-25,bounded45,20,PSQ,54.81481481481482,-0.03379587100517467,-0.0841429880843263,-0.07344213649851639,0.1478513364630583
2016-07-25,efficient60,1,PSX,89.50617283950618,-0.02636412961764545,-0.05278555075044522,-0.15172570907848282,0.21623805456333559
2016-07-25,efficient60,2,FOXA,88.88888888888889,-0.016366417247473564,-0.0033407572383072903,-0.12540716612377845,0.20720675168548874
2016-07-25,efficient60,3,FAST,82.09876543209879,-0.03685323040161492,-0.04204753199268729,-0.11336717428087983,0.23377917211325708
2016-07-25,efficient60,4,DE,77.16049382716051,-0.042728322563206245,-0.04650024473813019,-0.07160729179077807,0.20245404541917045
2016-07-25,efficient60,5,INFY,77.16049382716051,-0.04478466161110528,-0.07688053097345116,-0.11646373742721017,0.37319187691347233
2016-07-25,efficient60,6,SDS,73.4567901234568,-0.043588414809696996,-0.12348284960422162,-0.10458221024258763,0.271190103255032
2016-07-25,efficient60,7,WAB,72.8395061728395,-0.05592487299517668,-0.05693950177935947,-0.2081042314128615,0.3575208665183091
2016-07-25,efficient60,8,ROP,71.60493827160495,-0.036176572121528805,-0.02413813706159995,-0.07618778280542982,0.2651305854601976
2016-07-25,efficient60,9,FXB,70.98765432098766,-0.0025518824502727133,-0.03675918979744941,-0.101658154341286,0.18614824780475683
2016-07-25,efficient60,10,FXE,70.98765432098766,-0.006514733498714231,-0.00851457658491439,-0.03373320104627053,0.055854260300309884
2016-07-25,efficient60,11,PSQ,69.1358024691358,-0.03379587100517467,-0.0841429880843263,-0.07344213649851639,0.1478513364630583
2016-07-25,efficient60,12,QID,67.28395061728396,-0.06786447996100164,-0.16212832550860723,-0.14636479591836749,0.29125003915070086
2016-07-25,efficient60,13,COP,64.19753086419755,-0.047495058762263564,-0.06787120685661341,-0.1558632263478078,0.377776586909907
2016-07-25,efficient60,14,SQQQ,64.19753086419752,-0.10227896363478817,-0.23636363636363633,-0.21633888048411498,0.43611138184331844
2016-07-25,efficient60,15,HAS,61.11111111111112,-0.022442268078493366,-0.014811217676338417,-0.04887482419127975,0.30830787140280236
2016-07-25,efficient60,16,CALM,60.49382716049384,-0.06269340974212034,-0.02223816355810615,-0.19729093050647817,0.2899415178557026
2016-07-25,efficient60,17,CMP,59.876543209876544,-0.043530487721646915,-0.10201204664872499,-0.05807232154859532,0.23113696797064667
2016-07-25,efficient60,18,SPXU,59.25925925925926,-0.06526548672566401,-0.18046414963630064,-0.1577073691705233,0.4175487827609855
2016-07-25,efficient60,19,TSCO,58.64197530864199,-0.01572997328872361,-0.0065359477124183885,-0.03949447077409163,0.24828929153554966
2016-07-25,efficient60,20,SHV,58.64197530864198,-6.793016778561256e-05,-0.0003621876131835178,-9.05715062040624e-05,0.002266082630018452
2016-08-22,legacy_short_proxy,1,CMG,85.93401486988847,-0.021277121534126864,-0.10294450736126837,-0.12388010175865505,0.2067911383875967
2016-08-22,legacy_short_proxy,2,CRM,84.66078066914497,-0.035429998439204136,-0.060104635600437994,-0.0731853629274144,0.1792716964964371
2016-08-22,legacy_short_proxy,3,BFH,83.796468401487,-0.08455976335682758,-0.12952513238996444,-0.054279651025701536,0.19679290539064673
2016-08-22,legacy_short_proxy,4,PPL,82.95074349442379,-0.027417384021858338,-0.05622168931521443,-0.0811932555123216,0.14890172649062952
2016-08-22,legacy_short_proxy,5,DVA,82.36988847583642,-0.10053895893284748,-0.16384398255068,-0.15308641975308646,0.2662460749189342
2016-08-22,legacy_short_proxy,6,LDOS,82.0724907063197,-0.14962222994973395,-0.20351362021318586,-0.18910771704180063,0.9712988180311655
2016-08-22,legacy_short_proxy,7,MCD,81.90055762081782,-0.023692914118471187,-0.09403453689167973,-0.06761450844171579,0.19229206965166565
2016-08-22,legacy_short_proxy,8,PSA,81.49628252788105,-0.027513336420862622,-0.0999364978568027,-0.10765719682065,0.17337062664919983
2016-08-22,legacy_short_proxy,9,FOXA,81.41728624535317,-0.03246928321072162,-0.06443202979515827,-0.1265646731571627,0.2318777348565746
2016-08-22,legacy_short_proxy,10,LOW,81.2267657992565,-0.04227900175955979,-0.045684652426225325,-0.03580339321357273,0.23736297399621242
2016-08-22,legacy_short_proxy,11,HD,80.64126394052045,-0.009165983366522856,-0.008498168498168424,0.009623274897426315,0.09868812298343974
2016-08-22,legacy_short_proxy,12,UVXY,80.56691449814126,-0.1280037974451167,-0.3394039735099338,-0.6527415143603132,0.6745068038716464
2016-08-22,legacy_short_proxy,13,JNJ,80.385687732342,-0.03264704568800392,-0.04612058611578196,0.055181576616474715,0.08826555490746658
2016-08-22,legacy_short_proxy,14,XLU,79.71654275092936,-0.012616566099832971,-0.04328018223234631,0.034482758620689724,0.13408493938994936
2016-08-22,legacy_short_proxy,15,KMB,79.34944237918216,-0.014676592864740434,-0.039218643939965325,-0.004143214509068183,0.10722849539772261
2016-08-22,legacy_short_proxy,16,WMT,79.27973977695169,-0.009423356022976836,-0.01423921887713575,0.025825571549534354,0.1286158339904697
2016-08-22,legacy_short_proxy,17,SHW,79.24721189591078,-0.02502959151015649,-0.02479674796747977,-0.0018722696068234068,0.13545780053793544
2016-08-22,legacy_short_proxy,18,JCI,79.16356877323419,-0.014414166340111945,-0.026976160602258492,0.00867114675915892,0.14105492741395526
2016-08-22,legacy_short_proxy,19,INFY,79.11710037174721,-0.02912621359223222,-0.05332534451767523,-0.1762252346193951,0.13204347925426238
2016-08-22,legacy_short_proxy,20,EXC,78.90334572490706,-0.03731353716674202,-0.08186666666666664,0.007609013754755534,0.1443716153901513
2016-08-22,mirror28,1,INFY,82.53164556962027,-0.02912621359223222,-0.05332534451767523,-0.1762252346193951,0.13204347925426238
2016-08-22,mirror28,2,IT,80.0,-0.045911385834943697,-0.08128029079159949,-0.10811605567535776,0.17918671962192054
2016-08-22,mirror28,3,DVA,79.49367088607595,-0.10053895893284748,-0.16384398255068,-0.15308641975308646,0.2662460749189342
2016-08-22,mirror28,4,IMAX,74.68354430379746,-0.06426262754293821,-0.10946924004825076,-0.1073155985489721,0.2345976621272291
2016-08-22,mirror28,5,SQQQ,74.17721518987342,-0.027634208531458926,-0.09202059202059198,-0.21436525612472157,0.1859464713331012
2016-08-22,mirror28,6,CUBE,73.54430379746836,-0.03541956257807821,-0.09746460322686867,-0.1301174230403047,0.21645281605106856
2016-08-22,mirror28,7,G,72.15189873417721,-0.04056962407225184,-0.09246575342465757,-0.13929989173583546,0.27048548513790605
2016-08-22,mirror28,8,BFH,71.89873417721519,-0.08455976335682758,-0.12952513238996444,-0.054279651025701536,0.19679290539064673
2016-08-22,mirror28,9,HELE,71.64556962025317,-0.04125682916163942,-0.08488383787589271,-0.07342158859470471,0.19308369932069314
2016-08-22,mirror28,10,SNY,71.26582278481013,-0.03293898188601352,-0.06502135738016146,-0.04159571880321089,0.1378319138500331
2016-08-22,mirror28,11,EXR,70.50632911392405,-0.03135158305847563,-0.11441323753538002,-0.12186960276338521,0.20322694373725883
2016-08-22,mirror28,12,FOXA,70.50632911392405,-0.03246928321072162,-0.06443202979515827,-0.1265646731571627,0.2318777348565746
2016-08-22,mirror28,13,FOX,70.25316455696203,-0.03152898632613943,-0.06338797814207642,-0.1125302036589575,0.19861867899100136
2016-08-22,mirror28,14,CRM,70.12658227848101,-0.035429998439204136,-0.060104635600437994,-0.0731853629274144,0.1792716964964371
2016-08-22,mirror28,15,DAR,70.12658227848101,-0.06066009487602231,-0.08996088657105605,-0.06871247498332222,0.22301180488913241
2016-08-22,mirror28,16,MAA,68.35443037974683,-0.06609394485243192,-0.11357444809769845,-0.06490932514121495,0.2427200729621786
2016-08-22,mirror28,17,PSA,67.84810126582279,-0.027513336420862622,-0.0999364978568027,-0.10765719682065,0.17337062664919983
2016-08-22,mirror28,18,WTRG,67.84810126582279,-0.04299122010293677,-0.08376811594202904,-0.020148791072535643,0.15785918733995458
2016-08-22,mirror28,19,PPL,67.84810126582278,-0.027417384021858338,-0.05622168931521443,-0.0811932555123216,0.14890172649062952
2016-08-22,mirror28,20,QID,66.9620253164557,-0.017310513447434506,-0.061636159880463226,-0.14528751275944196,0.12799228628870626
2016-08-22,bounded45,1,DVA,82.33644859813084,-0.10053895893284748,-0.16384398255068,-0.15308641975308646,0.2662460749189342
2016-08-22,bounded45,2,THC,80.5607476635514,-0.1059266505472577,-0.2219723739158368,-0.1480830109039747,0.3058764873410318
2016-08-22,bounded45,3,RBA,79.06542056074765,-0.10615074487438425,-0.16910420475319932,-0.1632402577477755,0.3963045571540577
2016-08-22,bounded45,4,CRTO,78.41121495327103,-0.10136228339940812,-0.1686471663619743,-0.17989179440937775,0.4020295776975504
2016-08-22,bounded45,5,INFY,78.03738317757009,-0.02912621359223222,-0.05332534451767523,-0.1762252346193951,0.13204347925426238
2016-08-22,bounded45,6,LGND,77.28971962616822,-0.12048463091765627,-0.20044910179640718,-0.12413906198753688,0.3537415965672158
2016-08-22,bounded45,7,NRG,77.19626168224299,-0.05799834074967747,-0.15551048005409052,-0.20191693290734825,0.33114983011966836
2016-08-22,bounded45,8,IT,77.19626168224298,-0.045911385834943697,-0.08128029079159949,-0.10811605567535776,0.17918671962192054
2016-08-22,bounded45,9,YPF,76.91588785046729,-0.04996712689020133,-0.051422319474836,-0.2031250000000001,0.3287932099446557
2016-08-22,bounded45,10,VRSN,75.51401869158879,-0.08415826505436919,-0.10713861503741529,-0.11314299197734778,0.3033244232483282
2016-08-22,bounded45,11,IMAX,74.85981308411216,-0.06426262754293821,-0.10946924004825076,-0.1073155985489721,0.2345976621272291
2016-08-22,bounded45,12,SQQQ,72.89719626168224,-0.027634208531458926,-0.09202059202059198,-0.21436525612472157,0.1859464713331012
2016-08-22,bounded45,13,NVO,72.71028037383178,-0.06597188083767613,-0.1410488245931284,-0.15269354263289336,0.42371068648958116
2016-08-22,bounded45,14,G,71.40186915887851,-0.04056962407225184,-0.09246575342465757,-0.13929989173583546,0.27048548513790605
2016-08-22,bounded45,15,BFH,71.1214953271028,-0.08455976335682758,-0.12952513238996444,-0.054279651025701536,0.19679290539064673
2016-08-22,bounded45,16,CUBE,71.1214953271028,-0.03541956257807821,-0.09746460322686867,-0.1301174230403047,0.21645281605106856
2016-08-22,bounded45,17,DAR,68.97196261682244,-0.06066009487602231,-0.08996088657105605,-0.06871247498332222,0.22301180488913241
2016-08-22,bounded45,18,FOXA,68.69158878504673,-0.03246928321072162,-0.06443202979515827,-0.1265646731571627,0.2318777348565746
2016-08-22,bounded45,19,EXR,68.22429906542055,-0.03135158305847563,-0.11441323753538002,-0.12186960276338521,0.20322694373725883
2016-08-22,bounded45,20,MAA,68.13084112149532,-0.06609394485243192,-0.11357444809769845,-0.06490932514121495,0.2427200729621786
2016-08-22,efficient60,1,MCD,90.03115264797509,-0.023692914118471187,-0.09403453689167973,-0.06761450844171579,0.19229206965166565
2016-08-22,efficient60,2,PSA,87.85046728971963,-0.027513336420862622,-0.0999364978568027,-0.10765719682065,0.17337062664919983
2016-08-22,efficient60,3,EXR,83.80062305295951,-0.03135158305847563,-0.11441323753538002,-0.12186960276338521,0.20322694373725883
2016-08-22,efficient60,4,TROW,80.99688473520249,-0.004770758565025512,-0.06296648120504822,-0.09926950169579962,0.17455215724179338
2016-08-22,efficient60,5,DVA,80.6853582554517,-0.10053895893284748,-0.16384398255068,-0.15308641975308646,0.2662460749189342
2016-08-22,efficient60,6,CHKP,80.37383177570094,-0.007300423279725798,-0.0985174557627928,-0.12131453210581511,0.1947920490643883
2016-08-22,efficient60,7,HIG,80.06230529595017,-0.010354757674163606,-0.09013068949977465,-0.10326449033977347,0.34097648607199843
2016-08-22,efficient60,8,INFY,78.81619937694705,-0.02912621359223222,-0.05332534451767523,-0.1762252346193951,0.13204347925426238
2016-08-22,efficient60,9,DIS,78.19314641744549,-0.005064447165779362,-0.015607351884176945,-0.039475002504758994,0.10198330054973902
2016-08-22,efficient60,10,KO,77.88161993769471,-0.0006397367940040866,-0.04015799868334424,-0.02125755202506141,0.14287224705134663
2016-08-22,efficient60,11,FOXA,76.32398753894083,-0.03246928321072162,-0.06443202979515827,-0.1265646731571627,0.2318777348565746
2016-08-22,efficient60,12,SDS,75.0778816199377,-0.007807515873256121,-0.01685731487055986,-0.09977949283351706,0.09969240122579835
2016-08-22,efficient60,13,CRM,73.5202492211838,-0.035429998439204136,-0.060104635600437994,-0.0731853629274144,0.1792716964964371
2016-08-22,efficient60,14,SYF,72.27414330218069,-0.01646439326997695,-0.02919188323246713,-0.11719002913564258,0.1345126375546403
2016-08-22,efficient60,15,PPL,71.96261682242992,-0.027417384021858338,-0.05622168931521443,-0.0811932555123216,0.14890172649062952
2016-08-22,efficient60,16,F,71.65109034267914,-0.009258145966094422,-0.10629067245119306,-0.08172362555720669,0.3434124161519047
2016-08-22,efficient60,17,CUBE,69.47040498442368,-0.03541956257807821,-0.09746460322686867,-0.1301174230403047,0.21645281605106856
2016-08-22,efficient60,18,IT,68.84735202492212,-0.045911385834943697,-0.08128029079159949,-0.10811605567535776,0.17918671962192054
2016-08-22,efficient60,19,BFH,68.22429906542057,-0.08455976335682758,-0.12952513238996444,-0.054279651025701536,0.19679290539064673
2016-08-22,efficient60,20,CMG,67.28971962616824,-0.021277121534126864,-0.10294450736126837,-0.12388010175865505,0.2067911383875967
2016-09-20,legacy_short_proxy,1,XOM,87.64569842738206,-0.04716278693918052,-0.061938856688259936,-0.07663049558116108,0.16123273349875314
2016-09-20,legacy_short_proxy,2,CVS,85.04162812210915,-0.02787080047531898,-0.08173469387755106,-0.03795167842634184,0.1665726326265531
2016-09-20,legacy_short_proxy,3,VFC,84.17206290471786,-0.07058523591416399,-0.1293032449349366,-0.08435821929672604,0.21572114154021843
2016-09-20,legacy_short_proxy,4,MCK,83.35337650323774,-0.08020572583098184,-0.1489801187709785,-0.06929462924267227,0.2752407541292427
2016-09-20,legacy_short_proxy,5,GE,83.1822386679001,-0.032258064516126894,-0.05268199233716475,-0.005030181086519092,0.14747570090545156
2016-09-20,legacy_short_proxy,6,CTSH,82.2109158186864,-0.06097625844429766,-0.08278489781780396,-0.08705395621444578,0.2138377776582232
2016-09-20,legacy_short_proxy,7,FOXA,81.90101757631822,-0.01638669301712825,-0.04896496815286622,-0.1132145508537491,0.20383237367377466
2016-09-20,legacy_short_proxy,8,SLB,81.01295097132285,-0.042707903343596865,-0.08141377209018885,-0.016827550221758303,0.1549394117813623
2016-09-20,legacy_short_proxy,9,LOW,80.92969472710453,-0.041576021271451324,-0.07659464355026524,-0.07383856735011673,0.1631074209714905
2016-09-20,legacy_short_proxy,10,MNST,80.89731729879742,-0.02856463690027744,-0.07541478129713419,-0.041438623924941353,0.19087257544972305
2016-09-20,legacy_short_proxy,11,CAG,80.72617946345977,-0.05350556133130291,-0.09232450150232185,-0.09058565955117681,0.20875980349216128
2016-09-20,legacy_short_proxy,12,FAST,80.51803885291396,-0.0529062870699889,-0.09601449275362306,-0.08775137111517362,0.18973282612381215
2016-09-20,legacy_short_proxy,13,FOX,80.50416281221091,-0.018126582278481074,-0.05717619603267221,-0.09417040358744411,0.1927968203011554
2016-09-20,legacy_short_proxy,14,CVX,80.03700277520815,-0.030965463886850064,-0.04159309397684907,-0.04121687929342499,0.1908451616572705
2016-09-20,legacy_short_proxy,15,PSA,79.23219241443108,-0.021022905553813254,-0.04383102566363872,-0.10144206862257577,0.1432515572408149
2016-09-20,legacy_short_proxy,16,XLF,79.05180388529139,-0.18568628690649536,-0.19533527696793007,-0.12499999999999989,0.6582815895337022
2016-09-20,legacy_short_proxy,17,COTY,78.51988899167436,-0.06399347243268738,-0.16672431684538225,-0.050078864353312325,0.2628255275788591
2016-09-20,legacy_short_proxy,18,ORCL,78.42738205365403,-0.03960079644059977,-0.052159146045608895,-0.00407851134335957,0.21491809810353601
2016-09-20,legacy_short_proxy,19,PGR,78.20074005550416,-0.02662503726250187,-0.05340250228867882,-0.02083333333333337,0.13269944005677684
2016-09-20,legacy_short_proxy,20,BA,77.90471785383903,-0.020845066105792953,-0.05333728424327733,0.010037938665823587,0.17064796580173602
2016-09-20,mirror28,1,INVX,85.11627906976744,-0.0832937912910161,-0.12552228412256272,-0.16087537587704648,0.21569055057222042
2016-09-20,mirror28,2,HII,84.53488372093022,-0.08643934357931204,-0.11486406268550398,-0.07223743155798901,0.18049082806212105
2016-09-20,mirror28,3,ERIC,81.51162790697674,-0.046201814058956514,-0.09543010752688175,-0.09664429530201335,0.15879376698473824
2016-09-20,mirror28,4,PII,81.22093023255815,-0.1299587606291751,-0.222608695652174,-0.11100062150403989,0.24130295562474774
2016-09-20,mirror28,5,ACM,80.40697674418604,-0.08336100963135118,-0.14365497983245412,-0.10592808551992228,0.23594035105025823
2016-09-20,mirror28,6,FAST,79.47674418604652,-0.0529062870699889,-0.09601449275362306,-0.08775137111517362,0.18973282612381215
2016-09-20,mirror28,7,UNFI,79.1860465116279,-0.11777831176410158,-0.19351464435146448,-0.14333333333333342,0.2756983134487667
2016-09-20,mirror28,8,XOM,78.8953488372093,-0.04716278693918052,-0.061938856688259936,-0.07663049558116108,0.16123273349875314
2016-09-20,mirror28,9,VFC,78.6046511627907,-0.07058523591416399,-0.1293032449349366,-0.08435821929672604,0.21572114154021843
2016-09-20,mirror28,10,CTSH,78.31395348837209,-0.06097625844429766,-0.08278489781780396,-0.08705395621444578,0.2138377776582232
2016-09-20,mirror28,11,CLB,77.84883720930232,-0.04534563530379698,-0.08090893441211922,-0.11824938067712631,0.20233099021127665
2016-09-20,mirror28,12,CAG,77.73255813953487,-0.05350556133130291,-0.09232450150232185,-0.09058565955117681,0.20875980349216128
2016-09-20,mirror28,13,THG,74.76744186046513,-0.03438300201333022,-0.050730207532667326,-0.08990420044215186,0.1258147684248758
2016-09-20,mirror28,14,ENR,74.24418604651163,-0.05956769436997156,-0.09347869977791246,-0.09017223910840932,0.24315228151401866
2016-09-20,mirror28,15,AAP,74.12790697674419,-0.06024445625392305,-0.07938411055720329,-0.05585037535594117,0.20481419180500873
2016-09-20,mirror28,16,LOW,73.89534883720931,-0.041576021271451324,-0.07659464355026524,-0.07383856735011673,0.1631074209714905
2016-09-20,mirror28,17,CNO,72.79069767441861,-0.04581478324018973,-0.02767052767052769,-0.14147727272727284,0.2414677201929942
2016-09-20,mirror28,18,TS,72.55813953488371,-0.06440901836326851,-0.10870325061167418,-0.074410163339383,0.2590716008190564
2016-09-20,mirror28,19,VMC,72.44186046511626,-0.05059083212921012,-0.09931881254730468,-0.09696458684654297,0.2529974157434902
2016-09-20,mirror28,20,SAM,72.26744186046511,-0.1380521326747941,-0.18921775898520077,-0.047323313874052975,0.23796030462613194
2016-09-20,bounded45,1,INVX,85.88516746411483,-0.0832937912910161,-0.12552228412256272,-0.16087537587704648,0.21569055057222042
2016-09-20,bounded45,2,HII,83.49282296650719,-0.08643934357931204,-0.11486406268550398,-0.07223743155798901,0.18049082806212105
2016-09-20,bounded45,3,PII,83.11004784688994,-0.1299587606291751,-0.222608695652174,-0.11100062150403989,0.24130295562474774
2016-09-20,bounded45,4,UNFI,82.15311004784688,-0.11777831176410158,-0.19351464435146448,-0.14333333333333342,0.2756983134487667
2016-09-20,bounded45,5,ACM,81.24401913875599,-0.08336100963135118,-0.14365497983245412,-0.10592808551992228,0.23594035105025823
2016-09-20,bounded45,6,OLN,80.23923444976076,-0.10649223621469583,-0.1458625525946704,-0.20496083550913846,0.34128163721068155
2016-09-20,bounded45,7,CBRL,79.09090909090908,-0.0736619042541854,-0.13931025942666087,-0.18769356629462985,0.287796195005047
2016-09-20,bounded45,8,RIG,78.89952153110048,-0.0886597938144319,-0.12475247524752475,-0.21561668145519075,0.41422872468635513
2016-09-20,bounded45,9,VFC,77.7511961722488,-0.07058523591416399,-0.1293032449349366,-0.08435821929672604,0.21572114154021843
2016-09-20,bounded45,10,ERIC,77.51196172248804,-0.046201814058956514,-0.09543010752688175,-0.09664429530201335,0.15879376698473824
2016-09-20,bounded45,11,RRC,77.0334928229665,-0.08763265866038028,-0.07227998985544004,-0.15558633425669444,0.42864705122207686
2016-09-20,bounded45,12,HP,76.79425837320575,-0.06518535688858795,-0.09779482262703731,-0.14571039491602367,0.2955925375898753
2016-09-20,bounded45,13,FIVE,76.74641148325358,-0.07177351824449374,-0.13064030941125915,-0.12138979370249725,0.29703932728053906
2016-09-20,bounded45,14,CTSH,76.31578947368422,-0.06097625844429766,-0.08278489781780396,-0.08705395621444578,0.2138377776582232
2016-09-20,bounded45,15,THC,76.07655502392345,-0.071571624328029,-0.09083402146985964,-0.21357142857142863,0.39850584724101235
2016-09-20,bounded45,16,FAST,76.02870813397129,-0.0529062870699889,-0.09601449275362306,-0.08775137111517362,0.18973282612381215
2016-09-20,bounded45,17,SBGI,75.74162679425838,-0.09124285389604381,-0.09631432545201679,-0.1019350380096753,0.3627472613255854
2016-09-20,bounded45,18,CSIQ,74.88038277511961,-0.06441836972569537,-0.09947643979057597,-0.1881321645313554,0.3656089441131893
2016-09-20,bounded45,19,XOM,74.7846889952153,-0.04716278693918052,-0.061938856688259936,-0.07663049558116108,0.16123273349875314
2016-09-20,bounded45,20,CAG,74.688995215311,-0.05350556133130291,-0.09232450150232185,-0.09058565955117681,0.20875980349216128
2016-09-20,efficient60,1,XOM,89.15470494417863,-0.04716278693918052,-0.061938856688259936,-0.07663049558116108,0.16123273349875314
2016-09-20,efficient60,2,DLTR,88.9952153110048,-0.04911891382416722,-0.16771094402673348,-0.13265861355969089,0.3725607712850933
2016-09-20,efficient60,3,LOW,88.6762360446571,-0.041576021271451324,-0.07659464355026524,-0.07383856735011673,0.1631074209714905
2016-09-20,efficient60,4,PSA,88.03827751196172,-0.021022905553813254,-0.04383102566363872,-0.10144206862257577,0.1432515572408149
2016-09-20,efficient60,5,BMY,86.4433811802233,-0.023412782113477082,-0.062436719541005714,-0.21314261436057214,0.18345692003922467
2016-09-20,efficient60,6,MO,85.32695374800639,-0.03316444035006483,-0.05079891468194153,-0.06042972247090417,0.18856835259293483
2016-09-20,efficient60,7,DIS,84.05103668261565,-0.010475440202692754,-0.030457911755502276,-0.028938570831592125,0.09691226949797276
2016-09-20,efficient60,8,FOXA,83.89154704944181,-0.01638669301712825,-0.04896496815286622,-0.1132145508537491,0.20383237367377466
2016-09-20,efficient60,9,KMB,83.41307814992027,-0.019608621600057163,-0.03077164612606953,-0.058056148916692196,0.13474272278070515
2016-09-20,efficient60,10,CLX,82.93460925039874,-0.03240092966015817,-0.057206140685862716,-0.08481613285883749,0.1624582808022809
2016-09-20,efficient60,11,VZ,82.77511961722489,-0.020630372492834947,-0.02435775451950517,-0.05805621899687663,0.18217507814176756
2016-09-20,efficient60,12,CVS,82.4561403508772,-0.02787080047531898,-0.08173469387755106,-0.03795167842634184,0.1665726326265531
2016-09-20,efficient60,13,CTSH,75.43859649122808,-0.06097625844429766,-0.08278489781780396,-0.08705395621444578,0.2138377776582232
2016-09-20,efficient60,14,SHY,75.11961722488039,-0.00015295377266288934,-0.0008230452674896638,-0.002582159624413105,0.00742875165448482
2016-09-20,efficient60,15,KO,74.96012759170654,-0.0173598217601193,-0.03200731595793316,-0.0361939449123605,0.17108855610981363
2016-09-20,efficient60,16,CPB,74.00318979266348,-0.04671974218810904,-0.10259337791551126,-0.11826923076923068,0.2707939670656801
2016-09-20,efficient60,17,LULU,73.68421052631578,-0.07767910421566182,-0.18000249656722012,-0.05644929617925898,0.40802582779309815
2016-09-20,efficient60,18,CBRL,72.72727272727273,-0.0736619042541854,-0.13931025942666087,-0.18769356629462985,0.287796195005047
2016-09-20,efficient60,19,COST,71.92982456140352,-0.03258516613634821,-0.09390258425628206,-0.021792234507585606,0.1808597100315874
2016-09-20,efficient60,20,FAST,71.61084529505582,-0.0529062870699889,-0.09601449275362306,-0.08775137111517362,0.18973282612381215
2016-10-18,legacy_short_proxy,1,MCD,88.82958801498127,-0.030661589802122413,-0.04465435809360241,-0.12676609105180536,0.12464420266261325
2016-10-18,legacy_short_proxy,2,GILD,85.8380149812734,-0.045941906556636214,-0.10234776228906828,-0.17097684923771883,0.1550495408668379
2016-10-18,legacy_short_proxy,3,GIS,85.6928838951311,-0.01920868153193933,-0.04312210200927369,-0.13642070023713215,0.09550654085841358
2016-10-18,legacy_short_proxy,4,TSCO,83.375468164794,-0.03633141338059376,-0.03476331360946738,-0.2845394736842104,0.13796336932366304
2016-10-18,legacy_short_proxy,5,NVO,82.76685393258427,-0.0307085673318217,-0.12283737024221453,-0.2665461121157323,0.21937606018795902
2016-10-18,legacy_short_proxy,6,GE,82.33614232209739,-0.013295653802286256,-0.023255813953488413,-0.08407079646017701,0.10010288906376885
2016-10-18,legacy_short_proxy,7,TEVA,82.0739700374532,-0.06616297895305123,-0.1409849086576649,-0.20375483158475982,0.28102414705268874
2016-10-18,legacy_short_proxy,8,IBM,81.90543071161048,-0.03263074118764653,-0.024150210424085383,-0.07334767906547801,0.15357330386535262
2016-10-18,legacy_short_proxy,9,BX,81.80711610486891,-0.05001408280690822,-0.09052388289676427,-0.14703757225433522,0.15612104992514725
2016-10-18,legacy_short_proxy,10,PFE,81.72752808988764,-0.024572187327492334,-0.03312629399585931,-0.11120174007612837,0.14992368094480438
2016-10-18,legacy_short_proxy,11,CVS,80.67883895131087,-0.011664153980436964,-0.031114568285364963,-0.07284134410888987,0.1499143572452685
2016-10-18,legacy_short_proxy,12,HSIC,80.46348314606742,-0.04591929816211726,-0.05795739348370932,-0.14719228587634703,0.19281311415354035
2016-10-18,legacy_short_proxy,13,UVXY,80.32303370786518,-0.04232370115286721,-0.2233705682370083,-0.47050331125827816,1.1271993548730823
2016-10-18,legacy_short_proxy,14,JNJ,80.18258426966294,-0.025623707205878477,-0.021534548537515907,-0.07590679798222444,0.15866482480645416
2016-10-18,legacy_short_proxy,15,SNY,80.13576779026216,-0.012161436856090613,-0.03181934821657695,-0.10465116279069775,0.14264667690231075
2016-10-18,legacy_short_proxy,16,VOD,79.99531835205993,-0.02037549372727121,-0.04284257055423335,-0.10150015959144587,0.14932689424954002
2016-10-18,legacy_short_proxy,17,CI,79.58333333333334,-0.028901280138224683,-0.06019609333434661,-0.1181085514585265,0.22333572522318107
2016-10-18,legacy_short_proxy,18,XLV,79.3492509363296,-0.019465467645992995,-0.026074895977808543,-0.06260846348952076,0.14739144341991062
2016-10-18,legacy_short_proxy,19,XLU,79.28838951310863,-0.0049526314707888375,-0.024969794603302398,-0.0808656036446469,0.16687804715789073
2016-10-18,legacy_short_proxy,20,LEN,78.937265917603,-0.006448248067902118,-0.03655172413793106,-0.14730417090539172,0.16045515994160314
2016-10-18,mirror28,1,GILD,88.25192802056556,-0.045941906556636214,-0.10234776228906828,-0.17097684923771883,0.1550495408668379
2016-10-18,mirror28,2,BX,88.02056555269922,-0.05001408280690822,-0.09052388289676427,-0.14703757225433522,0.15612104992514725
2016-10-18,mirror28,3,WSM,84.80719794344473,-0.05421456324361229,-0.05472837022132804,-0.13128698224852076,0.17376089676672232
2016-10-18,mirror28,4,MCD,83.65038560411311,-0.030661589802122413,-0.04465435809360241,-0.12676609105180536,0.12464420266261325
2016-10-18,mirror28,5,HSIC,82.46786632390744,-0.04591929816211726,-0.05795739348370932,-0.14719228587634703,0.19281311415354035
2016-10-18,mirror28,6,ESS,81.43958868894602,-0.04882282092497958,-0.08113608210936119,-0.08259717314487636,0.1484128018193061
2016-10-18,mirror28,7,CRI,79.94858611825192,-0.03446570847426744,-0.10527960012496096,-0.22865607325612713,0.18750027495030744
2016-10-18,mirror28,8,SHAK,79.89717223650385,-0.0529685508492167,-0.06304985337243407,-0.21958964338055686,0.2364002180962143
2016-10-18,mirror28,9,AAP,78.3547557840617,-0.03136431377862148,-0.019877990266639056,-0.14207715845683078,0.1764868281188424
2016-10-18,mirror28,10,OUT,77.91773778920309,-0.042968333511036017,-0.036909871244635184,-0.0892857142857143,0.17402343031128115
2016-10-18,mirror28,11,ANF,77.42930591259639,-0.04100199401794624,-0.08664688427299705,-0.23924864063272366,0.246834325271419
2016-10-18,mirror28,12,DVA,77.40359897172236,-0.029724485836242986,-0.03815971687951991,-0.19797279958942782,0.18648607860789954
2016-10-18,mirror28,13,MLKN,76.96658097686375,-0.04348968598081693,-0.15085536547433898,-0.16257668711656448,0.24553826359144007
2016-10-18,mirror28,14,MAC,76.94087403598971,-0.029126213592233885,-0.047085201793722,-0.1384164883432819,0.17365526830284397
2016-10-18,mirror28,15,BXP,76.81233933161954,-0.03971972319645367,-0.06015370972509593,-0.08549651254763779,0.16893173657683966
2016-10-18,mirror28,16,TPR,76.27249357326478,-0.02614370048803294,-0.017299107142857317,-0.18585298196948685,0.17171071130117907
2016-10-18,mirror28,17,CMG,76.1439588688946,-0.05607935690239385,-0.01610889110889102,-0.10770101925254816,0.24363433961116465
2016-10-18,mirror28,18,DEO,75.98971722365039,-0.04680063458487882,-0.055788370874803594,-0.04948145544032334,0.1300978668040218
2016-10-18,mirror28,19,IRM,75.96401028277636,-0.04507577875957569,-0.06693989071038264,-0.16930187302359523,0.26631732094795657
2016-10-18,mirror28,20,VMRK,75.73264781491002,-0.026442882417635483,-0.06333384450237689,-0.12941847206385404,0.1663679046470127
2016-10-18,bounded45,1,GILD,86.48148148148147,-0.045941906556636214,-0.10234776228906828,-0.17097684923771883,0.1550495408668379
2016-10-18,bounded45,2,BX,86.05820105820105,-0.05001408280690822,-0.09052388289676427,-0.14703757225433522,0.15612104992514725
2016-10-18,bounded45,3,WSM,83.04232804232804,-0.05421456324361229,-0.05472837022132804,-0.13128698224852076,0.17376089676672232
2016-10-18,bounded45,4,HSIC,80.8994708994709,-0.04591929816211726,-0.05795739348370932,-0.14719228587634703,0.19281311415354035
2016-10-18,bounded45,5,TEVA,79.97354497354499,-0.06616297895305123,-0.1409849086576649,-0.20375483158475982,0.28102414705268874
2016-10-18,bounded45,6,SHAK,79.94708994708995,-0.0529685508492167,-0.06304985337243407,-0.21958964338055686,0.2364002180962143
2016-10-18,bounded45,7,MCD,79.52380952380952,-0.030661589802122413,-0.04465435809360241,-0.12676609105180536,0.12464420266261325
2016-10-18,bounded45,8,ESS,78.57142857142857,-0.04882282092497958,-0.08113608210936119,-0.08259717314487636,0.1484128018193061
2016-10-18,bounded45,9,CRI,78.25396825396824,-0.03446570847426744,-0.10527960012496096,-0.22865607325612713,0.18750027495030744
2016-10-18,bounded45,10,FTNT,78.20105820105819,-0.10816294228528123,-0.12507058159232065,-0.15258408531583256,0.4102387397387843
2016-10-18,bounded45,11,BKD,78.14814814814814,-0.07077255537546912,-0.1244343891402715,-0.137123745819398,0.2828115918067105
2016-10-18,bounded45,12,NOK,78.04232804232805,-0.08494349252643174,-0.08727272727272739,-0.13597246127366613,0.31144734492466775
2016-10-18,bounded45,13,VAC,77.5925925925926,-0.07253922465348406,-0.11518324607329844,-0.1685379084142803,0.38092667568399047
2016-10-18,bounded45,14,ANF,77.06349206349205,-0.04100199401794624,-0.08664688427299705,-0.23924864063272366,0.246834325271419
2016-10-18,bounded45,15,AVNT,76.6137566137566,-0.05427239294012598,-0.022271714922048935,-0.17768263312817767,0.3127939960774399
2016-10-18,bounded45,16,WT,75.97883597883599,-0.053739778439070074,-0.1232622798887858,-0.2023608768971331,0.352846807500175
2016-10-18,bounded45,17,MLKN,75.95238095238096,-0.04348968598081693,-0.15085536547433898,-0.16257668711656448,0.24553826359144007
2016-10-18,bounded45,18,AAP,75.60846560846561,-0.03136431377862148,-0.019877990266639056,-0.14207715845683078,0.1764868281188424
2016-10-18,bounded45,19,CNC,75.60846560846561,-0.044284691749913785,-0.08191330343796721,-0.18389582779697056,0.2868384583763117
2016-10-18,bounded45,20,IRM,75.60846560846561,-0.04507577875957569,-0.06693989071038264,-0.16930187302359523,0.26631732094795657
2016-10-18,efficient60,1,GE,97.17813051146385,-0.013295653802286256,-0.023255813953488413,-0.08407079646017701,0.10010288906376885
2016-10-18,efficient60,2,MCD,93.20987654320989,-0.030661589802122413,-0.04465435809360241,-0.12676609105180536,0.12464420266261325
2016-10-18,efficient60,3,GIS,93.12169312169313,-0.01920868153193933,-0.04312210200927369,-0.13642070023713215,0.09550654085841358
2016-10-18,efficient60,4,GILD,92.85714285714286,-0.045941906556636214,-0.10234776228906828,-0.17097684923771883,0.1550495408668379
2016-10-18,efficient60,5,DIS,90.38800705467372,-0.010441540398562932,-0.019150080688542293,-0.06386692678919803,0.09639303592928415
2016-10-18,efficient60,6,VZ,90.29982363315696,-0.017040954997410318,-0.019504583577140577,-0.1002326830141399,0.1213706018011917
2016-10-18,efficient60,7,JNJ,88.35978835978837,-0.025623707205878477,-0.021534548537515907,-0.07590679798222444,0.15866482480645416
2016-10-18,efficient60,8,LMT,88.27160493827162,-0.02318360153577903,-0.03197771124417825,-0.0893122603865113,0.1134367487543736
2016-10-18,efficient60,9,XLP,88.27160493827161,-0.00746112809219357,-0.010223400227186707,-0.05699855699855694,0.09122226621723671
2016-10-18,efficient60,10,KO,86.24338624338625,-0.0013562709686627539,-0.008738781294284514,-0.07899934167215272,0.11212566607417657
2016-10-18,efficient60,11,SBUX,86.24338624338625,-0.01727841598954105,-0.012945590994371425,-0.09214840379637623,0.10450861033360287
2016-10-18,efficient60,12,PFE,85.62610229276895,-0.024572187327492334,-0.03312629399585931,-0.11120174007612837,0.14992368094480438
2016-10-18,efficient60,13,MO,85.27336860670195,-0.00040679263945053723,-0.0049229791964428005,-0.08924418604651163,0.1324745619382971
2016-10-18,efficient60,14,MMM,84.92063492063492,-0.02085613873364922,-0.04307432432432434,-0.05388854868340487,0.11861306672423601
2016-10-18,efficient60,15,ORCL,84.83245149911818,-0.010864528088150083,-0.016636805733299176,-0.06656948493683179,0.10890259710510845
2016-10-18,efficient60,16,LOW,84.47971781305115,-0.01786276086272498,-0.015832983046097926,-0.1327324361032226,0.15345731231867654
2016-10-18,efficient60,17,XLV,84.39153439153439,-0.019465467645992995,-0.026074895977808543,-0.06260846348952076,0.14739144341991062
2016-10-18,efficient60,18,MCK,84.30335097001765,-0.0162432142933,-0.0163834951456312,-0.17300137748074074,0.12746747170851994
2016-10-18,efficient60,19,T,83.24514991181658,-0.01627052560545772,-0.01501501501501501,-0.0833721471821145,0.1480375500178904
2016-10-18,efficient60,20,PPG,81.56966490299824,-0.05954238696471348,-0.08344854829152681,-0.12928042030209208,0.32332973491761063
2016-11-15,legacy_short_proxy,1,TLT,89.98305084745763,-0.05789345564000714,-0.08241758241758257,-0.1284672576494138,0.17156491761343087
2016-11-15,legacy_short_proxy,2,PM,86.67372881355931,-0.07583438952260524,-0.09382767191383601,-0.12604874151018786,0.22535766617424344
2016-11-15,legacy_short_proxy,3,BUD,85.28389830508473,-0.11190680099671735,-0.19365426695842447,-0.17752092467118374,0.2860379434163555
2016-11-15,legacy_short_proxy,4,VOD,84.02118644067797,-0.060862555421201,-0.08952042628774426,-0.18141168955605236,0.14941404533288213
2016-11-15,legacy_short_proxy,5,IYR,83.51271186440677,-0.018052427207459365,-0.04920573917499371,-0.09972100921882587,0.19488130022965985
2016-11-15,legacy_short_proxy,6,XLP,83.23305084745763,-0.0241792465072036,-0.029074215761285438,-0.0770909090909091,0.14283528866409864
2016-11-15,legacy_short_proxy,7,GLD,83.13559322033899,-0.032254066359014844,-0.02740408570004982,-0.08342463609328532,0.13934285353149556
2016-11-15,legacy_short_proxy,8,EMB,83.1313559322034,-0.03393774421565421,-0.049503239740820715,-0.06421706217572509,0.1652139248338459
2016-11-15,legacy_short_proxy,9,CCI,82.65254237288136,-0.07008351164501636,-0.09834458723589623,-0.11652971934692125,0.27924298525472097
2016-11-15,legacy_short_proxy,10,SBAC,81.77118644067797,-0.1052934805152892,-0.12833408172429273,-0.14469510045823053,0.28557413803428544
2016-11-15,legacy_short_proxy,11,AMT,81.53389830508475,-0.08248665709169012,-0.0933858957512046,-0.09710347234339567,0.2935793188727168
2016-11-15,legacy_short_proxy,12,NEE,81.30508474576273,-0.06068325821412568,-0.08056265984654731,-0.0799744081893794,0.2698924508407444
2016-11-15,legacy_short_proxy,13,INFY,81.28389830508475,-0.07602956705385522,-0.12005028284098052,-0.11392405063291144,0.20588159629798342
2016-11-15,legacy_short_proxy,14,EEM,81.01694915254238,-0.044394692295093297,-0.06641771138970398,-0.05660377358490565,0.24264214266444042
2016-11-15,legacy_short_proxy,15,WELL,80.95338983050847,-0.06158883954604455,-0.10763543295890798,-0.18110647181628392,0.2595495447648297
2016-11-15,legacy_short_proxy,16,BABA,80.57627118644068,-0.08458532218069681,-0.11941165086123484,-0.04861474124411924,0.2256572162469141
2016-11-15,legacy_short_proxy,17,GDX,80.34745762711863,-0.08093184528482456,-0.09046280991735534,-0.2528581126951799,0.5255807614527224
2016-11-15,legacy_short_proxy,18,XLU,80.22457627118644,-0.025173629215592186,-0.03469640644361838,-0.07261904761904758,0.21851902734551973
2016-11-15,legacy_short_proxy,19,VNQ,80.08474576271186,-0.013315842882956064,-0.04845446950710108,-0.10425794854510728,0.21247218331338366
2016-11-15,legacy_short_proxy,20,IEF,79.96610169491525,-0.027201812236250955,-0.037679587964218,-0.050040139149050034,0.06344000926128046
2016-11-15,mirror28,1,VOD,90.69767441860465,-0.060862555421201,-0.08952042628774426,-0.18141168955605236,0.14941404533288213
2016-11-15,mirror28,2,TLT,85.72093023255813,-0.05789345564000714,-0.08241758241758257,-0.1284672576494138,0.17156491761343087
2016-11-15,mirror28,3,SNN,85.30232558139535,-0.051446113516031566,-0.1068528743098408,-0.17541229385307355,0.18482890627829252
2016-11-15,mirror28,4,UL,84.23255813953489,-0.04469369407936663,-0.07445043550394015,-0.15361274416840498,0.1601871988230627
2016-11-15,mirror28,5,E,83.81395348837208,-0.06256005310878543,-0.09845430107526887,-0.11917268548916615,0.1990658501458803
2016-11-15,mirror28,6,INFY,83.48837209302327,-0.07602956705385522,-0.12005028284098052,-0.11392405063291144,0.20588159629798342
2016-11-15,mirror28,7,GLPI,82.7906976744186,-0.05575751853075883,-0.09063352531070024,-0.14015477214101468,0.20315343267024405
2016-11-15,mirror28,8,PM,81.06976744186046,-0.07583438952260524,-0.09382767191383601,-0.12604874151018786,0.22535766617424344
2016-11-15,mirror28,9,DEO,80.7906976744186,-0.042893028105598474,-0.0663892741562645,-0.11816593886462878,0.14121536971414095
2016-11-15,mirror28,10,ENR,80.09302325581396,-0.060499445896946336,-0.10477752716834132,-0.11851403189985876,0.20972794854422958
2016-11-15,mirror28,11,MNST,80.09302325581396,-0.10362939682265904,-0.1488143908421914,-0.2149321266968326,0.2776894893242916
2016-11-15,mirror28,12,POST,80.09302325581396,-0.06742929522829455,-0.131268436578171,-0.17284961966062018,0.2489417315667237
2016-11-15,mirror28,13,SONY,79.81395348837209,-0.04952974031393487,-0.11611940298507473,-0.10299909118448969,0.1692314910299881
2016-11-15,mirror28,14,EL,78.7906976744186,-0.06218525912032069,-0.11315159119425122,-0.14915736485007658,0.2482643482457363
2016-11-15,mirror28,15,WELL,78.3720930232558,-0.06158883954604455,-0.10763543295890798,-0.18110647181628392,0.2595495447648297
2016-11-15,mirror28,16,HYD,77.90697674418605,-0.048671857477008196,-0.06163084702907706,-0.08137376237623761,0.14290410481476432
2016-11-15,mirror28,17,RWX,77.67441860465117,-0.03723630185473581,-0.05100228368434401,-0.12227176719080035,0.13751161246146723
2016-11-15,mirror28,18,ELS,77.39534883720931,-0.06299862448418214,-0.08881754949170684,-0.1320081549439347,0.25596173624581736
2016-11-15,mirror28,19,CL,76.83720930232558,-0.05064013002195766,-0.07423884331989439,-0.10617449664429524,0.2074998007907921
2016-11-15,mirror28,20,REG,76.09302325581395,-0.05544379742368066,-0.09861242085410216,-0.1642518111416439,0.25061649450668155
2016-11-15,bounded45,1,VOD,88.07432432432432,-0.060862555421201,-0.08952042628774426,-0.18141168955605236,0.14941404533288213
2016-11-15,bounded45,2,MNST,84.89864864864865,-0.10362939682265904,-0.1488143908421914,-0.2149321266968326,0.2776894893242916
2016-11-15,bounded45,3,BUD,83.64864864864865,-0.11190680099671735,-0.19365426695842447,-0.17752092467118374,0.2860379434163555
2016-11-15,bounded45,4,HLF,83.27702702702702,-0.0952976314509979,-0.16021921341070278,-0.17952755905511808,0.284728627490797
2016-11-15,bounded45,5,SNN,82.26351351351352,-0.051446113516031566,-0.1068528743098408,-0.17541229385307355,0.18482890627829252
2016-11-15,bounded45,6,INFY,82.02702702702702,-0.07602956705385522,-0.12005028284098052,-0.11392405063291144,0.20588159629798342
2016-11-15,bounded45,7,SBAC,81.79054054054055,-0.1052934805152892,-0.12833408172429273,-0.14469510045823053,0.28557413803428544
2016-11-15,bounded45,8,TLT,81.48648648648647,-0.05789345564000714,-0.08241758241758257,-0.1284672576494138,0.17156491761343087
2016-11-15,bounded45,9,E,81.08108108108108,-0.06256005310878543,-0.09845430107526887,-0.11917268548916615,0.1990658501458803
2016-11-15,bounded45,10,POST,80.8108108108108,-0.06742929522829455,-0.131268436578171,-0.17284961966062018,0.2489417315667237
2016-11-15,bounded45,11,PM,80.50675675675674,-0.07583438952260524,-0.09382767191383601,-0.12604874151018786,0.22535766617424344
2016-11-15,bounded45,12,UNIT,80.27027027027027,-0.1273529464947688,-0.19940278699402791,-0.18424611223799858,0.3738505652613093
2016-11-15,bounded45,13,FAZ,80.06756756756758,-0.16811377122305793,-0.2085812715314751,-0.21643410852713174,0.44831497690259947
2016-11-15,bounded45,14,GLPI,79.83108108108108,-0.05575751853075883,-0.09063352531070024,-0.14015477214101468,0.20315343267024405
2016-11-15,bounded45,15,WELL,79.69594594594595,-0.06158883954604455,-0.10763543295890798,-0.18110647181628392,0.2595495447648297
2016-11-15,bounded45,16,IFF,79.08783783783782,-0.07631040539536427,-0.0918461538461538,-0.14194345519296458,0.286532228456563
2016-11-15,bounded45,17,ABEV,79.02027027027027,-0.10088865656038037,-0.1568627450980392,-0.15409836065573768,0.33535741944334824
2016-11-15,bounded45,18,UL,79.02027027027027,-0.04469369407936663,-0.07445043550394015,-0.15361274416840498,0.1601871988230627
2016-11-15,bounded45,19,EL,78.68243243243244,-0.06218525912032069,-0.11315159119425122,-0.14915736485007658,0.2482643482457363
2016-11-15,bounded45,20,DHC,78.10810810810813,-0.08646494020908047,-0.17106460418562341,-0.1607554122524183,0.34619654189638427
2016-11-15,efficient60,1,TLT,95.04504504504506,-0.05789345564000714,-0.08241758241758257,-0.1284672576494138,0.17156491761343087
2016-11-15,efficient60,2,LQD,93.80630630630631,-0.02232400297044601,-0.0367069980379332,-0.04860718611223247,0.0618605852167405
2016-11-15,efficient60,3,AGG,92.56756756756758,-0.017493204606204626,-0.025505638088419547,-0.033377718597425665,0.0401774392978765
2016-11-15,efficient60,4,IEF,90.54054054054055,-0.027201812236250955,-0.037679587964218,-0.050040139149050034,0.06344000926128046
2016-11-15,efficient60,5,GLD,88.4009009009009,-0.032254066359014844,-0.02740408570004982,-0.08342463609328532,0.13934285353149556
2016-11-15,efficient60,6,BND,87.16216216216218,-0.017554870284651858,-0.02584968884633787,-0.034629981024667744,0.041869655626310995
2016-11-15,efficient60,7,VOD,85.36036036036037,-0.060862555421201,-0.08952042628774426,-0.18141168955605236,0.14941404533288213
2016-11-15,efficient60,8,BSV,84.009009009009,-0.006267565349314386,-0.008806747705284113,-0.01138191265619204,0.016252963062253746
2016-11-15,efficient60,9,PM,83.8963963963964,-0.07583438952260524,-0.09382767191383601,-0.12604874151018786,0.22535766617424344
2016-11-15,efficient60,10,EMB,83.55855855855857,-0.03393774421565421,-0.049503239740820715,-0.06421706217572509,0.1652139248338459
2016-11-15,efficient60,11,VCSH,83.44594594594595,-0.00632272064050432,-0.009571162212554385,-0.013495109570384911,0.01873324289075361
2016-11-15,efficient60,12,SHY,82.77027027027027,-0.0027514773724869324,-0.0037669217186581117,-0.004938271604938316,0.009451075304151794
2016-11-15,efficient60,13,EL,82.65765765765767,-0.06218525912032069,-0.11315159119425122,-0.14915736485007658,0.2482643482457363
2016-11-15,efficient60,14,XLP,82.65765765765765,-0.0241792465072036,-0.029074215761285438,-0.0770909090909091,0.14283528866409864
2016-11-15,efficient60,15,CL,81.75675675675676,-0.05064013002195766,-0.07423884331989439,-0.10617449664429524,0.2074998007907921
2016-11-15,efficient60,16,TIP,81.41891891891892,-0.017047118067480937,-0.02206257541803136,-0.02382947603888841,0.04528430635470505
2016-11-15,efficient60,17,BUD,81.1936936936937,-0.11190680099671735,-0.19365426695842447,-0.17752092467118374,0.2860379434163555
2016-11-15,efficient60,18,KMB,80.96846846846847,-0.006993860750660996,-0.055334328853492654,-0.10613077949603578,0.22027882399382978
2016-11-15,efficient60,19,PFF,80.2927927927928,-0.02658316659303972,-0.04414391426384279,-0.06466916354556795,0.11371664015925304
2016-11-15,efficient60,20,T,80.06756756756758,-0.00433252098564707,-0.06580284552845517,-0.1011977511610852,0.19145048611554727
2016-12-14,legacy_short_proxy,1,TLT,87.91385135135135,-0.026422925148239962,-0.04175211221392838,-0.1332541920166197,0.12834177233717164
2016-12-14,legacy_short_proxy,2,GLD,87.36908783783784,-0.034317867780948585,-0.07061133879781434,-0.1322544642857143,0.115911326056264
2016-12-14,legacy_short_proxy,3,BIIB,86.74408783783785,-0.04572200090010692,-0.11262322524645041,-0.06774141019377955,0.20914060755565006
2016-12-14,legacy_short_proxy,4,LQD,84.45101351351352,-0.009144904308480584,-0.018840702707290102,-0.05121050471891664,0.06237710823760329
2016-12-14,legacy_short_proxy,5,SDS,83.4079391891892,-0.03707518022657186,-0.06907280647168634,-0.11321873147599293,0.1562065576302309
2016-12-14,legacy_short_proxy,6,AGG,82.91385135135134,-0.00855237928023267,-0.014693727615024299,-0.03991051454138694,0.04361268960113106
2016-12-14,legacy_short_proxy,7,BND,82.88429054054055,-0.00845147050640449,-0.014864864864864935,-0.04090419806243273,0.04204435300719727
2016-12-14,legacy_short_proxy,8,IBB,81.62162162162163,-0.025261158594491184,-0.075172484811039,-0.08887085320077093,0.18930630496751766
2016-12-14,legacy_short_proxy,9,FXI,81.48226351351352,-0.020020433155836792,-0.0013789299503584873,-0.04433887569279493,0.16615081335031995
2016-12-14,legacy_short_proxy,10,SH,81.44425675675674,-0.018375111302988634,-0.03398831651619738,-0.058001035732780815,0.0780860756926378
2016-12-14,legacy_short_proxy,11,GDX,80.94172297297297,-0.05641244596252781,-0.09635269958384063,-0.23676132003069827,0.3807828988328468
2016-12-14,legacy_short_proxy,12,IEF,80.80236486486486,-0.014460279331196868,-0.025352112676056415,-0.06545421806068241,0.058541799046215655
2016-12-14,legacy_short_proxy,13,SPXU,80.21537162162163,-0.055550342497887706,-0.1009379187137115,-0.16783794956593634,0.22686879650299754
2016-12-14,legacy_short_proxy,14,LMT,80.19847972972973,-0.039788091164948414,-0.05125408942202836,0.04915169660678642,0.1399465255939484
2016-12-14,legacy_short_proxy,15,UHS,80.11402027027027,-0.14789533083561524,-0.17034313725490202,-0.17102040816326536,0.5168024935591282
2016-12-14,legacy_short_proxy,16,IAU,80.00844594594595,-0.03390128227647948,-0.07016060862214712,-0.13180741910023674,0.11706809653953107
2016-12-14,legacy_short_proxy,17,AFL,79.87753378378379,-0.01067090475649557,-0.03834482758620694,-0.03781396632624889,0.16480369557988658
2016-12-14,legacy_short_proxy,18,UVXY,79.7635135135135,-0.09747640146407244,-0.2382113821138211,-0.5449247207382224,0.7250872049765692
2016-12-14,legacy_short_proxy,19,TZA,79.58614864864866,-0.044695130658290005,-0.12928416485900218,-0.2984970290108354,0.4048745420046492
2016-12-14,legacy_short_proxy,20,MUB,79.22719594594595,-0.0006037245158569959,-0.010756642456559717,-0.04432009947597482,0.04773993596907755
2016-12-14,mirror28,1,GLD,87.5625,-0.034317867780948585,-0.07061133879781434,-0.1322544642857143,0.115911326056264
2016-12-14,mirror28,2,IAU,86.75,-0.03390128227647948,-0.07016060862214712,-0.13180741910023674,0.11706809653953107
2016-12-14,mirror28,3,SPXU,84.0625,-0.055550342497887706,-0.1009379187137115,-0.16783794956593634,0.22686879650299754
2016-12-14,mirror28,4,SDS,84.0,-0.03707518022657186,-0.06907280647168634,-0.11321873147599293,0.1562065576302309
2016-12-14,mirror28,5,CCEP,82.5,-0.03309757815130032,-0.10105323085681761,-0.20553459119496864,0.21113565432649103
2016-12-14,mirror28,6,TLT,82.375,-0.026422925148239962,-0.04175211221392838,-0.1332541920166197,0.12834177233717164
2016-12-14,mirror28,7,SSNC,79.9375,-0.04923208471733076,-0.09628008752735229,-0.08973551637279598,0.1929889210932349
2016-12-14,mirror28,8,MANH,78.3125,-0.029675612248761807,-0.013089509143407119,-0.13204672422549513,0.19864356358168692
2016-12-14,mirror28,9,DHC,77.8125,-0.03190501918734556,-0.04116355653128434,-0.214478417266187,0.23730980400219073
2016-12-14,mirror28,10,AGNC,76.625,-0.0394373003302122,-0.07209543568464738,-0.08491048593350381,0.19713195214974755
2016-12-14,mirror28,11,MPT,76.1875,-0.02494981359334636,-0.03565640194489461,-0.16957431960921143,0.21652135175532453
2016-12-14,mirror28,12,XRX,75.3125,-0.04235132625459492,-0.06133755441234667,-0.0823984526112187,0.2105692781963274
2016-12-14,mirror28,13,TRIP,75.25,-0.0330179100840674,-0.04798080767692936,-0.20962655601659752,0.26696726940559273
2016-12-14,mirror28,14,IFF,74.6875,-0.02297167418089263,0.003133999661189213,-0.14330150462962965,0.20867583084988306
2016-12-14,mirror28,15,SIMO,74.625,-0.04147119948401945,-0.06010810810810818,-0.1368149324861001,0.2762600216034153
2016-12-14,mirror28,16,EWH,74.5625,-0.028904238165144758,-0.02911453320500479,-0.07665903890160186,0.14932809020626484
2016-12-14,mirror28,17,IGOV,73.81249999999999,-0.01900674432863292,-0.03614457831325302,-0.09695625881878656,0.10829759008504616
2016-12-14,mirror28,18,BIIB,73.75,-0.04572200090010692,-0.11262322524645041,-0.06774141019377955,0.20914060755565006
2016-12-14,mirror28,19,TWM,71.625,-0.02742736225279019,-0.08778625954198471,-0.2009361417586092,0.2694767618419319
2016-12-14,mirror28,20,AMH,71.3125,-0.05301400640565923,-0.034600389863547854,-0.0803156917363046,0.24643903109436488
2016-12-14,bounded45,1,SPXU,83.59281437125748,-0.055550342497887706,-0.1009379187137115,-0.16783794956593634,0.22686879650299754
2016-12-14,bounded45,2,TEAM,80.53892215568862,-0.0716410395084075,-0.1082049444643497,-0.17746199603436885,0.3268651687881306
2016-12-14,bounded45,3,SITE,80.0,-0.06120516159583478,-0.09988649262202054,-0.18394648829431437,0.340810177519178
2016-12-14,bounded45,4,GDX,78.68263473053891,-0.05641244596252781,-0.09635269958384063,-0.23676132003069827,0.3807828988328468
2016-12-14,bounded45,5,MOMO,78.38323353293414,-0.07419558811247884,-0.05458089668615984,-0.17935702199661596,0.3904257052117183
2016-12-14,bounded45,6,GLD,78.1437125748503,-0.034317867780948585,-0.07061133879781434,-0.1322544642857143,0.115911326056264
2016-12-14,bounded45,7,CCEP,77.36526946107786,-0.03309757815130032,-0.10105323085681761,-0.20553459119496864,0.21113565432649103
2016-12-14,bounded45,8,IAU,77.36526946107783,-0.03390128227647948,-0.07016060862214712,-0.13180741910023674,0.11706809653953107
2016-12-14,bounded45,9,HUBS,77.24550898203593,-0.10052177125178985,-0.13499111900532845,-0.1220479538489273,0.30566636012117965
2016-12-14,bounded45,10,BIB,76.64670658682634,-0.05294401877545296,-0.1494110353378798,-0.1878453038674034,0.3742332588240047
2016-12-14,bounded45,11,SSNC,76.46706586826348,-0.04923208471733076,-0.09628008752735229,-0.08973551637279598,0.1929889210932349
2016-12-14,bounded45,12,FNV,76.16766467065868,-0.04096753483368465,-0.055859241544243154,-0.22351784209047487,0.2988035106975208
2016-12-14,bounded45,13,SDS,75.688622754491,-0.03707518022657186,-0.06907280647168634,-0.11321873147599293,0.1562065576302309
2016-12-14,bounded45,14,DHC,74.07185628742515,-0.03190501918734556,-0.04116355653128434,-0.214478417266187,0.23730980400219073
2016-12-14,bounded45,15,VRTX,72.45508982035929,-0.04640744077329828,-0.15828497743391368,-0.145708365143418,0.3712585397138695
2016-12-14,bounded45,16,SIMO,72.45508982035928,-0.04147119948401945,-0.06010810810810818,-0.1368149324861001,0.2762600216034153
2016-12-14,bounded45,17,TRIP,72.21556886227545,-0.0330179100840674,-0.04798080767692936,-0.20962655601659752,0.26696726940559273
2016-12-14,bounded45,18,NUS,71.91616766467067,-0.043382820172145786,-0.0767515331722729,-0.15625,0.3728333083747991
2016-12-14,bounded45,19,TLT,71.67664670658684,-0.026422925148239962,-0.04175211221392838,-0.1332541920166197,0.12834177233717164
2016-12-14,bounded45,20,AGNC,70.8383233532934,-0.0394373003302122,-0.07209543568464738,-0.08491048593350381,0.19713195214974755
2016-12-14,efficient60,1,GLD,91.41716566866269,-0.034317867780948585,-0.07061133879781434,-0.1322544642857143,0.115911326056264
2016-12-14,efficient60,2,IEF,90.41916167664671,-0.014460279331196868,-0.025352112676056415,-0.06545421806068241,0.058541799046215655
2016-12-14,efficient60,3,AGG,90.21956087824354,-0.00855237928023267,-0.014693727615024299,-0.03991051454138694,0.04361268960113106
2016-12-14,efficient60,4,LQD,90.01996007984033,-0.009144904308480584,-0.018840702707290102,-0.05121050471891664,0.06237710823760329
2016-12-14,efficient60,5,TLT,89.42115768463076,-0.026422925148239962,-0.04175211221392838,-0.1332541920166197,0.12834177233717164
2016-12-14,efficient60,6,BSV,87.624750499002,-0.004330227753019833,-0.008009010136403427,-0.018084974606713877,0.017014939742649875
2016-12-14,efficient60,7,BND,87.22554890219561,-0.00845147050640449,-0.014864864864864935,-0.04090419806243273,0.04204435300719727
2016-12-14,efficient60,8,SHY,86.42714570858284,-0.0024615967241820025,-0.004017487888455462,-0.008119557542951239,0.009429248451798558
2016-12-14,efficient60,9,MUB,85.02994011976048,-0.0006037245158569959,-0.010756642456559717,-0.04432009947597482,0.04773993596907755
2016-12-14,efficient60,10,VCSH,83.83233532934133,-0.0034072086710680294,-0.007028112449799173,-0.017020747918995993,0.022318718521126178
2016-12-14,efficient60,11,TIP,83.03393213572855,-0.01174682694304352,-0.014192629492430497,-0.025611987106890943,0.042860992263611175
2016-12-14,efficient60,12,EMB,82.03592814371258,-0.0029931226723352022,-0.008453008543901075,-0.05867633100353786,0.07522704918038076
2016-12-14,efficient60,13,IAU,79.64071856287427,-0.03390128227647948,-0.07016060862214712,-0.13180741910023674,0.11706809653953107
2016-12-14,efficient60,14,MBB,79.04191616766468,-0.009946256624618899,-0.01922543673167576,-0.03387052717836658,0.042852947057964136
2016-12-14,efficient60,15,PFF,79.04191616766468,-0.01105527638190662,-0.014949279231179946,-0.06392694063926951,0.0811643678309685
2016-12-14,efficient60,16,IEI,77.64471057884232,-0.008374827475297608,-0.014326183731282804,-0.03464130003963539,0.034023429434651295
2016-12-14,efficient60,17,VCIT,77.64471057884231,-0.009373159052069258,-0.018492834026814564,-0.04476940382452199,0.048945731849272006
2016-12-14,efficient60,18,CL,77.24550898203594,-0.000439800421603076,-0.010211743505030846,-0.0906456953642385,0.12981093326603935
2016-12-14,efficient60,19,BIV,76.24750499001996,-0.01060451095440329,-0.019559032716927494,-0.05105553005966046,0.051524403428962744
2016-12-14,efficient60,20,SPG,73.85229540918165,-0.002248353638241052,-0.016012592954459004,-0.1313431405433897,0.19588148078578654
2017-01-13,legacy_short_proxy,1,EWW,87.00085689802913,-0.016989487088625577,-0.05516171909614542,-0.17248738843616607,0.14761118021546768
2017-01-13,legacy_short_proxy,2,AMT,86.97514995715511,-0.02080030289406054,-0.028638497652582084,-0.09373631187034603,0.08959488016879255
2017-01-13,legacy_short_proxy,3,PEP,86.93658954584404,-0.02608145239020143,-0.02795060782999903,-0.05049088359046283,0.08366846954664263
2017-01-13,legacy_short_proxy,4,PG,84.14310197086547,-0.004461614120742863,-0.0042669195211567645,-0.03933676386506568,0.07186969910639203
2017-01-13,legacy_short_proxy,5,WMT,83.26049700085692,-0.033240458757205826,-0.05887300252312877,-0.025261324041811917,0.12391195282334017
2017-01-13,legacy_short_proxy,6,KO,82.85775492716367,-0.014441042455213826,-0.008007765105556897,-0.025970931617822157,0.0730410117442985
2017-01-13,legacy_short_proxy,7,TEVA,82.84061696658098,-0.05833760689683709,-0.08189189189189194,-0.21474803513638463,0.32824103472157157
2017-01-13,legacy_short_proxy,8,XOM,82.3179091688089,-0.03343519482408808,-0.04669905056303825,-0.004840382620721506,0.11606407074492243
2017-01-13,legacy_short_proxy,9,UVXY,82.10796915167096,-0.1777777181251292,-0.34621131270010674,-0.6169047202141231,0.7606780711469124
2017-01-13,legacy_short_proxy,10,FE,80.78834618680378,-0.014900395842052272,-0.021732182806008304,-0.07689987937273812,0.13585221689629398
2017-01-13,legacy_short_proxy,11,PFE,80.74121679520138,-0.009412409759663842,-0.009140767824497131,-0.005200367084735258,0.12079404104313267
2017-01-13,legacy_short_proxy,12,AYI,80.1242502142245,-0.06422321568354716,-0.11851214616361483,-0.1269879909120415,0.6067862764147807
2017-01-13,legacy_short_proxy,13,ARMK,80.07283633247643,-0.04145041082717149,-0.0661339211904105,-0.08206933911159264,0.14063667751792255
2017-01-13,legacy_short_proxy,14,VFC,79.52013710368466,-0.03830464630384811,-0.06518375241779506,-0.05789473684210522,0.13853729507263302
2017-01-13,legacy_short_proxy,15,JNJ,79.25021422450727,-0.009040559295431794,-0.0033915992695017216,-0.007018455939693302,0.08041608744661753
2017-01-13,legacy_short_proxy,16,CSCO,78.98457583547558,-0.010171500049376836,-0.012803676953381471,-0.012155059132720192,0.0981046511387165
2017-01-13,legacy_short_proxy,17,XLP,78.58183376178233,-0.006876876442718283,-0.007704160246533087,-0.014537107880642663,0.05541997139159399
2017-01-13,legacy_short_proxy,18,SQQQ,78.53898886032562,-0.058123959897714794,-0.0798969072164949,-0.1475018368846437,0.23050148904950732
2017-01-13,legacy_short_proxy,19,PRGO,78.29477292202228,-0.06875418940917477,-0.06501622401153706,-0.11831368993653668,0.33419906359414825
2017-01-13,legacy_short_proxy,20,CL,78.1191088260497,-0.0028832837650628607,-0.000455166135639562,-0.08410955095231487,0.1145796577566667
2017-01-13,mirror28,1,SQQQ,79.64285714285715,-0.058123959897714794,-0.0798969072164949,-0.1475018368846437,0.23050148904950732
2017-01-13,mirror28,2,ARMK,79.04761904761905,-0.04145041082717149,-0.0661339211904105,-0.08206933911159264,0.14063667751792255
2017-01-13,mirror28,3,TV,78.57142857142857,-0.04162563351188109,-0.023494860499265857,-0.23002701659590896,0.25835565091683954
2017-01-13,mirror28,4,RL,78.33333333333333,-0.043752319443443155,-0.15164619164619175,-0.11593609176566988,0.2126042510131276
2017-01-13,mirror28,5,QID,78.0952380952381,-0.03844066766512755,-0.054227156276686506,-0.09775967413441955,0.15647685524054136
2017-01-13,mirror28,6,VFC,74.88095238095238,-0.03830464630384811,-0.06518375241779506,-0.05789473684210522,0.13853729507263302
2017-01-13,mirror28,7,AMT,74.52380952380952,-0.02080030289406054,-0.028638497652582084,-0.09373631187034603,0.08959488016879255
2017-01-13,mirror28,8,EAT,74.28571428571429,-0.041531604538092126,-0.10005706676811865,-0.05850746268656715,0.1538822391024026
2017-01-13,mirror28,9,PEP,73.09523809523809,-0.02608145239020143,-0.02795060782999903,-0.05049088359046283,0.08366846954664263
2017-01-13,mirror28,10,EWW,71.19047619047619,-0.016989487088625577,-0.05516171909614542,-0.17248738843616607,0.14761118021546768
2017-01-13,mirror28,11,CINF,70.95238095238095,-0.06976744186046024,-0.09189889825016206,-0.06884635832004249,0.2572081694666154
2017-01-13,mirror28,12,VSAT,70.47619047619048,-0.022009282826761734,-0.05661467359907568,-0.10581793292265573,0.14302859526957643
2017-01-13,mirror28,13,SWBI,69.64285714285714,-0.030747876820289788,-0.028301886792452713,-0.21523809523809523,0.2616874636397003
2017-01-13,mirror28,14,SPXU,68.0952380952381,-0.015929918456995762,-0.03179334326875316,-0.18791666666666662,0.17170660391011752
2017-01-13,mirror28,15,WMT,67.5,-0.033240458757205826,-0.05887300252312877,-0.025261324041811917,0.12391195282334017
2017-01-13,mirror28,16,SDS,66.54761904761905,-0.010643689812468327,-0.021390374331550777,-0.12753277711561384,0.11595904413016343
2017-01-13,mirror28,17,PAGP,66.1904761904762,-0.03238972624704628,-0.01717500740302058,-0.05870674985819624,0.1885133434089675
2017-01-13,mirror28,18,BF.B,65.5952380952381,-0.022064037148774585,-0.017597765363128404,-0.031129476584021876,0.0878645862459695
2017-01-13,mirror28,19,CHD,64.52380952380952,-0.014696284293205353,-0.021675977653631273,-0.09170124481327802,0.14205765699954234
2017-01-13,mirror28,20,FE,64.16666666666666,-0.014900395842052272,-0.021732182806008304,-0.07689987937273812,0.13585221689629398
2017-01-13,bounded45,1,SQQQ,79.56521739130434,-0.058123959897714794,-0.0798969072164949,-0.1475018368846437,0.23050148904950732
2017-01-13,bounded45,2,TEVA,79.13043478260869,-0.05833760689683709,-0.08189189189189194,-0.21474803513638463,0.32824103472157157
2017-01-13,bounded45,3,TV,78.36956521739128,-0.04162563351188109,-0.023494860499265857,-0.23002701659590896,0.25835565091683954
2017-01-13,bounded45,4,URBN,76.41304347826086,-0.054856743535988906,-0.16150030998140108,-0.1867107636800961,0.31076556978210235
2017-01-13,bounded45,5,PRGO,75.76086956521739,-0.06875418940917477,-0.06501622401153706,-0.11831368993653668,0.33419906359414825
2017-01-13,bounded45,6,RL,74.67391304347827,-0.043752319443443155,-0.15164619164619175,-0.11593609176566988,0.2126042510131276
2017-01-13,bounded45,7,CINF,72.71739130434783,-0.06976744186046024,-0.09189889825016206,-0.06884635832004249,0.2572081694666154
2017-01-13,bounded45,8,AMBA,72.60869565217392,-0.04160944285661572,-0.04529487890552786,-0.19763828464885025,0.3449381056372185
2017-01-13,bounded45,9,FN,72.60869565217392,-0.06185711912701786,-0.09492110453648916,-0.13132986275437764,0.44168152949897044
2017-01-13,bounded45,10,ARMK,71.84782608695653,-0.04145041082717149,-0.0661339211904105,-0.08206933911159264,0.14063667751792255
2017-01-13,bounded45,11,MANH,71.19565217391303,-0.0435005263307644,-0.016383850204798156,-0.1453266672315906,0.35041562482014915
2017-01-13,bounded45,12,GPRE,70.76086956521739,-0.13289006284725358,-0.14234234234234233,-0.0863723608445297,0.3593781624108739
2017-01-13,bounded45,13,QID,70.43478260869566,-0.03844066766512755,-0.054227156276686506,-0.09775967413441955,0.15647685524054136
2017-01-13,bounded45,14,LITE,70.21739130434781,-0.05547615954267926,-0.0655526992287917,-0.1000247586036147,0.33706379382141877
2017-01-13,bounded45,15,EAT,68.15217391304348,-0.041531604538092126,-0.10005706676811865,-0.05850746268656715,0.1538822391024026
2017-01-13,bounded45,16,SWBI,67.39130434782608,-0.030747876820289788,-0.028301886792452713,-0.21523809523809523,0.2616874636397003
2017-01-13,bounded45,17,VFC,66.95652173913044,-0.03830464630384811,-0.06518375241779506,-0.05789473684210522,0.13853729507263302
2017-01-13,bounded45,18,MUSA,66.73913043478261,-0.03913808267369967,-0.05862440375442368,-0.11627906976744196,0.30689018240086974
2017-01-13,bounded45,19,RBA,65.76086956521739,-0.05964251579863333,-0.13762428048142328,-0.06760961810466759,0.37149365116049876
2017-01-13,bounded45,20,ANF,65.32608695652173,-0.03504853186045742,-0.14223826714801435,-0.22807017543859642,0.4098127977033747
2017-01-13,efficient60,1,AMT,82.97101449275362,-0.02080030289406054,-0.028638497652582084,-0.09373631187034603,0.08959488016879255
2017-01-13,efficient60,2,PG,81.52173913043478,-0.004461614120742863,-0.0042669195211567645,-0.03933676386506568,0.07186969910639203
2017-01-13,efficient60,3,PEP,80.43478260869566,-0.02608145239020143,-0.02795060782999903,-0.05049088359046283,0.08366846954664263
2017-01-13,efficient60,4,CL,79.71014492753623,-0.0028832837650628607,-0.000455166135639562,-0.08410955095231487,0.1145796577566667
2017-01-13,efficient60,5,SDS,76.44927536231886,-0.010643689812468327,-0.021390374331550777,-0.12753277711561384,0.11595904413016343
2017-01-13,efficient60,6,RL,76.08695652173914,-0.043752319443443155,-0.15164619164619175,-0.11593609176566988,0.2126042510131276
2017-01-13,efficient60,7,SH,76.08695652173914,-0.004933869563412796,-0.010445299615173265,-0.06566311964702831,0.05821251036173875
2017-01-13,efficient60,8,KO,75.3623188405797,-0.014441042455213826,-0.008007765105556897,-0.025970931617822157,0.0730410117442985
2017-01-13,efficient60,9,XLP,74.6376811594203,-0.006876876442718283,-0.007704160246533087,-0.014537107880642663,0.05541997139159399
2017-01-13,efficient60,10,WMT,74.63768115942028,-0.033240458757205826,-0.05887300252312877,-0.025261324041811917,0.12391195282334017
2017-01-13,efficient60,11,EWW,74.27536231884058,-0.016989487088625577,-0.05516171909614542,-0.17248738843616607,0.14761118021546768
2017-01-13,efficient60,12,BNDX,73.91304347826087,-0.003044561306394522,-0.0035042419771301736,-0.026661862727436425,0.04053654930505432
2017-01-13,efficient60,13,KMB,72.10144927536233,-0.0029019304145789793,-0.00017450484250935983,-0.0493612078977933,0.10545679678586126
2017-01-13,efficient60,14,PM,71.73913043478262,-0.007226163544119535,-0.003527336860670083,-0.06379453189726592,0.10824188822393863
2017-01-13,efficient60,15,TEVA,69.92753623188408,-0.05833760689683709,-0.08189189189189194,-0.21474803513638463,0.32824103472157157
2017-01-13,efficient60,16,TSN,68.47826086956522,-0.004512533924299733,-0.002413904087544272,-0.13373392956959196,0.1517048929529629
2017-01-13,efficient60,17,PVH,68.11594202898551,-0.02619599291263308,-0.10707858428314332,-0.18971148611867172,0.30399406899264164
2017-01-13,efficient60,18,VFC,67.7536231884058,-0.03830464630384811,-0.06518375241779506,-0.05789473684210522,0.13853729507263302
2017-01-13,efficient60,19,CSCO,66.66666666666667,-0.010171500049376836,-0.012803676953381471,-0.012155059132720192,0.0981046511387165
2017-01-13,efficient60,20,JNJ,66.66666666666667,-0.009040559295431794,-0.0033915992695017216,-0.007018455939693302,0.08041608744661753
2017-02-13,legacy_short_proxy,1,KO,86.45869191049914,-0.01974033495825067,-0.006360078277886649,-0.01978764478764483,0.12472068475923717
2017-02-13,legacy_short_proxy,2,GILD,84.03184165232358,-0.04398853916785128,-0.07417544820035571,-0.1139489194499016,0.35536614847900216
2017-02-13,legacy_short_proxy,3,EXPE,82.88726333907057,-0.012249756162075354,0.005807591953539193,-0.032701958879715165,0.11993247596114609
2017-02-13,legacy_short_proxy,4,BP,82.16867469879517,-0.03730244701830532,-0.07966011683483798,0.0312407021719725,0.1621159096408728
2017-02-13,legacy_short_proxy,5,JCI,82.01376936316697,-0.024578290734075692,-0.0437471369674759,-0.061797752808988804,0.19430170366808355
2017-02-13,legacy_short_proxy,6,TAP,82.00946643717728,-0.0029535209078179747,-0.014443761524277954,-0.015452312730249718,0.13022939059597297
2017-02-13,legacy_short_proxy,7,PSX,81.97074010327023,-0.021660605615353545,-0.04070116460559492,-0.04540023894862599,0.16272156686679926
2017-02-13,legacy_short_proxy,8,KR,80.98967297762478,-0.015270570793179061,-0.026099706744868056,-0.047332185886402756,0.20039110412768396
2017-02-13,legacy_short_proxy,9,SDS,80.78313253012048,-0.037510803802938586,-0.049180327868852514,-0.133789670192906,0.125732378565098
2017-02-13,legacy_short_proxy,10,XOM,80.7788296041308,-0.014468317531183161,-0.038795599305153416,-0.04399907855332863,0.14708676405851592
2017-02-13,legacy_short_proxy,11,SYY,80.56798623063683,-0.0021634592674463216,-0.03929416045115508,-0.012897196261682176,0.17776987563321758
2017-02-13,legacy_short_proxy,12,INTC,80.43459552495696,-0.024988084700753643,-0.026909486273443917,0.025494127757089702,0.17433161414745255
2017-02-13,legacy_short_proxy,13,AAP,80.42168674698796,-0.01927745769467637,-0.07094227358544547,-0.011805513296415882,0.17958876605280052
2017-02-13,legacy_short_proxy,14,XLE,79.81497418244406,-0.0017403600369810812,-0.01290669534821176,0.021708878374617324,0.13855751754681825
2017-02-13,legacy_short_proxy,15,GE,79.76764199655766,-0.0010308935519279805,-0.042091836734693855,-0.023089430894308927,0.14816003920092152
2017-02-13,legacy_short_proxy,16,SIG,79.41480206540447,-0.06135237165823393,-0.09507303788066357,-0.1841517857142857,0.22764160671293304
2017-02-13,legacy_short_proxy,17,MSI,79.26419965576592,-0.03232965894798834,-0.04606782545277732,-0.040586797066014535,0.2673623934786189
2017-02-13,legacy_short_proxy,18,ABBV,79.22547332185887,-0.006183636766768363,-0.023874818519116103,-0.037537776363925524,0.11294729966535709
2017-02-13,legacy_short_proxy,19,WU,78.92857142857143,-0.035579368410653234,-0.11907983761840324,-0.05102040816326514,0.2650805575499762
2017-02-13,legacy_short_proxy,20,SQQQ,78.68330464716009,-0.06858479585033173,-0.11204481792717091,-0.26724751066856334,0.18710017808554671
2017-02-13,mirror28,1,QID,92.36363636363636,-0.04548739828868298,-0.0758465011286682,-0.18543573418225234,0.11772317171956874
2017-02-13,mirror28,2,SDS,87.81818181818181,-0.037510803802938586,-0.049180327868852514,-0.133789670192906,0.125732378565098
2017-02-13,mirror28,3,SPXU,87.81818181818181,-0.05451314482830494,-0.07183170856849663,-0.1920500223313979,0.18549345838939296
2017-02-13,mirror28,4,HRB,86.0,-0.057456715338367825,-0.12358133669609073,-0.12761506276150614,0.17196534558504656
2017-02-13,mirror28,5,SIG,84.54545454545455,-0.06135237165823393,-0.09507303788066357,-0.1841517857142857,0.22764160671293304
2017-02-13,mirror28,6,OPK,73.27272727272727,-0.030253283302062894,-0.0961748633879782,-0.19159335288367552,0.26440309042732874
2017-02-13,mirror28,7,TWM,73.27272727272727,-0.039684749320038404,-0.03362068965517251,-0.14427480916030544,0.2778864973694935
2017-02-13,mirror28,8,RWM,72.00000000000001,-0.020118343195265842,-0.016322314049586728,-0.07283349561830577,0.13907316049996038
2017-02-13,mirror28,9,SH,71.63636363636363,-0.018034391164546082,-0.02444444444444449,-0.06744556558682946,0.06283808117911226
2017-02-13,mirror28,10,CSL,70.18181818181817,-0.027404893369131655,-0.03296703296703307,-0.07009510390982743,0.20167292635650233
2017-02-13,mirror28,11,JCI,68.72727272727272,-0.024578290734075692,-0.0437471369674759,-0.061797752808988804,0.19430170366808355
2017-02-13,mirror28,12,PSX,66.72727272727273,-0.021660605615353545,-0.04070116460559492,-0.04540023894862599,0.16272156686679926
2017-02-13,mirror28,13,UNFI,66.72727272727272,-0.013615013311973012,-0.03901307465204562,-0.07734359182020656,0.1118156734737079
2017-02-13,mirror28,14,WU,65.81818181818181,-0.035579368410653234,-0.11907983761840324,-0.05102040816326514,0.2650805575499762
2017-02-13,mirror28,15,WSM,65.0909090909091,-0.020333485799824524,-0.047310958350182064,-0.09139992286926346,0.23732660491504376
2017-02-13,mirror28,16,BFAM,62.90909090909091,-0.03136373976342155,-0.04204161979752541,-0.037031802120141455,0.21959287347380604
2017-02-13,mirror28,17,MSI,60.0,-0.03232965894798834,-0.04606782545277732,-0.040586797066014535,0.2673623934786189
2017-02-13,mirror28,18,KO,59.27272727272728,-0.01974033495825067,-0.006360078277886649,-0.01978764478764483,0.12472068475923717
2017-02-13,mirror28,19,UBS,58.36363636363636,-0.028995279838161747,-0.07151230949589682,-0.030006123698713916,0.22813909800297721
2017-02-13,mirror28,20,XOM,57.09090909090908,-0.014468317531183161,-0.038795599305153416,-0.04399907855332863,0.14708676405851592
2017-02-13,bounded45,1,QID,87.28395061728395,-0.04548739828868298,-0.0758465011286682,-0.18543573418225234,0.11772317171956874
2017-02-13,bounded45,2,SPXU,86.29629629629629,-0.05451314482830494,-0.07183170856849663,-0.1920500223313979,0.18549345838939296
2017-02-13,bounded45,3,SIG,85.55555555555556,-0.06135237165823393,-0.09507303788066357,-0.1841517857142857,0.22764160671293304
2017-02-13,bounded45,4,HRB,84.93827160493828,-0.057456715338367825,-0.12358133669609073,-0.12761506276150614,0.17196534558504656
2017-02-13,bounded45,5,FAZ,81.60493827160494,-0.06965580144976169,-0.07317073170731703,-0.23308270676691734,0.3536747281334946
2017-02-13,bounded45,6,SDS,81.60493827160494,-0.037510803802938586,-0.049180327868852514,-0.133789670192906,0.125732378565098
2017-02-13,bounded45,7,HOS,80.0,-0.0812634161300202,-0.116745283018868,-0.2372708757637475,0.42531413898967246
2017-02-13,bounded45,8,SRTY,76.29629629629629,-0.06116977033202586,-0.05291214215202367,-0.21205650459921155,0.4147425358340606
2017-02-13,bounded45,9,TZA,75.06172839506172,-0.060569242302821014,-0.052164840897235276,-0.21171366594360086,0.41624061476937735
2017-02-13,bounded45,10,SWBI,74.07407407407408,-0.054920751935128354,-0.06650485436893205,-0.18723584108199487,0.3788364245998966
2017-02-13,bounded45,11,RH,73.82716049382717,-0.04919297085881624,-0.11878829135466296,-0.22275592915040532,0.3881273990922118
2017-02-13,bounded45,12,SABR,73.08641975308642,-0.07597195137131452,-0.11416070007955448,-0.1005654281098547,0.4123270605330822
2017-02-13,bounded45,13,TWM,71.97530864197532,-0.039684749320038404,-0.03362068965517251,-0.14427480916030544,0.2778864973694935
2017-02-13,bounded45,14,OPK,71.48148148148148,-0.030253283302062894,-0.0961748633879782,-0.19159335288367552,0.26440309042732874
2017-02-13,bounded45,15,MUR,68.27160493827161,-0.04937115333154796,-0.0870542884677159,-0.08055645422193458,0.33893951155794494
2017-02-13,bounded45,16,GILD,67.77777777777779,-0.04398853916785128,-0.07417544820035571,-0.1139489194499016,0.35536614847900216
2017-02-13,bounded45,17,VMC,67.4074074074074,-0.04099612357570559,-0.015594855305466337,-0.09059854448240012,0.300153072774452
2017-02-13,bounded45,18,CSL,65.67901234567901,-0.027404893369131655,-0.03296703296703307,-0.07009510390982743,0.20167292635650233
2017-02-13,bounded45,19,PAGP,64.93827160493827,-0.041000273132834164,-0.04790599578186194,-0.0708615113201998,0.31173639847833434
2017-02-13,bounded45,20,RWM,64.81481481481481,-0.020118343195265842,-0.016322314049586728,-0.07283349561830577,0.13907316049996038
2017-02-13,efficient60,1,SDS,82.71604938271605,-0.037510803802938586,-0.049180327868852514,-0.133789670192906,0.125732378565098
2017-02-13,efficient60,2,XOM,81.4814814814815,-0.014468317531183161,-0.038795599305153416,-0.04399907855332863,0.14708676405851592
2017-02-13,efficient60,3,SH,76.13168724279836,-0.018034391164546082,-0.02444444444444449,-0.06744556558682946,0.06283808117911226
2017-02-13,efficient60,4,JCI,75.30864197530866,-0.024578290734075692,-0.0437471369674759,-0.061797752808988804,0.19430170366808355
2017-02-13,efficient60,5,GE,75.30864197530865,-0.0010308935519279805,-0.042091836734693855,-0.023089430894308927,0.14816003920092152
2017-02-13,efficient60,6,GILD,75.30864197530865,-0.04398853916785128,-0.07417544820035571,-0.1139489194499016,0.35536614847900216
2017-02-13,efficient60,7,SPXU,74.48559670781894,-0.05451314482830494,-0.07183170856849663,-0.1920500223313979,0.18549345838939296
2017-02-13,efficient60,8,ABBV,74.07407407407406,-0.006183636766768363,-0.023874818519116103,-0.037537776363925524,0.11294729966535709
2017-02-13,efficient60,9,KO,73.66255144032921,-0.01974033495825067,-0.006360078277886649,-0.01978764478764483,0.12472068475923717
2017-02-13,efficient60,10,QID,72.42798353909467,-0.04548739828868298,-0.0758465011286682,-0.18543573418225234,0.11772317171956874
2017-02-13,efficient60,11,UPS,72.01646090534979,-0.024521813400460668,-0.05024509803921562,-0.04135006184838319,0.30127846220583343
2017-02-13,efficient60,12,TGT,70.78189300411523,-0.00047809256488084984,-0.07664909531272257,-0.09280515117581178,0.2813620449843018
2017-02-13,efficient60,13,SIG,70.37037037037038,-0.06135237165823393,-0.09507303788066357,-0.1841517857142857,0.22764160671293304
2017-02-13,efficient60,14,PSX,69.95884773662551,-0.021660605615353545,-0.04070116460559492,-0.04540023894862599,0.16272156686679926
2017-02-13,efficient60,15,LVS,69.9588477366255,-0.009077860830986606,-0.0383502170767005,-0.0982188295165396,0.3041818012055013
2017-02-13,efficient60,16,VFC,69.13580246913583,-0.009198066422356432,-0.01820815228636452,-0.11042369703787025,0.2249947046326765
2017-02-13,efficient60,17,XYL,67.07818930041152,-0.008410437568671658,-0.009844134536505234,-0.11817351598173509,0.2128086478001289
2017-02-13,efficient60,18,HRB,66.25514403292182,-0.057456715338367825,-0.12358133669609073,-0.12761506276150614,0.17196534558504656
2017-02-13,efficient60,19,TROW,64.60905349794238,-0.0028278442686171523,-0.052388707926167344,-0.05161640858462391,0.24670637878821838
2017-02-13,efficient60,20,WU,63.37448559670782,-0.035579368410653234,-0.11907983761840324,-0.05102040816326514,0.2650805575499762
2017-03-14,legacy_short_proxy,1,XLE,86.26916524701875,-0.032185900841698145,-0.05720512122037591,-0.09255374934452021,0.1638567144969434
2017-03-14,legacy_short_proxy,2,SBUX,85.97955706984668,-0.03946902654867057,-0.03279272856888249,-0.07625531914893613,0.10550312306563855
2017-03-14,legacy_short_proxy,3,SPG,84.8977853492334,-0.0649366625010156,-0.07948478009577808,-0.07750441306266553,0.1773395699889785
2017-03-14,legacy_short_proxy,4,HAL,84.35689948892674,-0.06296745787587255,-0.11576704545454553,-0.06933283498411513,0.20347341089131293
2017-03-14,legacy_short_proxy,5,XOP,84.09284497444634,-0.05732751825968607,-0.10367224581563828,-0.14039290848107333,0.25767451334035385
2017-03-14,legacy_short_proxy,6,CVX,83.09199318568994,-0.03554279913579861,-0.057501536300588185,-0.07416350465677812,0.16920465998416861
2017-03-14,legacy_short_proxy,7,USO,82.85775127768314,-0.08425730574134949,-0.09973521624007065,-0.09893992932862195,0.2381974647647768
2017-03-14,legacy_short_proxy,8,HYG,82.4787052810903,-0.016166375141372535,-0.017453798767967155,0.002327475852437866,0.04029394755415173
2017-03-14,legacy_short_proxy,9,SLB,82.41482112436115,-0.023582026335138617,-0.04204351014421903,-0.0796148426491311,0.16795206504357835
2017-03-14,legacy_short_proxy,10,TDG,82.35519591141397,-0.06334885525805134,-0.08124182229094801,-0.07603971450217306,0.21900093357994316
2017-03-14,legacy_short_proxy,11,VNQ,81.61839863713799,-0.03484452002706484,-0.03876431297709926,-0.01635542536311485,0.11297094295275084
2017-03-14,legacy_short_proxy,12,AAL,81.55451448040886,-0.09586546583441768,-0.13077409829149955,-0.1400250417362271,0.28750686194202335
2017-03-14,legacy_short_proxy,13,INTC,80.87308347529813,-0.022343263672744418,-0.017318435754189898,-0.03748290013679889,0.12208490766157752
2017-03-14,legacy_short_proxy,14,GE,80.86882453151618,-0.018213241159279914,-0.01664447403462055,-0.06222222222222229,0.13315952060310357
2017-03-14,legacy_short_proxy,15,COP,80.41311754684838,-0.05370547793769054,-0.09577464788732404,-0.12720916682851047,0.2624231337837967
2017-03-14,legacy_short_proxy,16,OIH,80.20017035775128,-0.06194717973605579,-0.09813365442504507,-0.12037580739870812,0.23439454906147
2017-03-14,legacy_short_proxy,17,UAL,79.90204429301532,-0.09807349582917924,-0.09872697724810409,-0.08760625171373737,0.3181471955383172
2017-03-14,legacy_short_proxy,18,APD,79.7359454855196,-0.028811867066034447,-0.030747330960854025,-0.08098258874342013,0.14837554216822016
2017-03-14,legacy_short_proxy,19,MAC,79.47189097103919,-0.0456013982310286,-0.0683899556868538,-0.08911034084344305,0.14621495295047224
2017-03-14,legacy_short_proxy,20,EOG,79.45059625212949,-0.034056676027571675,-0.05739910313901342,-0.09231359754342183,0.2566946603856866
2017-03-14,mirror28,1,CMP,85.30927835051546,-0.07390084190832469,-0.1342910680824485,-0.13320825515947476,0.19967227990461536
2017-03-14,mirror28,2,NAVI,82.68041237113403,-0.04241581404589134,-0.07662835249042144,-0.11667684789248622,0.14134897510436384
2017-03-14,mirror28,3,KIM,81.85567010309279,-0.05580494862029939,-0.10919309514251296,-0.1274085725521038,0.20054063415323634
2017-03-14,mirror28,4,KR,80.56701030927836,-0.0843250486551993,-0.13580246913580252,-0.1733870967741935,0.2624352600505782
2017-03-14,mirror28,5,FLG,80.36082474226805,-0.04127385988873722,-0.0470198675496688,-0.14650059311981012,0.16122436458598394
2017-03-14,mirror28,6,MAC,80.30927835051547,-0.0456013982310286,-0.0683899556868538,-0.08911034084344305,0.14621495295047224
2017-03-14,mirror28,7,SPG,80.20618556701031,-0.0649366625010156,-0.07948478009577808,-0.07750441306266553,0.1773395699889785
2017-03-14,mirror28,8,USO,79.3298969072165,-0.08425730574134949,-0.09973521624007065,-0.09893992932862195,0.2381974647647768
2017-03-14,mirror28,9,OIH,78.96907216494846,-0.06194717973605579,-0.09813365442504507,-0.12037580739870812,0.23439454906147
2017-03-14,mirror28,10,SBH,78.96907216494846,-0.048643699210258906,-0.09926311226701345,-0.2257824143070044,0.21880795651383234
2017-03-14,mirror28,11,SBUX,78.81443298969073,-0.03946902654867057,-0.03279272856888249,-0.07625531914893613,0.10550312306563855
2017-03-14,mirror28,12,CASY,78.29896907216495,-0.04532414372179161,-0.0790583867701653,-0.1078872088271352,0.19524614225842427
2017-03-14,mirror28,13,BPOP,77.83505154639175,-0.0709839529438645,-0.09521690767519464,-0.06976212259835313,0.19589012350702947
2017-03-14,mirror28,14,SYNA,76.95876288659792,-0.08049184292278122,-0.13174073423502553,-0.10598661602459758,0.26491983819726767
2017-03-14,mirror28,15,XOP,76.13402061855669,-0.05732751825968607,-0.10367224581563828,-0.14039290848107333,0.25767451334035385
2017-03-14,mirror28,16,DBC,75.87628865979381,-0.04501255715113639,-0.06553245116572148,-0.04874919820397694,0.10848468386187896
2017-03-14,mirror28,17,FRT,75.87628865979381,-0.052229038555758556,-0.0932493878978663,-0.06485823533655588,0.16425688463621646
2017-03-14,mirror28,18,BRX,75.6701030927835,-0.04992622282907999,-0.11887254901960786,-0.09862097785206847,0.2172512273579773
2017-03-14,mirror28,19,DBRG,75.25773195876289,-0.05675287356321557,-0.09448275862068956,-0.09635237439779754,0.2368390454399428
2017-03-14,mirror28,20,HAL,75.0,-0.06296745787587255,-0.11576704545454553,-0.06933283498411513,0.20347341089131293
2017-03-14,bounded45,1,CMP,83.30434782608695,-0.07390084190832469,-0.1342910680824485,-0.13320825515947476,0.19967227990461536
2017-03-14,bounded45,2,KR,81.17391304347827,-0.0843250486551993,-0.13580246913580252,-0.1733870967741935,0.2624352600505782
2017-03-14,bounded45,3,DNOW,80.47826086956522,-0.13394438079367244,-0.25792057117358325,-0.24029237094563738,0.36574335620789544
2017-03-14,bounded45,4,KBR,80.3913043478261,-0.08706732475240875,-0.17057444314185222,-0.18584579976985038,0.2889500324308487
2017-03-14,bounded45,5,SHAK,80.26086956521739,-0.11123969333140604,-0.15020746887966807,-0.19602198377388125,0.31632079485080733
2017-03-14,bounded45,6,CDE,79.30434782608695,-0.11478949262324767,-0.21321961620469088,-0.25,0.4338603204890546
2017-03-14,bounded45,7,AAL,78.95652173913045,-0.09586546583441768,-0.13077409829149955,-0.1400250417362271,0.28750686194202335
2017-03-14,bounded45,8,KIM,78.95652173913044,-0.05580494862029939,-0.10919309514251296,-0.1274085725521038,0.20054063415323634
2017-03-14,bounded45,9,GPRO,78.69565217391305,-0.1797892828820662,-0.20000000000000007,-0.17539863325740312,0.4443281264833973
2017-03-14,bounded45,10,USO,78.43478260869566,-0.08425730574134949,-0.09973521624007065,-0.09893992932862195,0.2381974647647768
2017-03-14,bounded45,11,FCX,77.78260869565217,-0.09326041974578847,-0.23120300751879708,-0.1624573378839591,0.3437054421924047
2017-03-14,bounded45,12,INVX,76.73913043478261,-0.11508844953173947,-0.1682316118935837,-0.1461847389558233,0.41513339433072244
2017-03-14,bounded45,13,SBH,76.7391304347826,-0.048643699210258906,-0.09926311226701345,-0.2257824143070044,0.21880795651383234
2017-03-14,bounded45,14,OIH,76.65217391304347,-0.06194717973605579,-0.09813365442504507,-0.12037580739870812,0.23439454906147
2017-03-14,bounded45,15,SPG,76.65217391304347,-0.0649366625010156,-0.07948478009577808,-0.07750441306266553,0.1773395699889785
2017-03-14,bounded45,16,SYNA,76.34782608695653,-0.08049184292278122,-0.13174073423502553,-0.10598661602459758,0.26491983819726767
2017-03-14,bounded45,17,SAM,76.08695652173914,-0.08055393631937924,-0.10049321824907509,-0.1384706229701801,0.3099760069228764
2017-03-14,bounded45,18,NAVI,75.91304347826086,-0.04241581404589134,-0.07662835249042144,-0.11667684789248622,0.14134897510436384
2017-03-14,bounded45,19,XOP,74.86956521739131,-0.05732751825968607,-0.10367224581563828,-0.14039290848107333,0.25767451334035385
2017-03-14,bounded45,20,BPOP,74.82608695652173,-0.0709839529438645,-0.09521690767519464,-0.06976212259835313,0.19589012350702947
2017-03-14,efficient60,1,SBUX,89.42028985507248,-0.03946902654867057,-0.03279272856888249,-0.07625531914893613,0.10550312306563855
2017-03-14,efficient60,2,KR,87.53623188405797,-0.0843250486551993,-0.13580246913580252,-0.1733870967741935,0.2624352600505782
2017-03-14,efficient60,3,XLE,86.66666666666667,-0.032185900841698145,-0.05720512122037591,-0.09255374934452021,0.1638567144969434
2017-03-14,efficient60,4,XOM,86.23188405797102,-0.011973673776860094,-0.02421686746987961,-0.10587326120556417,0.1416517697692631
2017-03-14,efficient60,5,SYY,85.50724637681161,-0.012864918357247679,-0.01779965915546311,-0.06557377049180324,0.08091976420335034
2017-03-14,efficient60,6,SDS,83.18840579710145,-0.0016713091922005985,-0.03448275862068961,-0.10160427807486627,0.13574511654429608
2017-03-14,efficient60,7,AZO,82.8985507246377,-0.0020397546818499146,-0.009645559646238921,-0.07601145812208476,0.12575070401390281
2017-03-14,efficient60,8,CVX,82.17391304347828,-0.03554279913579861,-0.057501536300588185,-0.07416350465677812,0.16920465998416861
2017-03-14,efficient60,9,GE,80.28985507246377,-0.018213241159279914,-0.01664447403462055,-0.06222222222222229,0.13315952060310357
2017-03-14,efficient60,10,USO,80.14492753623189,-0.08425730574134949,-0.09973521624007065,-0.09893992932862195,0.2381974647647768
2017-03-14,efficient60,11,AAP,79.71014492753623,-0.02352720700575306,-0.05345156721472988,-0.10378403591627305,0.14432598096543284
2017-03-14,efficient60,12,JACK,79.13043478260869,-0.01845059296492446,-0.11109085938211971,-0.125123329446587,0.29060296130766244
2017-03-14,efficient60,13,SH,79.13043478260869,-0.0009709159940305412,-0.01850797266514803,-0.052501374381528465,0.0709227380464193
2017-03-14,efficient60,14,INTC,77.68115942028986,-0.022343263672744418,-0.017318435754189898,-0.03748290013679889,0.12208490766157752
2017-03-14,efficient60,15,SQQQ,77.68115942028986,-0.019502319263986045,-0.07158456685270564,-0.24147501982553532,0.17916765668096774
2017-03-14,efficient60,16,XOP,76.66666666666667,-0.05732751825968607,-0.10367224581563828,-0.14039290848107333,0.25767451334035385
2017-03-14,efficient60,17,CASY,76.23188405797103,-0.04532414372179161,-0.0790583867701653,-0.1078872088271352,0.19524614225842427
2017-03-14,efficient60,18,SLB,76.23188405797103,-0.023582026335138617,-0.04204351014421903,-0.0796148426491311,0.16795206504357835
2017-03-14,efficient60,19,KIM,76.08695652173914,-0.05580494862029939,-0.10919309514251296,-0.1274085725521038,0.20054063415323634
2017-03-14,efficient60,20,APD,75.79710144927537,-0.028811867066034447,-0.030747330960854025,-0.08098258874342013,0.14837554216822016
2017-04-11,legacy_short_proxy,1,GWW,83.74067937033969,-0.0298731437605414,-0.061464850938535154,-0.03172728039827866,0.10412501618479117
2017-04-11,legacy_short_proxy,2,QCOM,83.67854183927092,-0.02908363738422548,-0.04929577464788726,-0.17239832535885158,0.13247833633898673
2017-04-11,legacy_short_proxy,3,DXJ,82.77133388566695,-0.02935830567409703,-0.05446497305619702,-0.0303927373199131,0.10816216362710107
2017-04-11,legacy_short_proxy,4,T,82.76304888152445,-0.03052021453137277,-0.042290330244713736,-0.015869140625,0.11027929749572651
2017-04-11,legacy_short_proxy,5,VZ,82.41507870753935,-0.013391138753264253,-0.01337115072933548,-0.07326355851569921,0.1077268644629196
2017-04-11,legacy_short_proxy,6,GILD,82.3860811930406,-0.020983168977533162,-0.025822635384388337,-0.09648282468865466,0.09774777678575257
2017-04-11,legacy_short_proxy,7,KMX,82.27837613918808,-0.03396481161132159,-0.09114004445855817,-0.14783385439928542,0.27601257301966464
2017-04-11,legacy_short_proxy,8,CVS,81.59486329743166,-0.0023610490715306742,-0.021529603204406,-0.046474749939009574,0.07029760023363893
2017-04-11,legacy_short_proxy,9,AAP,79.5940347970174,-0.03038741247397958,-0.06668401535358792,-0.17924366382516155,0.11406652202833818
2017-04-11,legacy_short_proxy,10,UPS,79.52775476387738,-0.006622516556290758,-0.010109519797809607,-0.07431722689075626,0.1214378606788677
2017-04-11,legacy_short_proxy,11,WU,79.34962717481359,-0.02375593898474926,-0.03700049333991118,-0.11953089760938218,0.1449515141251003
2017-04-11,legacy_short_proxy,12,IBM,79.29163214581608,-0.019711510832704282,-0.029251081265649792,0.0193617784152027,0.07695663738478292
2017-04-11,legacy_short_proxy,13,AYI,78.7821043910522,-0.09091374220384252,-0.13642770352369382,-0.1742727019239706,0.5639069399798873
2017-04-11,legacy_short_proxy,14,ROST,78.7489643744822,-0.022730574266209502,-0.05008917954815706,-0.04512176901240117,0.1714150466474888
2017-04-11,legacy_short_proxy,15,WFC,78.30157415078708,-0.0329348534492766,-0.07828454731109602,-0.02079190019887911,0.1649875637560688
2017-04-11,legacy_short_proxy,16,SCHW,78.04059652029827,-0.04222995829899123,-0.08764940239043828,-0.05988891572084032,0.24744575717194184
2017-04-11,legacy_short_proxy,17,SJM,76.7605633802817,-0.03807207871893681,-0.08026202130722715,-0.024656488549618327,0.10819258488921152
2017-04-11,legacy_short_proxy,18,BRK.B,76.75642087821043,-0.017080961801404282,-0.051679734447433234,0.023471278567016585,0.08409909514861677
2017-04-11,legacy_short_proxy,19,LKQ,76.52029826014913,-0.021153615951575944,-0.05074626865671639,-0.09999999999999998,0.13505707933701724
2017-04-11,legacy_short_proxy,20,DAL,76.47887323943662,-0.014524288745040637,-0.021391529818496124,-0.1159476869022057,0.1935470093335808
2017-04-11,mirror28,1,AAP,86.80232558139535,-0.03038741247397958,-0.06668401535358792,-0.17924366382516155,0.11406652202833818
2017-04-11,mirror28,2,QCOM,82.38372093023256,-0.02908363738422548,-0.04929577464788726,-0.17239832535885158,0.13247833633898673
2017-04-11,mirror28,3,TM,82.15116279069767,-0.030219066585855714,-0.05076277990900169,-0.11192721809531758,0.12421664096790633
2017-04-11,mirror28,4,CIEN,80.11627906976744,-0.05630212159184089,-0.04420131291028451,-0.10966163880962088,0.23170374250365627
2017-04-11,mirror28,5,MGA,78.77906976744185,-0.05111643779003261,-0.07653413008503784,-0.10392506690454961,0.23106860870747759
2017-04-11,mirror28,6,ORLY,78.13953488372094,-0.04219314079422121,-0.07516339869281041,-0.0875873186458892,0.18937706892321662
2017-04-11,mirror28,7,HMC,78.0813953488372,-0.048186391315862886,-0.06471544715447153,-0.04388297872340419,0.121030939940958
2017-04-11,mirror28,8,LCII,77.7906976744186,-0.03824693111494315,-0.07058823529411773,-0.15770768547312308,0.23925226251335613
2017-04-11,mirror28,9,AKAM,77.73255813953489,-0.043101770772518644,-0.07260726072607271,-0.15724078834618682,0.2514557797404307
2017-04-11,mirror28,10,F,77.20930232558139,-0.036309269542931455,-0.10119521912350604,-0.10688836104513078,0.20628007799613854
2017-04-11,mirror28,11,BMY,76.22093023255813,-0.04003478922621473,-0.06544364085376608,-0.057630736392742854,0.1523813106700516
2017-04-11,mirror28,12,AN,74.76744186046511,-0.03432613375600457,-0.08924587237840254,-0.20459859703819172,0.25169992603399327
2017-04-11,mirror28,13,COTY,73.60465116279069,-0.04392551640674647,-0.08188061278394088,-0.07158119658119655,0.22884460550725233
2017-04-11,mirror28,14,SAM,73.25581395348837,-0.028652852409480123,-0.030500342700479854,-0.10813366960907944,0.16947340019582952
2017-04-11,mirror28,15,GIS,72.90697674418605,-0.027521381996773897,-0.0502811776381078,-0.05992141453831035,0.09836639812583016
2017-04-11,mirror28,16,WU,72.90697674418605,-0.02375593898474926,-0.03700049333991118,-0.11953089760938218,0.1449515141251003
2017-04-11,mirror28,17,FFIV,72.79069767441861,-0.04574063666162731,-0.058223661544821836,-0.046662481690730284,0.16681773475482206
2017-04-11,mirror28,18,GILD,72.15116279069768,-0.020983168977533162,-0.025822635384388337,-0.09648282468865466,0.09774777678575257
2017-04-11,mirror28,19,THO,72.09302325581395,-0.03782154593214171,-0.04922440537745609,-0.10642433667023032,0.2518906463672966
2017-04-11,mirror28,20,ALK,71.45348837209302,-0.04065137223353221,-0.05989417989417989,-0.05810008481764195,0.19987765304861624
2017-04-11,bounded45,1,AAP,84.22885572139303,-0.03038741247397958,-0.06668401535358792,-0.17924366382516155,0.11406652202833818
2017-04-11,bounded45,2,CIEN,80.94527363184079,-0.05630212159184089,-0.04420131291028451,-0.10966163880962088,0.23170374250365627
2017-04-11,bounded45,3,DCH,80.59701492537313,-0.09162268236567983,-0.15763052208835338,-0.18898018366360558,0.33265264588998983
2017-04-11,bounded45,4,QCOM,80.39800995024875,-0.02908363738422548,-0.04929577464788726,-0.17239832535885158,0.13247833633898673
2017-04-11,bounded45,5,TM,79.75124378109453,-0.030219066585855714,-0.05076277990900169,-0.11192721809531758,0.12421664096790633
2017-04-11,bounded45,6,UTHR,79.70149253731343,-0.09041681137987367,-0.16319659176802037,-0.18932232725336173,0.361492000462258
2017-04-11,bounded45,7,MGA,79.65174129353234,-0.05111643779003261,-0.07653413008503784,-0.10392506690454961,0.23106860870747759
2017-04-11,bounded45,8,BSBR,79.35323383084577,-0.1477985705712237,-0.23129921259842523,-0.19979508196721318,0.43964386405360384
2017-04-11,bounded45,9,AKAM,79.00497512437809,-0.043101770772518644,-0.07260726072607271,-0.15724078834618682,0.2514557797404307
2017-04-11,bounded45,10,LCII,78.55721393034825,-0.03824693111494315,-0.07058823529411773,-0.15770768547312308,0.23925226251335613
2017-04-11,bounded45,11,ORLY,77.4129353233831,-0.04219314079422121,-0.07516339869281041,-0.0875873186458892,0.18937706892321662
2017-04-11,bounded45,12,PRKS,77.41293532338308,-0.08453677898826462,-0.11244541484716153,-0.1309460181721004,0.33918644962135164
2017-04-11,bounded45,13,F,76.86567164179104,-0.036309269542931455,-0.10119521912350604,-0.10688836104513078,0.20628007799613854
2017-04-11,bounded45,14,AX,76.21890547263682,-0.06942697873458581,-0.1404299583911235,-0.14957118353344767,0.4201739379762499
2017-04-11,bounded45,15,OPK,75.82089552238807,-0.042789223454839154,-0.06443618339529122,-0.17486338797814216,0.3179243683608415
2017-04-11,bounded45,16,AN,75.82089552238806,-0.03432613375600457,-0.08924587237840254,-0.20459859703819172,0.25169992603399327
2017-04-11,bounded45,17,HMC,75.72139303482587,-0.048186391315862886,-0.06471544715447153,-0.04388297872340419,0.121030939940958
2017-04-11,bounded45,18,GPI,73.93034825870647,-0.04554320739131745,-0.10772225827384807,-0.13684871311989966,0.3927530824261261
2017-04-11,bounded45,19,BMY,73.88059701492537,-0.04003478922621473,-0.06544364085376608,-0.057630736392742854,0.1523813106700516
2017-04-11,bounded45,20,COTY,73.88059701492537,-0.04392551640674647,-0.08188061278394088,-0.07158119658119655,0.22884460550725233
2017-04-11,efficient60,1,QCOM,93.03482587064678,-0.02908363738422548,-0.04929577464788726,-0.17239832535885158,0.13247833633898673
2017-04-11,efficient60,2,GILD,90.71310116086238,-0.020983168977533162,-0.025822635384388337,-0.09648282468865466,0.09774777678575257
2017-04-11,efficient60,3,F,90.0497512437811,-0.036309269542931455,-0.10119521912350604,-0.10688836104513078,0.20628007799613854
2017-04-11,efficient60,4,AAP,89.38640132669984,-0.03038741247397958,-0.06668401535358792,-0.17924366382516155,0.11406652202833818
2017-04-11,efficient60,5,AZO,86.56716417910448,-0.020086005954259467,-0.03895801039794777,-0.10158884856567618,0.1570304384708558
2017-04-11,efficient60,6,CVS,86.40132669983416,-0.0023610490715306742,-0.021529603204406,-0.046474749939009574,0.07029760023363893
2017-04-11,efficient60,7,VZ,86.40132669983416,-0.013391138753264253,-0.01337115072933548,-0.07326355851569921,0.1077268644629196
2017-04-11,efficient60,8,WHR,84.4112769485904,-0.010733221259540793,-0.058672185245259745,-0.08913784705309302,0.15800014373090487
2017-04-11,efficient60,9,AIG,83.08457711442786,-0.0169395593288858,-0.03323791348600513,-0.08379804069329311,0.12253366465277456
2017-04-11,efficient60,10,CPB,80.59701492537313,-0.014133537561792586,-0.03918575063613239,-0.08230719377835383,0.13918286707402558
2017-04-11,efficient60,11,GIS,80.59701492537313,-0.027521381996773897,-0.0502811776381078,-0.05992141453831035,0.09836639812583016
2017-04-11,efficient60,12,ORLY,79.93366500829188,-0.04219314079422121,-0.07516339869281041,-0.0875873186458892,0.18937706892321662
2017-04-11,efficient60,13,WU,79.76782752902156,-0.02375593898474926,-0.03700049333991118,-0.11953089760938218,0.1449515141251003
2017-04-11,efficient60,14,UPS,79.43615257048094,-0.006622516556290758,-0.010109519797809607,-0.07431722689075626,0.1214378606788677
2017-04-11,efficient60,15,GPC,79.27031509121062,-0.017767130266995057,-0.036678715713374443,-0.08075479354773252,0.1073004835509758
2017-04-11,efficient60,16,GS,78.77280265339968,-0.020197087781722245,-0.08065557887937991,-0.0677855096193205,0.18525501564459995
2017-04-11,efficient60,17,BIIB,76.78275290215589,-0.0198135219397223,-0.08144425069237882,-0.0565408252853381,0.20269693101308323
2017-04-11,efficient60,18,DAL,76.45107794361526,-0.014524288745040637,-0.021391529818496124,-0.1159476869022057,0.1935470093335808
2017-04-11,efficient60,19,LKQ,76.11940298507464,-0.021153615951575944,-0.05074626865671639,-0.09999999999999998,0.13505707933701724
2017-04-11,efficient60,20,PAYX,75.62189054726369,-0.0246495249485168,-0.057615150056170794,-0.044737270213112135,0.12591241732537342
2017-05-10,legacy_short_proxy,1,IBM,86.6750418760469,-0.05897504495144157,-0.11331926368859191,-0.1567239072256914,0.20033377360353727
2017-05-10,legacy_short_proxy,2,SLB,86.13484087102177,-0.021154221752276547,-0.08763339610797238,-0.11183084820337319,0.1469235842176328
2017-05-10,legacy_short_proxy,3,HAL,86.11390284757118,-0.018006430868166667,-0.08398320335932807,-0.18661221590909083,0.18466498118316169
2017-05-10,legacy_short_proxy,4,GIS,83.24958123953098,-0.01689976181543318,-0.018808777429467072,-0.10415010335506436,0.1388648015471275
2017-05-10,legacy_short_proxy,5,FOXA,81.66247906197654,-0.06975193384902356,-0.1043338683788122,-0.06123822341857332,0.2384799774356404
2017-05-10,legacy_short_proxy,6,USO,80.99246231155779,-0.03987535907298523,-0.11727842435094005,-0.1297440423654016,0.27833665896182846
2017-05-10,legacy_short_proxy,7,MOS,80.29731993299833,-0.0972582972583036,-0.18229348204949458,-0.3048888888888889,0.3384925829469958
2017-05-10,legacy_short_proxy,8,OIH,80.23031825795644,-0.020878076259547518,-0.1086538461538461,-0.16285370258880183,0.2629019551453051
2017-05-10,legacy_short_proxy,9,VNQ,80.18844221105527,-0.018969343689054452,-0.03061103888429273,-0.021708015267175695,0.11000973190298932
2017-05-10,legacy_short_proxy,10,KMI,79.93718592964824,-0.021589009231660183,-0.06571031929662186,-0.1046563192904656,0.20072820752338558
2017-05-10,legacy_short_proxy,11,TSN,79.86599664991626,-0.08425370779426178,-0.07667833280305436,-0.11117917304747316,0.2755959835239599
2017-05-10,legacy_short_proxy,12,SPG,79.65661641541038,-0.018832609230020947,-0.04441880588404956,-0.08818186822260132,0.18847929023175697
2017-05-10,legacy_short_proxy,13,O,79.62730318257955,-0.06093450364526276,-0.09493567822830151,-0.09802012333657906,0.21146770186299244
2017-05-10,legacy_short_proxy,14,T,79.61892797319933,-0.026742434789213676,-0.04614239642768547,-0.05412054120541199,0.13189057857791311
2017-05-10,legacy_short_proxy,15,SLV,79.31742043551088,-0.06519289912000592,-0.11322934719815136,-0.09117821195973952,0.12360912138177543
2017-05-10,legacy_short_proxy,16,EXC,79.18760469011727,-0.03141586572944799,-0.06585500830105151,-0.0381766381766383,0.1261545793192733
2017-05-10,legacy_short_proxy,17,YELP,78.60552763819096,-0.1670097030285208,-0.15103386275097397,-0.20287000562746205,0.7161036248845905
2017-05-10,legacy_short_proxy,18,AKAM,78.55946398659967,-0.13598863006100814,-0.1552279274699203,-0.2161949685534591,0.6060528923138009
2017-05-10,legacy_short_proxy,19,DIS,78.50921273031825,-0.033875159684594425,-0.030158309012116358,9.119927040579512e-05,0.14474408394529756
2017-05-10,legacy_short_proxy,20,LYB,78.1574539363484,-0.02484020316813862,-0.06316746194046807,-0.10583387551507273,0.265375422608798
2017-05-10,mirror28,1,QID,90.15625,-0.05194451998912342,-0.0987590486039297,-0.14851001465559344,0.1418227352036419
2017-05-10,mirror28,2,SLV,87.8125,-0.06519289912000592,-0.11322934719815136,-0.09117821195973952,0.12360912138177543
2017-05-10,mirror28,3,SQQQ,85.15625,-0.07707650662487531,-0.14334832055011903,-0.2140257219121573,0.2149504233794
2017-05-10,mirror28,4,IBM,84.01041666666667,-0.05897504495144157,-0.11331926368859191,-0.1567239072256914,0.20033377360353727
2017-05-10,mirror28,5,KIM,83.33333333333333,-0.07058183280883812,-0.11690647482014382,-0.21156162183861904,0.23070768080811566
2017-05-10,mirror28,6,NNN,83.02083333333331,-0.09773032265593273,-0.13993325917686328,-0.12967131922557418,0.21942710840746102
2017-05-10,mirror28,7,AKR,80.67708333333334,-0.05088241654052661,-0.0667320902845927,-0.12269372693726943,0.20267244120405242
2017-05-10,mirror28,8,BRX,80.36458333333333,-0.06039940358338969,-0.09934395501405813,-0.21486928104575165,0.24887478114880598
2017-05-10,mirror28,9,RRC,78.54166666666667,-0.05148194317822519,-0.13299319727891157,-0.21641561635413475,0.26150824695246444
2017-05-10,mirror28,10,SIG,78.17708333333334,-0.04199624640026067,-0.07239552678045902,-0.13761969904240756,0.20460295569343306
2017-05-10,mirror28,11,O,78.07291666666667,-0.06093450364526276,-0.09493567822830151,-0.09802012333657906,0.21146770186299244
2017-05-10,mirror28,12,JBHT,77.29166666666667,-0.031364179804910464,-0.053705927300513046,-0.13620964527700286,0.1538178558159404
2017-05-10,mirror28,13,FLR,75.83333333333333,-0.04731786377832092,-0.08608266970041711,-0.15334621464956955,0.2550488631325027
2017-05-10,mirror28,14,TSN,75.26041666666666,-0.08425370779426178,-0.07667833280305436,-0.11117917304747316,0.2755959835239599
2017-05-10,mirror28,15,BXP,75.15625,-0.05028428939231944,-0.10092815902945274,-0.08711783912140103,0.1990722079933957
2017-05-10,mirror28,16,THG,74.94791666666667,-0.04817605302691508,-0.05767484105358767,-0.07169220445140356,0.1640529609133096
2017-05-10,mirror28,17,VNO,74.6875,-0.03557192973633083,-0.07411878319652343,-0.10865775711795467,0.16774604821932432
2017-05-10,mirror28,18,RS,73.33333333333333,-0.04135742537483689,-0.07436768591921472,-0.13428268800753207,0.23697350878227613
2017-05-10,mirror28,19,ARCC,72.86458333333334,-0.04663634117629922,-0.06818181818181834,-0.06712172923777016,0.16342856583609466
2017-05-10,mirror28,20,FE,72.76041666666667,-0.041544160396014274,-0.08237913486005088,-0.05502784146740913,0.13117707930375028
2017-05-10,bounded45,1,SQQQ,86.5725806451613,-0.07707650662487531,-0.14334832055011903,-0.2140257219121573,0.2149504233794
2017-05-10,bounded45,2,QID,85.00000000000001,-0.05194451998912342,-0.0987590486039297,-0.14851001465559344,0.1418227352036419
2017-05-10,bounded45,3,KIM,84.35483870967741,-0.07058183280883812,-0.11690647482014382,-0.21156162183861904,0.23070768080811566
2017-05-10,bounded45,4,NNN,83.46774193548387,-0.09773032265593273,-0.13993325917686328,-0.12967131922557418,0.21942710840746102
2017-05-10,bounded45,5,SLV,82.33870967741936,-0.06519289912000592,-0.11322934719815136,-0.09117821195973952,0.12360912138177543
2017-05-10,bounded45,6,IBM,82.01612903225806,-0.05897504495144157,-0.11331926368859191,-0.1567239072256914,0.20033377360353727
2017-05-10,bounded45,7,BRX,81.29032258064515,-0.06039940358338969,-0.09934395501405813,-0.21486928104575165,0.24887478114880598
2017-05-10,bounded45,8,AGI,80.28225806451613,-0.1133347230908166,-0.23866348448687358,-0.24228028503562948,0.40278276292684684
2017-05-10,bounded45,9,SKT,80.12096774193549,-0.10790581130135612,-0.1530954559316865,-0.19437191760951555,0.35657643171144304
2017-05-10,bounded45,10,RRC,78.99193548387096,-0.05148194317822519,-0.13299319727891157,-0.21641561635413475,0.26150824695246444
2017-05-10,bounded45,11,LBTYA,78.70967741935485,-0.11798613644655653,-0.12557870370370383,-0.14777213761985342,0.3472199948578056
2017-05-10,bounded45,12,LBTYK,78.26612903225806,-0.1162936156904748,-0.12658227848101256,-0.13749999999999996,0.3344739693758218
2017-05-10,bounded45,13,AVT,78.18548387096774,-0.08590898028717264,-0.15860215053763438,-0.19640564826700901,0.37287227964987557
2017-05-10,bounded45,14,MD,78.02419354838709,-0.09339445035606508,-0.1901140684410646,-0.18678414096916285,0.3946226622932929
2017-05-10,bounded45,15,OUT,77.70161290322581,-0.08933916647478479,-0.11455223880597021,-0.15581643543223045,0.3494340516979149
2017-05-10,bounded45,16,AKR,77.25806451612904,-0.05088241654052661,-0.0667320902845927,-0.12269372693726943,0.20267244120405242
2017-05-10,bounded45,17,TSN,76.12903225806453,-0.08425370779426178,-0.07667833280305436,-0.11117917304747316,0.2755959835239599
2017-05-10,bounded45,18,NTGR,75.88709677419355,-0.07816975921959657,-0.10967098703888334,-0.17695852534562218,0.4292128058260607
2017-05-10,bounded45,19,O,75.80645161290323,-0.06093450364526276,-0.09493567822830151,-0.09802012333657906,0.21146770186299244
2017-05-10,bounded45,20,SIG,75.36290322580645,-0.04199624640026067,-0.07239552678045902,-0.13761969904240756,0.20460295569343306
2017-05-10,efficient60,1,IBM,98.5215053763441,-0.05897504495144157,-0.11331926368859191,-0.1567239072256914,0.20033377360353727
2017-05-10,efficient60,2,SLB,94.08602150537635,-0.021154221752276547,-0.08763339610797238,-0.11183084820337319,0.1469235842176328
2017-05-10,efficient60,3,SJM,87.5,-0.009807910318646695,-0.019018548955153758,-0.09690899920743556,0.07250454486975011
2017-05-10,efficient60,4,SLV,84.6774193548387,-0.06519289912000592,-0.11322934719815136,-0.09117821195973952,0.12360912138177543
2017-05-10,efficient60,5,GIS,84.54301075268818,-0.01689976181543318,-0.018808777429467072,-0.10415010335506436,0.1388648015471275
2017-05-10,efficient60,6,GE,81.98924731182797,-0.022546148082554618,-0.04460719041278294,-0.04460719041278294,0.11782405264432456
2017-05-10,efficient60,7,T,81.98924731182797,-0.026742434789213676,-0.04614239642768547,-0.05412054120541199,0.13189057857791311
2017-05-10,efficient60,8,HAL,81.45161290322582,-0.018006430868166667,-0.08398320335932807,-0.18661221590909083,0.18466498118316169
2017-05-10,efficient60,9,BXP,80.51075268817206,-0.05028428939231944,-0.10092815902945274,-0.08711783912140103,0.1990722079933957
2017-05-10,efficient60,10,VNO,80.10752688172042,-0.03557192973633083,-0.07411878319652343,-0.10865775711795467,0.16774604821932432
2017-05-10,efficient60,11,SQQQ,79.83870967741937,-0.07707650662487531,-0.14334832055011903,-0.2140257219121573,0.2149504233794
2017-05-10,efficient60,12,B,79.70430107526882,-0.07222914072228825,-0.18417122946739672,-0.15602471678681773,0.43852277321892047
2017-05-10,efficient60,13,KIM,79.43548387096774,-0.07058183280883812,-0.11690647482014382,-0.21156162183861904,0.23070768080811566
2017-05-10,efficient60,14,TSCO,78.62903225806453,-0.03590635874723236,-0.13484740951029106,-0.16678058783321947,0.3646644011182135
2017-05-10,efficient60,15,CAH,77.8225806451613,-0.025644495568038495,-0.1251518833535844,-0.07775073651850894,0.4207257870815423
2017-05-10,efficient60,16,MD,77.15053763440861,-0.09339445035606508,-0.1901140684410646,-0.18678414096916285,0.3946226622932929
2017-05-10,efficient60,17,SDS,76.61290322580648,-0.022208860997331437,-0.03843311160384333,-0.06537356321839083,0.13904204508749607
2017-05-10,efficient60,18,JBHT,76.61290322580646,-0.031364179804910464,-0.053705927300513046,-0.13620964527700286,0.1538178558159404
2017-05-10,efficient60,19,CAG,75.40322580645162,-0.039456373181420146,-0.07160493827160486,-0.05432595573440635,0.16563380307736786
2017-05-10,efficient60,20,NNN,75.40322580645162,-0.09773032265593273,-0.13993325917686328,-0.12967131922557418,0.21942710840746102
2017-06-08,legacy_short_proxy,1,DIS,86.64944013781223,-0.029066574835022507,-0.04869596935983955,-0.07114237378684007,0.11626110644491995
2017-06-08,legacy_short_proxy,2,XLE,85.68044788975023,-0.027994245294323594,-0.04785672342924263,-0.06298757584513148,0.13165051903124322
2017-06-08,legacy_short_proxy,3,XOP,84.1731266149871,-0.07370840824025338,-0.11812570145903478,-0.12402452619843929,0.261763739416282
2017-06-08,legacy_short_proxy,4,GILD,83.21705426356588,-0.012170697889386517,-0.04184100418410042,-0.05385863951600989,0.10513619466895428
2017-06-08,legacy_short_proxy,5,SLB,81.64513350559862,-0.029997514998759245,-0.05999724783266824,-0.12847665220719562,0.1848191055603127
2017-06-08,legacy_short_proxy,6,XOM,81.62360034453057,-0.011585851774658873,-0.015748992796972172,-0.004568465242622444,0.10411585998023003
2017-06-08,legacy_short_proxy,7,TSCO,81.03789836347975,-0.032859680284195836,-0.10664479081214107,-0.24111498257839714,0.2249495197296713
2017-06-08,legacy_short_proxy,8,AMLP,80.79242032730404,-0.031858699240672306,-0.045565500406834936,-0.06756756756756754,0.10320856174199054
2017-06-08,legacy_short_proxy,9,BMY,80.76227390180878,-0.020552641820634432,-0.041530649256438124,-0.06773681425295464,0.21317391525817253
2017-06-08,legacy_short_proxy,10,DVN,80.68475452196382,-0.11957950065702594,-0.18292682926829273,-0.2131434282858572,0.3517136689666059
2017-06-08,legacy_short_proxy,11,PFE,80.01722652885444,-0.019289873202671837,-0.038752649106872594,-0.07218001168907073,0.1130852104054135
2017-06-08,legacy_short_proxy,12,GWW,79.96554694229114,-0.028540190875344318,-0.09187692962844685,-0.30233509180877605,0.1853366407395661
2017-06-08,legacy_short_proxy,13,M,79.9569336778639,-0.06070673512534064,-0.25800954328561687,-0.2966074313408724,0.6823838984935693
2017-06-08,legacy_short_proxy,14,LYB,79.90094745908698,-0.014158754178475563,-0.03613873393160305,-0.1027319936780311,0.18719869842825587
2017-06-08,legacy_short_proxy,15,GE,79.84065460809647,-0.00942464769769591,-0.03867595818815328,-0.06601218686526744,0.16744987776482637
2017-06-08,legacy_short_proxy,16,TAP,79.25925925925925,-0.07409079561690213,-0.06097823744882569,-0.10246112655751216,0.28651826372716094
2017-06-08,legacy_short_proxy,17,VLO,79.2248062015504,-0.004592612432346099,-0.05248950209958014,-0.06316725978647686,0.12684713594802416
2017-06-08,legacy_short_proxy,18,COP,79.16020671834625,-0.05730169847662381,-0.095358118042428,-0.04161103693813972,0.19823375475013236
2017-06-08,legacy_short_proxy,19,CVX,78.69078380706287,-0.010065916283932275,-0.023474178403755874,-0.03129657228017879,0.13250116221928981
2017-06-08,legacy_short_proxy,20,FAST,78.59603789836349,-0.026024693624640105,-0.06684256816182932,-0.16258879242304658,0.28698265256512906
2017-06-08,mirror28,1,PAGP,87.11999999999999,-0.052633510062558675,-0.06415367886915546,-0.16870573084352858,0.1866946112487583
2017-06-08,mirror28,2,PAA,87.04,-0.06232047884661651,-0.0712187958883993,-0.18149466192170816,0.19539810121674966
2017-06-08,mirror28,3,ORLY,81.04,-0.06243328148351579,-0.10483401281304616,-0.16285403050108938,0.23679000096592923
2017-06-08,mirror28,4,QID,79.36000000000001,-0.045227615136919086,-0.07286288009179587,-0.17043121149897333,0.23275670884772443
2017-06-08,mirror28,5,PRKS,78.8,-0.0676447530518568,-0.12735849056603776,-0.09115720524017479,0.20354545619136835
2017-06-08,mirror28,6,MPLX,76.64000000000001,-0.0417346700862643,-0.0677629713637653,-0.09196354598177292,0.19142066541515565
2017-06-08,mirror28,7,XOP,76.56,-0.07370840824025338,-0.11812570145903478,-0.12402452619843929,0.261763739416282
2017-06-08,mirror28,8,TSCO,76.0,-0.032859680284195836,-0.10664479081214107,-0.24111498257839714,0.2249495197296713
2017-06-08,mirror28,9,SBRA,75.75999999999999,-0.04968786907372913,-0.0632016632016632,-0.12538819875776397,0.24316106428983975
2017-06-08,mirror28,10,WCC,75.75999999999999,-0.05495132184610285,-0.08300395256916993,-0.14010378057820616,0.267221199191159
2017-06-08,mirror28,11,SLB,75.6,-0.029997514998759245,-0.05999724783266824,-0.12847665220719562,0.1848191055603127
2017-06-08,mirror28,12,SNA,75.12,-0.042836834430536874,-0.08171388433622107,-0.07418117438772498,0.18847000416633372
2017-06-08,mirror28,13,AMLP,74.8,-0.031858699240672306,-0.045565500406834936,-0.06756756756756754,0.10320856174199054
2017-06-08,mirror28,14,SMG,74.48,-0.04041158028916714,-0.07083287001000782,-0.08527640941434034,0.1874103143609129
2017-06-08,mirror28,15,VDE,74.16,-0.034056471384806386,-0.05613061572937772,-0.07031742694975818,0.1465421574436589
2017-06-08,mirror28,16,UHS,73.52,-0.04156925649732757,-0.09125475285171103,-0.06430653894210747,0.1634221758024163
2017-06-08,mirror28,17,DIS,73.12,-0.029066574835022507,-0.04869596935983955,-0.07114237378684007,0.11626110644491995
2017-06-08,mirror28,18,PAG,71.59999999999998,-0.038452542452166116,-0.082161196695691,-0.16460069091648044,0.25948565675598684
2017-06-08,mirror28,19,DINO,71.12,-0.04146746024001713,-0.13000354233085376,-0.10982239942007976,0.249863334242678
2017-06-08,mirror28,20,KMI,69.76,-0.026920483427566255,-0.07082714214957897,-0.10836501901140672,0.19127622853697696
2017-06-08,bounded45,1,PAA,85.0,-0.06232047884661651,-0.0712187958883993,-0.18149466192170816,0.19539810121674966
2017-06-08,bounded45,2,PAGP,83.33333333333333,-0.052633510062558675,-0.06415367886915546,-0.16870573084352858,0.1866946112487583
2017-06-08,bounded45,3,DVN,80.71428571428572,-0.11957950065702594,-0.18292682926829273,-0.2131434282858572,0.3517136689666059
2017-06-08,bounded45,4,RRC,80.53571428571428,-0.07570550869520132,-0.12946253432718702,-0.19162112932604725,0.2936807751208242
2017-06-08,bounded45,5,ORLY,80.17857142857143,-0.06243328148351579,-0.10483401281304616,-0.16285403050108938,0.23679000096592923
2017-06-08,bounded45,6,AAP,78.03571428571429,-0.09368342258306084,-0.13847837985769018,-0.1807950035781667,0.3586203070510587
2017-06-08,bounded45,7,SQQQ,77.91666666666667,-0.06765703213305341,-0.10867551713491819,-0.24542603240982752,0.35218094943371464
2017-06-08,bounded45,8,QID,77.61904761904762,-0.045227615136919086,-0.07286288009179587,-0.17043121149897333,0.23275670884772443
2017-06-08,bounded45,9,XOP,77.02380952380952,-0.07370840824025338,-0.11812570145903478,-0.12402452619843929,0.261763739416282
2017-06-08,bounded45,10,TSCO,75.53571428571428,-0.032859680284195836,-0.10664479081214107,-0.24111498257839714,0.2249495197296713
2017-06-08,bounded45,11,FANG,74.76190476190476,-0.099300527168671,-0.14221527642117604,-0.10706659888154557,0.28260047877233974
2017-06-08,bounded45,12,PRKS,74.52380952380952,-0.0676447530518568,-0.12735849056603776,-0.09115720524017479,0.20354545619136835
2017-06-08,bounded45,13,WCC,74.16666666666666,-0.05495132184610285,-0.08300395256916993,-0.14010378057820616,0.267221199191159
2017-06-08,bounded45,14,OIH,74.10714285714285,-0.05858132135504435,-0.09564904710535782,-0.16054739652870498,0.2936311350400102
2017-06-08,bounded45,15,ET,73.75,-0.08859342197341136,-0.12894596040663453,-0.11425462459194768,0.3050896850380829
2017-06-08,bounded45,16,SBRA,73.1547619047619,-0.04968786907372913,-0.0632016632016632,-0.12538819875776397,0.24316106428983975
2017-06-08,bounded45,17,GPI,72.91666666666666,-0.051157243246729656,-0.0662965900079302,-0.23595068137573005,0.37713378995464153
2017-06-08,bounded45,18,TRIP,72.79761904761905,-0.09774254654263181,-0.22087934986455515,-0.11523899668717463,0.34519814058495696
2017-06-08,bounded45,19,SLB,71.84523809523809,-0.029997514998759245,-0.05999724783266824,-0.12847665220719562,0.1848191055603127
2017-06-08,bounded45,20,TROX,71.78571428571429,-0.1556854093375477,-0.2181115405853119,-0.11389236545682102,0.4344423327609592
2017-06-08,efficient60,1,PFE,94.84126984126983,-0.019289873202671837,-0.038752649106872594,-0.07218001168907073,0.1130852104054135
2017-06-08,efficient60,2,DIS,92.26190476190479,-0.029066574835022507,-0.04869596935983955,-0.07114237378684007,0.11626110644491995
2017-06-08,efficient60,3,SLB,87.69841269841271,-0.029997514998759245,-0.05999724783266824,-0.12847665220719562,0.1848191055603127
2017-06-08,efficient60,4,CHRW,86.11111111111113,-0.014618140619598319,-0.04560353427390629,-0.14753054989816705,0.1269722662986426
2017-06-08,efficient60,5,GILD,84.12698412698414,-0.012170697889386517,-0.04184100418410042,-0.05385863951600989,0.10513619466895428
2017-06-08,efficient60,6,XLE,83.13492063492065,-0.027994245294323594,-0.04785672342924263,-0.06298757584513148,0.13165051903124322
2017-06-08,efficient60,7,GE,82.93650793650794,-0.00942464769769591,-0.03867595818815328,-0.06601218686526744,0.16744987776482637
2017-06-08,efficient60,8,KMI,81.94444444444444,-0.026920483427566255,-0.07082714214957897,-0.10836501901140672,0.19127622853697696
2017-06-08,efficient60,9,VNO,81.15079365079366,-0.007593924860114232,-0.028813559322034,-0.10057957015213714,0.1195639746918392
2017-06-08,efficient60,10,AMLP,80.35714285714286,-0.031858699240672306,-0.045565500406834936,-0.06756756756756754,0.10320856174199054
2017-06-08,efficient60,11,CSCO,79.16666666666667,-0.017331157223903215,-0.06312981624184955,-0.07356389214536918,0.28990086693957606
2017-06-08,efficient60,12,ORLY,78.57142857142857,-0.06243328148351579,-0.10483401281304616,-0.16285403050108938,0.23679000096592923
2017-06-08,efficient60,13,LYB,76.38888888888889,-0.014158754178475563,-0.03613873393160305,-0.1027319936780311,0.18719869842825587
2017-06-08,efficient60,14,BMY,76.19047619047619,-0.020552641820634432,-0.041530649256438124,-0.06773681425295464,0.21317391525817253
2017-06-08,efficient60,15,TSCO,75.3968253968254,-0.032859680284195836,-0.10664479081214107,-0.24111498257839714,0.2249495197296713
2017-06-08,efficient60,16,KMB,75.0,-0.004880399135829938,-0.008517228029423118,-0.041111277519844114,0.10395033712082705
2017-06-08,efficient60,17,ROST,74.20634920634922,-0.021744332594167748,-0.07161241483724445,-0.08858501783590966,0.19176341956620901
2017-06-08,efficient60,18,HOG,73.80952380952382,-0.00497980777377216,-0.06872246696035245,-0.12063227953410982,0.18549667847777263
2017-06-08,efficient60,19,VLO,73.61111111111111,-0.004592612432346099,-0.05248950209958014,-0.06316725978647686,0.12684713594802416
2017-06-08,efficient60,20,TAP,73.21428571428571,-0.07409079561690213,-0.06097823744882569,-0.10246112655751216,0.28651826372716094
2017-07-07,legacy_short_proxy,1,GLD,88.31670822942644,-0.02722007504530355,-0.052363337443485425,-0.04876639986797593,0.08894215359044996
2017-07-07,legacy_short_proxy,2,KHC,86.60847880299252,-0.05768074169058712,-0.1029491195851786,-0.08576461521523715,0.15090045642384856
2017-07-07,legacy_short_proxy,3,CAG,84.94596841230258,-0.09892420933430524,-0.1454870877013551,-0.17481481481481476,0.21674521897728125
2017-07-07,legacy_short_proxy,4,SLV,84.26018287614299,-0.05950708721746423,-0.10673135233474818,-0.14904679376083185,0.1608726759705455
2017-07-07,legacy_short_proxy,5,GDX,83.92352452202826,-0.042805244037269596,-0.08656330749354002,-0.1293103448275862,0.2214534834396154
2017-07-07,legacy_short_proxy,6,VZ,83.6118038237739,-0.0446160776084612,-0.05867070794544271,-0.10718685831622188,0.162127789813778
2017-07-07,legacy_short_proxy,7,ORLY,83.4455527847049,-0.20794802158892145,-0.25048796356538716,-0.32155477031802127,0.6786118554409416
2017-07-07,legacy_short_proxy,8,AZO,83.15045719035744,-0.1288718543897871,-0.16289902497662623,-0.2843317775018199,0.3900369364544509
2017-07-07,legacy_short_proxy,9,XLU,82.89276807980048,-0.028943150749506596,-0.04132539091585996,0.00038850038850046786,0.07817015051061671
2017-07-07,legacy_short_proxy,10,EMB,82.7763923524522,-0.016623333638189575,-0.024874762480566526,-0.008170078186769625,0.047155583961356135
2017-07-07,legacy_short_proxy,11,T,82.29426433915211,-0.03239311319273841,-0.03948051948051956,-0.08260977424956595,0.13676998647989488
2017-07-07,legacy_short_proxy,12,AAP,81.41313383208646,-0.15703900958492778,-0.1905177890724269,-0.28948835912449467,0.4800049558458817
2017-07-07,legacy_short_proxy,13,CPB,80.83541147132169,-0.0462895337764786,-0.08965760677726786,-0.0893361581920904,0.14487285017112878
2017-07-07,legacy_short_proxy,14,SBUX,80.62344139650874,-0.025536844579505447,-0.06748071979434456,0.0027643400138215313,0.12261065638922744
2017-07-07,legacy_short_proxy,15,SLB,80.39484621778887,-0.024792273861353076,-0.047284438588786504,-0.1829252981795355,0.19375786862907424
2017-07-07,legacy_short_proxy,16,SO,80.38237738985869,-0.04923462986198679,-0.06661411115490745,-0.03935091277890457,0.12016455864082205
2017-07-07,legacy_short_proxy,17,XLP,80.34497090606816,-0.021403982783463116,-0.039302079661614475,-0.006741982507288746,0.09459657448533806
2017-07-07,legacy_short_proxy,18,SJM,80.01246882793018,-0.052701143999447586,-0.10209322231732931,-0.09689285434765593,0.1290193222569722
2017-07-07,legacy_short_proxy,19,HSY,79.97921862011637,-0.03898590373525679,-0.06941393550654607,-0.023060603265381396,0.1330493039585573
2017-07-07,legacy_short_proxy,20,TMUS,79.80881130507065,-0.037537790394620685,-0.08646673770741364,-0.06131706554043492,0.19992693976051734
2017-07-07,mirror28,1,SLV,88.49514563106796,-0.05950708721746423,-0.10673135233474818,-0.14904679376083185,0.1608726759705455
2017-07-07,mirror28,2,SJM,86.31067961165049,-0.052701143999447586,-0.10209322231732931,-0.09689285434765593,0.1290193222569722
2017-07-07,mirror28,3,ENR,84.90291262135923,-0.048510843955773875,-0.038657171922685585,-0.1825259515570934,0.17398596581422202
2017-07-07,mirror28,4,CAG,84.27184466019418,-0.09892420933430524,-0.1454870877013551,-0.17481481481481476,0.21674521897728125
2017-07-07,mirror28,5,PPC,84.12621359223303,-0.06836373179372313,-0.1337942252948353,-0.0661990355107408,0.11961423749825627
2017-07-07,mirror28,6,KHC,82.37864077669903,-0.05768074169058712,-0.1029491195851786,-0.08576461521523715,0.15090045642384856
2017-07-07,mirror28,7,CPB,80.77669902912622,-0.0462895337764786,-0.08965760677726786,-0.0893361581920904,0.14487285017112878
2017-07-07,mirror28,8,VZ,80.48543689320388,-0.0446160776084612,-0.05867070794544271,-0.10718685831622188,0.162127789813778
2017-07-07,mirror28,9,RLJ,78.64077669902912,-0.049832921691128296,-0.07277882797731561,-0.1675859142978362,0.23529831245784594
2017-07-07,mirror28,10,GE,77.42718446601943,-0.05762369815128554,-0.05219282348677057,-0.12949400798934751,0.2460014971760261
2017-07-07,mirror28,11,HOG,77.33009708737863,-0.03592775885339483,-0.0066225165562914245,-0.15390813859790486,0.18771988350192823
2017-07-07,mirror28,12,BXP,77.23300970873785,-0.03650115093718853,-0.020146818923327925,-0.12204925820361046,0.17219830809332212
2017-07-07,mirror28,13,DHC,76.84466019417476,-0.06975644360368671,-0.06821411653244902,-0.09604779411764708,0.23245183490763802
2017-07-07,mirror28,14,GDX,75.92233009708738,-0.042805244037269596,-0.08656330749354002,-0.1293103448275862,0.2214534834396154
2017-07-07,mirror28,15,PEG,75.8252427184466,-0.03393836480873702,-0.04274670304683936,-0.07043497460808124,0.10610358005446975
2017-07-07,mirror28,16,JACK,74.41747572815534,-0.04705059271907519,-0.09748864794736356,-0.04780993351583884,0.1323619710316911
2017-07-07,mirror28,17,B,74.32038834951456,-0.037134612972017145,-0.07752403846153855,-0.23593827775012444,0.2394316778508308
2017-07-07,mirror28,18,HPP,74.27184466019418,-0.058362507383554973,-0.05821325648414988,-0.0681494154548048,0.20545424157655434
2017-07-07,mirror28,19,AES,74.27184466019416,-0.06377795179674772,-0.06920415224913501,-0.04862953138815218,0.16488632226624883
2017-07-07,mirror28,20,MPT,74.02912621359224,-0.05255535653035881,-0.06188679245283024,-0.10382119682768565,0.2478603454448635
2017-07-07,bounded45,1,CAG,85.52173913043478,-0.09892420933430524,-0.1454870877013551,-0.17481481481481476,0.21674521897728125
2017-07-07,bounded45,2,SLV,85.0,-0.05950708721746423,-0.10673135233474818,-0.14904679376083185,0.1608726759705455
2017-07-07,bounded45,3,VIPS,82.0,-0.12234739324076005,-0.22153369481022456,-0.24492862509391433,0.351509185210891
2017-07-07,bounded45,4,ENR,81.65217391304347,-0.048510843955773875,-0.038657171922685585,-0.1825259515570934,0.17398596581422202
2017-07-07,bounded45,5,SJM,80.82608695652173,-0.052701143999447586,-0.10209322231732931,-0.09689285434765593,0.1290193222569722
2017-07-07,bounded45,6,AU,80.26086956521739,-0.08204633204633582,-0.21792763157894735,-0.23980815347721818,0.35618799756813185
2017-07-07,bounded45,7,PPC,80.04347826086956,-0.06836373179372313,-0.1337942252948353,-0.0661990355107408,0.11961423749825627
2017-07-07,bounded45,8,KHC,78.21739130434783,-0.05768074169058712,-0.1029491195851786,-0.08576461521523715,0.15090045642384856
2017-07-07,bounded45,9,MNRO,77.82608695652175,-0.08880006708220012,-0.16495901639344257,-0.20873786407766992,0.4430130709023835
2017-07-07,bounded45,10,CDE,77.78260869565217,-0.09196335382117493,-0.2042682926829268,-0.19195046439628483,0.42405131857888434
2017-07-07,bounded45,11,RLJ,77.04347826086956,-0.049832921691128296,-0.07277882797731561,-0.1675859142978362,0.23529831245784594
2017-07-07,bounded45,12,BGS,76.95652173913042,-0.07305260325575325,-0.13224181360201515,-0.1376720901126408,0.30599357468869337
2017-07-07,bounded45,13,GE,76.91304347826087,-0.05762369815128554,-0.05219282348677057,-0.12949400798934751,0.2460014971760261
2017-07-07,bounded45,14,STX,76.73913043478261,-0.06006249846215106,-0.10685059621229831,-0.22183744143410067,0.36646450195137537
2017-07-07,bounded45,15,VZ,75.91304347826087,-0.0446160776084612,-0.05867070794544271,-0.10718685831622188,0.162127789813778
2017-07-07,bounded45,16,DHC,75.91304347826086,-0.06975644360368671,-0.06821411653244902,-0.09604779411764708,0.23245183490763802
2017-07-07,bounded45,17,CPB,75.8695652173913,-0.0462895337764786,-0.08965760677726786,-0.0893361581920904,0.14487285017112878
2017-07-07,bounded45,18,PAAS,75.47826086956522,-0.068717454775305,-0.13959955506117905,-0.14483139856274185,0.33444819552474164
2017-07-07,bounded45,19,BJRI,75.0,-0.08459926663174577,-0.19839449541284404,-0.13916256157635465,0.3676350575444034
2017-07-07,bounded45,20,AGI,74.08695652173914,-0.055284897267524946,-0.061711079943898905,-0.20167064439140814,0.3884100507048514
2017-07-07,efficient60,1,KHC,89.85507246376811,-0.05768074169058712,-0.1029491195851786,-0.08576461521523715,0.15090045642384856
2017-07-07,efficient60,2,T,88.4057971014493,-0.03239311319273841,-0.03948051948051956,-0.08260977424956595,0.13676998647989488
2017-07-07,efficient60,3,VZ,87.3913043478261,-0.0446160776084612,-0.05867070794544271,-0.10718685831622188,0.162127789813778
2017-07-07,efficient60,4,GLD,85.50724637681161,-0.02722007504530355,-0.052363337443485425,-0.04876639986797593,0.08894215359044996
2017-07-07,efficient60,5,CAG,84.78260869565219,-0.09892420933430524,-0.1454870877013551,-0.17481481481481476,0.21674521897728125
2017-07-07,efficient60,6,SJM,83.47826086956523,-0.052701143999447586,-0.10209322231732931,-0.09689285434765593,0.1290193222569722
2017-07-07,efficient60,7,SLV,81.59420289855073,-0.05950708721746423,-0.10673135233474818,-0.14904679376083185,0.1608726759705455
2017-07-07,efficient60,8,COST,81.30434782608695,-0.06683701891636151,-0.15048784521250202,-0.09681767567250765,0.28717815958617404
2017-07-07,efficient60,9,CPB,79.85507246376811,-0.0462895337764786,-0.08965760677726786,-0.0893361581920904,0.14487285017112878
2017-07-07,efficient60,10,DIS,78.2608695652174,-0.020245602389652673,-0.009585889570552175,-0.08622976916954095,0.16409807932106543
2017-07-07,efficient60,11,SO,78.26086956521739,-0.04923462986198679,-0.06661411115490745,-0.03935091277890457,0.12016455864082205
2017-07-07,efficient60,12,TAP,78.26086956521739,-0.008198797816723169,-0.011817347407067524,-0.09887005649717517,0.10363629684548231
2017-07-07,efficient60,13,SLB,77.97101449275362,-0.024792273861353076,-0.047284438588786504,-0.1829252981795355,0.19375786862907424
2017-07-07,efficient60,14,PEG,76.81159420289856,-0.03393836480873702,-0.04274670304683936,-0.07043497460808124,0.10610358005446975
2017-07-07,efficient60,15,TIP,76.66666666666669,-0.010918941262861304,-0.015839677955718945,-0.018930471953240824,0.0389987789013851
2017-07-07,efficient60,16,CSCO,75.21739130434783,-0.02153261557948205,-0.02246124644099967,-0.0613608748481167,0.14148477831835984
2017-07-07,efficient60,17,ROST,74.78260869565217,-0.040021887637757825,-0.08447488584474883,-0.12157721796276011,0.24354581787808596
2017-07-07,efficient60,18,CMG,74.34782608695652,-0.04064899319137194,-0.09963019360452474,-0.0863134657836645,0.287086240067169
2017-07-07,efficient60,19,GDX,74.05797101449275,-0.042805244037269596,-0.08656330749354002,-0.1293103448275862,0.2214534834396154
2017-07-07,efficient60,20,GE,73.76811594202898,-0.05762369815128554,-0.05219282348677057,-0.12949400798934751,0.2460014971760261
2017-08-04,legacy_short_proxy,1,WFC,83.43103448275862,-0.030476505018252054,-0.05202726946537495,-0.0343567251461987,0.14602719098417194
2017-08-04,legacy_short_proxy,2,TEVA,83.39655172413794,-0.33845017502167474,-0.34686112872542796,-0.3431122448979591,0.987280195832848
2017-08-04,legacy_short_proxy,3,SNAP,83.05172413793105,-0.06081761661630547,-0.21303841676367874,-0.4116623150565709,0.5037627096236253
2017-08-04,legacy_short_proxy,4,UVXY,82.16379310344828,-0.061245220942191425,-0.27228207639569046,-0.4051240992794235,0.38328202712532367
2017-08-04,legacy_short_proxy,5,MO,80.91810344827587,-0.07735853042026963,-0.11757575757575767,-0.06812686673303947,0.3756927196093478
2017-08-04,legacy_short_proxy,6,HLF,80.68103448275862,-0.05433894075635426,-0.09073359073359066,-0.09123484013230432,0.13734392624487488
2017-08-04,legacy_short_proxy,7,ETN,79.55172413793103,-0.05074858784046532,-0.06086189516129026,-0.03320793877286288,0.20448359922579257
2017-08-04,legacy_short_proxy,8,NWL,79.47413793103448,-0.04157764374444406,-0.048432513609911854,-0.045026375282592346,0.15878700165486054
2017-08-04,legacy_short_proxy,9,UNP,79.44827586206897,-0.029476525321404545,-0.05417628057221957,-0.06256860592755209,0.16847739407226553
2017-08-04,legacy_short_proxy,10,RRC,78.66379310344827,-0.1551092734790277,-0.16174402250351616,-0.2985484503726952,0.5887302503315126
2017-08-04,legacy_short_proxy,11,QCOM,78.39655172413794,-0.032622783553486245,-0.04932249322493232,-0.0489788541478402,0.21056718578961284
2017-08-04,legacy_short_proxy,12,GT,78.24568965517241,-0.09646404679853049,-0.12038342261065693,-0.11963882618510158,0.3424140397282629
2017-08-04,legacy_short_proxy,13,MAT,78.1594827586207,-0.07653798952598623,-0.08697741470446896,-0.15854738706820193,0.3755852228113358
2017-08-04,legacy_short_proxy,14,VMC,78.1293103448276,-0.020125862034302,-0.049387532183818195,-0.0672892903620913,0.23695571418024317
2017-08-04,legacy_short_proxy,15,MDLZ,77.53017241379311,-0.005796471812227533,0.006015733456733008,-0.017401129943502847,0.11103358906441632
2017-08-04,legacy_short_proxy,16,SQQQ,77.37068965517241,-0.014931093959614561,-0.11904019943907762,-0.12719975301018838,0.21122010982349013
2017-08-04,legacy_short_proxy,17,COR,77.19827586206898,-0.11751379737644874,-0.1392822915557449,-0.08293623780349446,0.4010581246125637
2017-08-04,legacy_short_proxy,18,MLM,76.91379310344827,-0.036470503648848185,-0.05914874945151394,-0.08477036025268914,0.3010092925099408
2017-08-04,legacy_short_proxy,19,XOM,76.76724137931035,-0.003422976809484668,-0.00012465719272003462,-0.0207544866316689,0.08712755144777161
2017-08-04,legacy_short_proxy,20,UAA,76.52155172413792,-0.07130592869406427,-0.10901162790697672,-0.13172804532577898,0.373485136419428
2017-08-04,mirror28,1,HLF,88.13432835820895,-0.05433894075635426,-0.09073359073359066,-0.09123484013230432,0.13734392624487488
2017-08-04,mirror28,2,WST,86.7910447761194,-0.05937683715461528,-0.09746161078031967,-0.08947202023395506,0.16139166154065385
2017-08-04,mirror28,3,SPB,81.04477611940298,-0.04513057374677487,-0.07156030984876416,-0.08713391966633421,0.1566253886361497
2017-08-04,mirror28,4,HCA,80.3731343283582,-0.05418045761979784,-0.08439749245414441,-0.07819074333800835,0.18549629678465718
2017-08-04,mirror28,5,GEO,79.77611940298507,-0.05384900697980011,-0.048813559322033906,-0.1291123525760397,0.2386691299653931
2017-08-04,mirror28,6,SHAK,79.40298507462687,-0.08543255976778463,-0.10068846815834764,-0.13826278174821327,0.27433993294408354
2017-08-04,mirror28,7,RAMP,78.88059701492539,-0.05664635522454875,-0.030162412993039456,-0.13127814340145494,0.2617661447901874
2017-08-04,mirror28,8,DY,78.2089552238806,-0.05505714429988051,-0.08197972310040347,-0.22707664066085365,0.2709990926955454
2017-08-04,mirror28,9,UBSI,77.6865671641791,-0.046643447381000125,-0.08877284595300261,-0.12750000000000006,0.23407615187429115
2017-08-04,mirror28,10,EAT,74.40298507462686,-0.03602077373843837,-0.06668459263242799,-0.21594759430765764,0.22013329736432996
2017-08-04,mirror28,11,EHC,74.25373134328358,-0.0455303293088174,-0.0992608236536432,-0.10267199663370508,0.23988012336040415
2017-08-04,mirror28,12,GEN,74.1044776119403,-0.04548429319372438,0.026751143963393176,-0.11979480989740487,0.24155160746178622
2017-08-04,mirror28,13,NWL,72.16417910447763,-0.04157764374444406,-0.048432513609911854,-0.045026375282592346,0.15878700165486054
2017-08-04,mirror28,14,KN,71.9402985074627,-0.03823978558294605,-0.07825567502986852,-0.12726244343891402,0.23499565253279964
2017-08-04,mirror28,15,ALKS,71.86567164179104,-0.053753222641641285,-0.09675793717453385,-0.06843381843381835,0.2424229469254347
2017-08-04,mirror28,16,ADNT,71.4179104477612,-0.04059476916482607,-0.04050258684405039,-0.09165966974531203,0.23196605307536863
2017-08-04,mirror28,17,DRI,71.11940298507463,-0.04348876401263502,-0.07785294443828317,-0.051124044277073954,0.17826637891693273
2017-08-04,mirror28,18,FTNT,70.44776119402985,-0.05659411011523363,-0.0428682774746687,-0.061401273885350216,0.2556469896842637
2017-08-04,mirror28,19,VIXY,69.40298507462687,-0.028587794209516404,-0.14426605504587153,-0.20684523809523803,0.19055071027560144
2017-08-04,mirror28,20,MLCO,68.50746268656717,-0.04361385436846876,-0.06642066420664217,-0.08910891089108919,0.2508106070409119
2017-08-04,bounded45,1,ENR,79.48863636363636,-0.10771730300568694,-0.1282539682539683,-0.24017708909795243,0.39931128722368203
2017-08-04,bounded45,2,SHAK,79.26136363636364,-0.08543255976778463,-0.10068846815834764,-0.13826278174821327,0.27433993294408354
2017-08-04,bounded45,3,FLR,79.14772727272728,-0.10310086197246549,-0.11645346272606971,-0.1688796680497925,0.34805528233549593
2017-08-04,bounded45,4,BLMN,79.0909090909091,-0.12981744421906816,-0.18903591682419663,-0.22070844686648494,0.4334319507057929
2017-08-04,bounded45,5,MOH,79.0340909090909,-0.1323210412147502,-0.14498141263940523,-0.12265258215962438,0.32116248456865115
2017-08-04,bounded45,6,AXTA,76.30681818181819,-0.12182228096089642,-0.13267813267813278,-0.10406091370558379,0.32464852751657486
2017-08-04,bounded45,7,DVA,76.25,-0.09578844270323206,-0.09019236833806366,-0.13285241959723482,0.3475319511517573
2017-08-04,bounded45,8,DCH,76.02272727272727,-0.09056195506905573,-0.09327411167512689,-0.19174208144796379,0.38989445878790274
2017-08-04,bounded45,9,BGS,75.90909090909092,-0.09071595496069118,-0.06821480406386071,-0.20935960591133007,0.4197211545732242
2017-08-04,bounded45,10,UHS,75.22727272727273,-0.08540919244567591,-0.11430678466076694,-0.12555618477469455,0.31697109930490647
2017-08-04,bounded45,11,UNIT,75.17045454545455,-0.13514369722109443,-0.10784313725490202,-0.12006446414182115,0.3965558978664205
2017-08-04,bounded45,12,IDCC,75.0,-0.06444633842522351,-0.08231511254019297,-0.17418981481481488,0.28463024947992244
2017-08-04,bounded45,13,KLAC,74.94318181818181,-0.08283687650357119,-0.06069578090303496,-0.11875000000000013,0.2862275486572359
2017-08-04,bounded45,14,GKOS,74.43181818181819,-0.09671794233045128,-0.15319943951424575,-0.14702422959303696,0.42783802827296646
2017-08-04,bounded45,15,GT,74.375,-0.09646404679853049,-0.12038342261065693,-0.11963882618510158,0.3424140397282629
2017-08-04,bounded45,16,WST,74.375,-0.05937683715461528,-0.09746161078031967,-0.08947202023395506,0.16139166154065385
2017-08-04,bounded45,17,DY,73.86363636363636,-0.05505714429988051,-0.08197972310040347,-0.22707664066085365,0.2709990926955454
2017-08-04,bounded45,18,HLF,73.86363636363636,-0.05433894075635426,-0.09073359073359066,-0.09123484013230432,0.13734392624487488
2017-08-04,bounded45,19,ZD,73.4659090909091,-0.07611829395155001,-0.07234093350841597,-0.12340665538635098,0.28804714525271924
2017-08-04,bounded45,20,TS,72.38636363636363,-0.09451567855782761,-0.07279818004549876,-0.08440308087291393,0.2980956399077455
2017-08-04,efficient60,1,GE,88.63636363636364,-0.011711487224717154,-0.014149139579349823,-0.10174216027874561,0.16064527237439624
2017-08-04,efficient60,2,HCA,86.36363636363639,-0.05418045761979784,-0.08439749245414441,-0.07819074333800835,0.18549629678465718
2017-08-04,efficient60,3,SDS,84.28030303030303,-0.009898969282579828,-0.040925266903914626,-0.06783243658724059,0.07402481031656666
2017-08-04,efficient60,4,IBM,83.71212121212123,-0.022122820727010883,-0.05086962207401591,-0.040264462809917356,0.16250571262499472
2017-08-04,efficient60,5,UHS,82.76515151515152,-0.08540919244567591,-0.11430678466076694,-0.12555618477469455,0.31697109930490647
2017-08-04,efficient60,6,SPXU,81.81818181818183,-0.013757610414071864,-0.06145966709346995,-0.100061387354205,0.11357465798096171
2017-08-04,efficient60,7,JCI,78.7878787878788,-0.07267992424241942,-0.09244670991658932,-0.07639707616128255,0.2914841953746945
2017-08-04,efficient60,8,KMB,78.78787878787878,-0.01952940320762253,-0.043217665615141954,-0.060627177700348533,0.1440068762399647
2017-08-04,efficient60,9,GT,76.51515151515152,-0.09646404679853049,-0.12038342261065693,-0.11963882618510158,0.3424140397282629
2017-08-04,efficient60,10,SH,76.51515151515152,-0.004589123511575144,-0.020322773460848764,-0.03360849056603776,0.038742140654752844
2017-08-04,efficient60,11,UNP,76.51515151515152,-0.029476525321404545,-0.05417628057221957,-0.06256860592755209,0.16847739407226553
2017-08-04,efficient60,12,WST,73.67424242424242,-0.05937683715461528,-0.09746161078031967,-0.08947202023395506,0.16139166154065385
2017-08-04,efficient60,13,XOM,73.10606060606062,-0.003422976809484668,-0.00012465719272003462,-0.0207544866316689,0.08712755144777161
2017-08-04,efficient60,14,HLF,72.53787878787878,-0.05433894075635426,-0.09073359073359066,-0.09123484013230432,0.13734392624487488
2017-08-04,efficient60,15,NWL,72.1590909090909,-0.04157764374444406,-0.048432513609911854,-0.045026375282592346,0.15878700165486054
2017-08-04,efficient60,16,GSK,71.96969696969698,-0.02853417197207997,-0.04107514669695256,-0.0414380321665091,0.13349217787052384
2017-08-04,efficient60,17,WFC,71.78030303030303,-0.030476505018252054,-0.05202726946537495,-0.0343567251461987,0.14602719098417194
2017-08-04,efficient60,18,QCOM,70.45454545454547,-0.032622783553486245,-0.04932249322493232,-0.0489788541478402,0.21056718578961284
2017-08-04,efficient60,19,MO,70.07575757575759,-0.07735853042026963,-0.11757575757575767,-0.06812686673303947,0.3756927196093478
2017-08-04,efficient60,20,SBUX,70.07575757575759,-0.03188628505570623,-0.04479669193659552,-0.08605341246290799,0.36471704116460424
2017-09-01,legacy_short_proxy,1,KHC,87.85208148804251,-0.04247003647733372,-0.06704361873990305,-0.12660689208166798,0.13041357892116995
2017-09-01,legacy_short_proxy,2,MDLZ,85.80602302922941,-0.04422337304046042,-0.059797608095676025,-0.11877559818926486,0.18124621724219728
2017-09-01,legacy_short_proxy,3,AIG,85.67316209034546,-0.019100869396590836,-0.06730178242163487,-0.04649701539428208,0.11199713961580314
2017-09-01,legacy_short_proxy,4,XOM,83.96811337466787,-0.011266423475486231,-0.04538087520259315,-0.05023567353014158,0.09613708445135853
2017-09-01,legacy_short_proxy,5,CB,83.2683790965456,-0.03267118807450076,-0.06214953271028034,-0.0308360927152318,0.1008225622999928
2017-09-01,legacy_short_proxy,6,TRV,82.34720992028345,-0.0530385300378009,-0.07548770144189987,-0.03134593633866534,0.1330367582321083
2017-09-01,legacy_short_proxy,7,UAL,81.93976970770595,-0.03512974668871571,-0.09403569873748363,-0.2246646795827123,0.24189802727724316
2017-09-01,legacy_short_proxy,8,MO,81.91319751992914,-0.013285089796655547,-0.030219780219780223,-0.15516553649780607,0.12087721606471957
2017-09-01,legacy_short_proxy,9,TCOM,81.48361381753763,-0.043580104652690244,-0.12253032928942809,-0.1273698724577732,0.3240587236794182
2017-09-01,legacy_short_proxy,10,CPB,80.04871567759079,-0.131158678366043,-0.14629559984956753,-0.19872926226614895,0.31485380209961117
2017-09-01,legacy_short_proxy,11,HAL,80.04428697962798,-0.013991686099566913,-0.07358894974994057,-0.11851348289145713,0.12988150833598355
2017-09-01,legacy_short_proxy,12,ULTA,79.80513728963685,-0.05354414062166302,-0.11378896882494005,-0.2783870862759137,0.45418903751230366
2017-09-01,legacy_short_proxy,13,GIS,79.33126660761735,-0.040602927125470645,-0.04361758946056615,-0.060839160839160855,0.17046211436196282
2017-09-01,legacy_short_proxy,14,WFC,79.20726306465899,-0.02003383834499628,-0.03538985616956858,-0.030251141552511518,0.11737167984972277
2017-09-01,legacy_short_proxy,15,BBY,79.05668733392382,-0.08633527872810975,-0.0962176509621766,-0.07832854001015066,0.4894573470202253
2017-09-01,legacy_short_proxy,16,TS,78.59610274579273,-0.02433652681422127,-0.06834910620399592,-0.1233509234828497,0.09847715324881749
2017-09-01,legacy_short_proxy,17,SLB,78.50310008857397,-0.007605485975670456,-0.062037311222979064,-0.07261015956668126,0.12836735629002155
2017-09-01,legacy_short_proxy,18,SJM,78.48538529672278,-0.09674417803203583,-0.13690623199143814,-0.1841880009337794,0.3508180274506136
2017-09-01,legacy_short_proxy,19,CAG,78.38795394154118,-0.03060321952944378,-0.03237198351971726,-0.15929429813346963,0.17950208680875432
2017-09-01,legacy_short_proxy,20,KR,78.17980513728963,-0.017463899905781788,-0.07086614173228334,-0.25761589403973506,0.3604191864364946
2017-09-01,mirror28,1,KHC,86.6153846153846,-0.04247003647733372,-0.06704361873990305,-0.12660689208166798,0.13041357892116995
2017-09-01,mirror28,2,EAT,84.46153846153847,-0.06690561529272532,-0.09997118985883036,-0.2257744733581165,0.22272686812922982
2017-09-01,mirror28,3,TS,81.53846153846153,-0.02433652681422127,-0.06834910620399592,-0.1233509234828497,0.09847715324881749
2017-09-01,mirror28,4,MDLZ,79.84615384615384,-0.04422337304046042,-0.059797608095676025,-0.11877559818926486,0.18124621724219728
2017-09-01,mirror28,5,ALK,79.69230769230768,-0.05275696251993278,-0.12483987422848486,-0.16998011928429424,0.24584406918947818
2017-09-01,mirror28,6,CAG,76.30769230769229,-0.03060321952944378,-0.03237198351971726,-0.15929429813346963,0.17950208680875432
2017-09-01,mirror28,7,UAL,75.92307692307692,-0.03512974668871571,-0.09403569873748363,-0.2246646795827123,0.24189802727724316
2017-09-01,mirror28,8,AXS,75.38461538461539,-0.03997329284868134,-0.06791171477079805,-0.06733590733590733,0.16011471497677432
2017-09-01,mirror28,9,ALKS,75.07692307692307,-0.025890696785945133,-0.075320810861075,-0.17559277068479529,0.18153795583510648
2017-09-01,mirror28,10,HRL,74.92307692307692,-0.06345600484628477,-0.08167508167508164,-0.09537741369221764,0.2493810444603678
2017-09-01,mirror28,11,POOL,74.76923076923076,-0.03487436800980548,-0.07549073564483577,-0.16189921836021948,0.22836556821283
2017-09-01,mirror28,12,YUMC,74.6923076923077,-0.023898136408874615,-0.035820091570159085,-0.12147239263803689,0.16217864253128633
2017-09-01,mirror28,13,PZZA,74.23076923076923,-0.04204103699508177,-0.0330041580041579,-0.09881327197868728,0.20315061721154665
2017-09-01,mirror28,14,TRV,73.0,-0.0530385300378009,-0.07548770144189987,-0.03134593633866534,0.1330367582321083
2017-09-01,mirror28,15,OMC,72.76923076923077,-0.05242360379347344,-0.09166666666666667,-0.1038863976083707,0.26845528392817253
2017-09-01,mirror28,16,GIS,72.6923076923077,-0.040602927125470645,-0.04361758946056615,-0.060839160839160855,0.17046211436196282
2017-09-01,mirror28,17,AIZ,72.3076923076923,-0.05389592855213676,-0.0985324947589099,-0.047235371135059045,0.17930569026877335
2017-09-01,mirror28,18,MTB,71.46153846153847,-0.03995154654785216,-0.08913070057464245,-0.06336434498365606,0.17519956596054795
2017-09-01,mirror28,19,HP,70.92307692307692,-0.03370357475770258,-0.12809079854073768,-0.14642857142857135,0.2643155268635313
2017-09-01,mirror28,20,DE,70.61538461538461,-0.04556063245783604,-0.10489402697495187,-0.07825396825396824,0.2566948893244425
2017-09-01,bounded45,1,EAT,84.61038961038962,-0.06690561529272532,-0.09997118985883036,-0.2257744733581165,0.22272686812922982
2017-09-01,bounded45,2,KHC,83.18181818181817,-0.04247003647733372,-0.06704361873990305,-0.12660689208166798,0.13041357892116995
2017-09-01,bounded45,3,CPB,80.97402597402596,-0.131158678366043,-0.14629559984956753,-0.19872926226614895,0.31485380209961117
2017-09-01,bounded45,4,UAA,79.93506493506494,-0.06731618380194992,-0.10984230560087005,-0.22637051039697542,0.31208652199860953
2017-09-01,bounded45,5,PSEC,79.74025974025973,-0.09666981259269258,-0.17589175891758924,-0.15829145728643212,0.28592281892783505
2017-09-01,bounded45,6,ALK,79.35064935064935,-0.05275696251993278,-0.12483987422848486,-0.16998011928429424,0.24584406918947818
2017-09-01,bounded45,7,SJM,78.83116883116882,-0.09674417803203583,-0.13690623199143814,-0.1841880009337794,0.3508180274506136
2017-09-01,bounded45,8,MDLZ,78.24675324675326,-0.04422337304046042,-0.059797608095676025,-0.11877559818926486,0.18124621724219728
2017-09-01,bounded45,9,TTC,76.10389610389609,-0.10337885990110629,-0.1568329418267238,-0.1313879003558719,0.40382461172989337
2017-09-01,bounded45,10,TS,75.51948051948052,-0.02433652681422127,-0.06834910620399592,-0.1233509234828497,0.09847715324881749
2017-09-01,bounded45,11,UAL,74.15584415584415,-0.03512974668871571,-0.09403569873748363,-0.2246646795827123,0.24189802727724316
2017-09-01,bounded45,12,HRL,74.09090909090908,-0.06345600484628477,-0.08167508167508164,-0.09537741369221764,0.2493810444603678
2017-09-01,bounded45,13,CAG,73.3116883116883,-0.03060321952944378,-0.03237198351971726,-0.15929429813346963,0.17950208680875432
2017-09-01,bounded45,14,PRKS,72.98701298701297,-0.04405086285195192,-0.11118930330752985,-0.2414414414414413,0.4456014856961071
2017-09-01,bounded45,15,HQY,72.66233766233766,-0.04149792965372534,-0.09920889459054949,-0.2265467229667706,0.3739591755032823
2017-09-01,bounded45,16,AXS,72.40259740259741,-0.03997329284868134,-0.06791171477079805,-0.06733590733590733,0.16011471497677432
2017-09-01,bounded45,17,PZZA,72.40259740259741,-0.04204103699508177,-0.0330041580041579,-0.09881327197868728,0.20315061721154665
2017-09-01,bounded45,18,OMC,72.33766233766234,-0.05242360379347344,-0.09166666666666667,-0.1038863976083707,0.26845528392817253
2017-09-01,bounded45,19,POOL,72.27272727272727,-0.03487436800980548,-0.07549073564483577,-0.16189921836021948,0.22836556821283
2017-09-01,bounded45,20,COTY,71.75324675324674,-0.09305129329240946,-0.16032470826991374,-0.10492157923201717,0.43742225128875095
2017-09-01,efficient60,1,KHC,90.47619047619048,-0.04247003647733372,-0.06704361873990305,-0.12660689208166798,0.13041357892116995
2017-09-01,efficient60,2,MO,89.61038961038963,-0.013285089796655547,-0.030219780219780223,-0.15516553649780607,0.12087721606471957
2017-09-01,efficient60,3,XOM,87.66233766233766,-0.011266423475486231,-0.04538087520259315,-0.05023567353014158,0.09613708445135853
2017-09-01,efficient60,4,SJM,86.7965367965368,-0.09674417803203583,-0.13690623199143814,-0.1841880009337794,0.3508180274506136
2017-09-01,efficient60,5,CPB,86.14718614718616,-0.131158678366043,-0.14629559984956753,-0.19872926226614895,0.31485380209961117
2017-09-01,efficient60,6,CL,83.76623376623378,-0.0012676756711323955,-0.0025181869054281547,-0.0592426441483046,0.08256873214313251
2017-09-01,efficient60,7,HAL,83.76623376623378,-0.013991686099566913,-0.07358894974994057,-0.11851348289145713,0.12988150833598355
2017-09-01,efficient60,8,MDT,83.54978354978356,-0.025450295530216605,-0.043379541108986674,-0.06853618803816619,0.15023241978139426
2017-09-01,efficient60,9,MDLZ,83.11688311688312,-0.04422337304046042,-0.059797608095676025,-0.11877559818926486,0.18124621724219728
2017-09-01,efficient60,10,XLP,83.11688311688312,-0.002766565377109509,-0.0009087604507452829,-0.0311949242157209,0.08261026657452528
2017-09-01,efficient60,11,AIG,82.68398268398268,-0.019100869396590836,-0.06730178242163487,-0.04649701539428208,0.11199713961580314
2017-09-01,efficient60,12,SLB,80.73593073593075,-0.007605485975670456,-0.062037311222979064,-0.07261015956668126,0.12836735629002155
2017-09-01,efficient60,13,QCOM,80.08658008658008,-0.007512775531995364,-0.01083238312428736,-0.10443909153475572,0.13214234070584455
2017-09-01,efficient60,14,OMC,78.57142857142858,-0.05242360379347344,-0.09166666666666667,-0.1038863976083707,0.26845528392817253
2017-09-01,efficient60,15,DPZ,75.97402597402598,-0.019176779508438324,-0.06707657909446618,-0.15738020928951713,0.19303433641256082
2017-09-01,efficient60,16,INTC,75.32467532467531,-0.008490979217582684,-0.033333333333333215,-0.03810307017543846,0.11164243634846038
2017-09-01,efficient60,17,SO,74.67532467532467,-0.0037981999834806324,-0.010862881738061048,-0.04887662593614517,0.10443006371457694
2017-09-01,efficient60,18,DE,74.24242424242425,-0.04556063245783604,-0.10489402697495187,-0.07825396825396824,0.2566948893244425
2017-09-01,efficient60,19,CB,71.86147186147187,-0.03267118807450076,-0.06214953271028034,-0.0308360927152318,0.1008225622999928
2017-09-01,efficient60,20,GIS,70.995670995671,-0.040602927125470645,-0.04361758946056615,-0.060839160839160855,0.17046211436196282
2017-10-02,legacy_short_proxy,1,PEP,90.75557390586292,-0.039935244899213074,-0.058011049723756924,-0.055319885724179674,0.11401031205410926
2017-10-02,legacy_short_proxy,2,NKE,88.93063583815028,-0.021948184183729014,-0.02792353823088456,-0.10538116591928248,0.1266157830171948
2017-10-02,legacy_short_proxy,3,PM,85.59867877786954,-0.03493959123986701,-0.05906814902826096,-0.05962680237489404,0.10829529559790099
2017-10-02,legacy_short_proxy,4,XLP,85.56151940545004,-0.016518671405805208,-0.01982899763507362,-0.011557512383048918,0.07423050562201439
2017-10-02,legacy_short_proxy,5,AGG,82.91494632535094,-0.0046271240245714385,-0.004910430117304632,0.004866850321395777,0.026611120304270243
2017-10-02,legacy_short_proxy,6,TAP,82.50206440957885,-0.039938196460337805,-0.08897034321892705,-0.04771856495994431,0.13028293773973068
2017-10-02,legacy_short_proxy,7,EPD,82.4690338563171,-0.001741593462325719,-0.00038328861632819233,-0.042584434654919234,0.10383860962331164
2017-10-02,legacy_short_proxy,8,KHC,81.35012386457473,-0.028241535340934654,-0.03710575139146566,-0.06250000000000011,0.1172169374027917
2017-10-02,legacy_short_proxy,9,MOMO,81.21387283236994,-0.10213843556555757,-0.16465968586387436,-0.1874204227145404,0.25997008177518105
2017-10-02,legacy_short_proxy,10,IYR,81.12303881090006,-0.014305674048245565,-0.018347494150966592,0.012574622126254154,0.09217604175029949
2017-10-02,legacy_short_proxy,11,DGX,80.78860445912468,-0.08040667705144677,-0.1349727281131553,-0.14727057322518922,0.28167434940300395
2017-10-02,legacy_short_proxy,12,MDT,80.2559867877787,-0.025818007077020422,-0.024984384759525247,-0.11266484765802631,0.14793020329909426
2017-10-02,legacy_short_proxy,13,DXCM,80.177539223782,-0.2666509211147793,-0.33724653148345785,-0.31343283582089554,1.2302493174855396
2017-10-02,legacy_short_proxy,14,IEF,79.61601981833196,-0.01100793595382421,-0.014105419450631151,0.00430117691544174,0.04848153650642645
2017-10-02,legacy_short_proxy,15,KMB,79.13707679603633,-0.019444293085311926,-0.050645239834429034,-0.0775236593059937,0.1426706894916659
2017-10-02,legacy_short_proxy,16,WELL,78.93476465730801,-0.04513471769349697,-0.0559250712637438,-0.04595336076817569,0.16034961351541868
2017-10-02,legacy_short_proxy,17,TLT,78.72419488026425,-0.01803068851629952,-0.019487179487179485,0.012711864406779627,0.11101865250295638
2017-10-02,legacy_short_proxy,18,SBUX,78.66226259289843,-0.011844642365258506,-0.020389586746768606,-0.07288077188146103,0.13001767786776167
2017-10-02,legacy_short_proxy,19,SDS,78.476465730801,-0.02676552558237366,-0.04321753515301907,-0.08521154606563863,0.10748127835314146
2017-10-02,legacy_short_proxy,20,TZA,78.46407927332784,-0.13754598003152996,-0.18800247371675938,-0.19249692496924964,0.28244109533173245
2017-10-02,mirror28,1,DBRG,83.25842696629213,-0.02678847940538409,-0.047005307050795975,-0.1264767199444059,0.10237357392305779
2017-10-02,mirror28,2,DOC,82.80898876404493,-0.07802764881517454,-0.11380225613802253,-0.1441845562319769,0.1888495257519928
2017-10-02,mirror28,3,SPXU,82.02247191011236,-0.040840057789208406,-0.06460481099656357,-0.12868117797695267,0.16866045552997144
2017-10-02,mirror28,4,SPXS,81.68539325842697,-0.039935781657636005,-0.06367432150313157,-0.12764405543398982,0.16311485228315875
2017-10-02,mirror28,5,PM,81.01123595505618,-0.03493959123986701,-0.05906814902826096,-0.05962680237489404,0.10829529559790099
2017-10-02,mirror28,6,PEP,80.3370786516854,-0.039935244899213074,-0.058011049723756924,-0.055319885724179674,0.11401031205410926
2017-10-02,mirror28,7,MOMO,80.11235955056179,-0.10213843556555757,-0.16465968586387436,-0.1874204227145404,0.25997008177518105
2017-10-02,mirror28,8,SDS,78.65168539325842,-0.02676552558237366,-0.04321753515301907,-0.08521154606563863,0.10748127835314146
2017-10-02,mirror28,9,TAP,77.64044943820224,-0.039938196460337805,-0.08897034321892705,-0.04771856495994431,0.13028293773973068
2017-10-02,mirror28,10,VTR,77.41573033707866,-0.05446903604383624,-0.07109624890956678,-0.053060619534607945,0.1493424382822948
2017-10-02,mirror28,11,KHC,75.50561797752809,-0.028241535340934654,-0.03710575139146566,-0.06250000000000011,0.1172169374027917
2017-10-02,mirror28,12,PAGP,75.3932584269663,-0.03056826470392593,-0.02749445676274953,-0.15686274509803932,0.17421218711561215
2017-10-02,mirror28,13,WELL,74.8314606741573,-0.04513471769349697,-0.0559250712637438,-0.04595336076817569,0.16034961351541868
2017-10-02,mirror28,14,MDT,73.93258426966293,-0.025818007077020422,-0.024984384759525247,-0.11266484765802631,0.14793020329909426
2017-10-02,mirror28,15,IBN,72.47191011235955,-0.03842917251051825,-0.08829787234042552,-0.04245810055865906,0.14378590654925646
2017-10-02,mirror28,16,KT,71.79775280898876,-0.03462532299741905,-0.13625154130702832,-0.15296251511487302,0.25100681796148455
2017-10-02,mirror28,17,NKE,71.68539325842698,-0.021948184183729014,-0.02792353823088456,-0.10538116591928248,0.1266157830171948
2017-10-02,mirror28,18,CHD,70.56179775280899,-0.026752627036908838,-0.045409281019717196,-0.07826923076923076,0.15792364300192274
2017-10-02,mirror28,19,BG,69.5505617977528,-0.03470745782367357,-0.08241469816272962,-0.09005726184279028,0.23361678632331587
2017-10-02,mirror28,20,UAA,66.96629213483145,-0.02416083710541672,0.014050091631032435,-0.19573643410852704,0.2576950580688229
2017-10-02,bounded45,1,DOC,84.62264150943396,-0.07802764881517454,-0.11380225613802253,-0.1441845562319769,0.1888495257519928
2017-10-02,bounded45,2,MOMO,84.62264150943396,-0.10213843556555757,-0.16465968586387436,-0.1874204227145404,0.25997008177518105
2017-10-02,bounded45,3,TZA,84.0566037735849,-0.13754598003152996,-0.18800247371675938,-0.19249692496924964,0.28244109533173245
2017-10-02,bounded45,4,DGX,81.79245283018868,-0.08040667705144677,-0.1349727281131553,-0.14727057322518922,0.28167434940300395
2017-10-02,bounded45,5,SPXU,78.39622641509433,-0.040840057789208406,-0.06460481099656357,-0.12868117797695267,0.16866045552997144
2017-10-02,bounded45,6,SPXS,77.35849056603774,-0.039935781657636005,-0.06367432150313157,-0.12764405543398982,0.16311485228315875
2017-10-02,bounded45,7,DBRG,76.22641509433963,-0.02678847940538409,-0.047005307050795975,-0.1264767199444059,0.10237357392305779
2017-10-02,bounded45,8,VIPS,75.84905660377359,-0.07241746538871552,-0.04495614035087703,-0.1333333333333333,0.33819105068768224
2017-10-02,bounded45,9,VTR,74.81132075471699,-0.05446903604383624,-0.07109624890956678,-0.053060619534607945,0.1493424382822948
2017-10-02,bounded45,10,PEP,74.52830188679245,-0.039935244899213074,-0.058011049723756924,-0.055319885724179674,0.11401031205410926
2017-10-02,bounded45,11,KR,73.77358490566037,-0.05103763044666343,-0.10972346119536136,-0.13816925734024177,0.32253851371693926
2017-10-02,bounded45,12,PM,73.11320754716981,-0.03493959123986701,-0.05906814902826096,-0.05962680237489404,0.10829529559790099
2017-10-02,bounded45,13,PAGP,72.16981132075472,-0.03056826470392593,-0.02749445676274953,-0.15686274509803932,0.17421218711561215
2017-10-02,bounded45,14,TAP,71.98113207547169,-0.039938196460337805,-0.08897034321892705,-0.04771856495994431,0.13028293773973068
2017-10-02,bounded45,15,WELL,71.41509433962264,-0.04513471769349697,-0.0559250712637438,-0.04595336076817569,0.16034961351541868
2017-10-02,bounded45,16,WOR,71.22641509433963,-0.06866819551958214,-0.0801186943620178,-0.07866059044977214,0.29033020807959625
2017-10-02,bounded45,17,KT,71.1320754716981,-0.03462532299741905,-0.13625154130702832,-0.15296251511487302,0.25100681796148455
2017-10-02,bounded45,18,SDS,70.9433962264151,-0.02676552558237366,-0.04321753515301907,-0.08521154606563863,0.10748127835314146
2017-10-02,bounded45,19,XRAY,69.24528301886792,-0.03740665424904743,-0.0058242146134839246,-0.1280185758513931,0.28220700513462094
2017-10-02,bounded45,20,KHC,68.0188679245283,-0.028241535340934654,-0.03710575139146566,-0.06250000000000011,0.1172169374027917
2017-10-02,efficient60,1,PEP,87.42138364779875,-0.039935244899213074,-0.058011049723756924,-0.055319885724179674,0.11401031205410926
2017-10-02,efficient60,2,DOC,83.64779874213836,-0.07802764881517454,-0.11380225613802253,-0.1441845562319769,0.1888495257519928
2017-10-02,efficient60,3,NKE,83.01886792452832,-0.021948184183729014,-0.02792353823088456,-0.10538116591928248,0.1266157830171948
2017-10-02,efficient60,4,SDS,83.01886792452831,-0.02676552558237366,-0.04321753515301907,-0.08521154606563863,0.10748127835314146
2017-10-02,efficient60,5,PM,82.38993710691825,-0.03493959123986701,-0.05906814902826096,-0.05962680237489404,0.10829529559790099
2017-10-02,efficient60,6,DGX,81.76100628930818,-0.08040667705144677,-0.1349727281131553,-0.14727057322518922,0.28167434940300395
2017-10-02,efficient60,7,NWL,81.1320754716981,-0.008396179565064221,-0.12226538540175824,-0.19410550028158446,0.25100813958857204
2017-10-02,efficient60,8,KHC,79.55974842767296,-0.028241535340934654,-0.03710575139146566,-0.06250000000000011,0.1172169374027917
2017-10-02,efficient60,9,KMB,79.55974842767296,-0.019444293085311926,-0.050645239834429034,-0.0775236593059937,0.1426706894916659
2017-10-02,efficient60,10,MDT,77.67295597484276,-0.025818007077020422,-0.024984384759525247,-0.11266484765802631,0.14793020329909426
2017-10-02,efficient60,11,SH,77.04402515723271,-0.01378726026342092,-0.021400183430143827,-0.04333532576210408,0.05615653727203154
2017-10-02,efficient60,12,SBUX,76.10062893081762,-0.011844642365258506,-0.020389586746768606,-0.07288077188146103,0.13001767786776167
2017-10-02,efficient60,13,XLP,76.1006289308176,-0.016518671405805208,-0.01982899763507362,-0.011557512383048918,0.07423050562201439
2017-10-02,efficient60,14,DBRG,72.32704402515725,-0.02678847940538409,-0.047005307050795975,-0.1264767199444059,0.10237357392305779
2017-10-02,efficient60,15,TAP,71.06918238993711,-0.039938196460337805,-0.08897034321892705,-0.04771856495994431,0.13028293773973068
2017-10-02,efficient60,16,KR,70.44025157232704,-0.05103763044666343,-0.10972346119536136,-0.13816925734024177,0.32253851371693926
2017-10-02,efficient60,17,PFF,70.12578616352201,-0.007777091058917329,-0.00772598506309552,-0.012304537298128637,0.03373782972755854
2017-10-02,efficient60,18,VTR,67.61006289308176,-0.05446903604383624,-0.07109624890956678,-0.053060619534607945,0.1493424382822948
2017-10-02,efficient60,19,WELL,66.0377358490566,-0.04513471769349697,-0.0559250712637438,-0.04595336076817569,0.16034961351541868
2017-10-02,efficient60,20,BG,65.40880503144655,-0.03470745782367357,-0.08241469816272962,-0.09005726184279028,0.23361678632331587
2017-10-30,legacy_short_proxy,1,MRK,83.971477960242,-0.13124945415280564,-0.15243996901626644,-0.13296354992076065,0.29390504988005584
2017-10-30,legacy_short_proxy,2,T,83.8591184096802,-0.07826756073430596,-0.1424188187164408,-0.1272443403590945,0.2772802046446391
2017-10-30,legacy_short_proxy,3,CHTR,83.21089023336215,-0.08115834342483264,-0.11018648210705562,-0.15765800899565818,0.3426720184361899
2017-10-30,legacy_short_proxy,4,EXPE,82.83059636992222,-0.17808781148188524,-0.18135385453554898,-0.20574826560951442,0.5920017695962917
2017-10-30,legacy_short_proxy,5,AMD,82.6361279170268,-0.18863039469517606,-0.14319433516915814,-0.1699695121951219,0.6301059557032707
2017-10-30,legacy_short_proxy,6,UVXY,82.5410544511668,-0.07931805640266043,-0.19583967529173008,-0.46668909825033644,0.6674714284238196
2017-10-30,legacy_short_proxy,7,CMG,82.10890233362143,-0.12769652799193976,-0.10967528164347251,-0.22014221448265858,0.6075744369998362
2017-10-30,legacy_short_proxy,8,CVS,82.10458081244599,-0.08524769808496369,-0.15253188064875567,-0.12209824291394122,0.33592084425097046
2017-10-30,legacy_short_proxy,9,KMI,81.61624891961971,-0.027090948183191466,-0.05235602094240832,-0.10396039603960383,0.1329274988183292
2017-10-30,legacy_short_proxy,10,IBB,81.51685393258427,-0.04768349348130141,-0.06493621545003547,0.003422378553094463,0.11414820402519178
2017-10-30,legacy_short_proxy,11,MCK,81.51253241140883,-0.08817093924741914,-0.1303619734638669,-0.12715754088822795,0.313844335868404
2017-10-30,legacy_short_proxy,12,GE,81.14088159031981,-0.11146905813978858,-0.1693121693121693,-0.2083010085337471,0.3036057228429431
2017-10-30,legacy_short_proxy,13,REGN,81.13223854796888,-0.07957492717905501,-0.12054344063689859,-0.13277583411553884,0.16512990268186567
2017-10-30,legacy_short_proxy,14,GSK,80.98530682800347,-0.08366135832317667,-0.10324599139616741,-0.09474930911962098,0.25266535581889055
2017-10-30,legacy_short_proxy,15,WMB,80.69576490924804,-0.03429373847430306,-0.050249584026622385,-0.07876049063912205,0.11602624575010088
2017-10-30,legacy_short_proxy,16,SLB,80.0086430423509,-0.028364011124345168,-0.07515868436237727,-0.0507847201658278,0.15181538251183624
2017-10-30,legacy_short_proxy,17,MDLZ,79.82713915298186,-0.04261927672688581,-0.04379562043795626,-0.09613615455381785,0.1508899203432702
2017-10-30,legacy_short_proxy,18,CAH,79.72342264477096,-0.05968056571567237,-0.09583821805392723,-0.10760775238646225,0.2558120231238363
2017-10-30,legacy_short_proxy,19,ALK,79.2999135695765,-0.14282766270281044,-0.13721926522134242,-0.22603936182601614,0.5472897752841572
2017-10-30,legacy_short_proxy,20,AMGN,79.26966292134831,-0.04488634809485592,-0.06721162579473194,0.004256542996836421,0.1347316397104397
2017-10-30,mirror28,1,REGN,85.16304347826087,-0.07957492717905501,-0.12054344063689859,-0.13277583411553884,0.16512990268186567
2017-10-30,mirror28,2,COTY,79.94565217391305,-0.07251943867909116,-0.10090090090090076,-0.2404870624048706,0.23713500320019534
2017-10-30,mirror28,3,NTCT,79.40217391304347,-0.10829036096787115,-0.15233785822021106,-0.17352941176470582,0.2759046012734764
2017-10-30,mirror28,4,OMC,79.18478260869566,-0.07953213185373942,-0.10616891712999743,-0.14747474747474754,0.23671627738564124
2017-10-30,mirror28,5,CHD,78.47826086956522,-0.04441008690088877,-0.0650949301064051,-0.11073625719388769,0.12765342025916226
2017-10-30,mirror28,6,EPC,76.90217391304348,-0.06664644232089512,-0.10263888888888895,-0.09319298245614038,0.17524677649848916
2017-10-30,mirror28,7,MKTX,76.68478260869564,-0.07426229858985367,-0.06857204370525849,-0.15999223338672874,0.2671576641140048
2017-10-30,mirror28,8,SLG,76.08695652173914,-0.06277456863514752,-0.07448772383237956,-0.07848543332414304,0.15305890150211318
2017-10-30,mirror28,9,VNO,75.54347826086956,-0.053602599389377836,-0.06012206206986115,-0.0892160563734743,0.15415805362279605
2017-10-30,mirror28,10,CINF,74.94565217391303,-0.07235645964532988,-0.09148387096774202,-0.12316313823163139,0.24551866249601398
2017-10-30,mirror28,11,SKT,74.83695652173911,-0.06613218379227315,-0.050778050778050865,-0.12429165092557615,0.23807557357264345
2017-10-30,mirror28,12,BMRN,74.45652173913044,-0.09328230257845216,-0.1254667662434653,-0.08617614269788187,0.22816791090625502
2017-10-30,mirror28,13,T,74.45652173913044,-0.07826756073430596,-0.1424188187164408,-0.1272443403590945,0.2772802046446391
2017-10-30,mirror28,14,EMBJ,74.34782608695653,-0.11128940909947793,-0.1770104895104896,-0.08458920758386013,0.2326022964410524
2017-10-30,mirror28,15,PAGP,74.18478260869564,-0.04258596582696239,-0.07888736890104886,-0.23106204796345642,0.20721967735893232
2017-10-30,mirror28,16,GSK,73.6413043478261,-0.08366135832317667,-0.10324599139616741,-0.09474930911962098,0.25266535581889055
2017-10-30,mirror28,17,MDLZ,73.6413043478261,-0.04261927672688581,-0.04379562043795626,-0.09613615455381785,0.1508899203432702
2017-10-30,mirror28,18,TAP,73.58695652173914,-0.04405577047651721,-0.03742989514752493,-0.12772069384598383,0.1819414713026677
2017-10-30,mirror28,19,FRT,73.58695652173913,-0.03958210945810692,-0.024590824800451494,-0.09473211613289423,0.12910656169068863
2017-10-30,mirror28,20,TV,73.53260869565216,-0.05411127106443536,-0.0933441558441559,-0.15570672713529865,0.2556808181922244
2017-10-30,bounded45,1,REGN,82.31884057971014,-0.07957492717905501,-0.12054344063689859,-0.13277583411553884,0.16512990268186567
2017-10-30,bounded45,2,GE,82.22222222222223,-0.11146905813978858,-0.1693121693121693,-0.2083010085337471,0.3036057228429431
2017-10-30,bounded45,3,NTCT,81.4975845410628,-0.10829036096787115,-0.15233785822021106,-0.17352941176470582,0.2759046012734764
2017-10-30,bounded45,4,COTY,80.14492753623188,-0.07251943867909116,-0.10090090090090076,-0.2404870624048706,0.23713500320019534
2017-10-30,bounded45,5,MRK,79.5169082125604,-0.13124945415280564,-0.15243996901626644,-0.13296354992076065,0.29390504988005584
2017-10-30,bounded45,6,CIB,78.55072463768116,-0.1293099500892807,-0.1712791457833951,-0.1352887676216461,0.3039617160379658
2017-10-30,bounded45,7,TCOM,78.21256038647343,-0.09870874354132131,-0.11268403171007924,-0.18526863084922018,0.359486859011542
2017-10-30,bounded45,8,OMC,77.92270531400966,-0.07953213185373942,-0.10616891712999743,-0.14747474747474754,0.23671627738564124
2017-10-30,bounded45,9,CCJ,77.34299516908212,-0.10168642511269443,-0.16889804325437696,-0.20099009900990095,0.44294778244349364
2017-10-30,bounded45,10,CVLT,75.7487922705314,-0.11594202898550521,-0.15415986949429028,-0.14155629139072845,0.3840793474128668
2017-10-30,bounded45,11,MKTX,75.5072463768116,-0.07426229858985367,-0.06857204370525849,-0.15999223338672874,0.2671576641140048
2017-10-30,bounded45,12,SCO,75.3623188405797,-0.09257616089914322,-0.12467902995720392,-0.1752688172043011,0.4160075749947284
2017-10-30,bounded45,13,PRKS,74.63768115942028,-0.08547613430840084,-0.1314413741598207,-0.18156228008444752,0.43827247114651774
2017-10-30,bounded45,14,M,74.58937198067633,-0.08238560261061989,-0.0981330780277645,-0.19141630901287554,0.40063036210102254
2017-10-30,bounded45,15,MCK,74.10628019323671,-0.08817093924741914,-0.1303619734638669,-0.12715754088822795,0.313844335868404
2017-10-30,bounded45,16,EMBJ,74.0096618357488,-0.11128940909947793,-0.1770104895104896,-0.08458920758386013,0.2326022964410524
2017-10-30,bounded45,17,T,73.67149758454106,-0.07826756073430596,-0.1424188187164408,-0.1272443403590945,0.2772802046446391
2017-10-30,bounded45,18,CHTR,73.52657004830917,-0.08115834342483264,-0.11018648210705562,-0.15765800899565818,0.3426720184361899
2017-10-30,bounded45,19,BMRN,73.38164251207729,-0.09328230257845216,-0.1254667662434653,-0.08617614269788187,0.22816791090625502
2017-10-30,bounded45,20,GEL,73.2367149758454,-0.061446196716679835,-0.11229946524064172,-0.2211796246648794,0.29297240163155724
2017-10-30,efficient60,1,MRK,96.94041867954913,-0.13124945415280564,-0.15243996901626644,-0.13296354992076065,0.29390504988005584
2017-10-30,efficient60,2,KHC,93.07568438003221,-0.027845943223211544,-0.03314065510597297,-0.1314331871682437,0.11911812223284342
2017-10-30,efficient60,3,GSK,86.79549114331724,-0.08366135832317667,-0.10324599139616741,-0.09474930911962098,0.25266535581889055
2017-10-30,efficient60,4,T,85.99033816425121,-0.07826756073430596,-0.1424188187164408,-0.1272443403590945,0.2772802046446391
2017-10-30,efficient60,5,XLP,85.50724637681161,-0.02394260448819796,-0.02282850779510026,-0.04307524536532181,0.07507710536225572
2017-10-30,efficient60,6,DIS,84.86312399355879,-0.007883099403960259,-0.0182255157220107,-0.08960906305135097,0.10471716959050571
2017-10-30,efficient60,7,MDLZ,83.57487922705313,-0.04261927672688581,-0.04379562043795626,-0.09613615455381785,0.1508899203432702
2017-10-30,efficient60,8,PG,81.15942028985506,-0.04662971947022099,-0.05993243979514007,-0.04852762766074781,0.1568307828920258
2017-10-30,efficient60,9,GE,80.83735909822867,-0.11146905813978858,-0.1693121693121693,-0.2083010085337471,0.3036057228429431
2017-10-30,efficient60,10,KMI,79.87117552334944,-0.027090948183191466,-0.05235602094240832,-0.10396039603960383,0.1329274988183292
2017-10-30,efficient60,11,NWL,79.06602254428341,-0.0336295022451395,-0.057535522944327955,-0.2018149536397711,0.1646418592675273
2017-10-30,efficient60,12,CHD,78.90499194847021,-0.04441008690088877,-0.0650949301064051,-0.11073625719388769,0.12765342025916226
2017-10-30,efficient60,13,SDS,78.26086956521739,-0.011630478043604509,-0.03393127296304299,-0.07854050711193572,0.10228535993830241
2017-10-30,efficient60,14,WMB,76.81159420289858,-0.03429373847430306,-0.050249584026622385,-0.07876049063912205,0.11602624575010088
2017-10-30,efficient60,15,KMB,75.2012882447665,-0.03602245555670969,-0.04873044370351376,-0.08283877349159241,0.1576813257172394
2017-10-30,efficient60,16,CHTR,74.7181964573269,-0.08115834342483264,-0.11018648210705562,-0.15765800899565818,0.3426720184361899
2017-10-30,efficient60,17,PFF,74.7181964573269,-0.0016504866986353228,-0.0031144562678433463,-0.01789823574533378,0.03173268764363746
2017-10-30,efficient60,18,REGN,74.7181964573269,-0.07957492717905501,-0.12054344063689859,-0.13277583411553884,0.16512990268186567
2017-10-30,efficient60,19,SJM,74.3961352657005,-0.02338284619070352,-0.026833460656990105,-0.1610274141763398,0.1395511772028439
2017-10-30,efficient60,20,DOC,72.94685990338165,-0.026412367605387455,-0.04155746911269187,-0.1423785594639866,0.1276269189271088
2017-11-28,legacy_short_proxy,1,ORCL,87.11802748585286,-0.010578592481940596,-0.03295185477505924,-0.03180561043065977,0.11854224607442464
2017-11-28,legacy_short_proxy,2,PM,85.1818916734034,-0.000864337810413951,-0.017382999044890268,-0.12687770516846308,0.08714461098654731
2017-11-28,legacy_short_proxy,3,TV,84.5392077607114,-0.1095977435011426,-0.21575649059982094,-0.31508991399530883,0.17910912921821773
2017-11-28,legacy_short_proxy,4,KMX,81.67744543249798,-0.057235292884537436,-0.09993328885923958,-0.009688784497944969,0.15446746859543306
2017-11-28,legacy_short_proxy,5,KMI,81.3823767178658,-0.02532551151810125,-0.05911602209944755,-0.1203512396694214,0.17132086940872857
2017-11-28,legacy_short_proxy,6,REGN,81.26919967663703,-0.07059421025901735,-0.09967529272852504,-0.27380952380952384,0.26182415239875134
2017-11-28,legacy_short_proxy,7,SDS,81.11964430072756,-0.03112774281340369,-0.0442953020134228,-0.11662531017369726,0.12094279378515985
2017-11-28,legacy_short_proxy,8,AMLP,80.69927243330639,-0.04482068853306442,-0.07076350093109873,-0.11288888888888893,0.19361047187550504
2017-11-28,legacy_short_proxy,9,AMGN,80.41632983023443,-0.00756595437112173,-0.02480096225442474,-0.047283308152873516,0.1256695111075792
2017-11-28,legacy_short_proxy,10,SIG,80.18997574777687,-0.1896697778422195,-0.17510876320696078,-0.17510876320696078,1.1874408345475929
2017-11-28,legacy_short_proxy,11,CNI,80.0485044462409,-0.024115745574824987,-0.03903460165004291,-0.039152918000492365,0.07921976135678863
2017-11-28,legacy_short_proxy,12,MOMO,79.85852869846404,-0.16784179703700997,-0.14867617107942976,-0.34345549738219905,0.8352020322462168
2017-11-28,legacy_short_proxy,13,FDX,79.78577202910266,-0.005534165278572756,-0.04044440541015282,0.01608928156242717,0.15244277747924131
2017-11-28,legacy_short_proxy,14,EG,79.72514147130154,-0.008792719135178428,-0.059008029441284804,-0.09408970126419203,0.19927701641450982
2017-11-28,legacy_short_proxy,15,OKE,79.64025869037995,-0.03520183477398331,-0.07364914877868245,-0.08365367014460923,0.149289113389935
2017-11-28,legacy_short_proxy,16,PPL,79.02182700080841,-0.0018716614068897686,-0.025606828487596767,-0.06596778317565832,0.14724979165196828
2017-11-28,legacy_short_proxy,17,CMCSA,78.90056588520615,-0.0004687456916739885,-0.006849315068493178,-0.11714564052605947,0.22397981517163892
2017-11-28,legacy_short_proxy,18,BSX,78.64995957962813,-0.061872344963651016,-0.06285511363636365,-0.04036363636363638,0.3054771076123223
2017-11-28,legacy_short_proxy,19,LH,78.33063864187551,-0.0014856878734834655,-0.019134721411428912,-0.04054311274665323,0.12525415059456105
2017-11-28,legacy_short_proxy,20,GILD,78.29021827000808,-0.003852711821946908,-0.044742729306487594,-0.13325373134328355,0.16110194643513065
2017-11-28,mirror28,1,SPXU,85.38461538461539,-0.04694224012001835,-0.06723338485316843,-0.17044673539518895,0.1805116643074503
2017-11-28,mirror28,2,SDS,84.83516483516483,-0.03112774281340369,-0.0442953020134228,-0.11662531017369726,0.12094279378515985
2017-11-28,mirror28,3,SPXS,84.72527472527473,-0.04627700241353938,-0.0657856093979442,-0.16988517745302711,0.18038173078176348
2017-11-28,mirror28,4,QID,83.40659340659342,-0.032293218060957085,-0.06263194933145677,-0.13562621674237507,0.15458263464049551
2017-11-28,mirror28,5,BG,81.0989010989011,-0.018586134249022335,-0.05514652807853315,-0.1410761154855643,0.11827634659381797
2017-11-28,mirror28,6,CDP,80.76923076923077,-0.035579345088164405,-0.04131455399061035,-0.08539862645565854,0.14945710591630376
2017-11-28,mirror28,7,SQQQ,80.65934065934066,-0.0486996373667935,-0.09329940627650546,-0.19955073006364654,0.2391796346977454
2017-11-28,mirror28,8,OKE,80.10989010989012,-0.03520183477398331,-0.07364914877868245,-0.08365367014460923,0.149289113389935
2017-11-28,mirror28,9,WOR,77.6923076923077,-0.02884524148401324,-0.10844947735191646,-0.19010880316518297,0.2193373740400825
2017-11-28,mirror28,10,AMLP,77.36263736263736,-0.04482068853306442,-0.07076350093109873,-0.11288888888888893,0.19361047187550504
2017-11-28,mirror28,11,KMI,76.15384615384615,-0.02532551151810125,-0.05911602209944755,-0.1203512396694214,0.17132086940872857
2017-11-28,mirror28,12,CHTR,73.84615384615385,-0.032841083108779534,0.005864378530201497,-0.16966469629025693,0.269893096539191
2017-11-28,mirror28,13,BKH,73.73626373626374,-0.02106952860396949,-0.1089351285189718,-0.17296222664015903,0.20185027952918805
2017-11-28,mirror28,14,CNI,70.65934065934066,-0.024115745574824987,-0.03903460165004291,-0.039152918000492365,0.07921976135678863
2017-11-28,mirror28,15,ESS,70.54945054945054,-0.02906471196937377,-0.05379601226993869,-0.07149038642435179,0.1713830518073668
2017-11-28,mirror28,16,WELL,67.6923076923077,-0.012127634522550612,-0.0013390864454693174,-0.08891000407221383,0.08548136415524159
2017-11-28,mirror28,17,SH,67.25274725274724,-0.015350175887431483,-0.022229279136233737,-0.05869764597982274,0.059897978458045134
2017-11-28,mirror28,18,DBRG,66.8131868131868,-0.020012128562765907,-0.028067361668003277,-0.0811220621683093,0.17135248962618138
2017-11-28,mirror28,19,TAP,65.49450549450549,-0.014071253364105196,-0.004686510449651737,-0.12717982894590696,0.17696786291652514
2017-11-28,mirror28,20,KIM,65.38461538461539,-0.02724252491693757,-0.007053716766142082,-0.07622412922766275,0.22296223142526497
2017-11-28,bounded45,1,TZA,82.5,-0.08467667222531527,-0.09191176470588236,-0.23623995052566482,0.3243599001208279
2017-11-28,bounded45,2,SPXU,81.8,-0.04694224012001835,-0.06723338485316843,-0.17044673539518895,0.1805116643074503
2017-11-28,bounded45,3,SPXS,81.19999999999999,-0.04627700241353938,-0.0657856093979442,-0.16988517745302711,0.18038173078176348
2017-11-28,bounded45,4,SQQQ,80.5,-0.0486996373667935,-0.09329940627650546,-0.19955073006364654,0.2391796346977454
2017-11-28,bounded45,5,QID,78.5,-0.032293218060957085,-0.06263194933145677,-0.13562621674237507,0.15458263464049551
2017-11-28,bounded45,6,PAA,77.9,-0.07111684189645373,-0.053083923154701784,-0.14239926739926734,0.3150789447373667
2017-11-28,bounded45,7,SDS,77.7,-0.03112774281340369,-0.0442953020134228,-0.11662531017369726,0.12094279378515985
2017-11-28,bounded45,8,PZZA,77.10000000000001,-0.04929876032357605,-0.16378281622911695,-0.24670787422735818,0.3890324638766225
2017-11-28,bounded45,9,WOR,75.4,-0.02884524148401324,-0.10844947735191646,-0.19010880316518297,0.2193373740400825
2017-11-28,bounded45,10,CDP,73.4,-0.035579345088164405,-0.04131455399061035,-0.08539862645565854,0.14945710591630376
2017-11-28,bounded45,11,AMLP,73.2,-0.04482068853306442,-0.07076350093109873,-0.11288888888888893,0.19361047187550504
2017-11-28,bounded45,12,OKE,72.50000000000001,-0.03520183477398331,-0.07364914877868245,-0.08365367014460923,0.149289113389935
2017-11-28,bounded45,13,BG,70.4,-0.018586134249022335,-0.05514652807853315,-0.1410761154855643,0.11827634659381797
2017-11-28,bounded45,14,KMI,69.89999999999999,-0.02532551151810125,-0.05911602209944755,-0.1203512396694214,0.17132086940872857
2017-11-28,bounded45,15,ET,68.9,-0.055294117647065266,-0.09214245336348237,-0.09572072072072091,0.31696269887082423
2017-11-28,bounded45,16,PAGP,68.9,-0.0470681801749574,-0.021287128712871306,-0.12328159645232817,0.3256214223979363
2017-11-28,bounded45,17,BKH,68.4,-0.02106952860396949,-0.1089351285189718,-0.17296222664015903,0.20185027952918805
2017-11-28,bounded45,18,UNIT,68.0,-0.027683997299111862,-0.07692307692307698,-0.18350515463917516,0.32546310102778203
2017-11-28,bounded45,19,PEGA,67.10000000000001,-0.048027124706585655,-0.09557522123893802,-0.11377037807839052,0.35487448112428416
2017-11-28,bounded45,20,OHI,66.9,-0.027306219750055427,-0.13044882144010328,-0.16625386996904024,0.3064804120072165
2017-11-28,efficient60,1,PM,94.33333333333334,-0.000864337810413951,-0.017382999044890268,-0.12687770516846308,0.08714461098654731
2017-11-28,efficient60,2,SDS,87.0,-0.03112774281340369,-0.0442953020134228,-0.11662531017369726,0.12094279378515985
2017-11-28,efficient60,3,GILD,83.33333333333334,-0.003852711821946908,-0.044742729306487594,-0.13325373134328355,0.16110194643513065
2017-11-28,efficient60,4,WELL,80.0,-0.012127634522550612,-0.0013390864454693174,-0.08891000407221383,0.08548136415524159
2017-11-28,efficient60,5,BG,78.66666666666667,-0.018586134249022335,-0.05514652807853315,-0.1410761154855643,0.11827634659381797
2017-11-28,efficient60,6,KMI,78.33333333333334,-0.02532551151810125,-0.05911602209944755,-0.1203512396694214,0.17132086940872857
2017-11-28,efficient60,7,OHI,78.0,-0.027306219750055427,-0.13044882144010328,-0.16625386996904024,0.3064804120072165
2017-11-28,efficient60,8,ADM,77.33333333333334,-0.012567098200183091,-0.08689558514365803,-0.07369668246445493,0.19439068304009222
2017-11-28,efficient60,9,SHY,77.00000000000001,-0.00043376729870536757,-0.002845287492590387,-0.0056744296016078,0.006991309998909723
2017-11-28,efficient60,10,IBB,76.66666666666667,-0.0006500541711731422,-0.01686404547607767,-0.07306833407771329,0.1266635500480444
2017-11-28,efficient60,11,BSV,76.33333333333334,-0.0002516356316143442,-0.0032614149523332303,-0.006998250437390663,0.009020142150027126
2017-11-28,efficient60,12,SH,75.33333333333333,-0.015350175887431483,-0.022229279136233737,-0.05869764597982274,0.059897978458045134
2017-11-28,efficient60,13,OKE,74.66666666666666,-0.03520183477398331,-0.07364914877868245,-0.08365367014460923,0.149289113389935
2017-11-28,efficient60,14,ORCL,73.0,-0.010578592481940596,-0.03295185477505924,-0.03180561043065977,0.11854224607442464
2017-11-28,efficient60,15,AMGN,72.33333333333334,-0.00756595437112173,-0.02480096225442474,-0.047283308152873516,0.1256695111075792
2017-11-28,efficient60,16,AMLP,71.33333333333334,-0.04482068853306442,-0.07076350093109873,-0.11288888888888893,0.19361047187550504
2017-11-28,efficient60,17,SQQQ,70.66666666666666,-0.0486996373667935,-0.09329940627650546,-0.19955073006364654,0.2391796346977454
2017-11-28,efficient60,18,SPXU,70.33333333333334,-0.04694224012001835,-0.06723338485316843,-0.17044673539518895,0.1805116643074503
2017-11-28,efficient60,19,BKH,67.0,-0.02106952860396949,-0.1089351285189718,-0.17296222664015903,0.20185027952918805
2017-11-28,efficient60,20,ESS,67.0,-0.02906471196937377,-0.05379601226993869,-0.07149038642435179,0.1713830518073668
2017-12-27,legacy_short_proxy,1,GE,91.88138256087981,-0.02029312288612728,-0.055947854426941945,-0.29263329263329263,0.12985368107091588
2017-12-27,legacy_short_proxy,2,PPL,87.79261586802828,-0.09045315081425431,-0.1560361346838216,-0.18266171792152708,0.19588874309229914
2017-12-27,legacy_short_proxy,3,XLU,86.49646504320503,-0.044089456869007226,-0.07130188009932603,-0.014678208505833679,0.11832498481584605
2017-12-27,legacy_short_proxy,4,SO,85.56166535742341,-0.04770398557187949,-0.06680908914352313,-0.02218152218152225,0.1477116330789913
2017-12-27,legacy_short_proxy,5,CCK,82.5098193244305,-0.03835224826492789,-0.05627851952002705,-0.06622073578595311,0.11627340150388907
2017-12-27,legacy_short_proxy,6,HYG,82.1209740769835,-0.0013261042037217008,-0.007966313872766584,-0.013355970571590214,0.024529814254905316
2017-12-27,legacy_short_proxy,7,IEF,81.6025137470542,-0.0019057707494916087,-0.007896963429538384,-0.006682981927710774,0.03677464569623978
2017-12-27,legacy_short_proxy,8,VNQ,81.53181461115476,-0.014629485878061121,-0.020420277810756282,-0.0055441725925032825,0.12912472875152053
2017-12-27,legacy_short_proxy,9,CTSH,81.42969363707778,-0.005982255666393321,-0.022917524358446517,-0.017253278122843385,0.12111535938968028
2017-12-27,legacy_short_proxy,10,SRE,80.69913589945011,-0.06163257137387823,-0.09817695266767013,-0.05386909984207755,0.25375995452940103
2017-12-27,legacy_short_proxy,11,EIX,80.43205027494109,-0.09450728682607634,-0.20631008134089224,-0.16363636363636358,0.6138956948176043
2017-12-27,legacy_short_proxy,12,XEL,80.3849175176748,-0.04723938608730893,-0.06731707317073177,0.00929054054054057,0.13072691325045013
2017-12-27,legacy_short_proxy,13,BMY,80.2356637863315,-0.008296353463251083,-0.013435700575815779,-0.044609665427509326,0.15457431749575612
2017-12-27,legacy_short_proxy,14,MET,79.91751767478398,-0.03136839493448018,-0.036087369420702675,-0.02665899501342539,0.1340618040579049
2017-12-27,legacy_short_proxy,15,MRSH,79.27336999214455,-0.01868569472223991,-0.02308060272662049,-0.03348319924278276,0.1351958828460598
2017-12-27,legacy_short_proxy,16,MTN,78.80204241948154,-0.030097679682309586,-0.05401698814369127,-0.03658481640009004,0.17282042719101745
2017-12-27,legacy_short_proxy,17,BSV,78.69992144540456,-0.0016220958488167847,-0.004656430908633102,-0.007653701380175626,0.011343472767809408
2017-12-27,legacy_short_proxy,18,VMRK,78.50353495679498,-0.018870813397136033,-0.04215246636771308,-0.023170731707316983,0.11134071539564677
2017-12-27,legacy_short_proxy,19,AON,78.25216025137472,-0.026952797183740218,-0.043018436472774146,-0.09077330436553743,0.12906785112214123
2017-12-27,legacy_short_proxy,20,WELL,78.24037706205812,-0.03812093801072336,-0.05735995232419544,-0.09029475197699488,0.181309130137817
2017-12-27,mirror28,1,PPL,85.54913294797689,-0.09045315081425431,-0.1560361346838216,-0.18266171792152708,0.19588874309229914
2017-12-27,mirror28,2,OI,82.54335260115607,-0.05458005362858176,-0.05938037865748702,-0.13150576082638066,0.19740149961088777
2017-12-27,mirror28,3,CCK,81.96531791907515,-0.03835224826492789,-0.05627851952002705,-0.06622073578595311,0.11627340150388907
2017-12-27,mirror28,4,OGE,79.88439306358381,-0.037741115632659805,-0.07485875706214684,-0.09455349737351404,0.15853616133167595
2017-12-27,mirror28,5,AON,78.38150289017341,-0.026952797183740218,-0.043018436472774146,-0.09077330436553743,0.12906785112214123
2017-12-27,mirror28,6,AGO,77.97687861271676,-0.036065198086450034,-0.07909140667761361,-0.12574694725902835,0.18668848182673825
2017-12-27,mirror28,7,SPXU,77.74566473988439,-0.02642678832745482,-0.06296603148301572,-0.1689933872152829,0.17366614046692705
2017-12-27,mirror28,8,NJR,77.34104046242774,-0.05909145391345594,-0.10490307867730908,-0.07863849765258224,0.21614222354830878
2017-12-27,mirror28,9,DBRG,77.05202312138728,-0.031815346225824825,-0.03960396039603953,-0.07398568019093077,0.14977914279916787
2017-12-27,mirror28,10,WELL,76.58959537572254,-0.03812093801072336,-0.05735995232419544,-0.09029475197699488,0.181309130137817
2017-12-27,mirror28,11,CVLT,76.18497109826589,-0.016332069820766626,-0.0393053016453383,-0.14274061990212072,0.09492763925317461
2017-12-27,mirror28,12,SPXS,76.18497109826589,-0.025107885445272426,-0.06255894372838733,-0.1688963210702341,0.17524709748267742
2017-12-27,mirror28,13,JBL,75.78034682080926,-0.05176619387478598,-0.09641873278236912,-0.10413110276544901,0.24681450421206014
2017-12-27,mirror28,14,DORM,75.02890173410405,-0.03395370866428826,-0.0967039349499057,-0.14628790997667085,0.22712371200819353
2017-12-27,mirror28,15,SDS,74.21965317919074,-0.017479830964269194,-0.042134831460674205,-0.1156256753836179,0.11680999748153398
2017-12-27,mirror28,16,BALL,74.16184971098265,-0.03965636266012651,-0.05103587670540666,-0.09187620889748538,0.216178749759819
2017-12-27,mirror28,17,GEO,73.35260115606937,-0.036238739665169106,-0.1319007039644312,-0.11417769376181475,0.22798155191145145
2017-12-27,mirror28,18,WU,73.23699421965318,-0.03229957534422334,-0.04520060944641957,-0.030927835051546282,0.09148820841213899
2017-12-27,mirror28,19,NFG,72.83236994219654,-0.034507042253520304,-0.053013296494560436,-0.044266294876263435,0.1478242364903889
2017-12-27,mirror28,20,SO,72.19653179190752,-0.04770398557187949,-0.06680908914352313,-0.02218152218152225,0.1477116330789913
2017-12-27,bounded45,1,PPL,86.89265536723163,-0.09045315081425431,-0.1560361346838216,-0.18266171792152708,0.19588874309229914
2017-12-27,bounded45,2,OI,83.1638418079096,-0.05458005362858176,-0.05938037865748702,-0.13150576082638066,0.19740149961088777
2017-12-27,bounded45,3,CCK,80.45197740112995,-0.03835224826492789,-0.05627851952002705,-0.06622073578595311,0.11627340150388907
2017-12-27,bounded45,4,OGE,79.71751412429379,-0.037741115632659805,-0.07485875706214684,-0.09455349737351404,0.15853616133167595
2017-12-27,bounded45,5,AGO,78.24858757062148,-0.036065198086450034,-0.07909140667761361,-0.12574694725902835,0.18668848182673825
2017-12-27,bounded45,6,NJR,77.79661016949152,-0.05909145391345594,-0.10490307867730908,-0.07863849765258224,0.21614222354830878
2017-12-27,bounded45,7,JBL,77.62711864406779,-0.05176619387478598,-0.09641873278236912,-0.10413110276544901,0.24681450421206014
2017-12-27,bounded45,8,WELL,77.11864406779661,-0.03812093801072336,-0.05735995232419544,-0.09029475197699488,0.181309130137817
2017-12-27,bounded45,9,EEFT,76.15819209039547,-0.06011123668695162,-0.07698195735374525,-0.1077167019027484,0.35779835318570674
2017-12-27,bounded45,10,SPXU,75.76271186440678,-0.02642678832745482,-0.06296603148301572,-0.1689933872152829,0.17366614046692705
2017-12-27,bounded45,11,DORM,75.70621468926554,-0.03395370866428826,-0.0967039349499057,-0.14628790997667085,0.22712371200819353
2017-12-27,bounded45,12,BALL,75.19774011299435,-0.03965636266012651,-0.05103587670540666,-0.09187620889748538,0.216178749759819
2017-12-27,bounded45,13,AON,75.14124293785312,-0.026952797183740218,-0.043018436472774146,-0.09077330436553743,0.12906785112214123
2017-12-27,bounded45,14,KMX,74.80225988700565,-0.037564776442505,-0.03780017788319001,-0.15250032641336997,0.28239310862450345
2017-12-27,bounded45,15,DBRG,74.57627118644068,-0.031815346225824825,-0.03960396039603953,-0.07398568019093077,0.14977914279916787
2017-12-27,bounded45,16,GEO,74.57627118644068,-0.036238739665169106,-0.1319007039644312,-0.11417769376181475,0.22798155191145145
2017-12-27,bounded45,17,SPXS,73.954802259887,-0.025107885445272426,-0.06255894372838733,-0.1688963210702341,0.17524709748267742
2017-12-27,bounded45,18,SO,72.03389830508475,-0.04770398557187949,-0.06680908914352313,-0.02218152218152225,0.1477116330789913
2017-12-27,bounded45,19,CNK,71.69491525423729,-0.04621010174315443,-0.055816523901630166,-0.06893732970027255,0.2679928734326313
2017-12-27,bounded45,20,NFG,71.41242937853107,-0.034507042253520304,-0.053013296494560436,-0.044266294876263435,0.1478242364903889
2017-12-27,efficient60,1,PPL,91.3370998116761,-0.09045315081425431,-0.1560361346838216,-0.18266171792152708,0.19588874309229914
2017-12-27,efficient60,2,BSV,88.51224105461394,-0.0016220958488167847,-0.004656430908633102,-0.007653701380175626,0.011343472767809408
2017-12-27,efficient60,3,VCSH,88.13559322033899,-0.0021334306697929906,-0.0057687484324052685,-0.008876109513689112,0.014195965720001966
2017-12-27,efficient60,4,HYG,87.00564971751413,-0.0013261042037217008,-0.007966313872766584,-0.013355970571590214,0.024529814254905316
2017-12-27,efficient60,5,SDS,85.68738229755179,-0.017479830964269194,-0.042134831460674205,-0.1156256753836179,0.11680999748153398
2017-12-27,efficient60,6,SHY,84.36911487758947,-0.0013373881910689889,-0.0034478658899061987,-0.007342491710090049,0.007419670731207416
2017-12-27,efficient60,7,WELL,84.36911487758945,-0.03812093801072336,-0.05735995232419544,-0.09029475197699488,0.181309130137817
2017-12-27,efficient60,8,AON,80.22598870056498,-0.026952797183740218,-0.043018436472774146,-0.09077330436553743,0.12906785112214123
2017-12-27,efficient60,9,SH,79.66101694915254,-0.008734845618586506,-0.021435531016563814,-0.05873164636051231,0.058085248731733374
2017-12-27,efficient60,10,SHV,79.2843691148776,-0.000521506473475708,-0.0011782833318226826,-0.0010877447425670095,0.003997192845602969
2017-12-27,efficient60,11,BUD,77.96610169491525,-0.0013534932592526028,-0.04504427792915522,-0.057404605816103516,0.12292596725435471
2017-12-27,efficient60,12,VTIP,76.08286252354048,-0.013190528734704832,-0.01614856681469512,-0.013959134129071349,0.04975196166612008
2017-12-27,efficient60,13,SPXU,74.19962335216572,-0.02642678832745482,-0.06296603148301572,-0.1689933872152829,0.17366614046692705
2017-12-27,efficient60,14,SNY,73.06967984934087,-0.012076907211768573,-0.0595549738219896,-0.1338155515370706,0.13575829438787015
2017-12-27,efficient60,15,PFF,72.31638418079096,-0.005905126901570634,-0.012432012432012307,-0.010381520892810747,0.027724357049452936
2017-12-27,efficient60,16,SHM,71.56308851224107,-0.0009377930603245987,-0.0008336807002917723,-0.012970969734404036,0.023902567282682703
2017-12-27,efficient60,17,SRE,70.80979284369116,-0.06163257137387823,-0.09817695266767013,-0.05386909984207755,0.25375995452940103
2017-12-27,efficient60,18,BSX,70.62146892655367,-0.01118304885227539,-0.04509283819628651,-0.1448931116389549,0.2346065935093816
2017-12-27,efficient60,19,SPXS,70.43314500941621,-0.025107885445272426,-0.06255894372838733,-0.1688963210702341,0.17524709748267742
2017-12-27,efficient60,20,IEF,70.24482109227873,-0.0019057707494916087,-0.007896963429538384,-0.006682981927710774,0.03677464569623978
2018-01-26,legacy_short_proxy,1,SO,88.296239447429,-0.030786897796248103,-0.07783558792924028,-0.1493568823190632,0.14336366346751164
2018-01-26,legacy_short_proxy,2,IEF,88.26170376055258,-0.007835394566376608,-0.01667772197479389,-0.02315730019768436,0.0316424165476557
2018-01-26,legacy_short_proxy,3,AGG,87.23330775134305,-0.0033796988159657815,-0.008508691674290914,-0.010681029760817973,0.022088120479798808
2018-01-26,legacy_short_proxy,4,SDS,86.47352264006139,-0.06945138862068678,-0.12854349951124144,-0.20223713646532437,0.1379265522142583
2018-01-26,legacy_short_proxy,5,DUK,86.16270145817346,-0.015185113466712363,-0.061324124791617085,-0.10532289183974575,0.13365818358812487
2018-01-26,legacy_short_proxy,6,PG,85.93246354566386,-0.029830527217934666,-0.04744842562432128,0.016923611916077608,0.1558780823211395
2018-01-26,legacy_short_proxy,7,AEP,84.23637759017652,-0.015050035458205935,-0.061305297651556456,-0.07307536739921805,0.16382511966459648
2018-01-26,legacy_short_proxy,8,ED,83.57636224098235,-0.006732966829316567,-0.05031892274982275,-0.06402793946449359,0.1464551812143384
2018-01-26,legacy_short_proxy,9,VCIT,82.37528779739064,-0.0031066620642026255,-0.008468757152666484,-0.015790071566511465,0.025663033652844933
2018-01-26,legacy_short_proxy,10,KIM,82.36377590176515,-0.06398173622899794,-0.12383561643835617,-0.13239283776451438,0.15963748756483476
2018-01-26,legacy_short_proxy,11,LQD,81.93016116653875,-0.0006797532992909305,-0.007655581165624037,-0.006264941060094009,0.04421508513984968
2018-01-26,legacy_short_proxy,12,VNQ,81.77666922486569,-0.008312800219022032,-0.034177675433280874,-0.0306532052061792,0.12872143695242175
2018-01-26,legacy_short_proxy,13,NWL,81.66155026861091,-0.1820456930653217,-0.17572404816140585,-0.3739495798319328,0.7655919904760793
2018-01-26,legacy_short_proxy,14,AVGO,81.53108211818879,-0.04864864864865326,-0.03203396372057132,-0.039816232771822446,0.26776447378231844
2018-01-26,legacy_short_proxy,15,TLT,81.27782041442823,-0.008639014334182016,-0.025084799242723,-0.006670953222954523,0.08793886918885388
2018-01-26,legacy_short_proxy,16,EQIX,80.80966999232541,-0.007176549410733091,-0.022360468462883865,-0.03945794270550118,0.20344446680150846
2018-01-26,legacy_short_proxy,17,IYR,80.5947812739831,-0.0001903915720066207,-0.021612222084213206,-0.012659814489847099,0.12312968528476667
2018-01-26,legacy_short_proxy,18,MBB,80.49501151189563,-0.004820855501569299,-0.009102852852852839,-0.012623901253039027,0.0182382009344354
2018-01-26,legacy_short_proxy,19,F,80.4489639293937,-0.07141718476007386,-0.06799999999999995,-0.037190082644628086,0.3206584659136522
2018-01-26,legacy_short_proxy,20,CNI,80.16116653875672,-0.029870392251696964,-0.03718556325191402,-0.024381233838197125,0.16540386271497792
2018-01-26,mirror28,1,PSQ,89.5,-0.04224519940915805,-0.08340401470172465,-0.11396556436184746,0.10512598062499935
2018-01-26,mirror28,2,SDS,89.33333333333333,-0.06945138862068678,-0.12854349951124144,-0.20223713646532437,0.1379265522142583
2018-01-26,mirror28,3,SH,87.33333333333333,-0.0348966818142854,-0.06604712910720212,-0.10638297872340419,0.06730320123198165
2018-01-26,mirror28,4,KIM,85.66666666666666,-0.06398173622899794,-0.12383561643835617,-0.13239283776451438,0.15963748756483476
2018-01-26,mirror28,5,SO,83.83333333333333,-0.030786897796248103,-0.07783558792924028,-0.1493568823190632,0.14336366346751164
2018-01-26,mirror28,6,QID,82.5,-0.08330241952103046,-0.16075471698113208,-0.21745249824067558,0.20639883115172067
2018-01-26,mirror28,7,POR,81.66666666666667,-0.023483072089448886,-0.06853239312472448,-0.10897976391231012,0.12343350237441288
2018-01-26,mirror28,8,NLY,77.16666666666667,-0.040457343887428165,-0.09834710743801645,-0.056228373702422174,0.13739337067309557
2018-01-26,mirror28,9,IRM,73.25,-0.020569143545782986,-0.045126835781041486,-0.10845175766641735,0.16321299686447807
2018-01-26,mirror28,10,MRCY,73.0,-0.07214237369111998,-0.09142300194931774,-0.06761352270454091,0.21653932703948925
2018-01-26,mirror28,11,UUP,72.83333333333333,-0.02173227021227153,-0.03925619834710736,-0.05333876221498368,0.06412625204725274
2018-01-26,mirror28,12,DUK,72.58333333333333,-0.015185113466712363,-0.061324124791617085,-0.10532289183974575,0.13365818358812487
2018-01-26,mirror28,13,PSA,72.16666666666667,-0.029753878972052283,-0.07850726299694188,-0.07616766467065872,0.17668143864390903
2018-01-26,mirror28,14,NWE,71.33333333333334,-0.02611188247413243,-0.07848787930157652,-0.08175675675675687,0.18115837944623947
2018-01-26,mirror28,15,BRX,70.83333333333333,-0.041009463722400774,-0.09376693766937672,-0.07111111111111112,0.21901399140714778
2018-01-26,mirror28,16,AMH,70.41666666666667,-0.02204716845189303,-0.06476802939825443,-0.04904250350303596,0.11758347620512716
2018-01-26,mirror28,17,VTR,69.33333333333334,-0.018043818191400107,-0.07066844030595276,-0.11636363636363634,0.19033497813083317
2018-01-26,mirror28,18,HR,68.83333333333333,-0.02247151374043821,-0.07756324900133149,-0.07293409166945464,0.17116280883488647
2018-01-26,mirror28,19,HPP,68.0,-0.03336158876241668,-0.05838985549985265,-0.04429811433702491,0.16464803368675018
2018-01-26,mirror28,20,ESS,67.75,-0.01433276722763177,-0.047257803755751726,-0.11875000000000002,0.16752430640670188
2018-01-26,bounded45,1,SDS,86.61417322834644,-0.06945138862068678,-0.12854349951124144,-0.20223713646532437,0.1379265522142583
2018-01-26,bounded45,2,PSQ,84.40944881889763,-0.04224519940915805,-0.08340401470172465,-0.11396556436184746,0.10512598062499935
2018-01-26,bounded45,3,QID,82.83464566929133,-0.08330241952103046,-0.16075471698113208,-0.21745249824067558,0.20639883115172067
2018-01-26,bounded45,4,SH,82.36220472440945,-0.0348966818142854,-0.06604712910720212,-0.10638297872340419,0.06730320123198165
2018-01-26,bounded45,5,KIM,81.88976377952756,-0.06398173622899794,-0.12383561643835617,-0.13239283776451438,0.15963748756483476
2018-01-26,bounded45,6,IMAX,80.62992125984252,-0.08551068883610746,-0.16846652267818574,-0.20289855072463758,0.2871704664163493
2018-01-26,bounded45,7,GE,79.37007874015748,-0.08339252734763891,-0.07192174913693905,-0.20970112689857923,0.37096952503373126
2018-01-26,bounded45,8,SO,79.37007874015747,-0.030786897796248103,-0.07783558792924028,-0.1493568823190632,0.14336366346751164
2018-01-26,bounded45,9,ALB,78.50393700787401,-0.09009571451862353,-0.10916452542240918,-0.1799154182495878,0.41320100079804445
2018-01-26,bounded45,10,POR,76.61417322834647,-0.023483072089448886,-0.06853239312472448,-0.10897976391231012,0.12343350237441288
2018-01-26,bounded45,11,TZA,76.61417322834644,-0.06142592755795451,-0.1198347107438017,-0.21691176470588236,0.34053532806953823
2018-01-26,bounded45,12,ADNT,76.29921259842519,-0.0754061882565078,-0.08504176157934695,-0.1341317365269461,0.37539955713583995
2018-01-26,bounded45,13,NLY,73.22834645669292,-0.040457343887428165,-0.09834710743801645,-0.056228373702422174,0.13739337067309557
2018-01-26,bounded45,14,SNAP,72.44094488188976,-0.05018737085420277,-0.08625336927223715,-0.13520408163265296,0.4157689910462028
2018-01-26,bounded45,15,MRCY,71.88976377952756,-0.07214237369111998,-0.09142300194931774,-0.06761352270454091,0.21653932703948925
2018-01-26,bounded45,16,IRM,69.37007874015748,-0.020569143545782986,-0.045126835781041486,-0.10845175766641735,0.16321299686447807
2018-01-26,bounded45,17,UUP,68.74015748031496,-0.02173227021227153,-0.03925619834710736,-0.05333876221498368,0.06412625204725274
2018-01-26,bounded45,18,DUK,68.66141732283465,-0.015185113466712363,-0.061324124791617085,-0.10532289183974575,0.13365818358812487
2018-01-26,bounded45,19,PSA,68.66141732283465,-0.029753878972052283,-0.07850726299694188,-0.07616766467065872,0.17668143864390903
2018-01-26,bounded45,20,BRX,68.4251968503937,-0.041009463722400774,-0.09376693766937672,-0.07111111111111112,0.21901399140714778
2018-01-26,efficient60,1,BSV,91.86351706036746,-0.001938107241933773,-0.0037931470476672002,-0.01166583040642244,0.007763718898987806
2018-01-26,efficient60,2,VCSH,88.18897637795277,-0.0016855315737319687,-0.0026488395560041456,-0.011995501686867471,0.009281499675967584
2018-01-26,efficient60,3,SHY,87.4015748031496,-0.0013732163114149598,-0.0022667621092817836,-0.008535862477771161,0.005090214513140881
2018-01-26,efficient60,4,IEF,83.98950131233596,-0.007835394566376608,-0.01667772197479389,-0.02315730019768436,0.0316424165476557
2018-01-26,efficient60,5,SDS,82.93963254593176,-0.06945138862068678,-0.12854349951124144,-0.20223713646532437,0.1379265522142583
2018-01-26,efficient60,6,SO,80.83989501312337,-0.030786897796248103,-0.07783558792924028,-0.1493568823190632,0.14336366346751164
2018-01-26,efficient60,7,AGG,79.26509186351706,-0.0033796988159657815,-0.008508691674290914,-0.010681029760817973,0.022088120479798808
2018-01-26,efficient60,8,BNDX,77.69028871391077,-0.0010967843021659762,-0.004043374379709586,-0.012752778283840471,0.01403007027092186
2018-01-26,efficient60,9,IEI,77.16535433070868,-0.0046362002081576925,-0.0094161958568737,-0.018258540939706247,0.016231734038512358
2018-01-26,efficient60,10,SH,76.90288713910762,-0.0348966818142854,-0.06604712910720212,-0.10638297872340419,0.06730320123198165
2018-01-26,efficient60,11,BND,76.64041994750656,-0.0032751293706960727,-0.008467296600809915,-0.012466389635785835,0.025336994444818184
2018-01-26,efficient60,12,VTIP,76.37795275590553,-0.0006767426122202824,-0.00020517029134192732,-0.016548940464177653,0.0109520022459207
2018-01-26,efficient60,13,DUK,75.59055118110237,-0.015185113466712363,-0.061324124791617085,-0.10532289183974575,0.13365818358812487
2018-01-26,efficient60,14,VCIT,75.59055118110237,-0.0031066620642026255,-0.008468757152666484,-0.015790071566511465,0.025663033652844933
2018-01-26,efficient60,15,SPSB,75.06561679790026,-0.0013819426164759507,-0.0026289845547157187,-0.009464751958224493,0.009344402653753766
2018-01-26,efficient60,16,MBB,74.27821522309712,-0.004820855501569299,-0.009102852852852839,-0.012623901253039027,0.0182382009344354
2018-01-26,efficient60,17,BIV,73.49081364829395,-0.005483714030016129,-0.011226561566941351,-0.02116339560179703,0.02449684964145793
2018-01-26,efficient60,18,EIX,70.34120734908136,-0.001103487981569229,-0.030124223602484568,-0.215228043724086,0.13976181176967903
2018-01-26,efficient60,19,SPIB,70.07874015748031,-0.002873226222582237,-0.006717289719626263,-0.014774044032445088,0.0157264163975305
2018-01-26,efficient60,20,VMBS,69.02887139107614,-0.003905502163340402,-0.007250524709024875,-0.01346226772847936,0.01656515558269358
2018-02-26,legacy_short_proxy,1,KHC,89.55861070911723,-0.04312391092572787,-0.12155183272452452,-0.11699164345403912,0.24497111570680957
2018-02-26,legacy_short_proxy,2,B,86.24819102749638,-0.08478130617134283,-0.17152542372881352,-0.13761467889908252,0.26825329078399657
2018-02-26,legacy_short_proxy,3,XRAY,85.96599131693199,-0.02480716224013113,-0.09213876511775954,-0.16812481773111698,0.16949717162052857
2018-02-26,legacy_short_proxy,4,PEP,83.63965267727932,-0.020072871811863013,-0.08886333771353483,-0.049927207330650036,0.23316285574005258
2018-02-26,legacy_short_proxy,5,GE,82.68451519536903,-0.030315064866299868,-0.09175449473031605,-0.2042368278109723,0.3489903681199879
2018-02-26,legacy_short_proxy,6,BIIB,82.66642547033285,-0.08331871435141713,-0.21173656600799118,-0.08554581572806963,0.35850055431133643
2018-02-26,legacy_short_proxy,7,GIS,82.31186685962373,-0.07557057718411009,-0.1458471760797342,-0.06236323851203507,0.31055077268341147
2018-02-26,legacy_short_proxy,8,PSX,82.12373371924747,-0.026120640200411716,-0.13200112580917545,-0.016267942583732098,0.2453969703888443
2018-02-26,legacy_short_proxy,9,AIG,81.77279305354558,-0.028649969959089416,-0.08766233766233777,-0.013540621865596791,0.25086952489120057
2018-02-26,legacy_short_proxy,10,PG,81.76917510853836,-0.010119505969224951,-0.06953151715490724,-0.0869127516778525,0.22574203458104417
2018-02-26,legacy_short_proxy,11,OLED,81.70405209840811,-0.1333130233592138,-0.22807274860662952,-0.29260752688172054,0.8459118062433595
2018-02-26,legacy_short_proxy,12,DVN,81.60998552821998,-0.1283726958128325,-0.2792977656178751,-0.14958299704062417,0.5736095546675661
2018-02-26,legacy_short_proxy,13,PPL,80.46671490593343,-0.0255857268895191,-0.06841611996251162,-0.1836846427593759,0.2862978642676468
2018-02-26,legacy_short_proxy,14,MCD,80.4341534008683,-0.004121589947460702,-0.08286611347835837,-0.04529006653437606,0.2655486905483143
2018-02-26,legacy_short_proxy,15,KO,80.12301013024602,-0.01956199828539762,-0.09272614877395424,-0.0392755836788129,0.23925959029043725
2018-02-26,legacy_short_proxy,16,WELL,79.87337192474675,-0.029221503457504627,-0.10216207294933166,-0.18951132300357576,0.2957192369620168
2018-02-26,legacy_short_proxy,17,WMT,79.59117221418235,-0.07422043932774258,-0.14088015499584838,-0.03781773093614382,0.44207832017699167
2018-02-26,legacy_short_proxy,18,CVS,79.50795947901594,-0.06235613426324049,-0.16802828923302038,-0.06148555708390646,0.3280525393220295
2018-02-26,legacy_short_proxy,19,EQIX,79.32706222865413,-0.06251412127049849,-0.10736203265472488,-0.175269379642222,0.3871760200777271
2018-02-26,legacy_short_proxy,20,VZ,79.25832127351664,-0.030186890039124004,-0.10288742690058472,0.00553052027857448,0.2776482140303654
2018-02-26,mirror28,1,XRAY,83.9622641509434,-0.02480716224013113,-0.09213876511775954,-0.16812481773111698,0.16949717162052857
2018-02-26,mirror28,2,APLE,83.39622641509433,-0.0456228222996542,-0.11953792064289293,-0.09452479338842967,0.19275706480685947
2018-02-26,mirror28,3,KHC,81.32075471698114,-0.04312391092572787,-0.12155183272452452,-0.11699164345403912,0.24497111570680957
2018-02-26,mirror28,4,ESRT,80.84905660377359,-0.059054688352800144,-0.11316872427983549,-0.15032035485460826,0.2653984381594432
2018-02-26,mirror28,5,B,79.81132075471697,-0.08478130617134283,-0.17152542372881352,-0.13761467889908252,0.26825329078399657
2018-02-26,mirror28,6,MFC,76.32075471698113,-0.030707543645550728,-0.10692978430472688,-0.07772511848341235,0.19722091442092152
2018-02-26,mirror28,7,MHK,76.32075471698113,-0.0356947662558611,-0.10741387295593008,-0.10550180299189538,0.25443361646169343
2018-02-26,mirror28,8,CSL,76.22641509433961,-0.03669682549909692,-0.07658373036880184,-0.0814463752852379,0.24131137873022332
2018-02-26,mirror28,9,SHO,74.52830188679245,-0.05186590765339427,-0.12236533957845419,-0.08597560975609742,0.2586532580853141
2018-02-26,mirror28,10,OGS,74.43396226415095,-0.023042836041359593,-0.06805692546146258,-0.15324542312123923,0.2568014357266155
2018-02-26,mirror28,11,SVC,73.49056603773585,-0.028570373243207103,-0.09185082872928185,-0.10786974219810042,0.2568834304209787
2018-02-26,mirror28,12,GLPI,70.56603773584905,-0.02400835073068741,-0.07603623387318148,-0.06655574043261248,0.22384063088781414
2018-02-26,mirror28,13,AVA,70.18867924528303,-0.022870268650755032,-0.04341024638247948,-0.0592307692307692,0.13310174901480343
2018-02-26,mirror28,14,ENB,70.18867924528301,-0.02632258805293819,-0.11180937418172288,-0.06453392167677874,0.23472482578486198
2018-02-26,mirror28,15,SNY,68.49056603773585,-0.014849074975661014,-0.11560314685314688,-0.11714659685863882,0.25197945125647236
2018-02-26,mirror28,16,SON,68.49056603773585,-0.032362491293811524,-0.10668357181669985,-0.054810272134917626,0.2539549422836223
2018-02-26,mirror28,17,HR,67.83018867924527,-0.014886829712900784,-0.06387585709130272,-0.15201046093494597,0.2702380810553167
2018-02-26,mirror28,18,KT,67.35849056603773,-0.02634717553941568,-0.14530456852791873,-0.10319573901464707,0.2771796555101855
2018-02-26,mirror28,19,HIW,66.60377358490565,-0.013948690348051684,-0.08395833333333336,-0.13137099960489917,0.2527313620204031
2018-02-26,mirror28,20,PK,65.66037735849056,-0.031651920094865504,-0.10064384954252803,-0.05618776671408254,0.2652576466621485
2018-02-26,bounded45,1,B,88.31111111111112,-0.08478130617134283,-0.17152542372881352,-0.13761467889908252,0.26825329078399657
2018-02-26,bounded45,2,ESRT,86.44444444444444,-0.059054688352800144,-0.11316872427983549,-0.15032035485460826,0.2653984381594432
2018-02-26,bounded45,3,KHC,82.88888888888889,-0.04312391092572787,-0.12155183272452452,-0.11699164345403912,0.24497111570680957
2018-02-26,bounded45,4,APLE,82.75555555555556,-0.0456228222996542,-0.11953792064289293,-0.09452479338842967,0.19275706480685947
2018-02-26,bounded45,5,AEM,79.55555555555556,-0.07995768351362031,-0.1785496648385131,-0.10511175038725384,0.31218062336225433
2018-02-26,bounded45,6,CCK,79.15555555555555,-0.03801745987045668,-0.12034334763948495,-0.134020618556701,0.28052491777175836
2018-02-26,bounded45,7,JELD,79.11111111111111,-0.10343807564573071,-0.1860351562499999,-0.13805584281282302,0.3771663988947526
2018-02-26,bounded45,8,SHO,78.66666666666666,-0.05186590765339427,-0.12236533957845419,-0.08597560975609742,0.2586532580853141
2018-02-26,bounded45,9,EQIX,78.44444444444446,-0.06251412127049849,-0.10736203265472488,-0.175269379642222,0.3871760200777271
2018-02-26,bounded45,10,XRAY,78.31111111111112,-0.02480716224013113,-0.09213876511775954,-0.16812481773111698,0.16949717162052857
2018-02-26,bounded45,11,MHK,77.73333333333333,-0.0356947662558611,-0.10741387295593008,-0.10550180299189538,0.25443361646169343
2018-02-26,bounded45,12,CMP,77.28888888888889,-0.06888608159322396,-0.16131191432396252,-0.09071117561683606,0.3110339092829878
2018-02-26,bounded45,13,CX,76.3111111111111,-0.08793080854409652,-0.1763313609467455,-0.11224489795918369,0.3732189153350557
2018-02-26,bounded45,14,DAN,76.08888888888889,-0.06024338058304468,-0.1638905413444378,-0.14324900944833896,0.37992993378776896
2018-02-26,bounded45,15,CSL,75.95555555555555,-0.03669682549909692,-0.07658373036880184,-0.0814463752852379,0.24131137873022332
2018-02-26,bounded45,16,WELL,74.66666666666666,-0.029221503457504627,-0.10216207294933166,-0.18951132300357576,0.2957192369620168
2018-02-26,bounded45,17,WST,74.6222222222222,-0.07261836912454356,-0.15051221434200157,-0.10492994291645041,0.35677250952393025
2018-02-26,bounded45,18,IRM,74.48888888888888,-0.03402820819035002,-0.10654362416107377,-0.21460176991150448,0.34438871453367276
2018-02-26,bounded45,19,BGC,74.22222222222223,-0.03555344000586369,-0.1034717494894486,-0.189039408866995,0.3508750200098272
2018-02-26,bounded45,20,PSQ,73.37777777777778,-0.04090100770599103,-0.0018507094386179812,-0.08716502115655844,0.29500486491109296
2018-02-26,efficient60,1,AGG,91.7037037037037,-0.00312952496613228,-0.015317892405647404,-0.025746370857299472,0.0366191420106334
2018-02-26,efficient60,2,VCSH,90.22222222222223,-0.001988399941552199,-0.006576451245731585,-0.014923501379483284,0.014903825312173966
2018-02-26,efficient60,3,IEF,90.07407407407408,-0.0010697590355518427,-0.014647778741447404,-0.038732725392497946,0.055550717714182296
2018-02-26,efficient60,4,BND,88.0,-0.0025743653343902606,-0.014603960396039506,-0.027007210069656562,0.03836714255598988
2018-02-26,efficient60,5,BSV,88.0,-0.0008722947719604912,-0.004188348775225448,-0.012584948401711538,0.0162440051227839
2018-02-26,efficient60,6,LQD,87.40740740740742,-0.005002119542184991,-0.026462048942347605,-0.032401681919366876,0.05432676656604196
2018-02-26,efficient60,7,SHY,86.96296296296298,-0.0003951007506822757,-0.0016740404161186273,-0.007371299488764804,0.011334526249512302
2018-02-26,efficient60,8,TLT,86.22222222222224,-0.008699153573214047,-0.043854680799417456,-0.06798643426137707,0.12125738992438034
2018-02-26,efficient60,9,VCIT,83.55555555555556,-0.0025671382855130265,-0.017890120036934354,-0.03108631291277597,0.04268559382402025
2018-02-26,efficient60,10,KHC,83.25925925925927,-0.04312391092572787,-0.12155183272452452,-0.11699164345403912,0.24497111570680957
2018-02-26,efficient60,11,EMB,81.92592592592594,-0.0005528404944586951,-0.0261161868643337,-0.026200120658450454,0.07917022172350081
2018-02-26,efficient60,12,TIP,80.8888888888889,-0.00020524169441304974,-0.011731498632795212,-0.01814039085093322,0.04019425552146984
2018-02-26,efficient60,13,XRAY,80.0,-0.02480716224013113,-0.09213876511775954,-0.16812481773111698,0.16949717162052857
2018-02-26,efficient60,14,BIV,79.40740740740742,-0.001987220642642562,-0.014252929097717248,-0.034201183431952664,0.040621104685264094
2018-02-26,efficient60,15,MBB,77.92592592592592,-0.0015448410439855564,-0.01145941850554033,-0.02293363287466066,0.03376565319488807
2018-02-26,efficient60,16,PG,77.33333333333333,-0.010119505969224951,-0.06953151715490724,-0.0869127516778525,0.22574203458104417
2018-02-26,efficient60,17,IEI,76.74074074074075,-0.0005320740913067334,-0.006282030087617851,-0.021806346623270967,0.03182553817226378
2018-02-26,efficient60,18,MHK,75.40740740740742,-0.0356947662558611,-0.10741387295593008,-0.10550180299189538,0.25443361646169343
2018-02-26,efficient60,19,CCK,74.96296296296296,-0.03801745987045668,-0.12034334763948495,-0.134020618556701,0.28052491777175836
2018-02-26,efficient60,20,VNQ,74.51851851851852,-0.0019655236526956443,-0.05697076170159354,-0.1078000712335272,0.24276486143147458
2018-03-26,legacy_short_proxy,1,KHC,90.2386278896346,-0.058534276071648184,-0.11600229423573272,-0.209412669915363,0.2023138736983629
2018-03-26,legacy_short_proxy,2,WFC,87.48322147651008,-0.06995357771730737,-0.12806403201600802,-0.14208367514356035,0.24945924801241473
2018-03-26,legacy_short_proxy,3,PG,86.80462341536166,-0.03029918461880854,-0.06394707828004409,-0.1703583061889251,0.14778122335598023
2018-03-26,legacy_short_proxy,4,T,86.75988068605518,-0.04914617767179108,-0.07394554191137226,-0.10799691437387515,0.1456093889904829
2018-03-26,legacy_short_proxy,5,D,85.08575689783744,-0.0463787598722879,-0.10382945124358467,-0.15571534837589884,0.19475391860977007
2018-03-26,legacy_short_proxy,6,KMB,84.3661446681581,-0.047610454992462414,-0.07775642145727757,-0.13390219888414834,0.16761520509383687
2018-03-26,legacy_short_proxy,7,CVS,83.74720357941835,-0.06719666855953565,-0.09717133225853736,-0.15338097855964816,0.1863027808123666
2018-03-26,legacy_short_proxy,8,GIS,83.530947054437,-0.0899319960222058,-0.11901983663944005,-0.24725822532402797,0.35201237529529456
2018-03-26,legacy_short_proxy,9,KMI,83.47874720357943,-0.0575263961129896,-0.10579196217494091,-0.16501103752759383,0.24673863591066933
2018-03-26,legacy_short_proxy,10,PM,83.03131991051455,-0.07214807110802635,-0.09683164604424455,-0.07983955687135902,0.21444852492360417
2018-03-26,legacy_short_proxy,11,META,82.58389261744968,-0.09519758282197821,-0.1344833180122209,-0.09886274068235557,0.33995863723815073
2018-03-26,legacy_short_proxy,12,GE,82.23340790454884,-0.0895285184531257,-0.12013651877133102,-0.2583429228998848,0.3180182105373742
2018-03-26,legacy_short_proxy,13,CMCSA,81.77106636838181,-0.062303423403277325,-0.15260232440626575,-0.17000742390497392,0.3240143081975662
2018-03-26,legacy_short_proxy,14,PAYX,81.27889634601044,-0.057965439241698946,-0.08394433637587906,-0.10497076023391827,0.21754562445258693
2018-03-26,legacy_short_proxy,15,XRAY,81.15958240119315,-0.08289811374934652,-0.10429447852760731,-0.22610934423746776,0.2568795029063275
2018-03-26,legacy_short_proxy,16,BIIB,81.10738255033556,-0.04815984668347595,-0.07520430329988625,-0.16205829974693042,0.27352500241297095
2018-03-26,legacy_short_proxy,17,XLP,80.30947054436987,-0.032273191960312975,-0.056683123057231555,-0.09475346552026664,0.13461953616202607
2018-03-26,legacy_short_proxy,18,XOM,79.73900074571216,-0.010602596499667993,-0.06139015728056829,-0.11799761620977356,0.20238485094588374
2018-03-26,legacy_short_proxy,19,MO,79.50037285607756,-0.055437573298667386,-0.08910285801620055,-0.1771365456302637,0.24321946745239192
2018-03-26,legacy_short_proxy,20,HAS,79.29903057419835,-0.06048124385746245,-0.13641900121802675,-0.07188829497109195,0.1718556094080824
2018-03-26,mirror28,1,CVS,89.03394255874673,-0.06719666855953565,-0.09717133225853736,-0.15338097855964816,0.1863027808123666
2018-03-26,mirror28,2,KHC,87.62402088772846,-0.058534276071648184,-0.11600229423573272,-0.209412669915363,0.2023138736983629
2018-03-26,mirror28,3,KMB,85.95300261096605,-0.047610454992462414,-0.07775642145727757,-0.13390219888414834,0.16761520509383687
2018-03-26,mirror28,4,T,85.87467362924282,-0.04914617767179108,-0.07394554191137226,-0.10799691437387515,0.1456093889904829
2018-03-26,mirror28,5,CLX,83.62924281984334,-0.03768088996312691,-0.055504866180048795,-0.1679281934489919,0.184540996383467
2018-03-26,mirror28,6,D,83.23759791122716,-0.0463787598722879,-0.10382945124358467,-0.15571534837589884,0.19475391860977007
2018-03-26,mirror28,7,HIW,82.48041775456919,-0.032004984193644836,-0.045940413918580725,-0.1684836471754212,0.16274256014161542
2018-03-26,mirror28,8,XRAY,82.01044386422977,-0.08289811374934652,-0.10429447852760731,-0.22610934423746776,0.2568795029063275
2018-03-26,mirror28,9,PG,81.95822454308093,-0.03029918461880854,-0.06394707828004409,-0.1703583061889251,0.14778122335598023
2018-03-26,mirror28,10,TSCO,81.80156657963448,-0.048861480075907515,-0.07247494217424832,-0.19692923898531378,0.22410978902706669
2018-03-26,mirror28,11,VNO,81.77545691906005,-0.033521210323360306,-0.043171806167400906,-0.1620370370370371,0.17360570246336166
2018-03-26,mirror28,12,GT,81.27937336814621,-0.04643655326545704,-0.09859154929577474,-0.1753336401288541,0.21734574082109107
2018-03-26,mirror28,13,HUBB,80.96605744125326,-0.05006184389965618,-0.10862287032214857,-0.11826611716220192,0.19648538189815823
2018-03-26,mirror28,14,BRX,80.73107049608355,-0.033336579348864026,-0.06645768025078358,-0.19295392953929535,0.19007952232105332
2018-03-26,mirror28,15,MO,80.70496083550914,-0.055437573298667386,-0.08910285801620055,-0.1771365456302637,0.24321946745239192
2018-03-26,mirror28,16,SMG,80.36553524804178,-0.04040009377197007,-0.06382051840557612,-0.16600368681478606,0.209320685799639
2018-03-26,mirror28,17,HAS,80.13054830287206,-0.06048124385746245,-0.13641900121802675,-0.07188829497109195,0.1718556094080824
2018-03-26,mirror28,18,UE,79.66057441253264,-0.0386357828218421,-0.07178106774338255,-0.18607395751376865,0.21752072677417858
2018-03-26,mirror28,19,KMI,79.50391644908616,-0.0575263961129896,-0.10579196217494091,-0.16501103752759383,0.24673863591066933
2018-03-26,mirror28,20,WFC,79.32114882506526,-0.06995357771730737,-0.12806403201600802,-0.14208367514356035,0.24945924801241473
2018-03-26,bounded45,1,CVS,88.50943396226414,-0.06719666855953565,-0.09717133225853736,-0.15338097855964816,0.1863027808123666
2018-03-26,bounded45,2,KHC,87.32075471698114,-0.058534276071648184,-0.11600229423573272,-0.209412669915363,0.2023138736983629
2018-03-26,bounded45,3,XRAY,86.16981132075472,-0.08289811374934652,-0.10429447852760731,-0.22610934423746776,0.2568795029063275
2018-03-26,bounded45,4,EPC,83.18867924528303,-0.07237097207169807,-0.09680542110358181,-0.23699705593719333,0.28945224882471665
2018-03-26,bounded45,5,KMB,82.0754716981132,-0.047610454992462414,-0.07775642145727757,-0.13390219888414834,0.16761520509383687
2018-03-26,bounded45,6,WFC,81.86792452830188,-0.06995357771730737,-0.12806403201600802,-0.14208367514356035,0.24945924801241473
2018-03-26,bounded45,7,MO,81.33962264150944,-0.055437573298667386,-0.08910285801620055,-0.1771365456302637,0.24321946745239192
2018-03-26,bounded45,8,TSCO,80.9811320754717,-0.048861480075907515,-0.07247494217424832,-0.19692923898531378,0.22410978902706669
2018-03-26,bounded45,9,T,80.90566037735849,-0.04914617767179108,-0.07394554191137226,-0.10799691437387515,0.1456093889904829
2018-03-26,bounded45,10,GIS,80.62264150943396,-0.0899319960222058,-0.11901983663944005,-0.24725822532402797,0.35201237529529456
2018-03-26,bounded45,11,D,80.52830188679245,-0.0463787598722879,-0.10382945124358467,-0.15571534837589884,0.19475391860977007
2018-03-26,bounded45,12,KMI,80.43396226415095,-0.0575263961129896,-0.10579196217494091,-0.16501103752759383,0.24673863591066933
2018-03-26,bounded45,13,GVA,80.37735849056602,-0.0863089958353428,-0.1105263157894737,-0.16568960197469906,0.30641406952294253
2018-03-26,bounded45,14,GT,79.77358490566037,-0.04643655326545704,-0.09859154929577474,-0.1753336401288541,0.21734574082109107
2018-03-26,bounded45,15,NXST,79.54716981132076,-0.06034019695613568,-0.11050847457627122,-0.17067003792667512,0.27933202690055253
2018-03-26,bounded45,16,CRS,79.43396226415094,-0.11821449605003931,-0.16499999999999992,-0.15885315769081743,0.3367901822176595
2018-03-26,bounded45,17,GEO,79.28301886792454,-0.06783400292607988,-0.09185520361990951,-0.1434058898847631,0.28123805766234516
2018-03-26,bounded45,18,SANM,79.22641509433961,-0.049928160919537445,-0.04684684684684692,-0.1923664122137405,0.2469648554309196
2018-03-26,bounded45,19,CLX,79.15094339622641,-0.03768088996312691,-0.055504866180048795,-0.1679281934489919,0.184540996383467
2018-03-26,bounded45,20,RRR,78.15094339622642,-0.06472562984344254,-0.13694267515923564,-0.13393375944218489,0.2759673459373356
2018-03-26,efficient60,1,LQD,97.10691823899373,-0.0017707330490973616,-0.010480572597137083,-0.04404017122160031,0.03950487947932581
2018-03-26,efficient60,2,PG,96.41509433962266,-0.03029918461880854,-0.06394707828004409,-0.1703583061889251,0.14778122335598023
2018-03-26,efficient60,3,D,92.26415094339625,-0.0463787598722879,-0.10382945124358467,-0.15571534837589884,0.19475391860977007
2018-03-26,efficient60,4,VNQ,92.0125786163522,-0.018722187328776507,-0.022887558216899473,-0.11004726699793965,0.1328128912442555
2018-03-26,efficient60,5,XLP,91.06918238993711,-0.032273191960312975,-0.056683123057231555,-0.09475346552026664,0.13461953616202607
2018-03-26,efficient60,6,VZ,90.75471698113209,-0.022155744601286886,-0.041148910165003105,-0.11655405405405406,0.13874742662615044
2018-03-26,efficient60,7,T,89.43396226415095,-0.04914617767179108,-0.07394554191137226,-0.10799691437387515,0.1456093889904829
2018-03-26,efficient60,8,EMB,89.24528301886794,-0.0023789014206494485,-0.010885919107885611,-0.0358036407557587,0.04724747946782082
2018-03-26,efficient60,9,VCSH,88.80503144654088,-0.0013311753608048482,-0.004328453214513139,-0.013496468213925472,0.010067703631734955
2018-03-26,efficient60,10,PEP,88.17610062893083,-0.03064789857243,-0.03722733008833601,-0.1046940486169321,0.14502948470631957
2018-03-26,efficient60,11,CMCSA,87.86163522012579,-0.062303423403277325,-0.15260232440626575,-0.17000742390497392,0.3240143081975662
2018-03-26,efficient60,12,CVS,86.9811320754717,-0.06719666855953565,-0.09717133225853736,-0.15338097855964816,0.1863027808123666
2018-03-26,efficient60,13,KHC,86.66666666666667,-0.058534276071648184,-0.11600229423573272,-0.209412669915363,0.2023138736983629
2018-03-26,efficient60,14,KMB,86.47798742138366,-0.047610454992462414,-0.07775642145727757,-0.13390219888414834,0.16761520509383687
2018-03-26,efficient60,15,VCIT,86.35220125786164,-0.0034811850237966846,-0.010929603948760191,-0.03685053788052184,0.02433765969905411
2018-03-26,efficient60,16,IYR,86.22641509433961,-0.011661378211562434,-0.017567207878626645,-0.08309526766861275,0.14291685222296732
2018-03-26,efficient60,17,KO,86.0377358490566,-0.02099505796286416,-0.03043379513967759,-0.07054212932723714,0.12200991266886471
2018-03-26,efficient60,18,SPG,85.9119496855346,-0.014057335408287908,-0.03614760797133343,-0.10218422439538566,0.16345154881740429
2018-03-26,efficient60,19,BSV,84.90566037735849,-0.0001660005363165462,-0.0020392556716798405,-0.009988620558857075,0.010469782812598463
2018-03-26,efficient60,20,GIS,84.33962264150944,-0.0899319960222058,-0.11901983663944005,-0.24725822532402797,0.35201237529529456
2018-04-24,legacy_short_proxy,1,KHC,87.435697583788,-0.06482377561065034,-0.08304947283049469,-0.2879455850862829,0.23000536380438677
2018-04-24,legacy_short_proxy,2,PEP,85.69758378799689,-0.058181261112380867,-0.05027619136784944,-0.1668856767411302,0.19347865286123472
2018-04-24,legacy_short_proxy,3,NXPI,85.52221356196415,-0.10029765985395556,-0.16363785872872305,-0.15481136779125815,0.2633118798024617
2018-04-24,legacy_short_proxy,4,JD,85.35853468433359,-0.09113367581571419,-0.14289127837514948,-0.28970297029702974,0.30659748149352445
2018-04-24,legacy_short_proxy,5,PG,84.73499610288385,-0.06360994510817142,-0.05117131265541153,-0.1736008206998747,0.21587943939433707
2018-04-24,legacy_short_proxy,6,QCOM,83.43725643024162,-0.07575000462680825,-0.11027970782112961,-0.2712680577849118,0.30221990528853915
2018-04-24,legacy_short_proxy,7,PM,82.89166017147312,-0.15191766949565766,-0.14385054488842763,-0.2513839731373083,0.5952618504379048
2018-04-24,legacy_short_proxy,8,MMM,82.70849571317225,-0.06805302640662769,-0.08676897929531424,-0.222325329621467,0.32758249281583496
2018-04-24,legacy_short_proxy,9,KMB,82.31878409976618,-0.0564840875665501,-0.04888215233042814,-0.17859772559928,0.24491730564426223
2018-04-24,legacy_short_proxy,10,BMY,82.19797349961028,-0.1126403165455293,-0.18643533123028388,-0.19719844357976657,0.32645803861766665
2018-04-24,legacy_short_proxy,11,MO,81.60171473109898,-0.10493902093601382,-0.0721476510067115,-0.22134609969022812,0.3647471790797268
2018-04-24,legacy_short_proxy,12,TSM,81.37957911145753,-0.08285109051963357,-0.12468940591822908,-0.15244969378827644,0.317909931560029
2018-04-24,legacy_short_proxy,13,BFH,80.48324240062354,-0.021507118217673704,-0.07595050618672661,-0.21569600916555287,0.25688745959674486
2018-04-24,legacy_short_proxy,14,EEM,80.18706157443492,-0.020190460191299553,-0.03634861627426689,-0.10407066052227343,0.17790804452678768
2018-04-24,legacy_short_proxy,15,NTES,79.71161340607951,-0.07406395189942205,-0.14559515803631473,-0.24352485858886586,0.3317832664166049
2018-04-24,legacy_short_proxy,16,SWK,79.51286048324239,-0.06209536677362626,-0.09502811860940685,-0.16562573650718826,0.3238296815514321
2018-04-24,legacy_short_proxy,17,XLP,78.76851130163679,-0.03813116044263787,-0.0286877301802676,-0.1464827116334526,0.18963006033460772
2018-04-24,legacy_short_proxy,18,AMAT,78.5580670303975,-0.09784460410339824,-0.16675218060543873,-0.1470588235294118,0.501849327541128
2018-04-24,legacy_short_proxy,19,ROK,78.47622759158223,-0.0594239036723746,-0.0849477548715053,-0.20196049455691834,0.28532609247908003
2018-04-24,legacy_short_proxy,20,CLX,78.269680436477,-0.08461134202857523,-0.0745451618096925,-0.19405496354458773,0.3316635014988839
2018-04-24,mirror28,1,PEP,86.71469740634006,-0.058181261112380867,-0.05027619136784944,-0.1668856767411302,0.19347865286123472
2018-04-24,mirror28,2,CASY,86.10951008645533,-0.07694211493246561,-0.10129749768303986,-0.24082048070147977,0.22620682172887102
2018-04-24,mirror28,3,CBOE,85.50432276657061,-0.04141748516262622,-0.07888995549349864,-0.22967450007298218,0.20217989545839335
2018-04-24,mirror28,4,PG,84.52449567723342,-0.06360994510817142,-0.05117131265541153,-0.1736008206998747,0.21587943939433707
2018-04-24,mirror28,5,NVO,83.22766570605188,-0.03536450436421834,-0.050040355125100966,-0.19023047815617478,0.19226159224499262
2018-04-24,mirror28,6,COTY,82.56484149855908,-0.07328976523715336,-0.10509209100758399,-0.18298714144411476,0.23627765487623292
2018-04-24,mirror28,7,UBS,81.72910662824208,-0.028768699654778573,-0.041997729852440546,-0.19195787458113933,0.18251224208906633
2018-04-24,mirror28,8,VVV,81.35446685878964,-0.04873348017621526,-0.056440600819299025,-0.17046818727490987,0.22232365544418883
2018-04-24,mirror28,9,FBIN,81.32564841498558,-0.05342410480499438,-0.07219791316055202,-0.24551799644176808,0.2514841103155007
2018-04-24,mirror28,10,XLP,81.26801152737752,-0.03813116044263787,-0.0286877301802676,-0.1464827116334526,0.18963006033460772
2018-04-24,mirror28,11,KMB,80.92219020172911,-0.0564840875665501,-0.04888215233042814,-0.17859772559928,0.24491730564426223
2018-04-24,mirror28,12,APO,80.89337175792507,-0.04080461709811389,-0.06850213044903308,-0.21965952773201536,0.22798846288947802
2018-04-24,mirror28,13,SJM,80.54755043227667,-0.054949859954377955,-0.05875102711585867,-0.12597283686860983,0.2046357314197954
2018-04-24,mirror28,14,CNP,80.37463976945244,-0.05633697998065523,-0.05514157973174372,-0.10892480674631067,0.19042940841416897
2018-04-24,mirror28,15,PWR,79.59654178674351,-0.039226916919999355,-0.04496350364963497,-0.16428206438426163,0.21745339992656246
2018-04-24,mirror28,16,HSY,79.48126801152738,-0.04025904832843774,-0.0535604978575801,-0.16476096155577558,0.22018374345005318
2018-04-24,mirror28,17,KIM,79.2507204610951,-0.053712985674170155,-0.06201550387596888,-0.16760475297060662,0.24528912092723307
2018-04-24,mirror28,18,OC,79.13544668587896,-0.05544608784575511,-0.06447628458498023,-0.2105482593287472,0.26845734397619475
2018-04-24,mirror28,19,BRX,78.70317002881845,-0.05383029770554082,-0.05977165883143054,-0.16267942583732053,0.24663213328180403
2018-04-24,mirror28,20,VTR,78.53025936599424,-0.03224817920875511,-0.017423771001866872,-0.1524422973698336,0.1986689433592224
2018-04-24,bounded45,1,CASY,89.10224438902743,-0.07694211493246561,-0.10129749768303986,-0.24082048070147977,0.22620682172887102
2018-04-24,bounded45,2,PG,84.4139650872818,-0.06360994510817142,-0.05117131265541153,-0.1736008206998747,0.21587943939433707
2018-04-24,bounded45,3,PEP,84.23940149625935,-0.058181261112380867,-0.05027619136784944,-0.1668856767411302,0.19347865286123472
2018-04-24,bounded45,4,COTY,83.81546134663341,-0.07328976523715336,-0.10509209100758399,-0.18298714144411476,0.23627765487623292
2018-04-24,bounded45,5,CBOE,83.41645885286783,-0.04141748516262622,-0.07888995549349864,-0.22967450007298218,0.20217989545839335
2018-04-24,bounded45,6,FBIN,83.16708229426435,-0.05342410480499438,-0.07219791316055202,-0.24551799644176808,0.2514841103155007
2018-04-24,bounded45,7,NTES,81.2219451371571,-0.07406395189942205,-0.14559515803631473,-0.24352485858886586,0.3317832664166049
2018-04-24,bounded45,8,KMB,80.44887780548628,-0.0564840875665501,-0.04888215233042814,-0.17859772559928,0.24491730564426223
2018-04-24,bounded45,9,NXPI,80.24937655860349,-0.10029765985395556,-0.16363785872872305,-0.15481136779125815,0.2633118798024617
2018-04-24,bounded45,10,MO,80.0997506234414,-0.10493902093601382,-0.0721476510067115,-0.22134609969022812,0.3647471790797268
2018-04-24,bounded45,11,OC,80.07481296758104,-0.05544608784575511,-0.06447628458498023,-0.2105482593287472,0.26845734397619475
2018-04-24,bounded45,12,BMY,80.0498753117207,-0.1126403165455293,-0.18643533123028388,-0.19719844357976657,0.32645803861766665
2018-04-24,bounded45,13,MMM,79.92518703241895,-0.06805302640662769,-0.08676897929531424,-0.222325329621467,0.32758249281583496
2018-04-24,bounded45,14,ENB,79.82543640897755,-0.06499538701364782,-0.018697829716193604,-0.2304268133019114,0.3383011120386697
2018-04-24,bounded45,15,VVV,79.60099750623442,-0.04873348017621526,-0.056440600819299025,-0.17046818727490987,0.22232365544418883
2018-04-24,bounded45,16,APO,79.40149625935162,-0.04080461709811389,-0.06850213044903308,-0.21965952773201536,0.22798846288947802
2018-04-24,bounded45,17,ROK,79.20199501246883,-0.0594239036723746,-0.0849477548715053,-0.20196049455691834,0.28532609247908003
2018-04-24,bounded45,18,KBH,78.90274314214464,-0.08729171847799211,-0.09542253521126753,-0.22527141133896245,0.3975128006259139
2018-04-24,bounded45,19,HUBB,78.85286783042395,-0.07902605004505692,-0.08730489942408826,-0.2144960850513613,0.35157687938998117
2018-04-24,bounded45,20,LCII,78.70324189526184,-0.058558096605478505,-0.09645669291338577,-0.20416124837451233,0.29592291387328545
2018-04-24,efficient60,1,LQD,92.60182876142976,-0.013285661003445526,-0.009041591320072317,-0.04537536291995026,0.04288762595628625
2018-04-24,efficient60,2,NXPI,91.6874480465503,-0.10029765985395556,-0.16363785872872305,-0.15481136779125815,0.2633118798024617
2018-04-24,efficient60,3,AGG,91.35494596841231,-0.008303966409236585,-0.007131462888242401,-0.023622773830395905,0.029174965009188904
2018-04-24,efficient60,4,PG,89.85868661679136,-0.06360994510817142,-0.05117131265541153,-0.1736008206998747,0.21587943939433707
2018-04-24,efficient60,5,XLP,89.44305901911889,-0.03813116044263787,-0.0286877301802676,-0.1464827116334526,0.18963006033460772
2018-04-24,efficient60,6,EMB,88.19617622610143,-0.012144087230419709,-0.009395132426628594,-0.04576797103947594,0.03903178080283356
2018-04-24,efficient60,7,PEP,88.11305070656692,-0.058181261112380867,-0.05027619136784944,-0.1668856767411302,0.19347865286123472
2018-04-24,efficient60,8,BMY,87.78054862842893,-0.1126403165455293,-0.18643533123028388,-0.19719844357976657,0.32645803861766665
2018-04-24,efficient60,9,VCSH,87.53117206982544,-0.002341157419676998,-0.0015343306482545893,-0.012394081193878748,0.015096411428921052
2018-04-24,efficient60,10,D,86.78304239401497,-0.019732461715396776,-0.048751835535976396,-0.1419867549668874,0.1624375227896045
2018-04-24,efficient60,11,BND,84.78802992518705,-0.008788141666354998,-0.007927519818799467,-0.024257425742574168,0.029628806963237758
2018-04-24,efficient60,12,VCIT,84.12302576891106,-0.009168657061400687,-0.006772813688212809,-0.03520313942751607,0.0329702195479842
2018-04-24,efficient60,13,AZO,83.95677472984207,-0.02238449491947514,-0.055978448140838855,-0.24371666980362638,0.2611105245197063
2018-04-24,efficient60,14,BSV,82.37738985868663,-0.002312478440287258,-0.002681992337164707,-0.008884376189871812,0.012933915949309153
2018-04-24,efficient60,15,WMT,82.29426433915214,-0.003679201285129996,-0.011312992800822874,-0.20177138112371995,0.21347911581699297
2018-04-24,efficient60,16,MMM,80.88113050706568,-0.06805302640662769,-0.08676897929531424,-0.222325329621467,0.32758249281583496
2018-04-24,efficient60,17,DVA,79.9667497921862,-0.014280000941019333,-0.0425045703839122,-0.20543615676359028,0.17169168414494224
2018-04-24,efficient60,18,IEF,79.13549459684124,-0.011441335115053075,-0.010447178285491132,-0.023320805627830787,0.04029165959418772
2018-04-24,efficient60,19,MCD,78.96924355777224,-0.019388457930380687,-0.004366812227074246,-0.11796366898407729,0.15025145425927797
2018-04-24,efficient60,20,TLT,78.63674147963425,-0.021462289587435346,-0.014702196976025372,-0.045634760093858695,0.09369073035702885
2018-05-22,legacy_short_proxy,1,LUV,84.66147859922178,-0.030126169427516225,-0.05623608017817372,-0.14537815126050413,0.1870709934436421
2018-05-22,legacy_short_proxy,2,ABEV,84.431906614786,-0.09936368086148106,-0.17488789237668168,-0.19061583577712615,0.21565250024752727
2018-05-22,legacy_short_proxy,3,EWZ,84.17120622568093,-0.03339062116375646,-0.07124321774003306,-0.16465096541481017,0.275481371327855
2018-05-22,legacy_short_proxy,4,PM,83.71984435797664,-0.01605819633253991,-0.03176142562734863,-0.2513123359580053,0.16972592883408572
2018-05-22,legacy_short_proxy,5,DLTR,82.81322957198442,-0.011919467055189537,-0.03035640281806873,-0.11890416117491998,0.1443311140291021
2018-05-22,legacy_short_proxy,6,WMT,82.47470817120622,-0.02477540707467263,-0.036407766990291246,-0.10470360824742264,0.2226260425493959
2018-05-22,legacy_short_proxy,7,KR,82.44747081712062,-0.00147555232145824,-0.026792750197005555,-0.11310592459605029,0.1775420653240988
2018-05-22,legacy_short_proxy,8,EMB,82.38521400778211,-0.0039254621841018356,-0.02131695420467894,-0.04106558102486946,0.07446440600331071
2018-05-22,legacy_short_proxy,9,XLP,81.89883268482491,-0.000674132431804142,-0.008980243464378423,-0.09197293837995979,0.11572756687251944
2018-05-22,legacy_short_proxy,10,NTES,81.37354085603113,-0.07662737560555621,-0.07359307359307365,-0.2370766488413547,0.3905749765113271
2018-05-22,legacy_short_proxy,11,CL,81.26070038910505,-0.014939272213597143,-0.06333483415878727,-0.12185169551146757,0.1512479785055144
2018-05-22,legacy_short_proxy,12,EWW,81.01945525291828,-0.04969111863869036,-0.09693877551020402,-0.10883036405886903,0.20036612929013065
2018-05-22,legacy_short_proxy,13,CPB,80.32295719844358,-0.13477998187494067,-0.16333982473222985,-0.22537750732476902,0.486339495352052
2018-05-22,legacy_short_proxy,14,TSLA,79.96887159533074,-0.05753509177849003,-0.030158730158730163,-0.23080151070079735,0.39466578632623744
2018-05-22,legacy_short_proxy,15,DUK,79.93774319066148,-0.04820035723006377,-0.05305548453081066,-0.04940965092402472,0.14701436205316817
2018-05-22,legacy_short_proxy,16,ITUB,79.74708171206227,-0.07193687342921751,-0.14621142212652516,-0.23815187557182071,0.3724889961454639
2018-05-22,legacy_short_proxy,17,GLD,79.6964980544747,-0.012523948774824656,-0.030262219757585362,-0.03194938710952955,0.08099692505999571
2018-05-22,legacy_short_proxy,18,GIS,79.66147859922178,-0.019513849103812708,-0.054992111787243614,-0.1845585375340335,0.2203847155559937
2018-05-22,legacy_short_proxy,19,GS,79.47859922178986,-0.0035670624487124103,-0.018516227473297953,-0.1226129912261299,0.12858973282830627
2018-05-22,legacy_short_proxy,20,D,79.3579766536965,-0.012800185622013793,-0.014819388700216152,-0.1601526516646926,0.18025820704000142
2018-05-22,mirror28,1,AMX,88.71657754010695,-0.06850100315275942,-0.12868632707774796,-0.15890269151138714,0.16123291872552933
2018-05-22,mirror28,2,ABEV,84.22459893048129,-0.09936368086148106,-0.17488789237668168,-0.19061583577712615,0.21565250024752727
2018-05-22,mirror28,3,RDY,82.56684491978609,-0.041563678938470794,-0.08987029030265592,-0.13501614323451716,0.16838190212238918
2018-05-22,mirror28,4,VIV,81.71122994652407,-0.06443269987631028,-0.1223628691983123,-0.23105360443622924,0.23397511778710844
2018-05-22,mirror28,5,CNK,81.28342245989305,-0.07911182023667107,-0.1261670451678022,-0.1998613678373382,0.24698027657604515
2018-05-22,mirror28,6,ALK,80.6951871657754,-0.0565762376558705,-0.10848912044131176,-0.12048374905517767,0.18429903898263467
2018-05-22,mirror28,7,CMPR,80.53475935828878,-0.03956775559372505,-0.08842432852986937,-0.1795652438653107,0.20481790231467947
2018-05-22,mirror28,8,EPI,79.09090909090908,-0.03439026726698691,-0.045454545454545414,-0.08860759493670889,0.11256840229913664
2018-05-22,mirror28,9,TZA,77.48663101604278,-0.0740828852833344,-0.12969588550983902,-0.15021834061135375,0.26645002758598035
2018-05-22,mirror28,10,INGR,77.4331550802139,-0.030577556826783203,-0.10161329159643628,-0.14052061736926968,0.17213944076498303
2018-05-22,mirror28,11,ABM,77.37967914438502,-0.021872695994099356,-0.06660412757973733,-0.19563459983831843,0.1112131281874601
2018-05-22,mirror28,12,AU,76.7914438502674,-0.06269574625590979,-0.0975877192982455,-0.16191446028513234,0.2779461369533802
2018-05-22,mirror28,13,EWW,76.73796791443851,-0.04969111863869036,-0.09693877551020402,-0.10883036405886903,0.20036612929013065
2018-05-22,mirror28,14,INDA,76.41711229946524,-0.03431544069971937,-0.04364271166715161,-0.07642596234897459,0.12083034629476534
2018-05-22,mirror28,15,MAN,76.2566844919786,-0.02149019607843139,-0.027136618839675775,-0.23221465496020355,0.14009353797622093
2018-05-22,mirror28,16,SAN,75.93582887700535,-0.0351492479152109,-0.05351681957186538,-0.12570621468926546,0.19069660044758371
2018-05-22,mirror28,17,LUV,75.24064171122996,-0.030126169427516225,-0.05623608017817372,-0.14537815126050413,0.1870709934436421
2018-05-22,mirror28,18,BCO,74.91978609625669,-0.05282455187397994,-0.06563965170797059,-0.06250000000000011,0.17070239507377757
2018-05-22,mirror28,19,ING,74.75935828877004,-0.02854158345879132,-0.10170454545454555,-0.13369863013698624,0.17403868491468505
2018-05-22,mirror28,20,ESRT,74.59893048128342,-0.05022347682898887,-0.052785923753665864,-0.0632250580046404,0.16875325251955678
2018-05-22,bounded45,1,ABEV,86.88311688311688,-0.09936368086148106,-0.17488789237668168,-0.19061583577712615,0.21565250024752727
2018-05-22,bounded45,2,AMX,86.32034632034632,-0.06850100315275942,-0.12868632707774796,-0.15890269151138714,0.16123291872552933
2018-05-22,bounded45,3,CNK,84.06926406926407,-0.07911182023667107,-0.1261670451678022,-0.1998613678373382,0.24698027657604515
2018-05-22,bounded45,4,VIV,83.63636363636364,-0.06443269987631028,-0.1223628691983123,-0.23105360443622924,0.23397511778710844
2018-05-22,bounded45,5,MELI,81.34199134199133,-0.07777553552125571,-0.10344617817927426,-0.2491338903607092,0.35249332918668835
2018-05-22,bounded45,6,ITUB,79.39393939393938,-0.07193687342921751,-0.14621142212652516,-0.23815187557182071,0.3724889961454639
2018-05-22,bounded45,7,NTES,79.26406926406926,-0.07662737560555621,-0.07359307359307365,-0.2370766488413547,0.3905749765113271
2018-05-22,bounded45,8,TZA,79.004329004329,-0.0740828852833344,-0.12969588550983902,-0.15021834061135375,0.26645002758598035
2018-05-22,bounded45,9,ALK,78.3982683982684,-0.0565762376558705,-0.10848912044131176,-0.12048374905517767,0.18429903898263467
2018-05-22,bounded45,10,CMPR,78.18181818181817,-0.03956775559372505,-0.08842432852986937,-0.1795652438653107,0.20481790231467947
2018-05-22,bounded45,11,RDY,77.96536796536797,-0.041563678938470794,-0.08987029030265592,-0.13501614323451716,0.16838190212238918
2018-05-22,bounded45,12,AU,77.92207792207793,-0.06269574625590979,-0.0975877192982455,-0.16191446028513234,0.2779461369533802
2018-05-22,bounded45,13,ITRI,77.66233766233766,-0.08149938597687223,-0.12155108128262493,-0.16335227272727282,0.3594604837092415
2018-05-22,bounded45,14,AZO,76.10389610389609,-0.06289281252796608,-0.0011945845500398455,-0.18195406984644646,0.3889568206381542
2018-05-22,bounded45,15,TSLA,76.017316017316,-0.05753509177849003,-0.030158730158730163,-0.23080151070079735,0.39466578632623744
2018-05-22,bounded45,16,CARS,75.93073593073592,-0.0831713439145485,-0.1340463458110518,-0.1644306845545236,0.42417119548195764
2018-05-22,bounded45,17,EWW,74.67532467532467,-0.04969111863869036,-0.09693877551020402,-0.10883036405886903,0.20036612929013065
2018-05-22,bounded45,18,EIDO,74.11255411255411,-0.03965753977869535,-0.10433145009416189,-0.18477888241343843,0.27556757282647343
2018-05-22,bounded45,19,BLMN,72.68398268398269,-0.08445247933884636,-0.10177364864864868,-0.10404380791912382,0.30063542831121676
2018-05-22,bounded45,20,DRI,72.42424242424242,-0.04699594136042895,-0.049336283185840824,-0.10776578073089693,0.21303897439419103
2018-05-22,efficient60,1,EMB,89.61038961038962,-0.0039254621841018356,-0.02131695420467894,-0.04106558102486946,0.07446440600331071
2018-05-22,efficient60,2,CL,89.17748917748919,-0.014939272213597143,-0.06333483415878727,-0.12185169551146757,0.1512479785055144
2018-05-22,efficient60,3,LQD,87.3015873015873,-0.0033764624793776177,-0.007386166145290196,-0.02667007498295837,0.047456894535082644
2018-05-22,efficient60,4,XLP,85.13708513708514,-0.000674132431804142,-0.008980243464378423,-0.09197293837995979,0.11572756687251944
2018-05-22,efficient60,5,EBAY,83.98268398268398,-0.012432835235517636,-0.08280718795531805,-0.13826146475017098,0.2322751338050263
2018-05-22,efficient60,6,AGG,83.26118326118326,-0.002935050179884824,-0.004725451280597315,-0.013119670134007944,0.0270154838026357
2018-05-22,efficient60,7,ABEV,82.39538239538241,-0.09936368086148106,-0.17488789237668168,-0.19061583577712615,0.21565250024752727
2018-05-22,efficient60,8,SHY,81.81818181818183,-0.00017431132002654337,-0.0012009126936470826,-0.00383279434662831,0.007839552237952482
2018-05-22,efficient60,9,MMM,81.52958152958152,-0.003914854419482139,-0.010739322826032849,-0.18501679364299173,0.1523550168524129
2018-05-22,efficient60,10,GILD,80.66378066378067,-0.004899947186201126,-0.06724422442244227,-0.17068101234869792,0.32276554221282144
2018-05-22,efficient60,11,GS,77.77777777777779,-0.0035670624487124103,-0.018516227473297953,-0.1226129912261299,0.12858973282830627
2018-05-22,efficient60,12,VCIT,77.2005772005772,-0.0023111324549032197,-0.005861945208757158,-0.023387001997884682,0.03166067930254123
2018-05-22,efficient60,13,INGR,76.62337662337663,-0.030577556826783203,-0.10161329159643628,-0.14052061736926968,0.17213944076498303
2018-05-22,efficient60,14,BUD,76.47907647907648,-0.01957645454965562,-0.07367291178766588,-0.12908256880733937,0.21845825059931873
2018-05-22,efficient60,15,BSV,76.1904761904762,-0.0006826638633614657,-0.0017928031758227547,-0.006500127453479387,0.010919363749988779
2018-05-22,efficient60,16,GLD,76.04617604617604,-0.012523948774824656,-0.030262219757585362,-0.03194938710952955,0.08099692505999571
2018-05-22,efficient60,17,BND,75.90187590187593,-0.002190963071159513,-0.003551496702181689,-0.013313237879929662,0.02895477336004942
2018-05-22,efficient60,18,EMLC,74.89177489177489,-0.022640786267705604,-0.05605499735589625,-0.09206510681586977,0.11711794142189749
2018-05-22,efficient60,19,VCSH,74.60317460317461,-0.0006473487543385836,-0.0016647458061213039,-0.007511139401655043,0.014962176625812555
2018-05-22,efficient60,20,D,74.45887445887446,-0.012800185622013793,-0.014819388700216152,-0.1601526516646926,0.18025820704000142
2018-06-20,legacy_short_proxy,1,EMB,85.23186237845923,-0.012912561919075083,-0.017904937701891943,-0.047870436649964265,0.05252830769435032
2018-06-20,legacy_short_proxy,2,EEM,84.77187733732237,-0.0386072396068996,-0.05192431735110725,-0.0893225939694342,0.1613045872337471
2018-06-20,legacy_short_proxy,3,VWO,83.51533283470457,-0.030952274455431583,-0.046014971378247504,-0.08121289228159456,0.14795318384713468
2018-06-20,legacy_short_proxy,4,FXI,82.59536275243082,-0.051200186683925786,-0.06881115969185925,-0.06315458734813573,0.17625160922139133
2018-06-20,legacy_short_proxy,5,CB,82.33732236350039,-0.03608866980084757,-0.06293447714835088,-0.0752444898554957,0.1812002167461456
2018-06-20,legacy_short_proxy,6,IEFA,82.21765145848916,-0.03325458840630802,-0.05534181710565245,-0.023106350420810884,0.15320698610687458
2018-06-20,legacy_short_proxy,7,IEMG,82.02318623784592,-0.04009349154980035,-0.051855798259634156,-0.08688216179237218,0.1599325682271653
2018-06-20,legacy_short_proxy,8,LMT,81.81376215407629,-0.04289678100330885,-0.04499731971115939,-0.11941383421044982,0.18627928935101334
2018-06-20,legacy_short_proxy,9,BALL,81.62303664921467,-0.03960422660178542,-0.06882168925964549,-0.09132536250317991,0.15716777789546427
2018-06-20,legacy_short_proxy,10,GD,81.58189977561706,-0.04628554629302628,-0.06346332631990992,-0.14350919586521682,0.19621113166640117
2018-06-20,legacy_short_proxy,11,CAT,81.46222887060584,-0.06640140891005397,-0.08367477592829697,-0.04061934446008442,0.22421071040974644
2018-06-20,legacy_short_proxy,12,EMLC,81.14061331338817,-0.022898144707132917,-0.042577030812325,-0.12583120204603582,0.0845846504065652
2018-06-20,legacy_short_proxy,13,SBUX,80.7292445774121,-0.07999400991887484,-0.0832162921348315,-0.09653979238754318,0.36513674728285717
2018-06-20,legacy_short_proxy,14,ORCL,80.49738219895288,-0.08748002131060117,-0.07655811947379765,-0.07874354561101538,0.35091839863003704
2018-06-20,legacy_short_proxy,15,TRV,80.31787584143606,-0.03344172540589341,-0.0489271039415613,-0.09571697294168724,0.1633927667138691
2018-06-20,legacy_short_proxy,16,BRK.B,80.23560209424085,-0.018305112843114535,-0.04355726038459595,-0.049362897561954444,0.15571315230884256
2018-06-20,legacy_short_proxy,17,IBM,80.16828721017202,-0.010829348470609679,-0.016954993452339973,-0.07002673273782367,0.10976638699229606
2018-06-20,legacy_short_proxy,18,DOV,80.0037397157816,-0.055087766623629575,-0.0701554797117937,-0.08757132225254283,0.18448135022904488
2018-06-20,legacy_short_proxy,19,MMM,80.00373971578159,-0.017289708034622597,-0.004473036136100839,-0.10061750817290227,0.15336276035614285
2018-06-20,legacy_short_proxy,20,PNC,79.9364248317128,-0.02803134229318316,-0.06316277836691409,-0.07620416966211352,0.24403576949074157
2018-06-20,mirror28,1,EWS,86.28,-0.07156894545038361,-0.10452705189547307,-0.08154020385050964,0.13448489764301041
2018-06-20,mirror28,2,RGA,85.4,-0.0501675856849384,-0.07294552169898427,-0.11430371770636416,0.13258687686074536
2018-06-20,mirror28,3,HGV,84.08,-0.06475093360339412,-0.0806371329019413,-0.15815861440291712,0.1966338843132525
2018-06-20,mirror28,4,THD,82.92,-0.0719460607141108,-0.10316383000939744,-0.14918276374442796,0.21429352347086858
2018-06-20,mirror28,5,OI,82.24,-0.06690284779943756,-0.09656992084432714,-0.21359669269637105,0.2343198193201563
2018-06-20,mirror28,6,CPA,82.19999999999999,-0.05752010212397607,-0.12284085927224897,-0.230402338641434,0.2226890078486968
2018-06-20,mirror28,7,QID,80.24,-0.04606385571532856,-0.10639269406392704,-0.1579173838209984,0.1878262840773238
2018-06-20,mirror28,8,FAF,79.80000000000001,-0.03924634806820493,-0.0759354365370506,-0.14465195246179963,0.15310763484020087
2018-06-20,mirror28,9,LRCX,79.52,-0.08934349232856598,-0.14039408866995085,-0.18837209302325586,0.2712538714354542
2018-06-20,mirror28,10,ASHR,78.88000000000001,-0.05339105339106398,-0.09244791666666663,-0.1012250161186331,0.1790394936567511
2018-06-20,mirror28,11,GD,78.88000000000001,-0.04628554629302628,-0.06346332631990992,-0.14350919586521682,0.19621113166640117
2018-06-20,mirror28,12,WLK,78.8,-0.08822482175268476,-0.14041264123137387,-0.08153267430670985,0.19994337257595327
2018-06-20,mirror28,13,SQQQ,78.76,-0.06726137377341657,-0.15404530744336564,-0.2343292325717633,0.27849210608745184
2018-06-20,mirror28,14,NOC,77.71999999999998,-0.0494248514726322,-0.03827426810477663,-0.12147059651493408,0.2007471265828091
2018-06-20,mirror28,15,DOV,77.60000000000001,-0.055087766623629575,-0.0701554797117937,-0.08757132225254283,0.18448135022904488
2018-06-20,mirror28,16,CW,77.44,-0.06425975943881868,-0.08141309323973756,-0.12842974009990582,0.24212918685907914
2018-06-20,mirror28,17,BWXT,77.28,-0.05263316009253283,-0.07236358287983524,-0.06382662906338143,0.15585504199748004
2018-06-20,mirror28,18,EWY,76.6,-0.05630818708204455,-0.07244607244607226,-0.08092485549132944,0.18921779790926355
2018-06-20,mirror28,19,CMI,76.56,-0.034413561967406525,-0.07030725882195077,-0.1377551020408162,0.1540982301279152
2018-06-20,mirror28,20,DAN,76.36,-0.04096257630717004,-0.09478079331941547,-0.16647443291041908,0.20172986991430222
2018-06-20,bounded45,1,EWS,84.55645161290323,-0.07156894545038361,-0.10452705189547307,-0.08154020385050964,0.13448489764301041
2018-06-20,bounded45,2,HGV,83.14516129032258,-0.06475093360339412,-0.0806371329019413,-0.15815861440291712,0.1966338843132525
2018-06-20,bounded45,3,THD,82.98387096774194,-0.0719460607141108,-0.10316383000939744,-0.14918276374442796,0.21429352347086858
2018-06-20,bounded45,4,OI,82.5806451612903,-0.06690284779943756,-0.09656992084432714,-0.21359669269637105,0.2343198193201563
2018-06-20,bounded45,5,CPA,81.69354838709677,-0.05752010212397607,-0.12284085927224897,-0.230402338641434,0.2226890078486968
2018-06-20,bounded45,6,LRCX,81.49193548387098,-0.08934349232856598,-0.14039408866995085,-0.18837209302325586,0.2712538714354542
2018-06-20,bounded45,7,RGA,80.80645161290323,-0.0501675856849384,-0.07294552169898427,-0.11430371770636416,0.13258687686074536
2018-06-20,bounded45,8,SQQQ,79.79838709677418,-0.06726137377341657,-0.15404530744336564,-0.2343292325717633,0.27849210608745184
2018-06-20,bounded45,9,RES,79.23387096774194,-0.09120227038183137,-0.24773091297383876,-0.22921225382932175,0.4337437777374371
2018-06-20,bounded45,10,EZA,78.83064516129032,-0.08454644986009507,-0.1259098652625058,-0.20930232558139528,0.3520254543626529
2018-06-20,bounded45,11,OLED,78.66935483870967,-0.09646599547975454,-0.09469891919711793,-0.18071727992547737,0.35950785138026026
2018-06-20,bounded45,12,WLK,78.38709677419355,-0.08822482175268476,-0.14041264123137387,-0.08153267430670985,0.19994337257595327
2018-06-20,bounded45,13,CW,76.73387096774192,-0.06425975943881868,-0.08141309323973756,-0.12842974009990582,0.24212918685907914
2018-06-20,bounded45,14,QID,76.69354838709677,-0.04606385571532856,-0.10639269406392704,-0.1579173838209984,0.1878262840773238
2018-06-20,bounded45,15,CNH,75.96774193548387,-0.08381983210466148,-0.1614664586583463,-0.12955465587044535,0.2922918839305534
2018-06-20,bounded45,16,FAF,75.64516129032258,-0.03924634806820493,-0.0759354365370506,-0.14465195246179963,0.15310763484020087
2018-06-20,bounded45,17,YPF,75.44354838709678,-0.055637919941805225,-0.14704396159676603,-0.22992700729927018,0.2900141617530068
2018-06-20,bounded45,18,GD,75.36290322580645,-0.04628554629302628,-0.06346332631990992,-0.14350919586521682,0.19621113166640117
2018-06-20,bounded45,19,ASHR,75.24193548387098,-0.05339105339106398,-0.09244791666666663,-0.1012250161186331,0.1790394936567511
2018-06-20,bounded45,20,DOV,74.2741935483871,-0.055087766623629575,-0.0701554797117937,-0.08757132225254283,0.18448135022904488
2018-06-20,efficient60,1,GLD,94.75806451612904,-0.018986438258387528,-0.017563924515970886,-0.06251948861864665,0.07679417017984919
2018-06-20,efficient60,2,EMB,93.27956989247312,-0.012912561919075083,-0.017904937701891943,-0.047870436649964265,0.05252830769435032
2018-06-20,efficient60,3,IAU,86.96236559139786,-0.018691588785040514,-0.01774193548387104,-0.06235565819861433,0.07619022187882381
2018-06-20,efficient60,4,EMLC,83.73655913978496,-0.022898144707132917,-0.042577030812325,-0.12583120204603582,0.0845846504065652
2018-06-20,efficient60,5,LQD,83.33333333333334,-0.007218034566138898,-0.002451194957541758,-0.018772065788340564,0.05052551524940262
2018-06-20,efficient60,6,IBM,81.85483870967742,-0.010829348470609679,-0.016954993452339973,-0.07002673273782367,0.10976638699229606
2018-06-20,efficient60,7,EEM,81.58602150537635,-0.0386072396068996,-0.05192431735110725,-0.0893225939694342,0.1613045872337471
2018-06-20,efficient60,8,IEMG,81.31720430107528,-0.04009349154980035,-0.051855798259634156,-0.08688216179237218,0.1599325682271653
2018-06-20,efficient60,9,GD,81.18279569892474,-0.04628554629302628,-0.06346332631990992,-0.14350919586521682,0.19621113166640117
2018-06-20,efficient60,10,VWO,80.51075268817206,-0.030952274455431583,-0.046014971378247504,-0.08121289228159456,0.14795318384713468
2018-06-20,efficient60,11,GS,80.51075268817203,-0.01595796375605474,-0.04277310924369748,-0.10616760828625238,0.17364965744778518
2018-06-20,efficient60,12,CMI,79.43548387096774,-0.034413561967406525,-0.07030725882195077,-0.1377551020408162,0.1540982301279152
2018-06-20,efficient60,13,TRV,77.8225806451613,-0.03344172540589341,-0.0489271039415613,-0.09571697294168724,0.1633927667138691
2018-06-20,efficient60,14,GEN,77.55376344086022,-0.00797960243637963,-0.016846045858680325,-0.19839755818389926,0.12616503176299512
2018-06-20,efficient60,15,MMM,75.13440860215054,-0.017289708034622597,-0.004473036136100839,-0.10061750817290227,0.15336276035614285
2018-06-20,efficient60,16,PCY,74.46236559139784,-0.017090034850988256,-0.01933804388248417,-0.056529516994633267,0.05976004481254235
2018-06-20,efficient60,17,BALL,74.32795698924731,-0.03960422660178542,-0.06882168925964549,-0.09132536250317991,0.15716777789546427
2018-06-20,efficient60,18,FAF,73.25268817204302,-0.03924634806820493,-0.0759354365370506,-0.14465195246179963,0.15310763484020087
2018-06-20,efficient60,19,BKLN,73.25268817204301,-0.003615910004020839,-0.0034752389226758718,-0.006496318752706731,0.018719202243676826
2018-06-20,efficient60,20,FXE,73.11827956989248,-0.009088923459593445,-0.017675651789659796,-0.07158369528900765,0.09654487247251546
2018-07-19,legacy_short_proxy,1,GLD,88.58761329305136,-0.021234338354910287,-0.03700315982038915,-0.08254773033351814,0.0854800947478705
2018-07-19,legacy_short_proxy,2,F,85.81570996978853,-0.030900134348406993,-0.08845829823083395,-0.012773722627737238,0.1316554959755499
2018-07-19,legacy_short_proxy,3,SLV,84.61480362537765,-0.04064932472890126,-0.059973924380704036,-0.0850253807106599,0.13630916409580243
2018-07-19,legacy_short_proxy,4,BKNG,83.73867069486406,-0.019286232568920036,-0.06303157404171034,-0.027451928891038757,0.15085381550690985
2018-07-19,legacy_short_proxy,5,EBAY,83.1570996978852,-0.07984893444833374,-0.13117677024961794,-0.17168528411850414,0.41235092924104727
2018-07-19,legacy_short_proxy,6,T,82.73791540785498,-0.0225528656049081,-0.022812500000000013,-0.10657142857142854,0.1695968745088337
2018-07-19,legacy_short_proxy,7,BLK,82.70392749244712,-0.0004949123015390855,-0.04119032245812615,-0.01715008759976655,0.15345871623122403
2018-07-19,legacy_short_proxy,8,AVGO,81.76359516616316,-0.10788865568487105,-0.19448698315467083,-0.07880910683012265,0.5400421912007514
2018-07-19,legacy_short_proxy,9,IAU,81.71072507552869,-0.020704625146106492,-0.03694581280788167,-0.0828772478498826,0.08662989902684219
2018-07-19,legacy_short_proxy,10,AFL,81.32930513595167,-0.007290822821431009,-0.040921288014311274,-0.0504759796324995,0.10421703933724266
2018-07-19,legacy_short_proxy,11,STT,80.88746223564955,-0.014594080551664113,-0.051059040212831364,-0.08269040553907026,0.19640148482573833
2018-07-19,legacy_short_proxy,12,BNY,80.51737160120847,-0.02805426528054189,-0.0808785079309744,-0.048023108864416075,0.26112582184195793
2018-07-19,legacy_short_proxy,13,GT,79.93202416918429,-0.06476352790797779,-0.12235105957616965,-0.1831038332713063,0.19588411349061388
2018-07-19,legacy_short_proxy,14,TAP,79.71676737160121,-0.06000264912358322,-0.06225223902510646,-0.10908076440228764,0.25176274182509917
2018-07-19,legacy_short_proxy,15,VOD,79.30891238670694,-0.04623389393041988,-0.05327368849125658,-0.21983914209115274,0.20898429612862612
2018-07-19,legacy_short_proxy,16,FHN,79.28247734138972,-0.03790980752625461,-0.09722948248823837,-0.07696419027258161,0.20665248315038717
2018-07-19,legacy_short_proxy,17,CSCO,79.10498489425983,-0.006048103521030801,-0.03063557384545046,-0.03063557384545046,0.21809391312761647
2018-07-19,legacy_short_proxy,18,FITB,78.94259818731118,-0.03702569859005711,-0.07800032567985671,-0.14857142857142858,0.3049013510372075
2018-07-19,legacy_short_proxy,19,GDX,78.85196374622356,-0.024467423857152393,-0.015510948905109623,-0.04933920704845818,0.16829339729485152
2018-07-19,legacy_short_proxy,20,RF,78.60649546827794,-0.013741568945733196,-0.06821787414066627,-0.06624271330153686,0.23685437686283586
2018-07-19,mirror28,1,GT,88.19672131147543,-0.06476352790797779,-0.12235105957616965,-0.1831038332713063,0.19588411349061388
2018-07-19,mirror28,2,VOD,86.8032786885246,-0.04623389393041988,-0.05327368849125658,-0.21983914209115274,0.20898429612862612
2018-07-19,mirror28,3,SLV,85.81967213114754,-0.04064932472890126,-0.059973924380704036,-0.0850253807106599,0.13630916409580243
2018-07-19,mirror28,4,MIDD,82.8688524590164,-0.02520324415461972,-0.03741268778107365,-0.20031796502384736,0.16170649603794568
2018-07-19,mirror28,5,CAH,81.06557377049181,-0.03501516404743543,-0.09677419354838712,-0.21423989737010907,0.23173067134557357
2018-07-19,mirror28,6,SDS,79.67213114754098,-0.032588479473838694,-0.026843817787418622,-0.1239931657310227,0.19591551699775717
2018-07-19,mirror28,7,SNN,79.09836065573771,-0.03370075272812778,-0.05236167341430498,-0.09510309278350515,0.18117094898892927
2018-07-19,mirror28,8,TSN,78.85245901639345,-0.03585462054416655,-0.07457578782261498,-0.077731988063095,0.17012422788842346
2018-07-19,mirror28,9,DXD,75.81967213114754,-0.03607244424486089,-0.031870114251353,-0.08936651583710409,0.20740003816656208
2018-07-19,mirror28,10,IVZ,75.65573770491802,-0.03135192202552861,-0.05342667649226229,-0.1618270799347471,0.23466107157226085
2018-07-19,mirror28,11,BCS,75.49180327868852,-0.025694341304022816,-0.050193050193050204,-0.18677685950413225,0.21268926458730394
2018-07-19,mirror28,12,BGC,75.49180327868852,-0.027230540232894063,-0.1047542304593071,-0.17274758004467616,0.20687993626510304
2018-07-19,mirror28,13,TAP,75.327868852459,-0.06000264912358322,-0.06225223902510646,-0.10908076440228764,0.25176274182509917
2018-07-19,mirror28,14,FHN,74.91803278688525,-0.03790980752625461,-0.09722948248823837,-0.07696419027258161,0.20665248315038717
2018-07-19,mirror28,15,B,73.44262295081967,-0.04747201852567717,-0.03744149765990645,-0.07772795216741413,0.23169639236619627
2018-07-19,mirror28,16,COTY,72.54098360655739,-0.027900250432087437,-0.04636678200692046,-0.16585956416464898,0.23615710111632418
2018-07-19,mirror28,17,T,72.21311475409836,-0.0225528656049081,-0.022812500000000013,-0.10657142857142854,0.1695968745088337
2018-07-19,mirror28,18,PSQ,72.1311475409836,-0.020661688980424753,-0.009762447120078122,-0.11694718514219382,0.15876787654256402
2018-07-19,mirror28,19,GLD,71.88524590163934,-0.021234338354910287,-0.03700315982038915,-0.08254773033351814,0.0854800947478705
2018-07-19,mirror28,20,IAU,71.39344262295081,-0.020704625146106492,-0.03694581280788167,-0.0828772478498826,0.08662989902684219
2018-07-19,bounded45,1,GT,88.0392156862745,-0.06476352790797779,-0.12235105957616965,-0.1831038332713063,0.19588411349061388
2018-07-19,bounded45,2,VOD,84.31372549019608,-0.04623389393041988,-0.05327368849125658,-0.21983914209115274,0.20898429612862612
2018-07-19,bounded45,3,PPC,80.3267973856209,-0.06486210418794347,-0.09490855165595657,-0.19268077601410938,0.29451699529989334
2018-07-19,bounded45,4,INGR,80.0,-0.1027331130008532,-0.16529924863977885,-0.22425555823099763,0.41015143242714247
2018-07-19,bounded45,5,CAH,77.90849673202615,-0.03501516404743543,-0.09677419354838712,-0.21423989737010907,0.23173067134557357
2018-07-19,bounded45,6,SPB,77.51633986928105,-0.057666201993024524,-0.04621072088724587,-0.1702401372212693,0.2870149961364701
2018-07-19,bounded45,7,MIDD,77.25490196078432,-0.02520324415461972,-0.03741268778107365,-0.20031796502384736,0.16170649603794568
2018-07-19,bounded45,8,SLV,76.79738562091504,-0.04064932472890126,-0.059973924380704036,-0.0850253807106599,0.13630916409580243
2018-07-19,bounded45,9,HP,76.6013071895425,-0.06469004810748613,-0.0775541795665633,-0.16750488963397592,0.31186434375139066
2018-07-19,bounded45,10,SPXS,76.40522875816994,-0.0480890713834502,-0.03982477100756676,-0.17937372362151127,0.2880777361575841
2018-07-19,bounded45,11,SPXU,76.40522875816994,-0.04788018854374909,-0.04052631578947363,-0.18104222821203952,0.2879258900438822
2018-07-19,bounded45,12,SCCO,75.81699346405229,-0.04551228700338039,-0.07355442176870752,-0.20256175663311982,0.2938793354113929
2018-07-19,bounded45,13,EBAY,75.62091503267973,-0.07984893444833374,-0.13117677024961794,-0.17168528411850414,0.41235092924104727
2018-07-19,bounded45,14,TAP,74.83660130718954,-0.06000264912358322,-0.06225223902510646,-0.10908076440228764,0.25176274182509917
2018-07-19,bounded45,15,QID,74.77124183006535,-0.04228451401565314,-0.02146142054164535,-0.2234387672343876,0.3159090218517001
2018-07-19,bounded45,16,WB,73.26797385620914,-0.03822999856402254,-0.16439539347408838,-0.2370980460877946,0.36401506992274657
2018-07-19,bounded45,17,SDS,73.13725490196077,-0.032588479473838694,-0.026843817787418622,-0.1239931657310227,0.19591551699775717
2018-07-19,bounded45,18,BCS,71.56862745098039,-0.025694341304022816,-0.050193050193050204,-0.18677685950413225,0.21268926458730394
2018-07-19,bounded45,19,SNN,71.37254901960785,-0.03370075272812778,-0.05236167341430498,-0.09510309278350515,0.18117094898892927
2018-07-19,bounded45,20,BGC,70.98039215686275,-0.027230540232894063,-0.1047542304593071,-0.17274758004467616,0.20687993626510304
2018-07-19,efficient60,1,GLD,97.38562091503269,-0.021234338354910287,-0.03700315982038915,-0.08254773033351814,0.0854800947478705
2018-07-19,efficient60,2,IAU,88.23529411764707,-0.020704625146106492,-0.03694581280788167,-0.0828772478498826,0.08662989902684219
2018-07-19,efficient60,3,EBAY,84.0958605664488,-0.07984893444833374,-0.13117677024961794,-0.17168528411850414,0.41235092924104727
2018-07-19,efficient60,4,CAH,81.91721132897604,-0.03501516404743543,-0.09677419354838712,-0.21423989737010907,0.23173067134557357
2018-07-19,efficient60,5,T,78.4313725490196,-0.0225528656049081,-0.022812500000000013,-0.10657142857142854,0.1695968745088337
2018-07-19,efficient60,6,SLV,77.34204793028324,-0.04064932472890126,-0.059973924380704036,-0.0850253807106599,0.13630916409580243
2018-07-19,efficient60,7,SH,75.59912854030502,-0.015593361139481732,-0.012499999999999956,-0.06231454005934711,0.0980578441182667
2018-07-19,efficient60,8,AFL,74.94553376906319,-0.007290822821431009,-0.040921288014311274,-0.0504759796324995,0.10421703933724266
2018-07-19,efficient60,9,FXI,74.07407407407408,-0.02868669809772384,-0.0741196198993852,-0.1183734298488397,0.23519059907575116
2018-07-19,efficient60,10,EWY,73.8562091503268,-0.01956219727406494,-0.045195261079420845,-0.108927108927109,0.1725841681112311
2018-07-19,efficient60,11,MIDD,73.63834422657953,-0.02520324415461972,-0.03741268778107365,-0.20031796502384736,0.16170649603794568
2018-07-19,efficient60,12,GT,72.7668845315904,-0.06476352790797779,-0.12235105957616965,-0.1831038332713063,0.19588411349061388
2018-07-19,efficient60,13,EMLC,71.89542483660132,-0.0026001343889762163,-0.001170275014628408,-0.09730301427815968,0.10593289140490528
2018-07-19,efficient60,14,APD,71.24183006535948,-0.012885551623720515,-0.020180225916994532,-0.0585365853658536,0.12259619389484686
2018-07-19,efficient60,15,VOD,71.02396514161221,-0.04623389393041988,-0.05327368849125658,-0.21983914209115274,0.20898429612862612
2018-07-19,efficient60,16,MCK,70.80610021786492,-0.03244466618944264,-0.09281355932203383,-0.10128282624756524,0.2774494326765778
2018-07-19,efficient60,17,TSN,70.58823529411765,-0.03585462054416655,-0.07457578782261498,-0.077731988063095,0.17012422788842346
2018-07-19,efficient60,18,STZ,70.37037037037038,-0.02054264533360617,-0.06773218142548598,-0.04601511735844055,0.2380839450523651
2018-07-19,efficient60,19,INGR,69.49891067538127,-0.1027331130008532,-0.16529924863977885,-0.22425555823099763,0.41015143242714247
2018-07-19,efficient60,20,BKNG,69.281045751634,-0.019286232568920036,-0.06303157404171034,-0.027451928891038757,0.15085381550690985
2018-08-16,legacy_short_proxy,1,GDX,87.48275862068967,-0.1250090341853577,-0.1584800741427247,-0.17939448712155437,0.26468708480031705
2018-08-16,legacy_short_proxy,2,GDXJ,86.5823754789272,-0.13119561871121876,-0.15850596359070934,-0.18162393162393164,0.2646844434238021
2018-08-16,legacy_short_proxy,3,GLD,86.10344827586206,-0.03149472473166692,-0.040497366375960575,-0.09223102687688911,0.09767988534245653
2018-08-16,legacy_short_proxy,4,MU,85.77011494252874,-0.10043259451664455,-0.16221985058697963,-0.20210062679993224,0.271276051540732
2018-08-16,legacy_short_proxy,5,EFA,83.13409961685824,-0.027599722971287766,-0.025834071449660434,-0.07950899707072123,0.1114710693693477
2018-08-16,legacy_short_proxy,6,BKNG,83.04214559386973,-0.08351328278009396,-0.09226560557075358,-0.12143458899987969,0.2862288601298182
2018-08-16,legacy_short_proxy,7,JD,82.9463601532567,-0.09878927116660774,-0.1331344902386118,-0.12073707370737075,0.335211263430833
2018-08-16,legacy_short_proxy,8,EZU,82.74329501915709,-0.04088238820286216,-0.04648390941597147,-0.10374187766076637,0.14886513810294535
2018-08-16,legacy_short_proxy,9,BABA,82.7088122605364,-0.05782652043868064,-0.08193658588662323,-0.1219175984071067,0.28728573921505723
2018-08-16,legacy_short_proxy,10,WYNN,82.70881226053639,-0.10036359230746716,-0.14654276456562942,-0.27996698989065405,0.36528380429678214
2018-08-16,legacy_short_proxy,11,IEFA,82.63218390804597,-0.028450079635255365,-0.02659574468085113,-0.07931340633323469,0.11104648896756893
2018-08-16,legacy_short_proxy,12,NEM,82.27969348659005,-0.11875845336530644,-0.14617670899756818,-0.18535705078628506,0.26915746021506276
2018-08-16,legacy_short_proxy,13,TCOM,82.26819923371647,-0.06498956897288566,-0.0902184235517568,-0.11786372007366475,0.19256280035877638
2018-08-16,legacy_short_proxy,14,MS,82.23754789272031,-0.029594358387084463,-0.031093279839518595,-0.11989795918367352,0.1597283659931657
2018-08-16,legacy_short_proxy,15,EEM,82.04980842911877,-0.04666286366227934,-0.035994462390401494,-0.10169855944958073,0.1978404407067865
2018-08-16,legacy_short_proxy,16,MCHI,81.9425287356322,-0.0588329464500279,-0.06459824980111384,-0.15239331026528258,0.2366633123311963
2018-08-16,legacy_short_proxy,17,WDC,81.82375478927203,-0.06397263623415994,-0.16008262328943956,-0.25958802776829404,0.31551316879472546
2018-08-16,legacy_short_proxy,18,BP,81.47126436781609,-0.04965831435079926,-0.06120612061206121,-0.1140369505202804,0.18413789769816846
2018-08-16,legacy_short_proxy,19,VEA,81.39463601532569,-0.02694956778994706,-0.024333719582850466,-0.07492858712370898,0.11096171476218085
2018-08-16,legacy_short_proxy,20,XLE,81.3831417624521,-0.03821131734776406,-0.035676251331203446,-0.06961212432571284,0.17501008865403922
2018-08-16,mirror28,1,EWI,83.43478260869566,-0.061933955691792275,-0.07393397524071521,-0.16184251478369138,0.21000094219091814
2018-08-16,mirror28,2,XME,83.0,-0.06949135774552417,-0.08300835654596095,-0.12025654730090862,0.19461753406472013
2018-08-16,mirror28,3,TCOM,82.43478260869564,-0.06498956897288566,-0.0902184235517568,-0.11786372007366475,0.19256280035877638
2018-08-16,mirror28,4,GDXJ,81.17391304347827,-0.13119561871121876,-0.15850596359070934,-0.18162393162393164,0.2646844434238021
2018-08-16,mirror28,5,SLB,81.1304347826087,-0.04989965334793478,-0.0661984459055589,-0.15244812152448128,0.19747512473694254
2018-08-16,mirror28,6,GDX,80.73913043478261,-0.1250090341853577,-0.1584800741427247,-0.17939448712155437,0.26468708480031705
2018-08-16,mirror28,7,ON,80.60869565217392,-0.08573997078324347,-0.15285297792586428,-0.15880893300248133,0.25442233861483615
2018-08-16,mirror28,8,NEM,80.08695652173914,-0.11875845336530644,-0.14617670899756818,-0.18535705078628506,0.26915746021506276
2018-08-16,mirror28,9,MCHI,79.95652173913044,-0.0588329464500279,-0.06459824980111384,-0.15239331026528258,0.2366633123311963
2018-08-16,mirror28,10,MU,79.8695652173913,-0.10043259451664455,-0.16221985058697963,-0.20210062679993224,0.271276051540732
2018-08-16,mirror28,11,EWG,79.78260869565219,-0.04450154667016071,-0.05350194552529175,-0.11812688821752271,0.15221822935717164
2018-08-16,mirror28,12,TM,79.6086956521739,-0.04918654950604495,-0.06837671700690595,-0.09562398703403563,0.14774198466895916
2018-08-16,mirror28,13,BP,79.52173913043478,-0.04965831435079926,-0.06120612061206121,-0.1140369505202804,0.18413789769816846
2018-08-16,mirror28,14,OIH,79.43478260869564,-0.05648788413147643,-0.07101053452984785,-0.17839889579020018,0.24299169421541042
2018-08-16,mirror28,15,RGLD,78.82608695652175,-0.10040938816258793,-0.17103973870440936,-0.1334926596107887,0.2560767358032604
2018-08-16,mirror28,16,FEZ,78.47826086956522,-0.04478683313251064,-0.0482758620689655,-0.10583153347732188,0.15529952122157017
2018-08-16,mirror28,17,LAZ,78.17391304347827,-0.058834857968214416,-0.04007071302298171,-0.11435302645886192,0.22103061244008282
2018-08-16,mirror28,18,HSBC,77.21739130434783,-0.04305001273669373,-0.04369961815867629,-0.10750346466046323,0.16681766519335797
2018-08-16,mirror28,19,EZU,77.0,-0.04088238820286216,-0.04648390941597147,-0.10374187766076637,0.14886513810294535
2018-08-16,mirror28,20,GE,76.8695652173913,-0.05103575975002894,-0.10415149308084481,-0.19555264879005874,0.2583090669404565
2018-08-16,bounded45,1,GDXJ,84.84375,-0.13119561871121876,-0.15850596359070934,-0.18162393162393164,0.2646844434238021
2018-08-16,bounded45,2,GDX,84.43750000000001,-0.1250090341853577,-0.1584800741427247,-0.17939448712155437,0.26468708480031705
2018-08-16,bounded45,3,NEM,84.0,-0.11875845336530644,-0.14617670899756818,-0.18535705078628506,0.26915746021506276
2018-08-16,bounded45,4,MU,83.625,-0.10043259451664455,-0.16221985058697963,-0.20210062679993224,0.271276051540732
2018-08-16,bounded45,5,KWEB,82.8125,-0.10888555868269789,-0.16306213525575008,-0.1894946808510638,0.28664092571688293
2018-08-16,bounded45,6,B,82.5625,-0.10639840493023345,-0.2009724473257699,-0.2484756097560975,0.32103425045735917
2018-08-16,bounded45,7,BBVA,81.3125,-0.09907278966197741,-0.10838150289017345,-0.20592020592020588,0.3117295302211705
2018-08-16,bounded45,8,AEM,81.0,-0.15821019162595307,-0.2404924159155859,-0.19332243754377776,0.3535594286914701
2018-08-16,bounded45,9,ON,80.9375,-0.08573997078324347,-0.15285297792586428,-0.15880893300248133,0.25442233861483615
2018-08-16,bounded45,10,ATHM,80.37499999999999,-0.15787210021235631,-0.2255512706417483,-0.24714024800538315,0.4266485489194838
2018-08-16,bounded45,11,WPM,80.1875,-0.14398020090260943,-0.16988235294117648,-0.18896551724137933,0.35397831975758
2018-08-16,bounded45,12,RIO,80.09375,-0.09136934613363845,-0.11318292000745855,-0.19335142469470823,0.3090263427608758
2018-08-16,bounded45,13,RGLD,79.5625,-0.10040938816258793,-0.17103973870440936,-0.1334926596107887,0.2560767358032604
2018-08-16,bounded45,14,EWI,79.53125000000001,-0.061933955691792275,-0.07393397524071521,-0.16184251478369138,0.21000094219091814
2018-08-16,bounded45,15,SUPN,79.09375,-0.1424135636659355,-0.1981566820276498,-0.20256645279560037,0.4204117485360691
2018-08-16,bounded45,16,XME,78.84375000000001,-0.06949135774552417,-0.08300835654596095,-0.12025654730090862,0.19461753406472013
2018-08-16,bounded45,17,FCX,78.59375,-0.10726441699892508,-0.12848101265822787,-0.19801980198019808,0.3764423339564738
2018-08-16,bounded45,18,COTY,78.4375,-0.12003679288670421,-0.16690856313497815,-0.1711191335740072,0.3488015884937556
2018-08-16,bounded45,19,NXPI,77.5625,-0.06351370410416757,-0.1342476337647287,-0.2236272302095963,0.2927503350054601
2018-08-16,bounded45,20,BILI,77.53125,-0.10778784614409864,-0.2413793103448275,-0.19634703196347036,0.4193879639046044
2018-08-16,efficient60,1,GLD,97.70833333333336,-0.03149472473166692,-0.040497366375960575,-0.09223102687688911,0.09767988534245653
2018-08-16,efficient60,2,EFA,91.35416666666667,-0.027599722971287766,-0.025834071449660434,-0.07950899707072123,0.1114710693693477
2018-08-16,efficient60,3,GDX,91.35416666666667,-0.1250090341853577,-0.1584800741427247,-0.17939448712155437,0.26468708480031705
2018-08-16,efficient60,4,GDXJ,91.25000000000001,-0.13119561871121876,-0.15850596359070934,-0.18162393162393164,0.2646844434238021
2018-08-16,efficient60,5,F,88.22916666666667,-0.04728511320376949,-0.12107208872458419,-0.17447916666666663,0.2716320251098216
2018-08-16,efficient60,6,IEFA,88.02083333333334,-0.028450079635255365,-0.02659574468085113,-0.07931340633323469,0.11104648896756893
2018-08-16,efficient60,7,VEA,87.8125,-0.02694956778994706,-0.024333719582850466,-0.07492858712370898,0.11096171476218085
2018-08-16,efficient60,8,IAU,87.5,-0.031064452284655486,-0.04006820119352095,-0.09193548387096784,0.09584144432080757
2018-08-16,efficient60,9,NEM,85.62500000000001,-0.11875845336530644,-0.14617670899756818,-0.18535705078628506,0.26915746021506276
2018-08-16,efficient60,10,SCZ,85.41666666666667,-0.03308456718681296,-0.03566311096959085,-0.08780120481927722,0.09944431965050948
2018-08-16,efficient60,11,BLK,85.10416666666667,-0.031393337653138675,-0.05997345956544986,-0.1321496489174956,0.20871636039201902
2018-08-16,efficient60,12,EZU,84.27083333333334,-0.04088238820286216,-0.04648390941597147,-0.10374187766076637,0.14886513810294535
2018-08-16,efficient60,13,EWJ,84.06250000000001,-0.022424216438721944,-0.017410791242889134,-0.06465375779455196,0.10692113233032882
2018-08-16,efficient60,14,VGK,84.06250000000001,-0.033600899302681175,-0.03422854133754605,-0.08725945587259454,0.12676947472371944
2018-08-16,efficient60,15,B,82.91666666666669,-0.10639840493023345,-0.2009724473257699,-0.2484756097560975,0.32103425045735917
2018-08-16,efficient60,16,NXPI,82.60416666666669,-0.06351370410416757,-0.1342476337647287,-0.2236272302095963,0.2927503350054601
2018-08-16,efficient60,17,SLB,81.66666666666667,-0.04989965334793478,-0.0661984459055589,-0.15244812152448128,0.19747512473694254
2018-08-16,efficient60,18,MU,81.5625,-0.10043259451664455,-0.16221985058697963,-0.20210062679993224,0.271276051540732
2018-08-16,efficient60,19,EWG,81.14583333333334,-0.04450154667016071,-0.05350194552529175,-0.11812688821752271,0.15221822935717164
2018-08-16,efficient60,20,STT,80.72916666666667,-0.022331613135422534,-0.09197757170584431,-0.1606697896940098,0.3041025362133457
2018-09-14,legacy_short_proxy,1,FOXA,82.74375503626108,-0.008222391908195625,-0.018830742281585322,-0.06801164725457565,0.056453737521917347
2018-09-14,legacy_short_proxy,2,SNAP,81.97018533440774,-0.13047547734930498,-0.23664749383730488,-0.27421875000000007,0.3761142996110747
2018-09-14,legacy_short_proxy,3,LVS,81.89363416599517,-0.04018380456698423,-0.0568269083090156,-0.23256685828542867,0.19140616123546828
2018-09-14,legacy_short_proxy,4,WDC,81.35374697824335,-0.06789125943501473,-0.12450046111281898,-0.2899526302667663,0.28961092918150627
2018-09-14,legacy_short_proxy,5,INTC,80.82997582594682,-0.03302863330890815,-0.0345558617765529,-0.14814814814814814,0.19971432817136905
2018-09-14,legacy_short_proxy,6,TXN,80.70910556003224,-0.04743822723697777,-0.03692870201096898,-0.07773109243697474,0.19697194900792672
2018-09-14,legacy_short_proxy,7,MU,80.56406124093473,-0.08321433745163265,-0.059447983014862094,-0.24851569126378292,0.5213344633140261
2018-09-14,legacy_short_proxy,8,NLY,80.51571313456888,-0.029659812375627537,-0.03305004721435312,-0.03122043519394513,0.11570833918968831
2018-09-14,legacy_short_proxy,9,KRE,79.8992747784045,-0.01841461774038544,-0.018360240582462772,-0.034407597695780834,0.11046565932001727
2018-09-14,legacy_short_proxy,10,META,79.49637389202256,-0.04596355065893876,-0.07086433886662846,-0.1966742551717312,0.20866968521970458
2018-09-14,legacy_short_proxy,11,LYB,79.26269137792103,-0.05619709537059936,-0.059312192943278275,-0.04263636363636358,0.1732335198309423
2018-09-14,legacy_short_proxy,12,SWKS,78.92425463336019,-0.027787782241319392,-0.040258177442292875,-0.12296311106668001,0.20142611298137278
2018-09-14,legacy_short_proxy,13,KEY,78.44077356970185,-0.055759441221733264,-0.07727903748264686,-0.02921129503407971,0.17186852501171723
2018-09-14,legacy_short_proxy,14,GM,78.21514907332795,-0.02739745264074689,-0.045742628823367215,-0.1744934445768772,0.25723152548300143
2018-09-14,legacy_short_proxy,15,WFC,78.0378726833199,-0.057183955072830805,-0.06699624957381523,0.004588839941262801,0.13481963813690184
2018-09-14,legacy_short_proxy,16,HAL,78.01772763900081,-0.017223395323994084,-0.02866482273070159,-0.15488952089258368,0.26458565954156715
2018-09-14,legacy_short_proxy,17,MRVL,77.90088638195004,-0.048001405163979216,-0.06413418845584606,-0.127816091954023,0.29300925372688735
2018-09-14,legacy_short_proxy,18,USFD,77.79210314262691,-0.04185732272825282,-0.07991742848717187,-0.17394757744241474,0.14523240899925408
2018-09-14,legacy_short_proxy,19,BUD,77.54633360193391,-0.052575733460664464,-0.09322636335939871,-0.07758264462809905,0.18141813280898306
2018-09-14,legacy_short_proxy,20,EXP,77.40128928283642,-0.04811078742554131,-0.07480190174326473,-0.2153225806451613,0.15781574997232792
2018-09-14,mirror28,1,NWSA,87.81746031746032,-0.047473200612553446,-0.10503597122302166,-0.22298563397876336,0.14046967215075762
2018-09-14,mirror28,2,EXP,86.15079365079364,-0.04811078742554131,-0.07480190174326473,-0.2153225806451613,0.15781574997232792
2018-09-14,mirror28,3,ALGT,83.96825396825398,-0.07679001203369462,-0.0954310980103168,-0.16154371584699456,0.18961336907210735
2018-09-14,mirror28,4,USFD,83.61111111111111,-0.04185732272825282,-0.07991742848717187,-0.17394757744241474,0.14523240899925408
2018-09-14,mirror28,5,WLK,82.22222222222221,-0.06690424310079734,-0.10316723408645412,-0.1720163825126202,0.19913125756241828
2018-09-14,mirror28,6,OZK,82.06349206349206,-0.03265832837005189,-0.03347384081329041,-0.18263786957433426,0.1337902803155065
2018-09-14,mirror28,7,CRI,80.3968253968254,-0.08802603142225673,-0.13529195063547617,-0.17618671580240408,0.24039917654979917
2018-09-14,mirror28,8,LVS,79.64285714285715,-0.04018380456698423,-0.0568269083090156,-0.23256685828542867,0.19140616123546828
2018-09-14,mirror28,9,JAZZ,79.48412698412699,-0.03766542246352411,-0.058052218114602705,-0.10978272737198391,0.12652836581129995
2018-09-14,mirror28,10,ACHC,78.76984126984127,-0.0845895294357234,-0.07345360824742253,-0.1814663023679417,0.2759817468770571
2018-09-14,mirror28,11,META,78.2936507936508,-0.04596355065893876,-0.07086433886662846,-0.1966742551717312,0.20866968521970458
2018-09-14,mirror28,12,BKU,76.38888888888889,-0.04104529882963848,-0.06829992576095023,-0.14857530529172325,0.19424490933721444
2018-09-14,mirror28,13,BUD,75.9920634920635,-0.052575733460664464,-0.09322636335939871,-0.07758264462809905,0.18141813280898306
2018-09-14,mirror28,14,VSH,75.43650793650794,-0.04992835886696334,-0.04434589800443456,-0.12219959266802438,0.21320549045495035
2018-09-14,mirror28,15,HUN,75.07936507936506,-0.07291274376565549,-0.0992682150811327,-0.09408000000000005,0.2259334676936232
2018-09-14,mirror28,16,TRIP,74.8015873015873,-0.03916558614901777,-0.06198808637378994,-0.1393680614859094,0.19537412611535945
2018-09-14,mirror28,17,FLEX,74.52380952380952,-0.04744323426250019,-0.032983508245877036,-0.09947643979057585,0.19681072384561168
2018-09-14,mirror28,18,EXR,74.44444444444444,-0.03731087312779047,-0.062161875464092464,-0.09969450101833,0.16748762065091613
2018-09-14,mirror28,19,AMN,74.40476190476191,-0.07007609272694337,-0.08369659982563216,-0.12562396006655585,0.26814635718040336
2018-09-14,mirror28,20,LOPE,72.93650793650794,-0.06004205609453961,-0.08440487965710519,-0.03993085566119281,0.14032748282255075
2018-09-14,bounded45,1,NWSA,83.72549019607844,-0.047473200612553446,-0.10503597122302166,-0.22298563397876336,0.14046967215075762
2018-09-14,bounded45,2,EXP,82.70588235294117,-0.04811078742554131,-0.07480190174326473,-0.2153225806451613,0.15781574997232792
2018-09-14,bounded45,3,ALGT,82.62745098039215,-0.07679001203369462,-0.0954310980103168,-0.16154371584699456,0.18961336907210735
2018-09-14,bounded45,4,ALKS,82.03921568627452,-0.0883596910628841,-0.10291789187966538,-0.22780373831775702,0.2874690177702003
2018-09-14,bounded45,5,CRI,81.25490196078432,-0.08802603142225673,-0.13529195063547617,-0.17618671580240408,0.24039917654979917
2018-09-14,bounded45,6,THC,81.2156862745098,-0.09766588652032826,-0.14350045031522063,-0.24081958488557742,0.35107882241676136
2018-09-14,bounded45,7,WLK,81.05882352941177,-0.06690424310079734,-0.10316723408645412,-0.1720163825126202,0.19913125756241828
2018-09-14,bounded45,8,ACHC,79.96078431372548,-0.0845895294357234,-0.07345360824742253,-0.1814663023679417,0.2759817468770571
2018-09-14,bounded45,9,RRR,79.13725490196079,-0.10675989189276047,-0.12795765877957643,-0.19603903559127445,0.3536758833016713
2018-09-14,bounded45,10,UVXY,78.8627450980392,-0.09461615743750373,-0.14699331848552344,-0.2347652347652348,0.4366191644605246
2018-09-14,bounded45,11,USFD,78.39215686274508,-0.04185732272825282,-0.07991742848717187,-0.17394757744241474,0.14523240899925408
2018-09-14,bounded45,12,UAA,77.25490196078431,-0.08003590577161124,-0.09369024856596564,-0.17957594115101683,0.3295645595875104
2018-09-14,bounded45,13,VC,77.1764705882353,-0.06197745781248731,-0.10379965457685658,-0.2393168657919813,0.34720426667059656
2018-09-14,bounded45,14,SEDG,76.62745098039217,-0.08267363094752567,-0.0816993464052288,-0.17271835132482838,0.33831070859231444
2018-09-14,bounded45,15,LVS,76.23529411764706,-0.04018380456698423,-0.0568269083090156,-0.23256685828542867,0.19140616123546828
2018-09-14,bounded45,16,AMAT,75.52941176470588,-0.06501829312034091,-0.17562724014336917,-0.1951420337587484,0.3453231910192105
2018-09-14,bounded45,17,MKSI,75.13725490196079,-0.06330821994828184,-0.0764966740576497,-0.2009592326139089,0.35975927160745963
2018-09-14,bounded45,18,OZK,75.13725490196079,-0.03265832837005189,-0.03347384081329041,-0.18263786957433426,0.1337902803155065
2018-09-14,bounded45,19,PBI,75.13725490196079,-0.054983943901974475,-0.11097410604192348,-0.24660397074190177,0.3482980946577504
2018-09-14,bounded45,20,META,74.86274509803921,-0.04596355065893876,-0.07086433886662846,-0.1966742551717312,0.20866968521970458
2018-09-14,efficient60,1,FOXA,88.23529411764706,-0.008222391908195625,-0.018830742281585322,-0.06801164725457565,0.056453737521917347
2018-09-14,efficient60,2,USFD,83.13725490196079,-0.04185732272825282,-0.07991742848717187,-0.17394757744241474,0.14523240899925408
2018-09-14,efficient60,3,FOX,81.17647058823529,-0.005463012717186966,-0.015514184397163011,-0.06602186711522284,0.061759234058740585
2018-09-14,efficient60,4,META,80.3921568627451,-0.04596355065893876,-0.07086433886662846,-0.1966742551717312,0.20866968521970458
2018-09-14,efficient60,5,AMAT,79.6078431372549,-0.06501829312034091,-0.17562724014336917,-0.1951420337587484,0.3453231910192105
2018-09-14,efficient60,6,LVS,79.6078431372549,-0.04018380456698423,-0.0568269083090156,-0.23256685828542867,0.19140616123546828
2018-09-14,efficient60,7,SDS,79.34640522875817,-0.015123624957664394,-0.043751787246211093,-0.09327548806941433,0.10694205087720693
2018-09-14,efficient60,8,CRI,79.2156862745098,-0.08802603142225673,-0.13529195063547617,-0.17618671580240408,0.24039917654979917
2018-09-14,efficient60,9,JAZZ,78.43137254901961,-0.03766542246352411,-0.058052218114602705,-0.10978272737198391,0.12652836581129995
2018-09-14,efficient60,10,TIP,76.86274509803921,-0.008903404769350365,-0.009922231161169193,-0.011424491253123947,0.027652258937885244
2018-09-14,efficient60,11,NEM,76.07843137254902,-0.0208528056209194,-0.038607594936708955,-0.1994729907773387,0.200488902600395
2018-09-14,efficient60,12,MLM,75.94771241830067,-0.030935147582579425,-0.04202261616710279,-0.15128182693149017,0.18775607174224168
2018-09-14,efficient60,13,SLV,74.77124183006536,-0.02734891927656702,-0.039215686274509776,-0.1375488917861799,0.1557523033414868
2018-09-14,efficient60,14,SH,74.64052287581698,-0.007207500135490208,-0.021715913136347464,-0.04583333333333339,0.05358291764808753
2018-09-14,efficient60,15,CVX,73.72549019607844,-0.0030618181509404208,-0.002379738228794892,-0.06313353020991308,0.14791854934692666
2018-09-14,efficient60,16,NWSA,73.72549019607844,-0.047473200612553446,-0.10503597122302166,-0.22298563397876336,0.14046967215075762
2018-09-14,efficient60,17,TROW,73.72549019607844,-0.02933028450816033,-0.051151994497936615,-0.11306653809064604,0.2064009087627803
2018-09-14,efficient60,18,INTC,73.46405228758171,-0.03302863330890815,-0.0345558617765529,-0.14814814814814814,0.19971432817136905
2018-09-14,efficient60,19,WU,73.0718954248366,-0.009518773135887337,-0.006892895015906619,-0.11567516525023602,0.14128060895755468
2018-09-14,efficient60,20,SPXU,72.94117647058825,-0.022668819905493298,-0.06548470117243355,-0.14,0.15955429569903484
2018-10-12,legacy_short_proxy,1,XHB,82.3007896625987,-0.08716846629626174,-0.13723061679464943,-0.15991316931982635,0.11872473658738063
2018-10-12,legacy_short_proxy,2,IWM,82.13208901651113,-0.07046549345210551,-0.10390292281663849,-0.09176915799432361,0.1496984853105993
2018-10-12,legacy_short_proxy,3,MAS,81.55061019382627,-0.11287553058505195,-0.1544907043728725,-0.17162647511544382,0.18435270314020452
2018-10-12,legacy_short_proxy,4,AMAT,81.14142139267769,-0.10565436687019025,-0.1383631713554988,-0.27812299121491335,0.28914578881340075
2018-10-12,legacy_short_proxy,5,MCHP,81.0086145010768,-0.09848514864561564,-0.18349282296650704,-0.2799578059071729,0.32361921678415484
2018-10-12,legacy_short_proxy,6,ITB,80.77171572146446,-0.09217322208979684,-0.1559366754617414,-0.20204539785482678,0.1377297841808238
2018-10-12,legacy_short_proxy,7,IWO,80.27638190954774,-0.07899836825709483,-0.11985549661605999,-0.09926057656308507,0.18034337872114878
2018-10-12,legacy_short_proxy,8,TNA,79.83488872936108,-0.20245944935398097,-0.28246475865014953,-0.2630251179115938,0.4449173169735285
2018-10-12,legacy_short_proxy,9,AAL,79.50466618808328,-0.1964854361360583,-0.22219426270759945,-0.18935221610280628,0.43953767009841155
2018-10-12,legacy_short_proxy,10,IP,78.8370423546303,-0.13891047050158667,-0.1985349361382419,-0.19958731945226038,0.3128797180500289
2018-10-12,legacy_short_proxy,11,CBRE,78.50681981335248,-0.10480726093108372,-0.16805644644002582,-0.216472009665727,0.20709413348551217
2018-10-12,legacy_short_proxy,12,TEL,78.43503230437904,-0.09279037950816604,-0.1401329410482729,-0.14525563258232232,0.20295991875857305
2018-10-12,legacy_short_proxy,13,PKG,78.29863603732949,-0.17834680203803788,-0.2307356281670453,-0.24284117292974472,0.3628676495586144
2018-10-12,legacy_short_proxy,14,ANET,77.67767408470927,-0.13135858017747526,-0.1799410029498525,-0.19513607411696576,0.37215803593501484
2018-10-12,legacy_short_proxy,15,IJR,77.27925340990667,-0.07380472560530227,-0.11389292500279424,-0.08915441176470595,0.1486281777598944
2018-10-12,legacy_short_proxy,16,BABA,77.00646087580762,-0.06586036423137054,-0.10592448707053548,-0.21378242767161315,0.40105692796957093
2018-10-12,legacy_short_proxy,17,IVZ,76.97415649676957,-0.12706577651308626,-0.1604210526315789,-0.2238224990268587,0.2942989772483477
2018-10-12,legacy_short_proxy,18,WB,76.9418521177315,-0.14153082154809837,-0.1814438649464727,-0.3150338807855748,0.5579419087727033
2018-10-12,legacy_short_proxy,19,MHK,76.816223977028,-0.10498843398773328,-0.16557990379476206,-0.3006942889137738,0.21676297128998073
2018-10-12,legacy_short_proxy,20,MDY,76.70136396267048,-0.06079841658281915,-0.08885675263115611,-0.06944368469996165,0.13185015977041353
2018-10-12,mirror28,1,ITB,93.02611367127496,-0.09217322208979684,-0.1559366754617414,-0.20204539785482678,0.1377297841808238
2018-10-12,mirror28,2,XHB,91.6589861751152,-0.08716846629626174,-0.13723061679464943,-0.15991316931982635,0.11872473658738063
2018-10-12,mirror28,3,MAS,89.49308755760369,-0.11287553058505195,-0.1544907043728725,-0.17162647511544382,0.18435270314020452
2018-10-12,mirror28,4,MTH,88.58678955453149,-0.13355243501643732,-0.22666666666666668,-0.25,0.21006106059543525
2018-10-12,mirror28,5,GPI,88.40245775729647,-0.1496301563623208,-0.26819209791140086,-0.1882839014313118,0.2027336270770264
2018-10-12,mirror28,6,PII,88.00307219662058,-0.07960481209831993,-0.1437224669603524,-0.24103148133083874,0.1486578582480802
2018-10-12,mirror28,7,FBIN,87.86482334869432,-0.09536381075382516,-0.13807455664133184,-0.1607048458149779,0.18210708445728102
2018-10-12,mirror28,8,CBRE,87.08141321044548,-0.10480726093108372,-0.16805644644002582,-0.216472009665727,0.20709413348551217
2018-10-12,mirror28,9,WY,84.43932411674346,-0.11487966713422848,-0.17557251908396954,-0.21234221598877978,0.22765361354051267
2018-10-12,mirror28,10,SEIC,84.3778801843318,-0.08713279276884867,-0.1392762024126586,-0.14636420136730888,0.18869802975240157
2018-10-12,mirror28,11,LEN,84.11674347158218,-0.08611487631312098,-0.17856462973538934,-0.2174464998186435,0.20404007217612677
2018-10-12,mirror28,12,SLM,84.08602150537634,-0.08508365966536524,-0.11759656652360528,-0.1295512277730737,0.17390747355653566
2018-10-12,mirror28,13,GGG,83.76344086021507,-0.11591682084574995,-0.17133956386292837,-0.1510638297872341,0.2173965313651304
2018-10-12,mirror28,14,TEL,83.37941628264208,-0.09279037950816604,-0.1401329410482729,-0.14525563258232232,0.20295991875857305
2018-10-12,mirror28,15,LPX,83.24116743471582,-0.14426956077050612,-0.2696411251212415,-0.18477084085167816,0.23670386090842896
2018-10-12,mirror28,16,CMPR,83.02611367127497,-0.1428474960327457,-0.20429058995611893,-0.24499372149890952,0.24762767164492572
2018-10-12,mirror28,17,BC,82.33486943164363,-0.0863488416618916,-0.13236363636363635,-0.11287923854848303,0.17655718187893885
2018-10-12,mirror28,18,EVR,82.28878648233487,-0.08419798592798111,-0.14138424821002393,-0.18199181446111878,0.20360868812613483
2018-10-12,mirror28,19,WWD,82.21198156682028,-0.09066292184360913,-0.1318985211013587,-0.11584619152583875,0.1906867661866571
2018-10-12,mirror28,20,MLM,81.78187403993856,-0.08576049599028768,-0.12587628865979372,-0.24921414973214673,0.22083687895973564
2018-10-12,bounded45,1,MTH,90.29090909090908,-0.13355243501643732,-0.22666666666666668,-0.25,0.21006106059543525
2018-10-12,bounded45,2,ITB,89.84242424242423,-0.09217322208979684,-0.1559366754617414,-0.20204539785482678,0.1377297841808238
2018-10-12,bounded45,3,GPI,89.18787878787879,-0.1496301563623208,-0.26819209791140086,-0.1882839014313118,0.2027336270770264
2018-10-12,bounded45,4,MAS,88.0848484848485,-0.11287553058505195,-0.1544907043728725,-0.17162647511544382,0.18435270314020452
2018-10-12,bounded45,5,XHB,86.96969696969697,-0.08716846629626174,-0.13723061679464943,-0.15991316931982635,0.11872473658738063
2018-10-12,bounded45,6,CBRE,86.69090909090909,-0.10480726093108372,-0.16805644644002582,-0.216472009665727,0.20709413348551217
2018-10-12,bounded45,7,CMPR,86.42424242424242,-0.1428474960327457,-0.20429058995611893,-0.24499372149890952,0.24762767164492572
2018-10-12,bounded45,8,WY,85.34545454545456,-0.11487966713422848,-0.17557251908396954,-0.21234221598877978,0.22765361354051267
2018-10-12,bounded45,9,LPX,85.18787878787879,-0.14426956077050612,-0.2696411251212415,-0.18477084085167816,0.23670386090842896
2018-10-12,bounded45,10,FBIN,84.9939393939394,-0.09536381075382516,-0.13807455664133184,-0.1607048458149779,0.18210708445728102
2018-10-12,bounded45,11,PII,84.88484848484849,-0.07960481209831993,-0.1437224669603524,-0.24103148133083874,0.1486578582480802
2018-10-12,bounded45,12,GGG,83.21212121212122,-0.11591682084574995,-0.17133956386292837,-0.1510638297872341,0.2173965313651304
2018-10-12,bounded45,13,LEN,82.4121212121212,-0.08611487631312098,-0.17856462973538934,-0.2174464998186435,0.20404007217612677
2018-10-12,bounded45,14,AOS,82.21818181818182,-0.11949337684245598,-0.19541778975741242,-0.20479520479520485,0.26197208285668133
2018-10-12,bounded45,15,PEB,82.01212121212122,-0.09900709219857573,-0.13033953997809422,-0.2004028197381671,0.23898541478157187
2018-10-12,bounded45,16,VAC,81.5878787878788,-0.13594985135165882,-0.17989325400297485,-0.21937203298076113,0.29856600133576316
2018-10-12,bounded45,17,IVZ,81.32121212121213,-0.12706577651308626,-0.1604210526315789,-0.2238224990268587,0.2942989772483477
2018-10-12,bounded45,18,MLM,81.29696969696968,-0.08576049599028768,-0.12587628865979372,-0.24921414973214673,0.22083687895973564
2018-10-12,bounded45,19,JBLU,81.22424242424242,-0.12363402614097962,-0.14702815432742444,-0.17498739283913256,0.2602825390584689
2018-10-12,bounded45,20,SEIC,81.04242424242423,-0.08713279276884867,-0.1392762024126586,-0.14636420136730888,0.18869802975240157
2018-10-12,efficient60,1,IWM,92.4848484848485,-0.07046549345210551,-0.10390292281663849,-0.09176915799432361,0.1496984853105993
2018-10-12,efficient60,2,TIP,90.34343434343434,-0.0061801553893567895,-0.012007945106536688,-0.026336862710205522,0.03118086410951727
2018-10-12,efficient60,3,PFF,89.01010101010102,-0.021681289142984728,-0.03990358864488486,-0.047555791710945816,0.06144098858999358
2018-10-12,efficient60,4,MDY,88.76767676767678,-0.06079841658281915,-0.08885675263115611,-0.06944368469996165,0.13185015977041353
2018-10-12,efficient60,5,IJR,88.72727272727273,-0.07380472560530227,-0.11389292500279424,-0.08915441176470595,0.1486281777598944
2018-10-12,efficient60,6,IJH,88.28282828282829,-0.06157988776203194,-0.0898218208445204,-0.07076999750809876,0.13334033651638283
2018-10-12,efficient60,7,MAS,87.47474747474747,-0.11287553058505195,-0.1544907043728725,-0.17162647511544382,0.18435270314020452
2018-10-12,efficient60,8,AGG,86.62626262626263,-0.0031072599487181884,-0.008706349957414594,-0.016247182569496643,0.03052575380510392
2018-10-12,efficient60,9,XHB,86.46464646464648,-0.08716846629626174,-0.13723061679464943,-0.15991316931982635,0.11872473658738063
2018-10-12,efficient60,10,MUB,86.34343434343435,-0.005896358022385528,-0.010827318156579668,-0.02294332723948811,0.021232901584077958
2018-10-12,efficient60,11,IEF,86.3030303030303,-0.0034009971952296825,-0.012115839243498683,-0.022324039773835014,0.043611465235936474
2018-10-12,efficient60,12,ITB,85.010101010101,-0.09217322208979684,-0.1559366754617414,-0.20204539785482678,0.1377297841808238
2018-10-12,efficient60,13,DGX,84.88888888888889,-0.05218871135482639,-0.07338940752380074,-0.12818505957039739,0.1486289973168826
2018-10-12,efficient60,14,TLT,84.80808080808082,-0.011805330743495324,-0.034415858287642376,-0.06371666939309673,0.11561213622422208
2018-10-12,efficient60,15,IWN,83.87878787878788,-0.060966158615345045,-0.08661591900081289,-0.08363609401646033,0.14036885650917433
2018-10-12,efficient60,16,IWO,83.35353535353535,-0.07899836825709483,-0.11985549661605999,-0.09926057656308507,0.18034337872114878
2018-10-12,efficient60,17,WY,82.86868686868688,-0.11487966713422848,-0.17557251908396954,-0.21234221598877978,0.22765361354051267
2018-10-12,efficient60,18,MLM,82.82828282828284,-0.08576049599028768,-0.12587628865979372,-0.24921414973214673,0.22083687895973564
2018-10-12,efficient60,19,LEN,82.78787878787878,-0.08611487631312098,-0.17856462973538934,-0.2174464998186435,0.20404007217612677
2018-10-12,efficient60,20,BND,82.14141414141415,-0.0035182713857894177,-0.00926866429659734,-0.01651121754474416,0.033305083050641886
2018-11-09,legacy_short_proxy,1,GE,85.4858156028369,-0.21143329810209988,-0.3035714285714286,-0.30243902439024395,0.45274370053565466
2018-11-09,legacy_short_proxy,2,SLB,85.22695035460993,-0.06921769963803936,-0.1505140738243722,-0.19347095535285652,0.24600194448154827
2018-11-09,legacy_short_proxy,3,QCOM,81.39716312056737,-0.10540510701386718,-0.11774770570850845,-0.13746958637469597,0.3951375614887625
2018-11-09,legacy_short_proxy,4,ROKU,81.19858156028369,-0.19741360414992404,-0.27263698063234565,-0.2297984224364592,0.9895494436486884
2018-11-09,legacy_short_proxy,5,DXC,81.09574468085107,-0.18971195566940324,-0.29272187999087385,-0.28530259365994237,0.7799064310168338
2018-11-09,legacy_short_proxy,6,WYNN,80.79787234042553,-0.07958173018414694,-0.15663063990392867,-0.2957020057306591,0.8039915403226275
2018-11-09,legacy_short_proxy,7,LGND,80.63475177304966,-0.09964432004950419,-0.21718742287378445,-0.338270883751982,0.6224246244661509
2018-11-09,legacy_short_proxy,8,USO,80.0921985815603,-0.09146188789927001,-0.16005291005291,-0.06823184152604556,0.22589564909705553
2018-11-09,legacy_short_proxy,9,TCOM,79.70567375886526,-0.19655623030209946,-0.3239327296248383,-0.3181106471816284,0.8859375643147777
2018-11-09,legacy_short_proxy,10,BKR,79.4113475177305,-0.08845652212752664,-0.17309562398703404,-0.1922102596580113,0.3454888096776631
2018-11-09,legacy_short_proxy,11,EWW,78.59219858156028,-0.06158744099241242,-0.12256210223773345,-0.1321827411167512,0.4403620085503645
2018-11-09,legacy_short_proxy,12,NOV,78.36170212765957,-0.07076031097640612,-0.15867334764972563,-0.19405714285714293,0.35769389513468186
2018-11-09,legacy_short_proxy,13,IBM,78.24822695035462,-0.018565742748869907,-0.12289669861554842,-0.1499931195816705,0.42410957584746756
2018-11-09,legacy_short_proxy,14,SWKS,78.2304964539007,-0.08941351150705279,-0.12097236555440882,-0.16136090143310355,0.48079814523079545
2018-11-09,legacy_short_proxy,15,DVN,77.98226950354609,-0.01704756941858887,-0.09882609882609894,-0.18854473942969519,0.4138688401947237
2018-11-09,legacy_short_proxy,16,SU,77.33333333333333,-0.024715517866210956,-0.08187772925764192,-0.15285822211029965,0.2603506818468022
2018-11-09,legacy_short_proxy,17,Z,77.25531914893618,-0.2165495807569069,-0.21550829875518673,-0.3512760025734506,1.1351504250993676
2018-11-09,legacy_short_proxy,18,DHI,76.69148936170212,-0.05185838512741381,-0.0858357693329791,-0.22382671480144412,0.5048165095671951
2018-11-09,legacy_short_proxy,19,VOD,76.6063829787234,-0.03254041808258812,-0.06003001500750371,-0.17768052516411392,0.3090293783465086
2018-11-09,legacy_short_proxy,20,EOG,76.57446808510639,-0.04242864273720626,-0.13643804223277134,-0.0897247864722629,0.40311682302639223
2018-11-09,mirror28,1,SLB,82.70833333333334,-0.06921769963803936,-0.1505140738243722,-0.19347095535285652,0.24600194448154827
2018-11-09,mirror28,2,FTI,80.52083333333334,-0.06649197510645188,-0.14784053156146193,-0.08064516129032262,0.21036796158304708
2018-11-09,mirror28,3,SRG,78.4375,-0.029237531052937582,-0.08742514970059878,-0.23123486682808714,0.2474840341052177
2018-11-09,mirror28,4,USO,78.33333333333333,-0.09146188789927001,-0.16005291005291,-0.06823184152604556,0.22589564909705553
2018-11-09,mirror28,5,CAG,75.72916666666667,-0.03413798430016923,-0.026881720430107614,-0.0750403442711135,0.2216590023155318
2018-11-09,mirror28,6,JBHT,75.52083333333334,-0.026641493601842647,-0.023515417696038154,-0.12272914097821619,0.2525257575612118
2018-11-09,mirror28,7,CDP,74.89583333333333,-0.032520325203258205,-0.04452554744525539,-0.13597359735973602,0.2776974979090876
2018-11-09,mirror28,8,BMO,73.64583333333333,-0.025181402498592798,-0.05182463253928038,-0.06075059620936363,0.14839307827404716
2018-11-09,mirror28,9,SU,73.02083333333333,-0.024715517866210956,-0.08187772925764192,-0.15285822211029965,0.2603506818468022
2018-11-09,mirror28,10,AMLP,72.70833333333333,-0.020710059171598516,-0.05965909090909094,-0.09645131938125573,0.22742212067167325
2018-11-09,mirror28,11,RY,71.35416666666666,-0.01637789728931527,-0.041831617841118995,-0.06249193027759847,0.17277068572108858
2018-11-09,mirror28,12,BNS,71.14583333333333,-0.008886546268302653,-0.025813488456644107,-0.07936780621886275,0.13809110409156206
2018-11-09,mirror28,13,TD,70.625,-0.009996429846479082,-0.026846815230742282,-0.06821236559139787,0.1049281957398082
2018-11-09,mirror28,14,SLV,70.20833333333334,-0.027275714755173763,-0.03056768558951961,-0.0326797385620915,0.1685573814623468
2018-11-09,mirror28,15,DBC,69.89583333333333,-0.048254649914400094,-0.08328675237562899,-0.020310633213859064,0.11734812684814182
2018-11-09,mirror28,16,MUSA,69.16666666666667,-0.010848083463952607,0.011658851856545471,-0.078494747777906,0.20145151650157442
2018-11-09,mirror28,17,RGLD,68.22916666666667,-0.03824066823284178,-0.049774339136041235,-0.03217756763856061,0.22413155316486788
2018-11-09,mirror28,18,SLF,68.02083333333334,-0.008581660923027812,-0.007307171853856653,-0.08665338645418319,0.20659512770553126
2018-11-09,mirror28,19,PDBC,68.02083333333333,-0.04851729590279252,-0.08288770053475936,-0.018878718535469186,0.12010075400762232
2018-11-09,mirror28,20,XME,67.1875,-0.022623002689455496,-0.058805606337599015,-0.061664641555285615,0.24639898930106807
2018-11-09,bounded45,1,SLB,90.63559322033899,-0.06921769963803936,-0.1505140738243722,-0.19347095535285652,0.24600194448154827
2018-11-09,bounded45,2,CLB,86.39830508474576,-0.07838771758643359,-0.20298368298368297,-0.22191880575277623,0.3462095350996258
2018-11-09,bounded45,3,BKR,85.38135593220339,-0.08845652212752664,-0.17309562398703404,-0.1922102596580113,0.3454888096776631
2018-11-09,bounded45,4,NOV,83.77118644067795,-0.07076031097640612,-0.15867334764972563,-0.19405714285714293,0.35769389513468186
2018-11-09,bounded45,5,OIH,82.58474576271186,-0.06580668854866845,-0.16013206768468846,-0.14531709365812684,0.3183995545453462
2018-11-09,bounded45,6,SRG,81.90677966101696,-0.029237531052937582,-0.08742514970059878,-0.23123486682808714,0.2474840341052177
2018-11-09,bounded45,7,TYL,80.72033898305085,-0.07783686989026295,-0.11776820820071143,-0.1959044368600683,0.40610593401929385
2018-11-09,bounded45,8,WSO,80.46610169491525,-0.05411946312236171,-0.11342039114707869,-0.14875206027784305,0.3302051862408431
2018-11-09,bounded45,9,BUD,80.25423728813558,-0.050473045624877755,-0.1152478064975101,-0.242205747943536,0.3871604542578008
2018-11-09,bounded45,10,FTI,79.9364406779661,-0.06649197510645188,-0.14784053156146193,-0.08064516129032262,0.21036796158304708
2018-11-09,bounded45,11,USO,78.34745762711864,-0.09146188789927001,-0.16005291005291,-0.06823184152604556,0.22589564909705553
2018-11-09,bounded45,12,QCOM,78.30508474576271,-0.10540510701386718,-0.11774770570850845,-0.13746958637469597,0.3951375614887625
2018-11-09,bounded45,13,INVX,78.05084745762713,-0.043447431923963276,-0.09715025906735753,-0.16858846918489057,0.3469849114618488
2018-11-09,bounded45,14,VOD,77.66949152542372,-0.03254041808258812,-0.06003001500750371,-0.17768052516411392,0.3090293783465086
2018-11-09,bounded45,15,BDC,77.28813559322033,-0.06293814566005784,-0.10543603218919362,-0.215468817514043,0.44338543481722736
2018-11-09,bounded45,16,XES,76.52542372881356,-0.059380109228787004,-0.1581569115815692,-0.13610223642172536,0.3850230160606572
2018-11-09,bounded45,17,CDP,75.9322033898305,-0.032520325203258205,-0.04452554744525539,-0.13597359735973602,0.2776974979090876
2018-11-09,bounded45,18,WAB,75.25423728813558,-0.03931576769210221,-0.08781305669076822,-0.21307177725546922,0.40113952703398376
2018-11-09,bounded45,19,BC,75.08474576271186,-0.05147945627827755,-0.12321877619446775,-0.17986514034812617,0.41438901279501084
2018-11-09,bounded45,20,SU,74.57627118644066,-0.024715517866210956,-0.08187772925764192,-0.15285822211029965,0.2603506818468022
2018-11-09,efficient60,1,AGG,91.10169491525426,-0.0029058773403701776,-0.005823389021479719,-0.021240601503759393,0.023761781599018584
2018-11-09,efficient60,2,LQD,90.3954802259887,-0.003309566646665929,-0.010404950621694664,-0.03184603434883915,0.03535725044407768
2018-11-09,efficient60,3,SLB,88.98305084745763,-0.06921769963803936,-0.1505140738243722,-0.19347095535285652,0.24600194448154827
2018-11-09,efficient60,4,TLT,85.59322033898304,-0.002810780376449995,-0.009784222940508513,-0.061905156004303574,0.07719723189453472
2018-11-09,efficient60,5,TIP,81.92090395480227,-0.002946278602299346,-0.007310609522068967,-0.028962188254223697,0.03604678927174375
2018-11-09,efficient60,6,BND,81.77966101694915,-0.002151642634630413,-0.004485454312443848,-0.020058029519364085,0.025507554416431304
2018-11-09,efficient60,7,IEF,80.22598870056498,-0.0019826838964236426,-0.0011965300628178355,-0.02235018543821976,0.04263612708172392
2018-11-09,efficient60,8,VCSH,79.51977401129945,-0.0019919038745692674,-0.002312435765673304,-0.008300344783552571,0.013202844597160963
2018-11-09,efficient60,9,SHY,79.37853107344633,-0.0011297392561836483,-0.0007233273056057588,-0.00432432432432428,0.010600564552544111
2018-11-09,efficient60,10,HYG,78.954802259887,-0.0034906178570670576,-0.009277745155607864,-0.01838491971142653,0.046172062457208785
2018-11-09,efficient60,11,BUD,78.53107344632768,-0.050473045624877755,-0.1152478064975101,-0.242205747943536,0.3871604542578008
2018-11-09,efficient60,12,VCIT,77.68361581920905,-0.0030185842960829268,-0.005442012335228008,-0.02223279039353232,0.027056155706938465
2018-11-09,efficient60,13,BAX,75.84745762711864,-0.049287864492082334,-0.1090526315789474,-0.11316010058675607,0.3706054562470477
2018-11-09,efficient60,14,QCOM,75.70621468926555,-0.10540510701386718,-0.11774770570850845,-0.13746958637469597,0.3951375614887625
2018-11-09,efficient60,15,TFI,74.29378531073446,-0.0016075629983715034,-0.0031887755102040227,-0.02292144196707646,0.028459508160663186
2018-11-09,efficient60,16,MBB,73.58757062146894,-0.0034466743259388144,-0.004979010055647826,-0.020470927438731357,0.02647307269760211
2018-11-09,efficient60,17,EQIX,72.45762711864407,-0.03279462903775243,-0.027781987169773203,-0.13223624887285845,0.314477654923747
2018-11-09,efficient60,18,VTIP,72.03389830508475,-0.0014528850145254513,-0.002488077959776014,-0.015752864157119517,0.013662251548238418
2018-11-09,efficient60,19,OIH,71.89265536723164,-0.06580668854866845,-0.16013206768468846,-0.14531709365812684,0.3183995545453462
2018-11-09,efficient60,20,AMLP,71.75141242937853,-0.020710059171598516,-0.05965909090909094,-0.09645131938125573,0.22742212067167325
2018-12-11,legacy_short_proxy,1,GIS,82.95652173913044,-0.08810510453947562,-0.1452218053409844,-0.18890052356020948,0.2011549325738309
2018-12-11,legacy_short_proxy,2,SLB,82.54347826086956,-0.10284440093543845,-0.18174603174603166,-0.3264739506777723,0.33743963610166716
2018-12-11,legacy_short_proxy,3,FDX,82.40942028985508,-0.1376801709634895,-0.15485739750445637,-0.2575555903538991,0.3916916028742836
2018-12-11,legacy_short_proxy,4,C,81.52173913043477,-0.10434207696413544,-0.14507299270073004,-0.20300538701445991,0.3390930361706387
2018-12-11,legacy_short_proxy,5,AIG,81.42028985507245,-0.12822834270467387,-0.16499315381104507,-0.31286384976525816,0.3230410401129246
2018-12-11,legacy_short_proxy,6,BAC,81.37318840579711,-0.09713677018862943,-0.1381486676016831,-0.19064866644715184,0.32619953391358386
2018-12-11,legacy_short_proxy,7,KRE,80.65217391304348,-0.07005177699767284,-0.09484313018391632,-0.19058368268300552,0.25954979337408307
2018-12-11,legacy_short_proxy,8,TEVA,80.18115942028984,-0.13949001650355353,-0.21066098081023443,-0.18993435448577678,0.29543948946915555
2018-12-11,legacy_short_proxy,9,VLO,80.06159420289856,-0.07947635559574817,-0.1633934688284997,-0.37445573294629897,0.32269698284413906
2018-12-11,legacy_short_proxy,10,SYF,79.90579710144927,-0.05653081741551613,-0.11658218682114418,-0.25130408100644386,0.24678275355854512
2018-12-11,legacy_short_proxy,11,SPGI,79.2572463768116,-0.06059129807922503,-0.10452568851666932,-0.2203785931292357,0.28870878900440033
2018-12-11,legacy_short_proxy,12,STT,77.7536231884058,-0.10388614283278197,-0.1267820069204152,-0.2772367968839501,0.35490975315300965
2018-12-11,legacy_short_proxy,13,LULU,77.38043478260869,-0.0906402484104677,-0.15055248618784534,-0.23980222496909775,0.6792956770212829
2018-12-11,legacy_short_proxy,14,MOMO,77.3695652173913,-0.18695422069329826,-0.24716692189892808,-0.4811061853493772,0.7986724029387692
2018-12-11,legacy_short_proxy,15,RIG,77.34782608695653,-0.12464113536643795,-0.23266856600189934,-0.3123404255319149,0.6781424128236707
2018-12-11,legacy_short_proxy,16,XLF,77.34057971014492,-0.06665144075215867,-0.09587020648967559,-0.13142047467233442,0.24571842992937587
2018-12-11,legacy_short_proxy,17,XYZ,77.1304347826087,-0.07492812649736291,-0.15681725126245383,-0.3197533582911253,0.8125455201262032
2018-12-11,legacy_short_proxy,18,OIH,77.1159420289855,-0.11146348798426231,-0.20147420147420148,-0.32878975629904994,0.40854840405473725
2018-12-11,legacy_short_proxy,19,ALL,76.8840579710145,-0.06009833132986331,-0.11982501067008111,-0.17501750175017505,0.1940902276743254
2018-12-11,legacy_short_proxy,20,KHC,76.86956521739131,-0.05270062559353084,-0.10390813113539543,-0.17958283873155834,0.1546636299235652
2018-12-11,mirror28,1,SXT,93.24324324324324,-0.06864506052323438,-0.09706238643246523,-0.20641469257386214,0.1436521170878073
2018-12-11,mirror28,2,GIS,90.43243243243244,-0.08810510453947562,-0.1452218053409844,-0.18890052356020948,0.2011549325738309
2018-12-11,mirror28,3,DRH,89.81081081081082,-0.06527691051442697,-0.0697896749521989,-0.1823529411764706,0.1744405855200227
2018-12-11,mirror28,4,AFG,88.32432432432432,-0.08676565717417606,-0.1316555545121607,-0.18175382709494736,0.2097114375668343
2018-12-11,mirror28,5,KHC,87.62162162162163,-0.05270062559353084,-0.10390813113539543,-0.17958283873155834,0.1546636299235652
2018-12-11,mirror28,6,ALL,85.1081081081081,-0.06009833132986331,-0.11982501067008111,-0.17501750175017505,0.1940902276743254
2018-12-11,mirror28,7,FNB,84.43243243243244,-0.08386069318135025,-0.10483210483210492,-0.17633760361718165,0.22857359064067304
2018-12-11,mirror28,8,HIG,83.67567567567568,-0.05492370120592727,-0.11268512556342558,-0.170545746388443,0.19059347217940237
2018-12-11,mirror28,9,BMO,83.35135135135134,-0.06939901531654091,-0.08940264599759451,-0.16525787088080357,0.2151466177041501
2018-12-11,mirror28,10,AIZ,82.48648648648648,-0.07476126353009926,-0.14096201565184197,-0.13326913818006736,0.20227684625246098
2018-12-11,mirror28,11,ASB,82.29729729729729,-0.08088641435231603,-0.1152700978307104,-0.21509433962264146,0.25545603647908366
2018-12-11,mirror28,12,UBS,81.64864864864865,-0.08649899246210857,-0.12571428571428567,-0.2163892445582586,0.26469123815934525
2018-12-11,mirror28,13,WTFC,81.64864864864865,-0.0785193697843829,-0.10667178896145468,-0.21237439313537299,0.25894161004107763
2018-12-11,mirror28,14,CR,81.10810810810811,-0.09949021159711013,-0.1650118713576515,-0.19531981279251165,0.26818089428178654
2018-12-11,mirror28,15,FHN,80.72972972972973,-0.11287798159395002,-0.13120784794604534,-0.20837988826815634,0.27186144448272104
2018-12-11,mirror28,16,HST,80.48648648648648,-0.04996034892941359,-0.04920634920634914,-0.16689847009735748,0.2015610808123228
2018-12-11,mirror28,17,SNA,80.48648648648648,-0.077851282083375,-0.08762152455260386,-0.20963415942495434,0.26402691889428587
2018-12-11,mirror28,18,HBAN,79.97297297297298,-0.10666153253753641,-0.13019768234492157,-0.18518518518518523,0.27033136412975356
2018-12-11,mirror28,19,ZION,79.83783783783784,-0.0825106899646233,-0.13377192982456132,-0.1677839494349741,0.25350473166605814
2018-12-11,mirror28,20,SHO,79.75675675675676,-0.05039787798408024,-0.04787234042553179,-0.1383874849578821,0.18785835623368266
2018-12-11,bounded45,1,SXT,88.1203007518797,-0.06864506052323438,-0.09706238643246523,-0.20641469257386214,0.1436521170878073
2018-12-11,bounded45,2,GIS,88.01503759398496,-0.08810510453947562,-0.1452218053409844,-0.18890052356020948,0.2011549325738309
2018-12-11,bounded45,3,FHN,87.0375939849624,-0.11287798159395002,-0.13120784794604534,-0.20837988826815634,0.27186144448272104
2018-12-11,bounded45,4,AFG,86.15037593984962,-0.08676565717417606,-0.1316555545121607,-0.18175382709494736,0.2097114375668343
2018-12-11,bounded45,5,UBS,85.83458646616542,-0.08649899246210857,-0.12571428571428567,-0.2163892445582586,0.26469123815934525
2018-12-11,bounded45,6,ASB,85.12781954887218,-0.08088641435231603,-0.1152700978307104,-0.21509433962264146,0.25545603647908366
2018-12-11,bounded45,7,CR,85.09774436090225,-0.09949021159711013,-0.1650118713576515,-0.19531981279251165,0.26818089428178654
2018-12-11,bounded45,8,AN,84.76691729323308,-0.08382066276802347,-0.1318624935864544,-0.24632516703786178,0.2842601051042695
2018-12-11,bounded45,9,CE,84.13533834586467,-0.10626934085848772,-0.13857532113662907,-0.21781390827957947,0.30683593952793825
2018-12-11,bounded45,10,EQH,84.06015037593986,-0.10759542277858813,-0.18627450980392168,-0.21662921348314612,0.3083367556753147
2018-12-11,bounded45,11,WTFC,84.01503759398497,-0.0785193697843829,-0.10667178896145468,-0.21237439313537299,0.25894161004107763
2018-12-11,bounded45,12,HBAN,83.7593984962406,-0.10666153253753641,-0.13019768234492157,-0.18518518518518523,0.27033136412975356
2018-12-11,bounded45,13,CFG,83.59398496240603,-0.10593082817106625,-0.1676300578034683,-0.21076233183856508,0.30510606965370446
2018-12-11,bounded45,14,DRH,83.47368421052632,-0.06527691051442697,-0.0697896749521989,-0.1823529411764706,0.1744405855200227
2018-12-11,bounded45,15,LAD,83.29323308270678,-0.12840244410324153,-0.15397610715578625,-0.1907894736842105,0.2927637664366683
2018-12-11,bounded45,16,KEY,83.18796992481204,-0.10779835794546777,-0.1572260455267338,-0.20160481444333,0.3024074675224488
2018-12-11,bounded45,17,TTEK,83.09774436090225,-0.10446541651346064,-0.20348837209302317,-0.23623693379790933,0.32661801479685193
2018-12-11,bounded45,18,SNA,83.06766917293234,-0.077851282083375,-0.08762152455260386,-0.20963415942495434,0.26402691889428587
2018-12-11,bounded45,19,FNB,83.0375939849624,-0.08386069318135025,-0.10483210483210492,-0.17633760361718165,0.22857359064067304
2018-12-11,bounded45,20,CRH,83.00751879699249,-0.08868112916400472,-0.1456773315180394,-0.21069182389937102,0.29042682411738235
2018-12-11,efficient60,1,BKLN,93.48370927318297,-0.015209878717186154,-0.029921942758022402,-0.03327571305099397,0.040671083887327736
2018-12-11,efficient60,2,HYG,93.0325814536341,-0.0028938173172636805,-0.01564722617354186,-0.03810957952044469,0.06057749920378469
2018-12-11,efficient60,3,FLOT,88.52130325814537,-0.0063079813966469,-0.010412573673870384,-0.011771630370806418,0.02375187090574889
2018-12-11,efficient60,4,KHC,88.12030075187971,-0.05270062559353084,-0.10390813113539543,-0.17958283873155834,0.1546636299235652
2018-12-11,efficient60,5,ALL,87.71929824561404,-0.06009833132986331,-0.11982501067008111,-0.17501750175017505,0.1940902276743254
2018-12-11,efficient60,6,GIS,87.71929824561404,-0.08810510453947562,-0.1452218053409844,-0.18890052356020948,0.2011549325738309
2018-12-11,efficient60,7,KRE,87.11779448621554,-0.07005177699767284,-0.09484313018391632,-0.19058368268300552,0.25954979337408307
2018-12-11,efficient60,8,MINT,86.91729323308272,-0.0024915509287786186,-0.003057199211045414,-0.0042356185973206895,0.008626390992359501
2018-12-11,efficient60,9,PFF,86.06516290726817,-0.01402067695792697,-0.036001107726391535,-0.06775575790037491,0.05069331966354399
2018-12-11,efficient60,10,MDY,85.21303258145363,-0.038886216057106515,-0.06192031733068892,-0.13866795211697602,0.2103262564018351
2018-12-11,efficient60,11,IJR,84.66165413533835,-0.04452300473731652,-0.07565337001375516,-0.17380127417011282,0.23966769168354318
2018-12-11,efficient60,12,IJH,84.2606516290727,-0.0391429973286852,-0.06175139739153579,-0.13961435196485228,0.21172750133464258
2018-12-11,efficient60,13,IWM,84.11027568922307,-0.03767178441057284,-0.06967239701589367,-0.16335102969488358,0.24700601467440841
2018-12-11,efficient60,14,HIG,84.01002506265664,-0.05492370120592727,-0.11268512556342558,-0.170545746388443,0.19059347217940237
2018-12-11,efficient60,15,XLI,83.50877192982456,-0.0391973471643603,-0.06379453189726603,-0.1425319337296066,0.24629461421772467
2018-12-11,efficient60,16,VEA,83.35839598997494,-0.029774909811484118,-0.04929051530993289,-0.10583001638960443,0.17869490336603158
2018-12-11,efficient60,17,IWN,83.00751879699249,-0.0415957389528836,-0.06903765690376562,-0.14492646515409058,0.2034314324008853
2018-12-11,efficient60,18,CFG,82.95739348370927,-0.10593082817106625,-0.1676300578034683,-0.21076233183856508,0.30510606965370446
2018-12-11,efficient60,19,FLRN,81.70426065162908,-0.005494146118115939,-0.00847733941962836,-0.011056910569105738,0.022649612438075995
2018-12-11,efficient60,20,IEFA,81.65413533834587,-0.02890589207496974,-0.04961448206503505,-0.10071371927042017,0.18147536040959686
2019-01-10,legacy_short_proxy,1,STZ,83.80412371134021,-0.04621614448993572,-0.15277851353498972,-0.2913731224245646,0.593012334421433
2019-01-10,legacy_short_proxy,2,CVS,83.74914089347078,-0.028464291801607366,-0.10706988148753571,-0.12107803700724051,0.328905983331904
2019-01-10,legacy_short_proxy,3,MO,83.32302405498282,-0.024877011964513085,-0.0943466172381836,-0.1864801864801865,0.27691261680391005
2019-01-10,legacy_short_proxy,4,MDT,82.45017182130584,-0.0462003721212616,-0.11134387765790299,-0.10402365614109188,0.37510872783053534
2019-01-10,legacy_short_proxy,5,ELV,82.17182130584192,-0.024117568552954882,-0.08677237185056474,-0.07052061456836523,0.28479644500446927
2019-01-10,legacy_short_proxy,6,HUM,81.13745704467354,-0.034010881515115,-0.10144738131799924,-0.1361080571697818,0.33601685831233985
2019-01-10,legacy_short_proxy,7,BMY,81.05154639175257,-0.04541862953961906,-0.08983406446690823,-0.17023126412797773,0.5922914278052152
2019-01-10,legacy_short_proxy,8,M,80.09278350515464,-0.12862101188092867,-0.17996231155778897,-0.21779508687837035,0.7753313182955528
2019-01-10,legacy_short_proxy,9,ALGN,80.02405498281787,-0.0018397791280025944,-0.08003813501611667,-0.38125190839694656,0.5553679017535191
2019-01-10,legacy_short_proxy,10,ZBH,79.85910652920963,-0.001986981183822123,-0.07401124899562539,-0.1587996755879968,0.32762020342316256
2019-01-10,legacy_short_proxy,11,BKNG,79.3573883161512,-0.024422163895323257,-0.09447968686732355,-0.07193249412090197,0.37061445630650186
2019-01-10,legacy_short_proxy,12,AAPL,78.38487972508591,-0.018030442333235586,-0.08799810246679307,-0.30758148748424274,0.544733332282395
2019-01-10,legacy_short_proxy,13,CAG,77.56013745704468,-0.10811091494445524,-0.29859523031688995,-0.39247311827957,0.7019460765949893
2019-01-10,legacy_short_proxy,14,AVA,76.65292096219932,-0.029694688414909964,-0.06051743532058507,-0.17762898779046876,0.17160685778412255
2019-01-10,legacy_short_proxy,15,JKHY,76.56013745704466,-0.0028933721224430053,-0.06195150974267449,-0.15958155650319839,0.25132635906113354
2019-01-10,legacy_short_proxy,16,LOPE,76.15807560137456,-0.031560258359448534,-0.137417068072344,-0.17332984931626172,0.2991989659505448
2019-01-10,legacy_short_proxy,17,URBN,75.20618556701031,-0.01695273462858382,-0.07368421052631569,-0.15625809795283752,0.3908281812196411
2019-01-10,legacy_short_proxy,18,PM,75.09965635738833,-0.04199613424704196,-0.19186529111822592,-0.17203255983477095,0.4214422534677442
2019-01-10,legacy_short_proxy,19,DAL,74.72164948453607,-0.031135676793388578,-0.12810878511361612,-0.06378482228626325,0.49038546729120247
2019-01-10,legacy_short_proxy,20,UNH,74.36426116838489,-0.012501512279712301,-0.08363894918045067,-0.056777473903162456,0.3124755330796708
2019-01-10,mirror28,1,AVA,89.33333333333333,-0.029694688414909964,-0.06051743532058507,-0.17762898779046876,0.17160685778412255
2019-01-10,mirror28,2,EUM,84.0,-0.04504327301337585,-0.050830889540566915,-0.04663721158566514,0.2127228411083363
2019-01-10,mirror28,3,MO,73.33333333333334,-0.024877011964513085,-0.0943466172381836,-0.1864801864801865,0.27691261680391005
2019-01-10,mirror28,4,EPC,70.0,-0.01272677331168981,-0.10142857142857142,-0.17218688308839658,0.22623458780371936
2019-01-10,mirror28,5,VOD,54.0,-0.008230973787494711,-0.02635504724017912,-0.02051025512756377,0.2406704849837578
2019-01-10,mirror28,6,ICE,52.666666666666664,-0.022601829096326242,-0.06799846331156356,-0.007094133697134963,0.2663897338782369
2019-01-10,mirror28,7,NLY,52.666666666666664,-0.01917478164843578,-0.0326732673267327,-0.009127789046653123,0.2529605209081968
2019-01-10,mirror28,8,PTLC,50.66666666666666,-0.003489777069136224,-0.008442453480358436,-0.03826550222427216,0.033736631336515846
2019-01-10,mirror28,9,BNDX,46.666666666666664,-0.007441894567042806,-0.016527424627678977,-0.0016592920353982743,0.06567450756716686
2019-01-10,mirror28,10,PEG,42.666666666666664,-0.0063061341486920774,-0.06793332138376051,-0.03129657228017879,0.27101109083081676
2019-01-10,mirror28,11,JKHY,39.33333333333333,-0.0028933721224430053,-0.06195150974267449,-0.15958155650319839,0.25132635906113354
2019-01-10,mirror28,12,SNY,32.0,-0.005560779670074845,-0.033619133574007254,-0.0013989274889252279,0.20404012777949332
2019-01-10,mirror28,13,MINT,31.333333333333336,-0.00029190724277039504,-0.0005935305173607741,-0.004434371304690599,0.0075886267617273715
2019-01-10,mirror28,14,XLP,30.0,-0.0027990585865350637,-0.06688417618270803,-0.0171821305841926,0.2303513262218795
2019-01-10,mirror28,15,NICE,26.66666666666667,-0.006144407477079894,-0.04258548343897872,-0.0013967780985194578,0.24145289442091938
2019-01-10,mirror28,16,GSY,24.666666666666668,-9.976055548310825e-08,-0.0007974481658692412,-0.002587064676616957,0.010293161332189622
2019-01-10,bounded45,1,AVA,86.20689655172414,-0.029694688414909964,-0.06051743532058507,-0.17762898779046876,0.17160685778412255
2019-01-10,bounded45,2,LOPE,80.6896551724138,-0.031560258359448534,-0.137417068072344,-0.17332984931626172,0.2991989659505448
2019-01-10,bounded45,3,LBTYK,79.48275862068965,-0.05981281771105418,-0.13956521739130434,-0.2013720742534303,0.4494849087771445
2019-01-10,bounded45,4,MO,79.48275862068965,-0.024877011964513085,-0.0943466172381836,-0.1864801864801865,0.27691261680391005
2019-01-10,bounded45,5,CBOE,78.10344827586206,-0.058330451479054024,-0.11796557725778378,-0.08934810821603278,0.3285952361805615
2019-01-10,bounded45,6,EUM,76.37931034482759,-0.04504327301337585,-0.050830889540566915,-0.04663721158566514,0.2127228411083363
2019-01-10,bounded45,7,TV,74.82758620689656,-0.018873872098984612,-0.04083204930662565,-0.24682395644283128,0.28678951524021823
2019-01-10,bounded45,8,HUM,73.10344827586206,-0.034010881515115,-0.10144738131799924,-0.1361080571697818,0.33601685831233985
2019-01-10,bounded45,9,EPC,72.06896551724138,-0.01272677331168981,-0.10142857142857142,-0.17218688308839658,0.22623458780371936
2019-01-10,bounded45,10,SAM,71.89655172413794,-0.04286461055934687,-0.11503141614306434,-0.1044433575379059,0.351904222271164
2019-01-10,bounded45,11,MDT,71.72413793103448,-0.0462003721212616,-0.11134387765790299,-0.10402365614109188,0.37510872783053534
2019-01-10,bounded45,12,PM,70.51724137931033,-0.04199613424704196,-0.19186529111822592,-0.17203255983477095,0.4214422534677442
2019-01-10,bounded45,13,CVS,70.0,-0.028464291801607366,-0.10706988148753571,-0.12107803700724051,0.328905983331904
2019-01-10,bounded45,14,ELV,66.55172413793105,-0.024117568552954882,-0.08677237185056474,-0.07052061456836523,0.28479644500446927
2019-01-10,bounded45,15,RPM,66.37931034482759,-0.04285093437634446,-0.0903684123575087,-0.06772773450728076,0.37479739004405316
2019-01-10,bounded45,16,LW,66.20689655172414,-0.05083456179561541,-0.07063988293202084,-0.042489035087719174,0.34606975115543787
2019-01-10,bounded45,17,STRA,65.86206896551724,-0.0424777366222715,-0.09305797462055232,-0.10938263560840533,0.43800543163466865
2019-01-10,bounded45,18,COLM,61.89655172413793,-0.022417613924847313,-0.06597420385800712,-0.06061301802318908,0.2957980147878692
2019-01-10,bounded45,19,CPB,61.206896551724135,-0.026140006496174206,-0.11179804224626488,-0.07061994609164435,0.36898710379778854
2019-01-10,bounded45,20,BKNG,58.793103448275865,-0.024422163895323257,-0.09447968686732355,-0.07193249412090197,0.37061445630650186
2019-01-10,efficient60,1,MO,86.78160919540231,-0.024877011964513085,-0.0943466172381836,-0.1864801864801865,0.27691261680391005
2019-01-10,efficient60,2,MINT,85.05747126436783,-0.00029190724277039504,-0.0005935305173607741,-0.004434371304690599,0.0075886267617273715
2019-01-10,efficient60,3,PM,75.28735632183908,-0.04199613424704196,-0.19186529111822592,-0.17203255983477095,0.4214422534677442
2019-01-10,efficient60,4,AVA,70.6896551724138,-0.029694688414909964,-0.06051743532058507,-0.17762898779046876,0.17160685778412255
2019-01-10,efficient60,5,HUM,70.11494252873564,-0.034010881515115,-0.10144738131799924,-0.1361080571697818,0.33601685831233985
2019-01-10,efficient60,6,GSY,68.39080459770115,-9.976055548310825e-08,-0.0007974481658692412,-0.002587064676616957,0.010293161332189622
2019-01-10,efficient60,7,ELV,67.24137931034484,-0.024117568552954882,-0.08677237185056474,-0.07052061456836523,0.28479644500446927
2019-01-10,efficient60,8,XLP,66.66666666666667,-0.0027990585865350637,-0.06688417618270803,-0.0171821305841926,0.2303513262218795
2019-01-10,efficient60,9,CVS,66.09195402298852,-0.028464291801607366,-0.10706988148753571,-0.12107803700724051,0.328905983331904
2019-01-10,efficient60,10,LOPE,66.09195402298852,-0.031560258359448534,-0.137417068072344,-0.17332984931626172,0.2991989659505448
2019-01-10,efficient60,11,PEG,64.94252873563218,-0.0063061341486920774,-0.06793332138376051,-0.03129657228017879,0.27101109083081676
2019-01-10,efficient60,12,MDT,64.36781609195403,-0.0462003721212616,-0.11134387765790299,-0.10402365614109188,0.37510872783053534
2019-01-10,efficient60,13,JNJ,63.79310344827587,-0.002867400044590962,-0.11460750853242319,-0.03107492343318141,0.44786516020801764
2019-01-10,efficient60,14,PTLC,63.793103448275865,-0.003489777069136224,-0.008442453480358436,-0.03826550222427216,0.033736631336515846
2019-01-10,efficient60,15,JKHY,63.2183908045977,-0.0028933721224430053,-0.06195150974267449,-0.15958155650319839,0.25132635906113354
2019-01-10,efficient60,16,LHX,63.2183908045977,-0.007888204468141202,-0.06959580631811291,-0.12901142894040174,0.3136954336598366
2019-01-10,efficient60,17,UNH,62.06896551724139,-0.012501512279712301,-0.08363894918045067,-0.056777473903162456,0.3124755330796708
2019-01-10,efficient60,18,TV,58.62068965517242,-0.018873872098984612,-0.04083204930662565,-0.24682395644283128,0.28678951524021823
2019-01-10,efficient60,19,ZBH,57.47126436781609,-0.001986981183822123,-0.07401124899562539,-0.1587996755879968,0.32762020342316256
2019-01-10,efficient60,20,CPB,56.896551724137936,-0.026140006496174206,-0.11179804224626488,-0.07061994609164435,0.36898710379778854
2019-02-08,legacy_short_proxy,1,MCD,82.24253731343283,-0.032938207656811214,-0.03745524648857068,-0.060180703452726636,0.135703104233005
2019-02-08,legacy_short_proxy,2,COST,81.15671641791045,-0.014973353310437032,-0.013720091150778546,-0.12614621014553717,0.13559942267374459
2019-02-08,legacy_short_proxy,3,CI,80.95895522388061,-0.06247900050140498,-0.05428094691834395,-0.16668963932919822,0.25623722518948583
2019-02-08,legacy_short_proxy,4,CME,80.82089552238806,-0.02096518987341578,-0.00917431192660556,-0.06082006956888386,0.16472439697659363
2019-02-08,legacy_short_proxy,5,TTWO,80.44776119402984,-0.0606960170958345,-0.11690909090909085,-0.14073418841220697,0.6326937110118057
2019-02-08,legacy_short_proxy,6,ADM,80.3544776119403,-0.039282222350041085,-0.03712243486280842,-0.1346871114794861,0.25621102059456846
2019-02-08,legacy_short_proxy,7,VALE,79.02611940298509,-0.1294378415561519,-0.2090277777777778,-0.21986301369863004,0.8503933166759389
2019-02-08,legacy_short_proxy,8,XOP,78.72388059701493,-0.06479031154420056,-0.077123332248617,-0.22066501786205006,0.296006305819788
2019-02-08,legacy_short_proxy,9,MET,78.64179104477613,-0.04562924562030646,-0.015217892552455536,-0.05487939809692399,0.19806268650577782
2019-02-08,legacy_short_proxy,10,FANG,78.57089552238807,-0.05743683314388148,-0.08979553377932725,-0.1515151515151515,0.2841819546513153
2019-02-08,legacy_short_proxy,11,ELAN,77.96268656716418,-0.026732884233990006,-0.06014561570117116,-0.1384213580963436,0.2500719490450604
2019-02-08,legacy_short_proxy,12,TPR,77.9179104477612,-0.08316748575064437,-0.06230960952644693,-0.19380952380952388,0.5910022785531998
2019-02-08,legacy_short_proxy,13,KSS,77.69029850746269,-0.04769595571770313,-0.025247971145175963,-0.20873490301329756,0.2592317228127696
2019-02-08,legacy_short_proxy,14,HSIC,77.62313432835822,-0.03728780456045533,-0.051170997754250935,-0.11716417910447763,0.2734384681238152
2019-02-08,legacy_short_proxy,15,INGR,77.61940298507464,-0.051660497555597096,-0.0519199009083402,-0.12315035799522678,0.16634813831927142
2019-02-08,legacy_short_proxy,16,XRT,77.61194029850746,-0.0041493775933727495,0.007339449541284404,-0.0972250770811921,0.16253798893291393
2019-02-08,legacy_short_proxy,17,EWJ,77.51492537313433,-0.01590086222984699,-0.01365506921062487,-0.043012704174228755,0.14191309697494753
2019-02-08,legacy_short_proxy,18,URBN,77.4365671641791,-0.031347962382441086,-0.05098280098280106,-0.23590504451038574,0.22687809094501799
2019-02-08,legacy_short_proxy,19,GILD,76.29477611940297,-0.016171131104283032,-0.00837742504409178,-0.052121382410789674,0.23177175263834654
2019-02-08,legacy_short_proxy,20,AMGN,76.13059701492537,-0.04204927291668814,-0.08229721728833628,-0.037067715883205565,0.2619673255804837
2019-02-08,mirror28,1,INGR,86.5891472868217,-0.051660497555597096,-0.0519199009083402,-0.12315035799522678,0.16634813831927142
2019-02-08,mirror28,2,TBT,83.7984496124031,-0.027334243067970165,-0.031923830859703184,-0.1506142506142507,0.14216182583017267
2019-02-08,mirror28,3,MAC,82.32558139534883,-0.04788118332250424,-0.05979560774081327,-0.1541471048513301,0.2387407886833406
2019-02-08,mirror28,4,CI,81.08527131782945,-0.06247900050140498,-0.05428094691834395,-0.16668963932919822,0.25623722518948583
2019-02-08,mirror28,5,BJRI,80.69767441860465,-0.03931551948548129,-0.09778896278986171,-0.23908429351121885,0.24982222327124676
2019-02-08,mirror28,6,KSS,79.84496124031007,-0.04769595571770313,-0.025247971145175963,-0.20873490301329756,0.2592317228127696
2019-02-08,mirror28,7,URBN,78.68217054263566,-0.031347962382441086,-0.05098280098280106,-0.23590504451038574,0.22687809094501799
2019-02-08,mirror28,8,EOG,75.65891472868216,-0.054375939234717396,-0.06678773204196942,-0.12330584778693965,0.2604609185331906
2019-02-08,mirror28,9,SFM,75.11627906976744,-0.02642962104435309,-0.025683512841756406,-0.12921140318400604,0.18979909447609372
2019-02-08,mirror28,10,GNRC,74.72868217054264,-0.05428541700167466,-0.0613969207660533,-0.08292056503393863,0.20578215485036172
2019-02-08,mirror28,11,ADM,74.5736434108527,-0.039282222350041085,-0.03712243486280842,-0.1346871114794861,0.25621102059456846
2019-02-08,mirror28,12,KR,73.79844961240309,-0.022617124394189725,-0.022823033707865203,-0.11341191462249134,0.14804469631987804
2019-02-08,mirror28,13,WFC,73.5658914728682,-0.030607574077664013,-0.0020942408376963817,-0.10162141779788836,0.18885304086731203
2019-02-08,mirror28,14,HMC,73.17829457364343,-0.08044397099754219,-0.07340720221606645,-0.06105263157894736,0.20086384493824416
2019-02-08,mirror28,15,MCD,72.71317829457364,-0.032938207656811214,-0.03745524648857068,-0.060180703452726636,0.135703104233005
2019-02-08,mirror28,16,BCS,71.0077519379845,-0.027570121404222325,0.002466091245376223,-0.11147540983606552,0.20452469119357297
2019-02-08,mirror28,17,MD,69.92248062015504,-0.029778527386829845,0.0165121668597914,-0.1350751787034754,0.25615819359440645
2019-02-08,mirror28,18,ELAN,69.6124031007752,-0.026732884233990006,-0.06014561570117116,-0.1384213580963436,0.2500719490450604
2019-02-08,mirror28,19,RYN,69.6124031007752,-0.03472292659836285,-0.0232637700992131,-0.08698433002878159,0.21288510880088887
2019-02-08,mirror28,20,IVZ,69.53488372093024,-0.02534113060429244,0.02564102564102555,-0.13793103448275856,0.24774851321363586
2019-02-08,bounded45,1,XOP,85.36,-0.06479031154420056,-0.077123332248617,-0.22066501786205006,0.296006305819788
2019-02-08,bounded45,2,CI,83.12,-0.06247900050140498,-0.05428094691834395,-0.16668963932919822,0.25623722518948583
2019-02-08,bounded45,3,DVN,78.88000000000001,-0.06112837901477208,-0.05211106884747041,-0.24507724931838826,0.35717338896908823
2019-02-08,bounded45,4,KSS,78.0,-0.04769595571770313,-0.025247971145175963,-0.20873490301329756,0.2592317228127696
2019-02-08,bounded45,5,BJRI,77.52,-0.03931551948548129,-0.09778896278986171,-0.23908429351121885,0.24982222327124676
2019-02-08,bounded45,6,INGR,77.04,-0.051660497555597096,-0.0519199009083402,-0.12315035799522678,0.16634813831927142
2019-02-08,bounded45,7,MAC,77.03999999999999,-0.04788118332250424,-0.05979560774081327,-0.1541471048513301,0.2387407886833406
2019-02-08,bounded45,8,CMC,76.4,-0.06471591419082667,-0.0273802115743621,-0.1992827868852458,0.39245353634624325
2019-02-08,bounded45,9,ALKS,76.32,-0.06124001521494171,-0.05018472906403926,-0.18104592513936824,0.34908399476386803
2019-02-08,bounded45,10,FANG,75.92,-0.05743683314388148,-0.08979553377932725,-0.1515151515151515,0.2841819546513153
2019-02-08,bounded45,11,SONY,75.75999999999999,-0.07478587842072393,-0.09796334012219954,-0.18057354301572615,0.39070265136215665
2019-02-08,bounded45,12,MTZ,75.6,-0.06238322254810025,-0.09567496723460034,-0.16767189384800973,0.3491320965808419
2019-02-08,bounded45,13,GDOT,74.48,-0.05996863537980912,-0.11365025051936939,-0.1559408821133481,0.3255088145332858
2019-02-08,bounded45,14,HMC,74.32,-0.08044397099754219,-0.07340720221606645,-0.06105263157894736,0.20086384493824416
2019-02-08,bounded45,15,GNTX,73.92,-0.09511168070304676,-0.10013654984069187,-0.0943655519926706,0.2791280197089243
2019-02-08,bounded45,16,EOG,72.08,-0.054375939234717396,-0.06678773204196942,-0.12330584778693965,0.2604609185331906
2019-02-08,bounded45,17,URBN,71.52000000000001,-0.031347962382441086,-0.05098280098280106,-0.23590504451038574,0.22687809094501799
2019-02-08,bounded45,18,HCSG,71.2,-0.08803144232238924,-0.08131816026552863,-0.12151439582861023,0.3517373331113473
2019-02-08,bounded45,19,BFH,70.96000000000001,-0.054246165357280884,-0.017401183998086434,-0.2109862671660424,0.39562799011279726
2019-02-08,bounded45,20,MEOH,69.92,-0.054423235917892665,-0.05716845878136201,-0.18421460691580083,0.40992743239559304
2019-02-08,efficient60,1,COST,88.00000000000001,-0.014973353310437032,-0.013720091150778546,-0.12614621014553717,0.13559942267374459
2019-02-08,efficient60,2,ADM,83.73333333333333,-0.039282222350041085,-0.03712243486280842,-0.1346871114794861,0.25621102059456846
2019-02-08,efficient60,3,DOX,82.66666666666667,-0.029138110618034285,-0.07195448460508702,-0.1696361730798024,0.3516841249031329
2019-02-08,efficient60,4,MCD,82.13333333333334,-0.032938207656811214,-0.03745524648857068,-0.060180703452726636,0.135703104233005
2019-02-08,efficient60,5,KR,80.8,-0.022617124394189725,-0.022823033707865203,-0.11341191462249134,0.14804469631987804
2019-02-08,efficient60,6,QCOM,80.53333333333332,-0.038165456962254485,-0.11461267605633796,-0.11336389280677006,0.26171248792433977
2019-02-08,efficient60,7,VZ,80.26666666666667,-0.03213074756462109,-0.06336805555555558,-0.07714676702018475,0.20380550430193323
2019-02-08,efficient60,8,CVS,79.73333333333333,-0.003708698583943737,-0.008237986270022812,-0.18564449455092058,0.20270216605943342
2019-02-08,efficient60,9,WFC,79.46666666666667,-0.030607574077664013,-0.0020942408376963817,-0.10162141779788836,0.18885304086731203
2019-02-08,efficient60,10,TBT,78.13333333333334,-0.027334243067970165,-0.031923830859703184,-0.1506142506142507,0.14216182583017267
2019-02-08,efficient60,11,MKC,76.8,-0.024258760107819466,-0.10065303804656445,-0.15757978723404253,0.4171495384904521
2019-02-08,efficient60,12,INGR,76.26666666666668,-0.051660497555597096,-0.0519199009083402,-0.12315035799522678,0.16634813831927142
2019-02-08,efficient60,13,BG,76.0,-0.011777421639145191,-0.06423151579318864,-0.16184605658289875,0.20902995438714098
2019-02-08,efficient60,14,CI,75.2,-0.06247900050140498,-0.05428094691834395,-0.16668963932919822,0.25623722518948583
2019-02-08,efficient60,15,XOP,75.2,-0.06479031154420056,-0.077123332248617,-0.22066501786205006,0.296006305819788
2019-02-08,efficient60,16,AVA,73.33333333333334,-0.002973842325674214,-0.01652298850574707,-0.2189045264359072,0.12604341824461568
2019-02-08,efficient60,17,HRB,73.33333333333334,-0.040933795952750596,-0.06601562500000002,-0.16776888270100943,0.3215526853862146
2019-02-08,efficient60,18,JAZZ,73.33333333333334,-0.01613683469478777,-0.04138565297363572,-0.140757024112111,0.1676900601760761
2019-02-08,efficient60,19,FANG,72.26666666666667,-0.05743683314388148,-0.08979553377932725,-0.1515151515151515,0.2841819546513153
2019-02-08,efficient60,20,EWJ,70.66666666666667,-0.01590086222984699,-0.01365506921062487,-0.043012704174228755,0.14191309697494753
2019-03-11,legacy_short_proxy,1,ABBV,86.47948164146868,-0.018509789132959864,-0.019957323961340534,-0.11443801746625837,0.13404869190760074
2019-03-11,legacy_short_proxy,2,UAL,83.94168466522677,-0.05347879289247104,-0.06566859476012255,-0.065350578624915,0.17988609884794926
2019-03-11,legacy_short_proxy,3,SH,83.79049676025917,-0.0036516308853864476,-0.026878015161957314,-0.058666666666666756,0.0974098778302789
2019-03-11,legacy_short_proxy,4,CVS,83.68970482361411,-0.11584488218119038,-0.17320412244270122,-0.2678109249421059,0.40725654470494244
2019-03-11,legacy_short_proxy,5,HCA,83.32253419726422,-0.08711195550495199,-0.09775675481975199,-0.05975054148928216,0.24038235153720663
2019-03-11,legacy_short_proxy,6,SQQQ,83.18214542836573,-0.03851947493006236,-0.10136765888978283,-0.2447599729546991,0.33440868382131744
2019-03-11,legacy_short_proxy,7,VXX,82.86537077033837,-0.034914670424297745,-0.09777517564402805,-0.22426378051849982,0.44320142076116326
2019-03-11,legacy_short_proxy,8,ALK,82.66378689704824,-0.10361336654481301,-0.15091159797763132,-0.11228576005125734,0.21256678784832211
2019-03-11,legacy_short_proxy,9,SDS,82.64218862491,-0.008037134138476065,-0.054356733133023805,-0.12354430379746839,0.19490481856031783
2019-03-11,legacy_short_proxy,10,CME,82.3866090712743,-0.03471074380165595,-0.04141414141414135,-0.09862276397023906,0.1600378113538171
2019-03-11,legacy_short_proxy,11,PFE,82.30381569474442,-0.01990883971376789,-0.01728628936774801,-0.05703249261531462,0.1658859845671663
2019-03-11,legacy_short_proxy,12,AMGN,81.9618430525558,-0.016839834698388012,-0.01000000000000012,-0.061372209195636795,0.17649691862435993
2019-03-11,legacy_short_proxy,13,KR,81.73506119510438,-0.12613793347737579,-0.11354653251886437,-0.15629274965800266,0.4927460286957747
2019-03-11,legacy_short_proxy,14,EOG,81.71706263498922,-0.08988758117526818,-0.06745945945945941,-0.15489370040168504,0.33714023499555545
2019-03-11,legacy_short_proxy,15,XLV,81.43988480921527,-0.012057012679801193,0.005336891260840693,-0.008443908323281013,0.13786149164143421
2019-03-11,legacy_short_proxy,16,UVXY,81.41468682505399,-0.05696659812149174,-0.1509207365892714,-0.3422236005582261,0.6572517136355233
2019-03-11,legacy_short_proxy,17,TSLA,81.30669546436285,-0.02312459065948691,-0.04904364884747425,-0.2069529652351738,0.45764523538031776
2019-03-11,legacy_short_proxy,18,MCK,81.26349892008639,-0.10191677614396022,-0.11681842944976262,-0.07097830536225957,0.2609970101074276
2019-03-11,legacy_short_proxy,19,BURL,81.1699064074874,-0.10714505508031136,-0.144726758238519,-0.10449972223936776,0.46740631644692093
2019-03-11,legacy_short_proxy,20,MPC,80.38876889848811,-0.05427533048444888,-0.05612244897959173,-0.03488751222693187,0.2507464255393237
2019-03-11,mirror28,1,EHC,85.05882352941177,-0.06798280028875392,-0.08771121351766509,-0.18094055992276936,0.2128591751007373
2019-03-11,mirror28,2,ALK,84.23529411764706,-0.10361336654481301,-0.15091159797763132,-0.11228576005125734,0.21256678784832211
2019-03-11,mirror28,3,AER,77.88235294117646,-0.08194769108631872,-0.08806133625410728,-0.13180396246089676,0.25014536699058154
2019-03-11,mirror28,4,CBRL,76.58823529411765,-0.04537601163953242,-0.06723137069067642,-0.08747428505200938,0.16205849420599236
2019-03-11,mirror28,5,SBRA,76.58823529411765,-0.05731403425056936,-0.13521400778210102,-0.07780082987551862,0.175978058318469
2019-03-11,mirror28,6,PINC,76.3529411764706,-0.06163880849177816,-0.08308525033829495,-0.13061329227610974,0.24240545141811282
2019-03-11,mirror28,7,DVA,75.88235294117646,-0.10052485720140414,-0.10083734188491011,-0.12332812228591283,0.2679134661788885
2019-03-11,mirror28,8,CNC,74.82352941176471,-0.06640015600623761,-0.08664546899841008,-0.13504968383017157,0.2740770678986583
2019-03-11,mirror28,9,CME,72.70588235294117,-0.03471074380165595,-0.04141414141414135,-0.09862276397023906,0.1600378113538171
2019-03-11,mirror28,10,SKT,72.23529411764706,-0.03310145198188952,-0.07420652659812244,-0.1338352153910497,0.18293500946651886
2019-03-11,mirror28,11,UAL,72.23529411764706,-0.05347879289247104,-0.06566859476012255,-0.065350578624915,0.17988609884794926
2019-03-11,mirror28,12,MZTI,71.52941176470588,-0.02419131304698985,-0.048287862780436286,-0.14855999110419227,0.1398077387810787
2019-03-11,mirror28,13,ICE,70.11764705882354,-0.03620699962139329,-0.04740021008403361,-0.07094378281470104,0.1404544541344713
2019-03-11,mirror28,14,EAT,70.0,-0.03684181012728682,-0.024755848285260118,-0.10894376426644536,0.21133635049884666
2019-03-11,mirror28,15,MCK,69.41176470588236,-0.10191677614396022,-0.11681842944976262,-0.07097830536225957,0.2609970101074276
2019-03-11,mirror28,16,MKL,68.82352941176471,-0.03167351165281018,-0.04833940727497765,-0.08718306276087551,0.14629538196071756
2019-03-11,mirror28,17,HCA,68.0,-0.08711195550495199,-0.09775675481975199,-0.05975054148928216,0.24038235153720663
2019-03-11,mirror28,18,AAL,66.94117647058823,-0.07731283557169566,-0.10972222222222228,-0.06011730205278609,0.24216851971835468
2019-03-11,mirror28,19,JBLU,66.82352941176471,-0.03897086643964964,-0.08985667034178602,-0.0786830357142857,0.19775323364140882
2019-03-11,mirror28,20,IDCC,65.41176470588235,-0.039384246301495285,-0.07469050894085294,-0.08388941849380371,0.2269181220401111
2019-03-11,bounded45,1,MD,86.38655462184873,-0.1179386996995836,-0.15075520091194083,-0.2277792174138379,0.2928411641611432
2019-03-11,bounded45,2,ALK,84.78991596638656,-0.10361336654481301,-0.15091159797763132,-0.11228576005125734,0.21256678784832211
2019-03-11,bounded45,3,EHC,83.19327731092436,-0.06798280028875392,-0.08771121351766509,-0.18094055992276936,0.2128591751007373
2019-03-11,bounded45,4,CI,81.0924369747899,-0.0997964460581986,-0.09781110437227769,-0.20544818879285232,0.32855991899927556
2019-03-11,bounded45,5,DVA,80.08403361344537,-0.10052485720140414,-0.10083734188491011,-0.12332812228591283,0.2679134661788885
2019-03-11,bounded45,6,AER,79.74789915966387,-0.08194769108631872,-0.08806133625410728,-0.13180396246089676,0.25014536699058154
2019-03-11,bounded45,7,EOG,76.72268907563024,-0.08988758117526818,-0.06745945945945941,-0.15489370040168504,0.33714023499555545
2019-03-11,bounded45,8,TV,75.96638655462185,-0.0970384910813249,-0.14401294498381878,-0.1848998459167951,0.3957768129027424
2019-03-11,bounded45,9,CNC,73.94957983193278,-0.06640015600623761,-0.08664546899841008,-0.13504968383017157,0.2740770678986583
2019-03-11,bounded45,10,GT,73.02521008403362,-0.06523342818001243,-0.05082932049224198,-0.18286503915246444,0.29900797065117923
2019-03-11,bounded45,11,SCI,72.85714285714286,-0.06959758740929134,-0.10045558086560358,-0.11258426966292134,0.28443035047734955
2019-03-11,bounded45,12,MCK,72.52100840336134,-0.10191677614396022,-0.11681842944976262,-0.07097830536225957,0.2609970101074276
2019-03-11,bounded45,13,PINC,72.18487394957982,-0.06163880849177816,-0.08308525033829495,-0.13061329227610974,0.24240545141811282
2019-03-11,bounded45,14,TEVA,70.92436974789915,-0.08036598869398548,-0.13391877058177826,-0.147487844408428,0.44047448497583647
2019-03-11,bounded45,15,MOS,70.08403361344538,-0.07890726511492174,-0.07951266431548576,-0.13,0.3701135939101395
2019-03-11,bounded45,16,DINO,69.15966386554622,-0.06652870606000139,-0.07191844300278039,-0.09145345672291783,0.28340063861477277
2019-03-11,bounded45,17,USNA,69.07563025210084,-0.06028525650476557,-0.11897520965809616,-0.21167642450729773,0.36228155851915445
2019-03-11,bounded45,18,BGS,68.82352941176471,-0.053691275167782604,-0.07523148148148162,-0.1975225979243389,0.2987067015585667
2019-03-11,bounded45,19,HCA,68.73949579831933,-0.08711195550495199,-0.09775675481975199,-0.05975054148928216,0.24038235153720663
2019-03-11,bounded45,20,CAH,67.89915966386555,-0.0768562087798016,-0.07252705524966774,-0.0875980575270825,0.30297835208117363
2019-03-11,efficient60,1,CME,87.6750700280112,-0.03471074380165595,-0.04141414141414135,-0.09862276397023906,0.1600378113538171
2019-03-11,efficient60,2,ABBV,84.59383753501402,-0.018509789132959864,-0.019957323961340534,-0.11443801746625837,0.13404869190760074
2019-03-11,efficient60,3,ICE,78.71148459383754,-0.03620699962139329,-0.04740021008403361,-0.07094378281470104,0.1404544541344713
2019-03-11,efficient60,4,CBRL,78.15126050420169,-0.04537601163953242,-0.06723137069067642,-0.08747428505200938,0.16205849420599236
2019-03-11,efficient60,5,ALK,77.87114845938376,-0.10361336654481301,-0.15091159797763132,-0.11228576005125734,0.21256678784832211
2019-03-11,efficient60,6,EVRG,77.03081232492997,-0.008446243181419955,-0.030120481927710885,-0.07059211611413496,0.286192967564695
2019-03-11,efficient60,7,SPG,76.19047619047619,-0.02461748345987058,-0.044649646931015696,-0.06172312616697784,0.15896370807322177
2019-03-11,efficient60,8,SDS,74.78991596638656,-0.008037134138476065,-0.054356733133023805,-0.12354430379746839,0.19490481856031783
2019-03-11,efficient60,9,SH,73.38935574229693,-0.0036516308853864476,-0.026878015161957314,-0.058666666666666756,0.0974098778302789
2019-03-11,efficient60,10,CI,73.109243697479,-0.0997964460581986,-0.09781110437227769,-0.20544818879285232,0.32855991899927556
2019-03-11,efficient60,11,EHC,73.10924369747899,-0.06798280028875392,-0.08771121351766509,-0.18094055992276936,0.2128591751007373
2019-03-11,efficient60,12,UAL,72.26890756302522,-0.05347879289247104,-0.06566859476012255,-0.065350578624915,0.17988609884794926
2019-03-11,efficient60,13,TRIP,71.42857142857144,-0.04785533134855369,-0.1248310810810811,-0.16151480822139497,0.30908329923295585
2019-03-11,efficient60,14,PFE,70.86834733893558,-0.01990883971376789,-0.01728628936774801,-0.05703249261531462,0.1658859845671663
2019-03-11,efficient60,15,AMGN,70.30812324929973,-0.016839834698388012,-0.01000000000000012,-0.061372209195636795,0.17649691862435993
2019-03-11,efficient60,16,IFF,69.74789915966387,-0.031101533411809767,-0.10883825915214784,-0.08296436089134074,0.3519060397349878
2019-03-11,efficient60,17,CNC,69.187675070028,-0.06640015600623761,-0.08664546899841008,-0.13504968383017157,0.2740770678986583
2019-03-11,efficient60,18,DOX,67.50700280112045,-0.015291397020604003,-0.009556437071763457,-0.08510992671552298,0.14792587611459193
2019-03-11,efficient60,19,HCA,66.9467787114846,-0.08711195550495199,-0.09775675481975199,-0.05975054148928216,0.24038235153720663
2019-03-11,efficient60,20,MKL,66.38655462184873,-0.03167351165281018,-0.04833940727497765,-0.08718306276087551,0.14629538196071756
2019-04-08,legacy_short_proxy,1,BMY,84.97482014388488,-0.03232477819368362,-0.08074656188605112,-0.019488683989941302,0.14501601078049817
2019-04-08,legacy_short_proxy,2,CLX,83.75539568345323,-0.03150038830906121,-0.03570755013516069,0.001828750571484461,0.12696556635846978
2019-04-08,legacy_short_proxy,3,TSLA,83.09352517985612,-0.012285412090142445,-0.06085611139762759,-0.2082608695652174,0.47209102371678285
2019-04-08,legacy_short_proxy,4,KR,81.80935251798562,-0.01660965255739788,-0.03283340089177145,-0.1622191011235955,0.17421972336238387
2019-04-08,legacy_short_proxy,5,MDT,80.71942446043165,-0.02263566572580622,-0.03271739130434792,0.048915605846298726,0.15666532037558836
2019-04-08,legacy_short_proxy,6,DOW,79.88129496402878,-0.11187431040110885,-0.14253563390847723,-0.14253563390847723,0.6062381575754336
2019-04-08,legacy_short_proxy,7,TEVA,79.84172661870504,-0.056728025337907995,-0.04689480354879594,-0.17226197028068257,0.3251286120844455
2019-04-08,legacy_short_proxy,8,WFC,79.14028776978418,-0.010796644641639652,-0.01768488745980701,0.023664921465968547,0.21041050677170642
2019-04-08,legacy_short_proxy,9,XLU,79.06115107913669,-0.0065426997245165985,-0.004485852311939209,0.07890800299177281,0.10627798700419663
2019-04-08,legacy_short_proxy,10,JNJ,78.92086330935251,-0.012196980140913416,-0.017465357967667572,0.0495721224269523,0.11137624585286919
2019-04-08,legacy_short_proxy,11,REGN,78.7338129496403,-0.012965800886035383,-0.026186142458439532,-0.016664216046659797,0.22712935371027537
2019-04-08,legacy_short_proxy,12,HRL,78.6906474820144,-0.01663723394368155,-0.014668218859138604,-0.02150289017341045,0.19522432941403145
2019-04-08,legacy_short_proxy,13,NLY,78.59712230215827,-0.009424700569401367,-0.020388349514563142,0.032753326509723735,0.09743355593758518
2019-04-08,legacy_short_proxy,14,SLV,78.52517985611512,-0.001569858712706651,-0.0041753653444676075,-0.019863013698630083,0.13003516790803343
2019-04-08,legacy_short_proxy,15,HLF,77.37410071942446,-0.010176773653254867,-0.05278745644599303,-0.048643919510061306,0.17531350817273095
2019-04-08,legacy_short_proxy,16,FE,77.32374100719426,-0.019158203812236985,-0.022727272727272707,0.047693105235873556,0.24300742369109354
2019-04-08,legacy_short_proxy,17,MPLX,77.03597122302158,-0.012108859848933173,-0.02542874039030163,-0.01904761904761909,0.15591323952003996
2019-04-08,legacy_short_proxy,18,PDD,76.56115107913669,-0.10088758005725151,-0.2706314734380221,-0.1724791508718727,0.7629006663563472
2019-04-08,legacy_short_proxy,19,NEE,76.48201438848922,-0.013223970539010033,-0.004643309413254637,0.07548460661345491,0.12268361963111798
2019-04-08,legacy_short_proxy,20,DLTR,76.43884892086331,-0.0030703952586544903,-0.013482280431433069,0.06254537911005076,0.20064254492895303
2019-04-08,mirror28,1,SDS,85.13513513513513,-0.04116586538461542,-0.07827845176198733,-0.19964885879107097,0.2070605164439127
2019-04-08,mirror28,2,DXD,83.5135135135135,-0.033821533689360805,-0.05450155225939968,-0.17662961850405512,0.20148395488112247
2019-04-08,mirror28,3,QID,82.16216216216216,-0.05579898970785091,-0.11441835062807204,-0.24773834377174675,0.2415855287323119
2019-04-08,mirror28,4,PSQ,81.89189189189189,-0.028155603917283112,-0.05955906548206635,-0.13051414663827188,0.12306996693073396
2019-04-08,mirror28,5,SH,77.56756756756756,-0.021092775679148024,-0.04107648725212465,-0.10449735449735453,0.10126640204048391
2019-04-08,mirror28,6,DOG,70.81081081081079,-0.016688154860249327,-0.027653079547495074,-0.09006889598386825,0.10146068897127396
2019-04-08,mirror28,7,SFM,69.1891891891892,-0.025457529001520984,-0.03780378037803778,-0.11433305716652864,0.2222563199951981
2019-04-08,mirror28,8,CBRL,68.91891891891892,-0.02820293634003357,-0.030799517368387597,-0.08818257856374712,0.224064561910372
2019-04-08,mirror28,9,RWM,68.37837837837839,-0.020677062771423338,-0.022413793103448376,-0.08758620689655172,0.168596350781847
2019-04-08,mirror28,10,DINO,68.1081081081081,-0.03030542027327865,-0.017775114839225115,-0.07764441110277576,0.2214667769871466
2019-04-08,mirror28,11,BMY,66.75675675675676,-0.03232477819368362,-0.08074656188605112,-0.019488683989941302,0.14501601078049817
2019-04-08,mirror28,12,KR,66.75675675675676,-0.01660965255739788,-0.03283340089177145,-0.1622191011235955,0.17421972336238387
2019-04-08,mirror28,13,UNG,55.675675675675684,-0.016697588126163954,-0.02493867538838923,-0.03753026634382561,0.18109442777878615
2019-04-08,mirror28,14,VOD,53.5135135135135,-0.01827033678409473,0.008796041781198527,-0.06281920326864132,0.23381791135885666
2019-04-08,mirror28,15,MKL,52.16216216216216,-0.007059662298802283,0.012045829892650683,-0.05858009755348159,0.12307334698394935
2019-04-08,mirror28,16,MNST,51.891891891891895,-0.04782405912530452,-0.1326797385620916,-0.0037537537537537524,0.27450617690426726
2019-04-08,mirror28,17,HLF,50.27027027027027,-0.010176773653254867,-0.05278745644599303,-0.048643919510061306,0.17531350817273095
2019-04-08,mirror28,18,HRL,50.0,-0.01663723394368155,-0.014668218859138604,-0.02150289017341045,0.19522432941403145
2019-04-08,mirror28,19,MPLX,46.486486486486484,-0.012108859848933173,-0.02542874039030163,-0.01904761904761909,0.15591323952003996
2019-04-08,mirror28,20,SKT,46.486486486486484,-0.009606475837510953,-0.0193143408981169,-0.08016304347826086,0.22613610840344714
2019-04-08,bounded45,1,QID,86.04651162790698,-0.05579898970785091,-0.11441835062807204,-0.24773834377174675,0.2415855287323119
2019-04-08,bounded45,2,SDS,86.04651162790698,-0.04116586538461542,-0.07827845176198733,-0.19964885879107097,0.2070605164439127
2019-04-08,bounded45,3,DXD,81.62790697674419,-0.033821533689360805,-0.05450155225939968,-0.17662961850405512,0.20148395488112247
2019-04-08,bounded45,4,TEVA,77.20930232558139,-0.056728025337907995,-0.04689480354879594,-0.17226197028068257,0.3251286120844455
2019-04-08,bounded45,5,GBX,75.81395348837209,-0.06480202578268746,-0.1527632950990615,-0.1728175108170018,0.4490790697477985
2019-04-08,bounded45,6,TWM,74.65116279069767,-0.042072039826901664,-0.045395590142671804,-0.1734980348119035,0.3324491378109735
2019-04-08,bounded45,7,MD,72.32558139534883,-0.03318878388419655,-0.061073825503355716,-0.1894553881807648,0.30344645317404884
2019-04-08,bounded45,8,PSQ,71.6279069767442,-0.028155603917283112,-0.05955906548206635,-0.13051414663827188,0.12306996693073396
2019-04-08,bounded45,9,GLNG,69.76744186046511,-0.03734323547960661,-0.02090261282660344,-0.13512379353755766,0.28543324617073507
2019-04-08,bounded45,10,SH,66.27906976744185,-0.021092775679148024,-0.04107648725212465,-0.10449735449735453,0.10126640204048391
2019-04-08,bounded45,11,DINO,62.32558139534883,-0.03030542027327865,-0.017775114839225115,-0.07764441110277576,0.2214667769871466
2019-04-08,bounded45,12,SFM,62.093023255813954,-0.025457529001520984,-0.03780378037803778,-0.11433305716652864,0.2222563199951981
2019-04-08,bounded45,13,CBRL,61.86046511627907,-0.02820293634003357,-0.030799517368387597,-0.08818257856374712,0.224064561910372
2019-04-08,bounded45,14,DOG,61.627906976744185,-0.016688154860249327,-0.027653079547495074,-0.09006889598386825,0.10146068897127396
2019-04-08,bounded45,15,BMY,60.930232558139544,-0.03232477819368362,-0.08074656188605112,-0.019488683989941302,0.14501601078049817
2019-04-08,bounded45,16,KR,60.46511627906976,-0.01660965255739788,-0.03283340089177145,-0.1622191011235955,0.17421972336238387
2019-04-08,bounded45,17,RWM,59.302325581395344,-0.020677062771423338,-0.022413793103448376,-0.08758620689655172,0.168596350781847
2019-04-08,bounded45,18,AVAV,57.674418604651166,-0.03522912065672579,-0.13332482776218413,-0.07703804347826071,0.36903977879506394
2019-04-08,bounded45,19,NUS,57.20930232558139,-0.022101991481529693,-0.13536895674300264,-0.17350413491162642,0.420119221960166
2019-04-08,bounded45,20,MNST,54.88372093023256,-0.04782405912530452,-0.1326797385620916,-0.0037537537537537524,0.27450617690426726
2019-04-08,efficient60,1,SH,89.92248062015504,-0.021092775679148024,-0.04107648725212465,-0.10449735449735453,0.10126640204048391
2019-04-08,efficient60,2,KR,85.27131782945737,-0.01660965255739788,-0.03283340089177145,-0.1622191011235955,0.17421972336238387
2019-04-08,efficient60,3,SDS,76.74418604651162,-0.04116586538461542,-0.07827845176198733,-0.19964885879107097,0.2070605164439127
2019-04-08,efficient60,4,PSQ,75.96899224806202,-0.028155603917283112,-0.05955906548206635,-0.13051414663827188,0.12306996693073396
2019-04-08,efficient60,5,DOG,74.4186046511628,-0.016688154860249327,-0.027653079547495074,-0.09006889598386825,0.10146068897127396
2019-04-08,efficient60,6,BMY,68.2170542635659,-0.03232477819368362,-0.08074656188605112,-0.019488683989941302,0.14501601078049817
2019-04-08,efficient60,7,BIL,65.11627906976744,-0.0005354079480789364,-0.00021860312602461907,-0.0003278688524590567,0.0067221744652407765
2019-04-08,efficient60,8,SLV,64.34108527131784,-0.001569858712706651,-0.0041753653444676075,-0.019863013698630083,0.13003516790803343
2019-04-08,efficient60,9,HLF,62.015503875968996,-0.010176773653254867,-0.05278745644599303,-0.048643919510061306,0.17531350817273095
2019-04-08,efficient60,10,QID,61.24031007751939,-0.05579898970785091,-0.11441835062807204,-0.24773834377174675,0.2415855287323119
2019-04-08,efficient60,11,CBRL,59.689922480620154,-0.02820293634003357,-0.030799517368387597,-0.08818257856374712,0.224064561910372
2019-04-08,efficient60,12,SFM,58.914728682170555,-0.025457529001520984,-0.03780378037803778,-0.11433305716652864,0.2222563199951981
2019-04-08,efficient60,13,DXD,58.91472868217055,-0.033821533689360805,-0.05450155225939968,-0.17662961850405512,0.20148395488112247
2019-04-08,efficient60,14,DINO,58.91472868217054,-0.03030542027327865,-0.017775114839225115,-0.07764441110277576,0.2214667769871466
2019-04-08,efficient60,15,MNST,58.139534883720934,-0.04782405912530452,-0.1326797385620916,-0.0037537537537537524,0.27450617690426726
2019-04-08,efficient60,16,HRL,56.58914728682171,-0.01663723394368155,-0.014668218859138604,-0.02150289017341045,0.19522432941403145
2019-04-08,efficient60,17,UGI,56.58914728682171,-0.029248867121340894,-0.03371605613267714,-0.03652553152825733,0.299888662794862
2019-04-08,efficient60,18,TBT,55.81395348837211,-0.0025063400020775006,-0.04405912450255822,-0.05824698963875663,0.21934285133326184
2019-04-08,efficient60,19,MD,55.8139534883721,-0.03318878388419655,-0.061073825503355716,-0.1894553881807648,0.30344645317404884
2019-04-08,efficient60,20,TEVA,55.81395348837209,-0.056728025337907995,-0.04689480354879594,-0.17226197028068257,0.3251286120844455
2019-05-07,legacy_short_proxy,1,CTSH,83.2475764354959,-0.1712171110875067,-0.21368095686063704,-0.20024603608529246,0.48761179847142383
2019-05-07,legacy_short_proxy,2,GDX,82.889634601044,-0.026900035240206455,-0.0872631115028647,-0.07130044843049321,0.19927061499035548
2019-05-07,legacy_short_proxy,3,NLY,82.85234899328859,-0.03229041315685377,-0.043607532210108935,-0.0738963531669865,0.12154606196834289
2019-05-07,legacy_short_proxy,4,PSX,82.53914988814319,-0.08336554704171739,-0.11953204476093593,-0.07452951240376393,0.22822070105857903
2019-05-07,legacy_short_proxy,5,AMGN,81.62192393736018,-0.046592859453744584,-0.10780993431855501,-0.06521505376344083,0.1966718590274509
2019-05-07,legacy_short_proxy,6,XLE,81.30872483221476,-0.04095783884602333,-0.06124852767962319,0.013028280902446676,0.1585852539837687
2019-05-07,legacy_short_proxy,7,EWY,81.25652498135719,-0.04850536719991505,-0.059178169125813196,-0.0537737354396044,0.17010162547886842
2019-05-07,legacy_short_proxy,8,COP,80.9358687546607,-0.05408024811009482,-0.08339594290007513,-0.07938424388771514,0.20600379908219202
2019-05-07,legacy_short_proxy,9,AES,80.93214019388516,-0.05647992237221344,-0.08115619788771522,-0.04006968641114972,0.11308951105300519
2019-05-07,legacy_short_proxy,10,MMM,80.90604026845638,-0.11800477632518414,-0.16696121291042698,-0.10359323391051944,0.4758900302915208
2019-05-07,legacy_short_proxy,11,XYZ,80.45488441461596,-0.05412317688532864,-0.08773333333333333,-0.06898897809225735,0.3645726903149422
2019-05-07,legacy_short_proxy,12,EEM,80.32065622669649,-0.035120609923734225,-0.04369369369369369,0.0068769267251600485,0.1392381713310908
2019-05-07,legacy_short_proxy,13,FXI,80.16405667412378,-0.05056160976208046,-0.06891271056661563,0.0033003300330032292,0.1889456263579448
2019-05-07,legacy_short_proxy,14,NRG,79.80984340044742,-0.05685700341629063,-0.07866507747318241,-0.07602199378436525,0.16868681960304155
2019-05-07,legacy_short_proxy,15,KHC,79.61595824011931,-0.011992886348750842,-0.020789394395902328,-0.3152128107880321,0.1414942501550471
2019-05-07,legacy_short_proxy,16,TSLA,79.54884414615957,-0.04099219750785954,-0.09555189456342683,-0.19225110348209917,0.42629537852269483
2019-05-07,legacy_short_proxy,17,O,78.7248322147651,-0.04598951920048244,-0.07458333333333345,-0.049229452054794565,0.24636732946911014
2019-05-07,legacy_short_proxy,18,GDXJ,78.40044742729306,-0.025020556795494975,-0.10006195786864935,-0.10145375811939372,0.25612154372378787
2019-05-07,legacy_short_proxy,19,VWO,78.37061894108874,-0.03308882705972205,-0.04039251483340944,0.026110297706198216,0.13752200994707073
2019-05-07,legacy_short_proxy,20,HAL,78.09843400447427,-0.0950469440198548,-0.13902205177372962,-0.09292929292929286,0.21683712182324924
2019-05-07,mirror28,1,TUR,90.21739130434783,-0.08309090523009144,-0.1315366049879324,-0.2308514428215176,0.2043064522155184
2019-05-07,mirror28,2,HAL,85.28985507246377,-0.0950469440198548,-0.13902205177372962,-0.09292929292929286,0.21683712182324924
2019-05-07,mirror28,3,TV,83.04347826086956,-0.07710055758508372,-0.12647861692447682,-0.22330097087378642,0.2421307312029672
2019-05-07,mirror28,4,NWSA,82.89855072463767,-0.0683254821435928,-0.07587859424920118,-0.07142857142857151,0.19129013465014932
2019-05-07,mirror28,5,CCJ,82.31884057971014,-0.07609888903526674,-0.11223628691983123,-0.14748784440842788,0.23983733034050558
2019-05-07,mirror28,6,PSX,81.81159420289855,-0.08336554704171739,-0.11953204476093593,-0.07452951240376393,0.22822070105857903
2019-05-07,mirror28,7,NRG,80.79710144927536,-0.05685700341629063,-0.07866507747318241,-0.07602199378436525,0.16868681960304155
2019-05-07,mirror28,8,AMX,80.43478260869566,-0.07686264239884777,-0.10076530612244894,-0.11376492771841618,0.24348569130383343
2019-05-07,mirror28,9,FFIV,79.27536231884059,-0.058689911342936996,-0.09655706456993096,-0.05748197862291826,0.1583577162012461
2019-05-07,mirror28,10,DXC,79.27536231884058,-0.058286598336879436,-0.05832301980198029,-0.12050281751192016,0.21582946520021165
2019-05-07,mirror28,11,EYE,77.39130434782608,-0.07509560987644859,-0.12328767123287676,-0.17406358199559335,0.27001013000535845
2019-05-07,mirror28,12,EQNR,76.81159420289855,-0.06027820710971754,-0.07598784194528874,-0.05840707964601766,0.19757634950149144
2019-05-07,mirror28,13,NEM,75.79710144927536,-0.06427048431312621,-0.1620294599018003,-0.09219858156028382,0.2358206057723967
2019-05-07,mirror28,14,COP,75.0,-0.05408024811009482,-0.08339594290007513,-0.07938424388771514,0.20600379908219202
2019-05-07,mirror28,15,EIDO,74.8550724637681,-0.05036968576709233,-0.06021341463414631,-0.083271375464684,0.2058488183158605
2019-05-07,mirror28,16,EWY,73.18840579710144,-0.04850536719991505,-0.059178169125813196,-0.0537737354396044,0.17010162547886842
2019-05-07,mirror28,17,BA,73.04347826086956,-0.047566993982467776,-0.04616575883797913,-0.11775456274233786,0.22956443193433362
2019-05-07,mirror28,18,GT,73.04347826086956,-0.087836966335609,-0.0872483221476511,-0.05403959336543618,0.24814302831943927
2019-05-07,mirror28,19,AES,72.60869565217392,-0.05647992237221344,-0.08115619788771522,-0.04006968641114972,0.11308951105300519
2019-05-07,mirror28,20,M,72.39130434782608,-0.05785568118399187,-0.11184723304754485,-0.09347653142402557,0.2414535177821916
2019-05-07,bounded45,1,TUR,89.86238532110093,-0.08309090523009144,-0.1315366049879324,-0.2308514428215176,0.2043064522155184
2019-05-07,bounded45,2,SYNA,85.22935779816514,-0.09968534511612648,-0.10537519957424168,-0.19530876017233134,0.2856760814821932
2019-05-07,bounded45,3,HAL,84.95412844036697,-0.0950469440198548,-0.13902205177372962,-0.09292929292929286,0.21683712182324924
2019-05-07,bounded45,4,TV,84.90825688073394,-0.07710055758508372,-0.12647861692447682,-0.22330097087378642,0.2421307312029672
2019-05-07,bounded45,5,CCJ,81.92660550458716,-0.07609888903526674,-0.11223628691983123,-0.14748784440842788,0.23983733034050558
2019-05-07,bounded45,6,OLN,80.36697247706421,-0.09151867794337565,-0.1573033707865169,-0.14529914529914534,0.298638618125423
2019-05-07,bounded45,7,EYE,80.09174311926606,-0.07509560987644859,-0.12328767123287676,-0.17406358199559335,0.27001013000535845
2019-05-07,bounded45,8,IRM,79.95412844036697,-0.09678929961658689,-0.14986225895316796,-0.15475212270610783,0.337883178475772
2019-05-07,bounded45,9,PSX,79.58715596330276,-0.08336554704171739,-0.11953204476093593,-0.07452951240376393,0.22822070105857903
2019-05-07,bounded45,10,AMX,79.54128440366972,-0.07686264239884777,-0.10076530612244894,-0.11376492771841618,0.24348569130383343
2019-05-07,bounded45,11,WLK,79.54128440366972,-0.1529355862088282,-0.200290275761974,-0.17582268153385916,0.4023280414116232
2019-05-07,bounded45,12,NOK,78.57798165137615,-0.09107303877367257,-0.15436241610738255,-0.18181818181818188,0.37062795698025197
2019-05-07,bounded45,13,TDC,78.4862385321101,-0.13550389011842723,-0.13611491108071128,-0.17378979502834713,0.4216989063420933
2019-05-07,bounded45,14,MAT,77.79816513761467,-0.08681979220573599,-0.15225424981522528,-0.24688115561391988,0.38797431593599824
2019-05-07,bounded45,15,BGS,77.66055045871559,-0.10256410256410309,-0.08810020876826719,-0.15740740740740744,0.3991937415362924
2019-05-07,bounded45,16,NWSA,77.20183486238533,-0.0683254821435928,-0.07587859424920118,-0.07142857142857151,0.19129013465014932
2019-05-07,bounded45,17,DXC,76.60550458715596,-0.058286598336879436,-0.05832301980198029,-0.12050281751192016,0.21582946520021165
2019-05-07,bounded45,18,MC,76.3302752293578,-0.08079416117999538,-0.08833206783092873,-0.2208522604369456,0.37921810154161456
2019-05-07,bounded45,19,REGN,76.28440366972477,-0.08915875731193712,-0.19653092757812896,-0.20758983434105105,0.432176964152308
2019-05-07,bounded45,20,NRG,75.50458715596329,-0.05685700341629063,-0.07866507747318241,-0.07602199378436525,0.16868681960304155
2019-05-07,efficient60,1,NLY,88.2262996941896,-0.03229041315685377,-0.043607532210108935,-0.0738963531669865,0.12154606196834289
2019-05-07,efficient60,2,AMGN,85.47400611620796,-0.046592859453744584,-0.10780993431855501,-0.06521505376344083,0.1966718590274509
2019-05-07,efficient60,3,EMLC,83.33333333333334,-0.021456145075857025,-0.03053661428994947,-0.044697633654688707,0.0877952267807874
2019-05-07,efficient60,4,IRM,83.02752293577981,-0.09678929961658689,-0.14986225895316796,-0.15475212270610783,0.337883178475772
2019-05-07,efficient60,5,HAL,82.56880733944955,-0.0950469440198548,-0.13902205177372962,-0.09292929292929286,0.21683712182324924
2019-05-07,efficient60,6,NRG,81.80428134556576,-0.05685700341629063,-0.07866507747318241,-0.07602199378436525,0.16868681960304155
2019-05-07,efficient60,7,PSX,81.651376146789,-0.08336554704171739,-0.11953204476093593,-0.07452951240376393,0.22822070105857903
2019-05-07,efficient60,8,NEM,81.19266055045873,-0.06427048431312621,-0.1620294599018003,-0.09219858156028382,0.2358206057723967
2019-05-07,efficient60,9,EWY,80.88685015290521,-0.04850536719991505,-0.059178169125813196,-0.0537737354396044,0.17010162547886842
2019-05-07,efficient60,10,HRL,80.1223241590214,-0.035233856329415336,-0.08317580340264663,-0.09641360037261293,0.1828047874660333
2019-05-07,efficient60,11,NOK,79.66360856269112,-0.09107303877367257,-0.15436241610738255,-0.18181818181818188,0.37062795698025197
2019-05-07,efficient60,12,SLV,77.217125382263,-0.0026752273943152494,-0.023060796645702264,-0.05731625084288605,0.13323573717208845
2019-05-07,efficient60,13,UPS,77.06422018348624,-0.06998141602593644,-0.1042379573571992,-0.05559666975023114,0.3282580415008113
2019-05-07,efficient60,14,COP,75.68807339449542,-0.05408024811009482,-0.08339594290007513,-0.07938424388771514,0.20600379908219202
2019-05-07,efficient60,15,GDX,75.38226299694189,-0.026900035240206455,-0.0872631115028647,-0.07130044843049321,0.19927061499035548
2019-05-07,efficient60,16,LLY,74.61773700305811,-0.03784498706691086,-0.09609940232777603,-0.0389632107023411,0.2202128861017896
2019-05-07,efficient60,17,M,74.61773700305811,-0.05785568118399187,-0.11184723304754485,-0.09347653142402557,0.2414535177821916
2019-05-07,efficient60,18,GLW,73.39449541284405,-0.0738318868148854,-0.1014994232987313,-0.06678646301287816,0.26653104987448584
2019-05-07,efficient60,19,BA,73.08868501529052,-0.047566993982467776,-0.04616575883797913,-0.11775456274233786,0.22956443193433362
2019-05-07,efficient60,20,BKNG,72.93577981651377,-0.028174765210281172,-0.002096436058700135,-0.04596472474612501,0.15022165259337159
2019-06-05,legacy_short_proxy,1,GOOG,82.60074626865672,-0.07642408989400973,-0.11241696474195195,-0.11362476611668648,0.310700705707744
2019-06-05,legacy_short_proxy,2,GOOGL,82.23880597014926,-0.07786830977835324,-0.11384458771632167,-0.11414518317503397,0.31179368083904246
2019-06-05,legacy_short_proxy,3,PANW,82.09328358208955,-0.08962529306112788,-0.16372795969773302,-0.17310087173100863,0.36017776978725313
2019-06-05,legacy_short_proxy,4,BNY,81.1044776119403,-0.04284271981038523,-0.09410054009140012,-0.1585954080648273,0.18813481575126906
2019-06-05,legacy_short_proxy,5,GAP,81.10074626865672,-0.14893617021276262,-0.2600321027287319,-0.29885931558935364,0.41807009796633543
2019-06-05,legacy_short_proxy,6,PM,80.07089552238807,-0.06920421478789018,-0.08504086225275387,-0.1343567906768265,0.2337792755175698
2019-06-05,legacy_short_proxy,7,STT,79.4589552238806,-0.06973635847227255,-0.14325280812432672,-0.1894016596302227,0.22891278884651295
2019-06-05,legacy_short_proxy,8,HAL,79.44029850746269,-0.11833236248646462,-0.21343726800296958,-0.24022947292936536,0.3704318605857341
2019-06-05,legacy_short_proxy,9,KHC,79.01119402985076,-0.07543922320008156,-0.124,-0.11501398818775266,0.32829537400091713
2019-06-05,legacy_short_proxy,10,PVH,79.00373134328358,-0.14895239911329106,-0.26727959284189784,-0.20296455040628625,0.63335677874812
2019-06-05,legacy_short_proxy,11,XLE,78.83208955223881,-0.03836579999678469,-0.06085319949811785,-0.07734976887519263,0.20445561755370295
2019-06-05,legacy_short_proxy,12,FOXA,78.74253731343283,-0.06353056607886998,-0.07783145464304886,-0.3200079160894518,0.22724400084672566
2019-06-05,legacy_short_proxy,13,WY,77.83955223880598,-0.022346953735300712,-0.10334229734921252,-0.09674922600619196,0.21765750132512834
2019-06-05,legacy_short_proxy,14,TBT,77.68656716417911,-0.04504675259033786,-0.0805961070559611,-0.14070494599204086,0.19375848737603477
2019-06-05,legacy_short_proxy,15,NTNX,77.47761194029852,-0.18853795431918607,-0.2511318242343541,-0.21033417579331648,0.8486725800572537
2019-06-05,legacy_short_proxy,16,TEVA,77.39179104477613,-0.14804219560165632,-0.34770704996577684,-0.3960709759188846,0.8282974855622345
2019-06-05,legacy_short_proxy,17,FCX,77.34328358208955,-0.02884615384617295,-0.11713286713286708,-0.18284789644012944,0.3381813240842371
2019-06-05,legacy_short_proxy,18,SLB,77.17537313432837,-0.07520876619508565,-0.13940886699507393,-0.1696768060836502,0.2736030252083457
2019-06-05,legacy_short_proxy,19,GOOS,77.02985074626866,-0.2628420439786807,-0.3620155038759689,-0.3660697092239553,1.192903655619889
2019-06-05,legacy_short_proxy,20,USO,76.86567164179104,-0.12747599951390265,-0.15396700706991362,-0.09190556492411461,0.3535632579265306
2019-06-05,mirror28,1,PEB,92.30337078651685,-0.07197698342339387,-0.13877677739832361,-0.13877677739832361,0.1795024631575738
2019-06-05,mirror28,2,GMED,89.49438202247191,-0.04371157340008347,-0.08115606936416175,-0.14629430719656278,0.1768531536064521
2019-06-05,mirror28,3,PK,88.03370786516854,-0.0679822699251027,-0.12023084321898048,-0.12051282051282042,0.18907201230459283
2019-06-05,mirror28,4,BNY,87.80898876404495,-0.04284271981038523,-0.09410054009140012,-0.1585954080648273,0.18813481575126906
2019-06-05,mirror28,5,STT,87.30337078651684,-0.06973635847227255,-0.14325280812432672,-0.1894016596302227,0.22891278884651295
2019-06-05,mirror28,6,SVC,86.96629213483146,-0.05406459666094765,-0.0633449208188489,-0.08765989465763735,0.14674123364030395
2019-06-05,mirror28,7,TBT,86.85393258426967,-0.04504675259033786,-0.0805961070559611,-0.14070494599204086,0.19375848737603477
2019-06-05,mirror28,8,TKO,86.85393258426966,-0.052298510534302345,-0.13246202755210168,-0.16310767832803275,0.2149909749091314
2019-06-05,mirror28,9,PM,82.75280898876404,-0.06920421478789018,-0.08504086225275387,-0.1343567906768265,0.2337792755175698
2019-06-05,mirror28,10,SLB,80.73033707865169,-0.07520876619508565,-0.13940886699507393,-0.1696768060836502,0.2736030252083457
2019-06-05,mirror28,11,SFM,79.77528089887642,-0.033483903348403676,-0.09245960502693007,-0.09000900090009001,0.16606318726736835
2019-06-05,mirror28,12,NLY,79.71910112359551,-0.03088449307390817,-0.06839378238341975,-0.12718446601941746,0.18231951879215275
2019-06-05,mirror28,13,SIRI,79.32584269662921,-0.04355716878402738,-0.07867132867132864,-0.11725293132328307,0.2204120253517684
2019-06-05,mirror28,14,EQNR,79.04494382022472,-0.058788817585007314,-0.10056390977443608,-0.1187845303867403,0.23882274028309852
2019-06-05,mirror28,15,MMM,77.07865168539325,-0.02543910258315818,-0.08525011165698981,-0.2088363109608885,0.19378858053922388
2019-06-05,mirror28,16,HST,75.56179775280899,-0.03372157809556153,-0.059400826446280974,-0.06327160493827166,0.17359101276356684
2019-06-05,mirror28,17,NUS,75.4494382022472,-0.040354958722289336,-0.11896178803172308,-0.17082273112807467,0.2696918485108922
2019-06-05,mirror28,18,COP,75.22471910112361,-0.06219451084768701,-0.06426229508196724,-0.13344466373159258,0.27864815637940027
2019-06-05,mirror28,19,SU,74.8876404494382,-0.04912937295822195,-0.05930342014433643,-0.09234029669996979,0.2403558172654361
2019-06-05,mirror28,20,VDE,74.8876404494382,-0.041895419760688335,-0.06799163179916323,-0.08207417582417587,0.21587939488262095
2019-06-05,bounded45,1,PEB,87.75,-0.07197698342339387,-0.13877677739832361,-0.13877677739832361,0.1795024631575738
2019-06-05,bounded45,2,STT,87.75,-0.06973635847227255,-0.14325280812432672,-0.1894016596302227,0.22891278884651295
2019-06-05,bounded45,3,UNG,84.31249999999999,-0.08075038941687218,-0.07454545454545458,-0.16762060506950127,0.2826653254422493
2019-06-05,bounded45,4,SLB,84.21875,-0.07520876619508565,-0.13940886699507393,-0.1696768060836502,0.2736030252083457
2019-06-05,bounded45,5,PK,83.9375,-0.0679822699251027,-0.12023084321898048,-0.12051282051282042,0.18907201230459283
2019-06-05,bounded45,6,NOV,83.5625,-0.10679021722620008,-0.1881656804733729,-0.22339622641509438,0.3560139210243713
2019-06-05,bounded45,7,HAL,83.09375,-0.11833236248646462,-0.21343726800296958,-0.24022947292936536,0.3704318605857341
2019-06-05,bounded45,8,MUR,82.96874999999999,-0.07877499098140195,-0.0961251862891207,-0.18672477371773377,0.3131860190348142
2019-06-05,bounded45,9,TKO,82.43750000000001,-0.052298510534302345,-0.13246202755210168,-0.16310767832803275,0.2149909749091314
2019-06-05,bounded45,10,OIH,81.84375,-0.08377503958148325,-0.16289308176100636,-0.1947973381730188,0.35530560833447333
2019-06-05,bounded45,11,PM,81.5,-0.06920421478789018,-0.08504086225275387,-0.1343567906768265,0.2337792755175698
2019-06-05,bounded45,12,PANW,80.65625,-0.08962529306112788,-0.16372795969773302,-0.17310087173100863,0.36017776978725313
2019-06-05,bounded45,13,GMED,80.59375,-0.04371157340008347,-0.08115606936416175,-0.14629430719656278,0.1768531536064521
2019-06-05,bounded45,14,BNY,80.21875,-0.04284271981038523,-0.09410054009140012,-0.1585954080648273,0.18813481575126906
2019-06-05,bounded45,15,TBT,79.25,-0.04504675259033786,-0.0805961070559611,-0.14070494599204086,0.19375848737603477
2019-06-05,bounded45,16,TCOM,79.15625,-0.0835733304352505,-0.17811890838206634,-0.19537213740458026,0.408086384853553
2019-06-05,bounded45,17,BYD,78.59375,-0.0673737353971321,-0.10041525103812765,-0.18724420190995916,0.3403856452539331
2019-06-05,bounded45,18,SVC,78.15625,-0.05406459666094765,-0.0633449208188489,-0.08765989465763735,0.14674123364030395
2019-06-05,bounded45,19,BOX,77.46875,-0.11187553748729684,-0.14927608587119334,-0.13982836951034827,0.3638020335692545
2019-06-05,bounded45,20,EQNR,77.46875,-0.058788817585007314,-0.10056390977443608,-0.1187845303867403,0.23882274028309852
2019-06-05,efficient60,1,MMM,90.625,-0.02543910258315818,-0.08525011165698981,-0.2088363109608885,0.19378858053922388
2019-06-05,efficient60,2,PM,88.12500000000001,-0.06920421478789018,-0.08504086225275387,-0.1343567906768265,0.2337792755175698
2019-06-05,efficient60,3,FXI,86.56250000000001,-0.017144256674023306,-0.05709586466165417,-0.07979821141939913,0.18278064454195408
2019-06-05,efficient60,4,BNY,86.45833333333334,-0.04284271981038523,-0.09410054009140012,-0.1585954080648273,0.18813481575126906
2019-06-05,efficient60,5,NLY,85.00000000000001,-0.03088449307390817,-0.06839378238341975,-0.12718446601941746,0.18231951879215275
2019-06-05,efficient60,6,COP,84.89583333333334,-0.06219451084768701,-0.06426229508196724,-0.13344466373159258,0.27864815637940027
2019-06-05,efficient60,7,XOM,84.79166666666666,-0.021643686866996137,-0.04874869655891545,-0.08523439458510906,0.17782914538756867
2019-06-05,efficient60,8,MCHI,83.125,-0.032930825987124046,-0.09258345666831114,-0.09748119070984629,0.24397252848793619
2019-06-05,efficient60,9,XLE,82.50000000000001,-0.03836579999678469,-0.06085319949811785,-0.07734976887519263,0.20445561755370295
2019-06-05,efficient60,10,STT,81.35416666666669,-0.06973635847227255,-0.14325280812432672,-0.1894016596302227,0.22891278884651295
2019-06-05,efficient60,11,KHC,81.04166666666667,-0.07543922320008156,-0.124,-0.11501398818775266,0.32829537400091713
2019-06-05,efficient60,12,MO,80.3125,-0.03296746068815226,-0.06139025311673596,-0.11283699339403674,0.24551179660775804
2019-06-05,efficient60,13,SLB,78.95833333333336,-0.07520876619508565,-0.13940886699507393,-0.1696768060836502,0.2736030252083457
2019-06-05,efficient60,14,TBT,78.64583333333334,-0.04504675259033786,-0.0805961070559611,-0.14070494599204086,0.19375848737603477
2019-06-05,efficient60,15,PANW,77.70833333333333,-0.08962529306112788,-0.16372795969773302,-0.17310087173100863,0.36017776978725313
2019-06-05,efficient60,16,NRG,77.60416666666667,-0.013928436171868452,-0.09055627425614488,-0.1588896865278775,0.25942098096920657
2019-06-05,efficient60,17,ADM,76.97916666666666,-0.020624984412803915,-0.08054319831421208,-0.08333333333333337,0.21437777074687334
2019-06-05,efficient60,18,SPG,76.875,-0.030735013706017278,-0.05217491237143024,-0.06214464407550602,0.17300194106626204
2019-06-05,efficient60,19,BBY,76.77083333333334,-0.05996758508914324,-0.13739937235639255,-0.08003492433061699,0.3222523744000871
2019-06-05,efficient60,20,JNJ,76.35416666666667,-0.015700593670688545,-0.039937129384868264,-0.030167436489607402,0.19053856213156983
2019-07-03,legacy_short_proxy,1,ZBH,78.66497829232995,-0.0062841022349048314,-0.007508014172431299,-0.08628456042249133,0.16736098390751417
2019-07-03,legacy_short_proxy,2,SCHW,78.36468885672937,-0.0139797920703989,-0.07606212882594787,-0.09669495310406429,0.2516373409366907
2019-07-03,legacy_short_proxy,3,VXX,78.35021707670043,-0.11602002032137437,-0.17376011255715795,-0.15715823466092582,0.3076823471637452
2019-07-03,legacy_short_proxy,4,VST,77.7821997105644,-0.04237918215613945,-0.08411214953271029,-0.1250000000000001,0.2546699514094254
2019-07-03,legacy_short_proxy,5,OLLI,76.98986975397975,-0.07515595603524716,-0.12846034214618973,-0.05962635641570646,0.2598320654876512
2019-07-03,legacy_short_proxy,6,SLG,76.71852387843705,-0.03886595529246395,-0.08077045865701826,-0.1155027646938358,0.2001896819951542
2019-07-03,legacy_short_proxy,7,MO,75.86107091172214,-0.010490530360185102,-0.010062386798148526,-0.11016642547033295,0.24720063078896395
2019-07-03,legacy_short_proxy,8,PEG,75.82127351664253,-0.006735129367845261,-0.01357615894039732,0.005569620253164542,0.14221192502972652
2019-07-03,legacy_short_proxy,9,UNH,75.78147612156296,-0.0036710704613980294,0.010050665238703349,-0.014231155778894444,0.16779708430201923
2019-07-03,legacy_short_proxy,10,ABBV,74.91678726483357,-0.010376785572824954,-0.027251492343628447,-0.10740652536318185,0.6404247204705668
2019-07-03,legacy_short_proxy,11,LYFT,74.5369030390738,-0.022304682773364615,-0.03824789715918098,-0.13712088850918414,0.44700895207891667
2019-07-03,legacy_short_proxy,12,SSNC,73.90014471780029,-0.0020764838207295577,0.0036547163243996206,-0.09494664155681098,0.2065244731009752
2019-07-03,legacy_short_proxy,13,BA,73.69392185238785,-0.01618505612659893,0.016401433691756395,-0.053535191712058006,0.2828725688238653
2019-07-03,legacy_short_proxy,14,NEU,73.69392185238785,-0.001147431887612127,-0.012565108988126017,-0.07119305252403296,0.12643488816682186
2019-07-03,legacy_short_proxy,15,TTC,73.64327062228654,-0.019877133912226674,-0.020947042336627808,-0.06415679639029892,0.13582773711729468
2019-07-03,legacy_short_proxy,16,SDS,73.59623733719248,-0.05398276771584487,-0.11300959232613905,-0.07270448135380758,0.15230777232324694
2019-07-03,legacy_short_proxy,17,FDX,73.41534008683068,-0.005633429739227758,0.017844756920360583,-0.15654718361375275,0.280811790833828
2019-07-03,legacy_short_proxy,18,RL,73.2959479015919,-0.023681187593901698,-0.004415209947738363,-0.13273155416012572,0.24744132125042434
2019-07-03,legacy_short_proxy,19,CC,72.96671490593343,-0.08973681429024094,-0.03969669937555753,-0.44005201560468143,0.44926888962341865
2019-07-03,legacy_short_proxy,20,ROL,72.53617945007235,-0.005173420295099929,-0.024476904855902037,-0.11338356655902404,0.24369764979917907
2019-07-03,mirror28,1,TBT,83.56164383561642,-0.03744954784651655,-0.06516705259675815,-0.15967885816235505,0.1692608664085778
2019-07-03,mirror28,2,SPXU,79.72602739726027,-0.08028277455029798,-0.1649189704480457,-0.1118621155795877,0.22962665798198437
2019-07-03,mirror28,3,SPXS,79.17808219178082,-0.07958880881729402,-0.16410009624639077,-0.11241696474195195,0.22964218599257455
2019-07-03,mirror28,4,SDS,78.4931506849315,-0.05398276771584487,-0.11300959232613905,-0.07270448135380758,0.15230777232324694
2019-07-03,mirror28,5,TV,78.21917808219177,-0.03518601523976361,-0.09177215189873433,-0.2165605095541402,0.20578502370531804
2019-07-03,mirror28,6,SLG,77.26027397260273,-0.03886595529246395,-0.08077045865701826,-0.1155027646938358,0.2001896819951542
2019-07-03,mirror28,7,GMED,77.12328767123286,-0.02312944797077654,0.022395571212883825,-0.14803942126231906,0.16651045406788717
2019-07-03,mirror28,8,SFM,75.47945205479452,-0.0555484612437851,-0.08555885262116714,-0.13517305893358278,0.2536358568159565
2019-07-03,mirror28,9,KR,75.20547945205479,-0.06416241450438431,-0.07787762088147199,-0.09681475272422457,0.2294928377532645
2019-07-03,mirror28,10,DXD,73.6986301369863,-0.042912202408401545,-0.10424577148774594,-0.053265231667274815,0.14184866812800487
2019-07-03,mirror28,11,CAKE,72.05479452054794,-0.024153936280475352,-0.024329804009912137,-0.1029411764705882,0.17982514959053278
2019-07-03,mirror28,12,VST,71.64383561643834,-0.04237918215613945,-0.08411214953271029,-0.1250000000000001,0.2546699514094254
2019-07-03,mirror28,13,CNC,70.27397260273973,-0.04560112260356397,-0.0467792834601819,-0.09339689265536721,0.23838819506263545
2019-07-03,mirror28,14,QID,69.45205479452054,-0.0671973776633128,-0.16114542391914644,-0.07863089731729878,0.24145037415816692
2019-07-03,mirror28,15,BDN,68.76712328767124,-0.03109808883266696,-0.07560355781448536,-0.0877742946708463,0.19854581810989125
2019-07-03,mirror28,16,PSQ,67.53424657534246,-0.0339434742969239,-0.08349966733200276,-0.03603918824352703,0.116306460831554
2019-07-03,mirror28,17,SH,66.57534246575342,-0.028255733923614135,-0.059416636658264244,-0.03545051698670598,0.07126256164880675
2019-07-03,mirror28,18,LEA,66.16438356164383,-0.01374185854507326,0.009237008110543732,-0.11979303117631657,0.17301588240760685
2019-07-03,mirror28,19,RL,65.47945205479452,-0.023681187593901698,-0.004415209947738363,-0.13273155416012572,0.24744132125042434
2019-07-03,mirror28,20,TTC,64.7945205479452,-0.019877133912226674,-0.020947042336627808,-0.06415679639029892,0.13582773711729468
2019-07-03,bounded45,1,VXX,80.5952380952381,-0.11602002032137437,-0.17376011255715795,-0.15715823466092582,0.3076823471637452
2019-07-03,bounded45,2,VIXY,80.11904761904762,-0.11504019421476142,-0.17294520547945214,-0.1567001309471847,0.3063063597728877
2019-07-03,bounded45,3,SPXU,77.5,-0.08028277455029798,-0.1649189704480457,-0.1118621155795877,0.22962665798198437
2019-07-03,bounded45,4,SPXS,77.38095238095238,-0.07958880881729402,-0.16410009624639077,-0.11241696474195195,0.22964218599257455
2019-07-03,bounded45,5,AVAV,75.59523809523809,-0.08253557993859495,-0.14916030534351155,-0.17959664360370986,0.4337163668215471
2019-07-03,bounded45,6,TBT,72.61904761904762,-0.03744954784651655,-0.06516705259675815,-0.15967885816235505,0.1692608664085778
2019-07-03,bounded45,7,TV,72.6190476190476,-0.03518601523976361,-0.09177215189873433,-0.2165605095541402,0.20578502370531804
2019-07-03,bounded45,8,SFM,71.9047619047619,-0.0555484612437851,-0.08555885262116714,-0.13517305893358278,0.2536358568159565
2019-07-03,bounded45,9,HQY,71.42857142857142,-0.06524218860666287,-0.020162550797124035,-0.1874270900842515,0.41742098343080414
2019-07-03,bounded45,10,SQQQ,71.30952380952381,-0.09924591884650447,-0.2325253000706049,-0.12338709677419357,0.36183266230622096
2019-07-03,bounded45,11,KR,70.59523809523809,-0.06416241450438431,-0.07787762088147199,-0.09681475272422457,0.2294928377532645
2019-07-03,bounded45,12,MED,70.0,-0.07793974438159434,-0.07093769089798418,-0.11686143572621044,0.3346901080664772
2019-07-03,bounded45,13,SDS,69.64285714285715,-0.05398276771584487,-0.11300959232613905,-0.07270448135380758,0.15230777232324694
2019-07-03,bounded45,14,HCC,69.16666666666667,-0.05035862303892624,-0.07655502392344504,-0.1958333333333333,0.3391328008331176
2019-07-03,bounded45,15,QID,68.45238095238095,-0.0671973776633128,-0.16114542391914644,-0.07863089731729878,0.24145037415816692
2019-07-03,bounded45,16,BGS,68.33333333333333,-0.05353445726116479,-0.10073497622135752,-0.13152400835073064,0.2919549614029576
2019-07-03,bounded45,17,CCL,67.14285714285715,-0.06738157987740945,-0.09255256435449011,-0.1205484669586745,0.35393553469550554
2019-07-03,bounded45,18,SLG,65.95238095238095,-0.03886595529246395,-0.08077045865701826,-0.1155027646938358,0.2001896819951542
2019-07-03,bounded45,19,RAMP,65.59523809523809,-0.06138197123816502,-0.08409935458634865,-0.14590552617180375,0.4016170014703987
2019-07-03,bounded45,20,HCSG,65.47619047619047,-0.0516599908174159,-0.0812883435582823,-0.1291072986333237,0.30015131196889017
2019-07-03,efficient60,1,SLG,78.17460317460318,-0.03886595529246395,-0.08077045865701826,-0.1155027646938358,0.2001896819951542
2019-07-03,efficient60,2,SCHW,75.0,-0.0139797920703989,-0.07606212882594787,-0.09669495310406429,0.2516373409366907
2019-07-03,efficient60,3,CCL,74.60317460317461,-0.06738157987740945,-0.09255256435449011,-0.1205484669586745,0.35393553469550554
2019-07-03,efficient60,4,SDS,73.80952380952381,-0.05398276771584487,-0.11300959232613905,-0.07270448135380758,0.15230777232324694
2019-07-03,efficient60,5,TBT,73.80952380952381,-0.03744954784651655,-0.06516705259675815,-0.15967885816235505,0.1692608664085778
2019-07-03,efficient60,6,TV,72.22222222222223,-0.03518601523976361,-0.09177215189873433,-0.2165605095541402,0.20578502370531804
2019-07-03,efficient60,7,VST,72.22222222222223,-0.04237918215613945,-0.08411214953271029,-0.1250000000000001,0.2546699514094254
2019-07-03,efficient60,8,ZBH,71.82539682539682,-0.0062841022349048314,-0.007508014172431299,-0.08628456042249133,0.16736098390751417
2019-07-03,efficient60,9,GWW,71.42857142857143,-0.00885386513066444,-0.001411799673057157,-0.14662179324358648,0.1882513879270511
2019-07-03,efficient60,10,MO,71.03174603174605,-0.010490530360185102,-0.010062386798148526,-0.11016642547033295,0.24720063078896395
2019-07-03,efficient60,11,KR,70.63492063492065,-0.06416241450438431,-0.07787762088147199,-0.09681475272422457,0.2294928377532645
2019-07-03,efficient60,12,SH,69.84126984126985,-0.028255733923614135,-0.059416636658264244,-0.03545051698670598,0.07126256164880675
2019-07-03,efficient60,13,SPXU,69.44444444444446,-0.08028277455029798,-0.1649189704480457,-0.1118621155795877,0.22962665798198437
2019-07-03,efficient60,14,RITM,68.65079365079364,-0.010587102983625973,-0.019083969465648942,-0.07885304659498205,0.21925914624603995
2019-07-03,efficient60,15,SPXS,67.06349206349206,-0.07958880881729402,-0.16410009624639077,-0.11241696474195195,0.22964218599257455
2019-07-03,efficient60,16,SFM,65.87301587301587,-0.0555484612437851,-0.08555885262116714,-0.13517305893358278,0.2536358568159565
2019-07-03,efficient60,17,DOW,65.87301587301586,-0.01940126426272193,-0.020063567739372345,-0.13683289588801406,0.2814648510528873
2019-07-03,efficient60,18,OLLI,62.6984126984127,-0.07515595603524716,-0.12846034214618973,-0.05962635641570646,0.2598320654876512
2019-07-03,efficient60,19,VXX,62.30158730158731,-0.11602002032137437,-0.17376011255715795,-0.15715823466092582,0.3076823471637452
2019-07-03,efficient60,20,NEU,62.301587301587304,-0.001147431887612127,-0.012565108988126017,-0.07119305252403296,0.12643488816682186
2019-08-01,legacy_short_proxy,1,FXI,83.58895705521472,-0.04431094986022266,-0.06884561891515995,-0.05615601503759404,0.11749645064943007
2019-08-01,legacy_short_proxy,2,PFE,82.08588957055215,-0.09584086799276592,-0.1385135135135135,-0.06318883174136658,0.29287310781491616
2019-08-01,legacy_short_proxy,3,EEM,81.83282208588957,-0.039804960382580634,-0.05250983113578522,-0.035327366933584514,0.10421666635848924
2019-08-01,legacy_short_proxy,4,IEMG,81.16947852760737,-0.03928937478645955,-0.05128205128205121,-0.03755133972227653,0.10257005230184621
2019-08-01,legacy_short_proxy,5,ALGN,81.08512269938652,-0.20969842779392422,-0.2641818181818182,-0.37836011182452156,1.0043902698575462
2019-08-01,legacy_short_proxy,6,ABBV,80.49463190184049,-0.04468077383761737,-0.12219850586979719,-0.15586914688903153,0.1592439973189901
2019-08-01,legacy_short_proxy,7,WMB,79.4516871165644,-0.06350342195556391,-0.10109193377949988,-0.07267441860465118,0.25829890031098923
2019-08-01,legacy_short_proxy,8,NTES,79.07592024539878,-0.09187247055498582,-0.15289022782903405,-0.1484005300018928,0.22517726852836925
2019-08-01,legacy_short_proxy,9,XOP,79.05291411042944,-0.06854303980364795,-0.10122230710465996,-0.20074728260869568,0.3707637964374986
2019-08-01,legacy_short_proxy,10,DLTR,78.85352760736197,-0.09454912828689044,-0.10988610478359906,-0.0735893788525368,0.2152582954110492
2019-08-01,legacy_short_proxy,11,ADSK,78.79601226993866,-0.0908067631133107,-0.10773255813953486,-0.10104264292408627,0.21851320323165813
2019-08-01,legacy_short_proxy,12,FTV,78.28220858895705,-0.07104154124021755,-0.10680173661360337,-0.11651875178929283,0.26418683464717774
2019-08-01,legacy_short_proxy,13,NFG,78.07131901840489,-0.061436180864273715,-0.1305880170654795,-0.1791593695271454,0.19280478780120272
2019-08-01,legacy_short_proxy,14,IVZ,78.00613496932516,-0.08934707903780126,-0.1344860710854947,-0.15478424015009384,0.3012966443487028
2019-08-01,legacy_short_proxy,15,BIDU,77.82975460122701,-0.039848781238341235,-0.07886302294197034,-0.326404736939493,0.21515849186950028
2019-08-01,legacy_short_proxy,16,RL,77.50766871165644,-0.10013732440952161,-0.10743053670015379,-0.2040997498184165,0.33047183845063
2019-08-01,legacy_short_proxy,17,SSNC,77.43098159509204,-0.18012248223656557,-0.18865961505115314,-0.2058723693143245,0.6226633896597733
2019-08-01,legacy_short_proxy,18,BP,77.35812883435582,-0.023498629142294614,-0.05705996131528046,-0.07626717195641874,0.1646628024905065
2019-08-01,legacy_short_proxy,19,SU,77.28911042944785,-0.06872752017109296,-0.08149568552253117,-0.0982114841543772,0.18226048978896417
2019-08-01,legacy_short_proxy,20,NWL,77.204754601227,-0.07808477775871636,-0.13130659767141017,-0.1585213032581454,0.2569656565880056
2019-08-01,mirror28,1,NFG,85.11363636363636,-0.061436180864273715,-0.1305880170654795,-0.1791593695271454,0.19280478780120272
2019-08-01,mirror28,2,NTES,84.43181818181817,-0.09187247055498582,-0.15289022782903405,-0.1484005300018928,0.22517726852836925
2019-08-01,mirror28,3,SU,84.0909090909091,-0.06872752017109296,-0.08149568552253117,-0.0982114841543772,0.18226048978896417
2019-08-01,mirror28,4,EXC,83.48484848484848,-0.06502695417789872,-0.094431980420151,-0.09535452322738391,0.17307894255984901
2019-08-01,mirror28,5,BOX,82.76515151515152,-0.052832965415756994,-0.0852757248436612,-0.19670494258612092,0.17375302806631124
2019-08-01,mirror28,6,ADSK,82.72727272727272,-0.0908067631133107,-0.10773255813953486,-0.10104264292408627,0.21851320323165813
2019-08-01,mirror28,7,EWH,82.61363636363636,-0.06554686745825844,-0.0878251036562383,-0.07101727447216899,0.13482587141073538
2019-08-01,mirror28,8,JOYY,82.5,-0.08371662363276644,-0.13966638394119302,-0.18483793195821052,0.24096352529069262
2019-08-01,mirror28,9,EQNR,81.51515151515152,-0.08618517740919684,-0.1264425489212243,-0.1818609022556391,0.2486157810230792
2019-08-01,mirror28,10,SKT,80.75757575757576,-0.054910727957622085,-0.04517326732673266,-0.18056293149229952,0.20734783421000258
2019-08-01,mirror28,11,DLTR,80.37878787878788,-0.09454912828689044,-0.10988610478359906,-0.0735893788525368,0.2152582954110492
2019-08-01,mirror28,12,BILI,80.03787878787878,-0.07456787025127865,-0.11304870715574256,-0.13692217671152718,0.2401464536138461
2019-08-01,mirror28,13,UBS,79.58333333333333,-0.08160676532769029,-0.0942452043369475,-0.1112929623567922,0.2375666533053479
2019-08-01,mirror28,14,NWL,78.86363636363637,-0.07808477775871636,-0.13130659767141017,-0.1585213032581454,0.2569656565880056
2019-08-01,mirror28,15,ING,78.78787878787878,-0.0791253873347103,-0.09286328460877047,-0.1237541528239201,0.24819492943425617
2019-08-01,mirror28,16,BAP,78.03030303030303,-0.05863639023311562,-0.0748817992077353,-0.0728677537778536,0.18087270634580224
2019-08-01,mirror28,17,LVS,77.95454545454545,-0.06586598036413382,-0.05496624879459988,-0.08766485647788991,0.22447461848021094
2019-08-01,mirror28,18,ABBV,77.34848484848486,-0.04468077383761737,-0.12219850586979719,-0.15586914688903153,0.1592439973189901
2019-08-01,mirror28,19,UI,76.81818181818181,-0.061287937097236234,-0.0575757575757575,-0.2403053435114504,0.2606251804184917
2019-08-01,mirror28,20,EZA,76.74242424242425,-0.06489557938839507,-0.07551319648093846,-0.09475951184493903,0.2327414898810744
2019-08-01,bounded45,1,NTES,84.49735449735451,-0.09187247055498582,-0.15289022782903405,-0.1484005300018928,0.22517726852836925
2019-08-01,bounded45,2,FIVE,82.67195767195767,-0.10691767796974372,-0.1251191611058151,-0.20027594219737133,0.32951594933411027
2019-08-01,bounded45,3,JOYY,82.46031746031746,-0.08371662363276644,-0.13966638394119302,-0.18483793195821052,0.24096352529069262
2019-08-01,bounded45,4,EQNR,82.40740740740742,-0.08618517740919684,-0.1264425489212243,-0.1818609022556391,0.2486157810230792
2019-08-01,bounded45,5,RL,82.01058201058201,-0.10013732440952161,-0.10743053670015379,-0.2040997498184165,0.33047183845063
2019-08-01,bounded45,6,YINN,81.2962962962963,-0.13380159340795683,-0.20246800731261427,-0.17298578199052128,0.3481559164852289
2019-08-01,bounded45,7,ADSK,80.15873015873017,-0.0908067631133107,-0.10773255813953486,-0.10104264292408627,0.21851320323165813
2019-08-01,bounded45,8,NFG,79.76190476190476,-0.061436180864273715,-0.1305880170654795,-0.1791593695271454,0.19280478780120272
2019-08-01,bounded45,9,NWL,78.83597883597884,-0.07808477775871636,-0.13130659767141017,-0.1585213032581454,0.2569656565880056
2019-08-01,bounded45,10,IVZ,78.62433862433863,-0.08934707903780126,-0.1344860710854947,-0.15478424015009384,0.3012966443487028
2019-08-01,bounded45,11,UNM,78.4920634920635,-0.09056357085303435,-0.13254060324825978,-0.1607744107744108,0.32036027063338174
2019-08-01,bounded45,12,BL,78.38624338624336,-0.11144531127611168,-0.14354741292530704,-0.11078595317725759,0.28709579772826227
2019-08-01,bounded45,13,BGS,78.3068783068783,-0.08056604258159317,-0.13942307692307698,-0.18040293040293043,0.2894769561215582
2019-08-01,bounded45,14,SBGI,78.14814814814814,-0.0947459553054486,-0.12408376963350787,-0.1759973731735347,0.37669253844815737
2019-08-01,bounded45,15,TECK,78.0952380952381,-0.11403812824956383,-0.14151365875503796,-0.12465753424657522,0.33593941810041034
2019-08-01,bounded45,16,REZI,78.06878306878306,-0.08668730650154721,-0.16484018264840183,-0.20131004366812222,0.34983699497364534
2019-08-01,bounded45,17,MT,77.93650793650794,-0.08045977011495176,-0.11264367816091947,-0.22645290581162325,0.33169547726431015
2019-08-01,bounded45,18,ATI,77.5132275132275,-0.12099905551473567,-0.1713494261970716,-0.12640801001251556,0.3589774212697525
2019-08-01,bounded45,19,BILI,77.48677248677248,-0.07456787025127865,-0.11304870715574256,-0.13692217671152718,0.2401464536138461
2019-08-01,bounded45,20,DLTR,77.3015873015873,-0.09454912828689044,-0.10988610478359906,-0.0735893788525368,0.2152582954110492
2019-08-01,efficient60,1,ABBV,92.23985890652557,-0.04468077383761737,-0.12219850586979719,-0.15586914688903153,0.1592439973189901
2019-08-01,efficient60,2,EXC,86.77248677248679,-0.06502695417789872,-0.094431980420151,-0.09535452322738391,0.17307894255984901
2019-08-01,efficient60,3,FXI,83.7742504409171,-0.04431094986022266,-0.06884561891515995,-0.05615601503759404,0.11749645064943007
2019-08-01,efficient60,4,NTAP,83.50970017636686,-0.031443268690153126,-0.07649223875820133,-0.16519600752205987,0.19171418977969118
2019-08-01,efficient60,5,CSX,82.36331569664904,-0.07345884090070032,-0.13877239801753716,-0.13415101571483323,0.41395090466028917
2019-08-01,efficient60,6,JNJ,82.18694885361552,-0.025774467798746592,-0.08336850991979738,-0.06915767664499539,0.19714112798665254
2019-08-01,efficient60,7,XOM,81.92239858906528,-0.04224384054139163,-0.05206698063840931,-0.055526590198123116,0.13684163854434753
2019-08-01,efficient60,8,A,81.30511463844798,-0.022298819723537977,-0.09882812500000004,-0.0973001173862007,0.1685568789505771
2019-08-01,efficient60,9,SPG,80.95238095238095,-0.018748948526081333,-0.04574925771071936,-0.095098546227662,0.17622357826765683
2019-08-01,efficient60,10,EWY,80.86419753086419,-0.041745148714365854,-0.05998624957029908,-0.07774030354131534,0.14272098203148734
2019-08-01,efficient60,11,PFE,80.59964726631394,-0.09584086799276592,-0.1385135135135135,-0.06318883174136658,0.29287310781491616
2019-08-01,efficient60,12,SJM,80.07054673721342,-0.026589534944504778,-0.06681700492775411,-0.10680310176672791,0.16615115547523107
2019-08-01,efficient60,13,QCOM,79.54144620811289,-0.050470430555654255,-0.07085997651050491,-0.16431924882629112,0.22860784411011065
2019-08-01,efficient60,14,BRK.B,78.92416225749558,-0.03830383705850793,-0.06251161926008542,-0.036861958649668125,0.13450548444336602
2019-08-01,efficient60,15,EEM,78.39506172839508,-0.039804960382580634,-0.05250983113578522,-0.035327366933584514,0.10421666635848924
2019-08-01,efficient60,16,BP,78.21869488536156,-0.023498629142294614,-0.05705996131528046,-0.07626717195641874,0.1646628024905065
2019-08-01,efficient60,17,HSBC,78.21869488536156,-0.03698585300214019,-0.05653206650831355,-0.07949015063731169,0.08462512550553393
2019-08-01,efficient60,18,IEMG,77.68959435626103,-0.03928937478645955,-0.05128205128205121,-0.03755133972227653,0.10257005230184621
2019-08-01,efficient60,19,SYY,77.24867724867724,-0.029489823933988135,-0.03930313588850165,-0.05445816186556929,0.12335218483655587
2019-08-01,efficient60,20,KR,76.71957671957672,-0.0006269301321198961,-0.0013921113689095987,-0.1649204501358168,0.20299860321685045
2019-08-29,legacy_short_proxy,1,MO,83.91605839416059,-0.0429328430842556,-0.07581453634085222,-0.10947876836385584,0.26684494024165817
2019-08-29,legacy_short_proxy,2,AGNC,83.16788321167884,-0.08777545241905593,-0.1328262141603277,-0.11942959001782516,0.1995787716012728
2019-08-29,legacy_short_proxy,3,DPZ,82.64598540145985,-0.04290891786590001,-0.08367571085709646,-0.21055582813485663,0.21945292781062523
2019-08-29,legacy_short_proxy,4,NLY,80.95620437956204,-0.07658971580966423,-0.11501597444089462,-0.07563959955506117,0.24157262026067916
2019-08-29,legacy_short_proxy,5,UNH,80.7956204379562,-0.04177235964907122,-0.07474423269809427,-0.05004736993862502,0.25802819535270766
2019-08-29,legacy_short_proxy,6,ELV,80.17153284671534,-0.05086541535370004,-0.11319337770950666,-0.06185902065578508,0.30944552720501906
2019-08-29,legacy_short_proxy,7,UNP,80.14598540145987,-0.022159073732566092,-0.07588137820695962,-0.06232606679035246,0.2888124388096596
2019-08-29,legacy_short_proxy,8,HDB,79.12408759124088,-0.024657134519994295,-0.06666666666666665,-0.1646360512339894,0.2500091410734732
2019-08-29,legacy_short_proxy,9,PM,78.67518248175182,-0.1037657367866377,-0.1180109157064888,-0.05864077669902912,0.4255003988155379
2019-08-29,legacy_short_proxy,10,JNJ,78.6021897810219,-0.017837312072547018,-0.01573413155268999,-0.0456913231135585,0.1710807711342124
2019-08-29,legacy_short_proxy,11,PFE,78.54014598540147,-0.003989118024325999,-0.07633986928104575,-0.1683145009416196,0.23815213850661912
2019-08-29,legacy_short_proxy,12,BIIB,78.44525547445255,-0.04761698768206768,-0.09421542006089034,-0.02622849307797781,0.24273667304362984
2019-08-29,legacy_short_proxy,13,SLB,78.17153284671534,-0.04140728304632402,-0.16229550766034795,-0.07670291929021178,0.4213022741104534
2019-08-29,legacy_short_proxy,14,OLLI,78.09124087591242,-0.27253952888028743,-0.3154378719786226,-0.41565578019699323,1.0277362753630446
2019-08-29,legacy_short_proxy,15,ELAN,78.08759124087591,-0.1028147327993374,-0.21566848154869944,-0.211854103343465,0.44719966440711395
2019-08-29,legacy_short_proxy,16,NSC,78.08759124087591,-0.002595709646426858,-0.061995913539090286,-0.14047102877414275,0.25750089637038354
2019-08-29,legacy_short_proxy,17,ADSK,77.93795620437956,-0.025038792013286182,-0.07063269694402818,-0.1158018721715951,0.42625308269316603
2019-08-29,legacy_short_proxy,18,CNC,77.83576642335767,-0.024564876333263874,-0.09795520934761448,-0.1401522183033228,0.3248925965482615
2019-08-29,legacy_short_proxy,19,CGC,77.61678832116789,-0.1624290598587279,-0.2261064785118666,-0.40901298065148173,0.7445395423946893
2019-08-29,legacy_short_proxy,20,HPQ,77.49270072992701,-0.04068726882233731,-0.13816102906145777,-0.07515337423312873,0.3884811030769939
2019-08-29,mirror28,1,AGNC,92.32323232323232,-0.08777545241905593,-0.1328262141603277,-0.11942959001782516,0.1995787716012728
2019-08-29,mirror28,2,DPZ,89.19191919191918,-0.04290891786590001,-0.08367571085709646,-0.21055582813485663,0.21945292781062523
2019-08-29,mirror28,3,TBF,87.07070707070706,-0.02564715570254883,-0.08162243365047572,-0.12080536912751672,0.16472223285513998
2019-08-29,mirror28,4,SKT,85.55555555555556,-0.056025334366457735,-0.09202851587815941,-0.1878260869565217,0.246880550155423
2019-08-29,mirror28,5,ERIC,82.12121212121212,-0.05889423076923639,-0.11224489795918369,-0.19692307692307687,0.26583121792882336
2019-08-29,mirror28,6,KSA,80.7070707070707,-0.04516149396717006,-0.06114214773432647,-0.05939054726368154,0.1696564503859255
2019-08-29,mirror28,7,HSBC,79.8989898989899,-0.0216164007128139,-0.09466263846928491,-0.12591152163344677,0.2171653099248177
2019-08-29,mirror28,8,AMCX,79.69696969696969,-0.03704143651878611,-0.09016086793864575,-0.10915750915750921,0.23793864626925854
2019-08-29,mirror28,9,PK,78.58585858585857,-0.021471753179070907,-0.07996863974911805,-0.1446793002915453,0.23142478831458732
2019-08-29,mirror28,10,HDB,77.17171717171718,-0.024657134519994295,-0.06666666666666665,-0.1646360512339894,0.2500091410734732
2019-08-29,mirror28,11,NLY,76.86868686868688,-0.07658971580966423,-0.11501597444089462,-0.07563959955506117,0.24157262026067916
2019-08-29,mirror28,12,QGEN,74.34343434343434,-0.01869351710478151,-0.07036747458952297,-0.10780390195097533,0.21203860972059296
2019-08-29,mirror28,13,MO,74.24242424242425,-0.0429328430842556,-0.07581453634085222,-0.10947876836385584,0.26684494024165817
2019-08-29,mirror28,14,EG,71.81818181818181,-0.027796493396640032,-0.018172144231162868,-0.05297856381508825,0.2057378554029278
2019-08-29,mirror28,15,RITM,71.81818181818181,-0.028569454520311233,-0.09173126614987082,-0.1055979643765903,0.26105169400171485
2019-08-29,mirror28,16,BMO,69.6969696969697,-0.02432780310196825,-0.06894679695982642,-0.07671601615074031,0.2374987568697889
2019-08-29,mirror28,17,SMFG,69.69696969696969,-0.01965983559983764,-0.06502890173410403,-0.06906474820143893,0.20454592531547125
2019-08-29,mirror28,18,CCL,69.2929292929293,-0.02080783353732063,-0.0570081440205743,-0.13539005698565532,0.26414066648947315
2019-08-29,mirror28,19,SPG,66.96969696969697,-0.016688172328348516,-0.058801117602235164,-0.10142467414367984,0.2217138435490646
2019-08-29,mirror28,20,L,64.44444444444444,-0.026592567847998794,-0.09059958388500089,-0.10029940119760483,0.27757505207717637
2019-08-29,bounded45,1,DPZ,90.20242914979757,-0.04290891786590001,-0.08367571085709646,-0.21055582813485663,0.21945292781062523
2019-08-29,bounded45,2,SKT,90.16194331983806,-0.056025334366457735,-0.09202851587815941,-0.1878260869565217,0.246880550155423
2019-08-29,bounded45,3,AGNC,89.59514170040485,-0.08777545241905593,-0.1328262141603277,-0.11942959001782516,0.1995787716012728
2019-08-29,bounded45,4,ERIC,89.31174089068826,-0.05889423076923639,-0.11224489795918369,-0.19692307692307687,0.26583121792882336
2019-08-29,bounded45,5,MAC,85.70850202429149,-0.04540261498750986,-0.1258524488530688,-0.24417046368265882,0.29409246181991117
2019-08-29,bounded45,6,BEN,85.26315789473684,-0.05882773154266763,-0.1637575372897493,-0.20175704332020594,0.3052662345679782
2019-08-29,bounded45,7,TBT,82.99595141700405,-0.05217320527428293,-0.15981240981240985,-0.22957327158451868,0.3335612292022127
2019-08-29,bounded45,8,HLF,81.7408906882591,-0.06155036189844987,-0.16658488714425912,-0.20889613414066133,0.3560390486366093
2019-08-29,bounded45,9,SJM,81.57894736842105,-0.07846449583501847,-0.07965631432918652,-0.17906753951780296,0.35112082970834624
2019-08-29,bounded45,10,BBD,80.89068825910933,-0.05363542489218698,-0.12274774774774777,-0.16595289079229125,0.32628881248712055
2019-08-29,bounded45,11,UNM,80.80971659919027,-0.061631246940628714,-0.15078569040454703,-0.23123486682808714,0.3835471244940874
2019-08-29,bounded45,12,IR,79.55465587044534,-0.03980254843361475,-0.08707944585807181,-0.1520483193277311,0.2906982168195617
2019-08-29,bounded45,13,MSGS,79.51417004048582,-0.1003515413246947,-0.14323699022756298,-0.18665792493033928,0.39419883389536875
2019-08-29,bounded45,14,PRU,79.47368421052632,-0.03410333017560385,-0.1269074541662093,-0.19504048582995948,0.2924428342091457
2019-08-29,bounded45,15,NLY,79.19028340080972,-0.07658971580966423,-0.11501597444089462,-0.07563959955506117,0.24157262026067916
2019-08-29,bounded45,16,AMCX,78.78542510121459,-0.03704143651878611,-0.09016086793864575,-0.10915750915750921,0.23793864626925854
2019-08-29,bounded45,17,ELAN,78.62348178137653,-0.1028147327993374,-0.21566848154869944,-0.211854103343465,0.44719966440711395
2019-08-29,bounded45,18,MO,78.50202429149797,-0.0429328430842556,-0.07581453634085222,-0.10947876836385584,0.26684494024165817
2019-08-29,bounded45,19,DIN,78.38056680161944,-0.05061329890252664,-0.12505949547834372,-0.20858895705521463,0.38062300767611457
2019-08-29,bounded45,20,CVI,76.96356275303644,-0.10707729025151513,-0.23586017282011007,-0.15357842070915817,0.4203670342490693
2019-08-29,efficient60,1,PFE,91.36302294197031,-0.003989118024325999,-0.07633986928104575,-0.1683145009416196,0.23815213850661912
2019-08-29,efficient60,2,DPZ,89.20377867746289,-0.04290891786590001,-0.08367571085709646,-0.21055582813485663,0.21945292781062523
2019-08-29,efficient60,3,HSBC,88.39406207827261,-0.0216164007128139,-0.09466263846928491,-0.12591152163344677,0.2171653099248177
2019-08-29,efficient60,4,BEN,86.3697705802969,-0.05882773154266763,-0.1637575372897493,-0.20175704332020594,0.3052662345679782
2019-08-29,efficient60,5,PRU,85.56005398110663,-0.03410333017560385,-0.1269074541662093,-0.19504048582995948,0.2924428342091457
2019-08-29,efficient60,6,AGNC,85.02024291497976,-0.08777545241905593,-0.1328262141603277,-0.11942959001782516,0.1995787716012728
2019-08-29,efficient60,7,SPG,84.75033738191634,-0.016688172328348516,-0.058801117602235164,-0.10142467414367984,0.2217138435490646
2019-08-29,efficient60,8,AAP,82.86099865047233,-0.009000602911203526,-0.0792264088029343,-0.10697885000970198,0.23867381879352095
2019-08-29,efficient60,9,HDB,81.64642375168692,-0.024657134519994295,-0.06666666666666665,-0.1646360512339894,0.2500091410734732
2019-08-29,efficient60,10,HST,81.3765182186235,-0.012147250641336704,-0.06330597889800693,-0.12246018671059855,0.24397992620473272
2019-08-29,efficient60,11,KHC,80.97165991902835,-0.055220902258461324,-0.22133415308945592,-0.11029153494906918,0.4048984849513518
2019-08-29,efficient60,12,MO,80.56680161943319,-0.0429328430842556,-0.07581453634085222,-0.10947876836385584,0.26684494024165817
2019-08-29,efficient60,13,SJM,80.16194331983806,-0.07846449583501847,-0.07965631432918652,-0.17906753951780296,0.35112082970834624
2019-08-29,efficient60,14,RIO,79.35222672064778,-0.005902830331462328,-0.09664404914725844,-0.1512749827705031,0.2426980782429197
2019-08-29,efficient60,15,TBT,78.27260458839406,-0.05217320527428293,-0.15981240981240985,-0.22957327158451868,0.3335612292022127
2019-08-29,efficient60,16,JNJ,78.13765182186236,-0.017837312072547018,-0.01573413155268999,-0.0456913231135585,0.1710807711342124
2019-08-29,efficient60,17,NSC,77.5978407557355,-0.002595709646426858,-0.061995913539090286,-0.14047102877414275,0.25750089637038354
2019-08-29,efficient60,18,NLY,76.78812415654522,-0.07658971580966423,-0.11501597444089462,-0.07563959955506117,0.24157262026067916
2019-08-29,efficient60,19,MTD,75.7085020242915,-0.031149914284973046,-0.1401437978942941,-0.13575892090417874,0.34912984017686194
2019-08-29,efficient60,20,VNO,75.43859649122807,-0.006928596732582504,-0.05116498740554154,-0.11484799530033774,0.2161456069349026
2019-09-27,legacy_short_proxy,1,NFLX,85.37271448663854,-0.07120415151622872,-0.11354447439353099,-0.31071522137804564,0.3405076077573477
2019-09-27,legacy_short_proxy,2,UNH,85.26371308016877,-0.06020109234268267,-0.06660306998525722,-0.12214020635373768,0.20761216937402893
2019-09-27,legacy_short_proxy,3,AMZN,83.74824191279887,-0.042061782406888515,-0.03414688759516338,-0.11015987622485823,0.18393975938275955
2019-09-27,legacy_short_proxy,4,DIS,83.71659634317862,-0.04067675250331504,-0.05716773070226344,-0.09106168694922356,0.16701040392939623
2019-09-27,legacy_short_proxy,5,XBI,82.91490857946555,-0.05468484342638036,-0.057452841819750966,-0.1399482506468669,0.23534141092228067
2019-09-27,legacy_short_proxy,6,MAR,82.17299578059072,-0.055185254725251154,-0.03944961425276394,-0.14800705467372133,0.21446202636481143
2019-09-27,legacy_short_proxy,7,META,81.97960618846693,-0.048435237447922774,-0.0456431535269709,-0.10192697768762671,0.23001945428930354
2019-09-27,legacy_short_proxy,8,ELV,81.44514767932489,-0.0537479447910183,-0.08506870934216104,-0.15945257797581147,0.20515964090791858
2019-09-27,legacy_short_proxy,9,SPOT,81.43459915611815,-0.11768636360063056,-0.17682434910157685,-0.23049499520087768,0.2913684910730388
2019-09-27,legacy_short_proxy,10,MO,81.39240506329114,-0.052084563599859024,-0.09310734463276826,-0.18418377719048573,0.23733245966954877
2019-09-27,legacy_short_proxy,11,TTD,81.20956399437412,-0.1351958444475676,-0.2610955617752899,-0.20958083832335328,0.4565853558432953
2019-09-27,legacy_short_proxy,12,IBB,81.0337552742616,-0.0365537147985554,-0.04169079328315006,-0.1048408906517625,0.16605845085699064
2019-09-27,legacy_short_proxy,13,XLV,80.04219409282699,-0.01749330459025622,-0.012819096032710808,-0.053707627118644186,0.08483478927567217
2019-09-27,legacy_short_proxy,14,AMD,79.50773558368496,-0.05406518123281068,-0.08680445151033389,-0.07919204873356855,0.25181998435420494
2019-09-27,legacy_short_proxy,15,JD,79.41631504922644,-0.0879884605297705,-0.09499024072869222,-0.11682539682539683,0.3393879355735042
2019-09-27,legacy_short_proxy,16,TCOM,79.0225035161744,-0.1311897491168087,-0.08942579228114222,-0.2499353838201085,0.512769630182699
2019-09-27,legacy_short_proxy,17,VWO,78.80450070323488,-0.02651969878862359,-0.0002490660024906388,-0.06932529561789946,0.1380643279384657
2019-09-27,legacy_short_proxy,18,ADBE,78.18565400843882,-0.01037000587452852,-0.03171335868541314,-0.09211645403990831,0.21046669088049977
2019-09-27,legacy_short_proxy,19,CTSH,77.98874824191279,-0.06266203980695184,-0.04284783317041385,-0.08460579619819264,0.19674778997908532
2019-09-27,legacy_short_proxy,20,FXI,77.83052039381153,-0.026634920243303717,0.008177868642984976,-0.08553546592489558,0.14694000565122486
2019-09-27,mirror28,1,ELV,84.2283950617284,-0.0537479447910183,-0.08506870934216104,-0.15945257797581147,0.20515964090791858
2019-09-27,mirror28,2,WIX,83.61111111111111,-0.09170898387409665,-0.17609162491052255,-0.19807705706124157,0.24109597025410837
2019-09-27,mirror28,3,QGEN,83.51851851851852,-0.02753452582617799,-0.05046257359125328,-0.19491323983836473,0.10898426252007998
2019-09-27,mirror28,4,MAR,83.11728395061728,-0.055185254725251154,-0.03944961425276394,-0.14800705467372133,0.21446202636481143
2019-09-27,mirror28,5,UNH,82.00617283950618,-0.06020109234268267,-0.06660306998525722,-0.12214020635373768,0.20761216937402893
2019-09-27,mirror28,6,BMRN,82.00617283950616,-0.065743944636669,-0.08443908323281057,-0.18823529411764706,0.24816395794838836
2019-09-27,mirror28,7,HRB,81.88271604938272,-0.02769384650649176,-0.04267542059909735,-0.19800618769336542,0.1383392230951958
2019-09-27,mirror28,8,MO,81.2037037037037,-0.052084563599859024,-0.09310734463276826,-0.18418377719048573,0.23733245966954877
2019-09-27,mirror28,9,MOH,80.92592592592594,-0.08215118414197342,-0.1726712856043111,-0.24598330176103278,0.2654851436763298
2019-09-27,mirror28,10,CTSH,80.40123456790123,-0.06266203980695184,-0.04284783317041385,-0.08460579619819264,0.19674778997908532
2019-09-27,mirror28,11,FOXA,79.90740740740742,-0.04780653270136159,-0.03970678069639588,-0.1350756533700137,0.20791895058952697
2019-09-27,mirror28,12,XBI,79.75308641975309,-0.05468484342638036,-0.057452841819750966,-0.1399482506468669,0.23534141092228067
2019-09-27,mirror28,13,AMZN,79.35185185185185,-0.042061782406888515,-0.03414688759516338,-0.11015987622485823,0.18393975938275955
2019-09-27,mirror28,14,QLYS,78.73456790123457,-0.049837396821762026,-0.07736991719194153,-0.15160813728832812,0.24410302594593605
2019-09-27,mirror28,15,FOX,78.61111111111111,-0.042185812301288594,-0.02989214175654864,-0.13397524071526823,0.20379357286670782
2019-09-27,mirror28,16,MPLX,78.6111111111111,-0.04172999861820759,-0.008931761343336952,-0.1398449612403101,0.2044237156607983
2019-09-27,mirror28,17,IBB,78.5493827160494,-0.0365537147985554,-0.04169079328315006,-0.1048408906517625,0.16605845085699064
2019-09-27,mirror28,18,EXEL,78.54938271604938,-0.06326049895236974,-0.07623203285420943,-0.15635255508673218,0.2693344922881915
2019-09-27,mirror28,19,FBT,78.5185185185185,-0.03911197256829746,-0.04819184208497185,-0.1319268635724331,0.19445575242216143
2019-09-27,mirror28,20,DIS,78.3641975308642,-0.04067675250331504,-0.05716773070226344,-0.09106168694922356,0.16701040392939623
2019-09-27,bounded45,1,WIX,86.890756302521,-0.09170898387409665,-0.17609162491052255,-0.19807705706124157,0.24109597025410837
2019-09-27,bounded45,2,SPOT,84.87394957983193,-0.11768636360063056,-0.17682434910157685,-0.23049499520087768,0.2913684910730388
2019-09-27,bounded45,3,MOH,84.07563025210084,-0.08215118414197342,-0.1726712856043111,-0.24598330176103278,0.2654851436763298
2019-09-27,bounded45,4,ARGX,83.40336134453781,-0.096310592889158,-0.14334316171467454,-0.2096121651785715,0.29635879680004446
2019-09-27,bounded45,5,VIRT,80.79831932773108,-0.12986809863927506,-0.08996728462377312,-0.23087557603686626,0.4033090423490306
2019-09-27,bounded45,6,BMRN,80.16806722689076,-0.065743944636669,-0.08443908323281057,-0.18823529411764706,0.24816395794838836
2019-09-27,bounded45,7,OKTA,79.36974789915966,-0.11431100404245564,-0.23682969020286215,-0.23874509803921562,0.4445446210210871
2019-09-27,bounded45,8,TSCO,79.20168067226892,-0.08164581452341257,-0.14505283381364076,-0.19090909090909092,0.3086431065861497
2019-09-27,bounded45,9,TW,79.11764705882352,-0.09119753140183784,-0.16506630086876994,-0.19736263736263726,0.364403985101044
2019-09-27,bounded45,10,MLCO,78.61344537815125,-0.08417025346723428,-0.07976934166266214,-0.17881646655231564,0.31958934611393114
2019-09-27,bounded45,11,FDS,78.31932773109244,-0.10966472691837759,-0.10604046669620426,-0.18219279875700867,0.3879496128400462
2019-09-27,bounded45,12,HUBS,77.85714285714286,-0.12164082252059816,-0.25875197784810133,-0.15261997625911483,0.33159333612554986
2019-09-27,bounded45,13,NEO,77.22689075630251,-0.13651195086428192,-0.22872125857200476,-0.17049891540130147,0.44368217669959187
2019-09-27,bounded45,14,ELV,76.26050420168067,-0.0537479447910183,-0.08506870934216104,-0.15945257797581147,0.20515964090791858
2019-09-27,bounded45,15,ASND,76.17647058823529,-0.09028145570099788,-0.13467074487225617,-0.17091880710222374,0.4059585787163374
2019-09-27,bounded45,16,LOPE,75.46218487394958,-0.11042271931669678,-0.22308233638282904,-0.16144822347877452,0.4388408904979837
2019-09-27,bounded45,17,MAR,75.3781512605042,-0.055185254725251154,-0.03944961425276394,-0.14800705467372133,0.21446202636481143
2019-09-27,bounded45,18,PRKS,75.3781512605042,-0.07434761201377416,-0.08196721311475419,-0.16682494460272235,0.3179503356965247
2019-09-27,bounded45,19,UNH,75.08403361344537,-0.06020109234268267,-0.06660306998525722,-0.12214020635373768,0.20761216937402893
2019-09-27,bounded45,20,CVSA,75.04201680672269,-0.07099485650754211,-0.10751173708920181,-0.1647627416520211,0.307131687414256
2019-09-27,efficient60,1,MO,92.43697478991598,-0.052084563599859024,-0.09310734463276826,-0.18418377719048573,0.23733245966954877
2019-09-27,efficient60,2,DIS,85.71428571428571,-0.04067675250331504,-0.05716773070226344,-0.09106168694922356,0.16701040392939623
2019-09-27,efficient60,3,XLV,84.45378151260506,-0.01749330459025622,-0.012819096032710808,-0.053707627118644186,0.08483478927567217
2019-09-27,efficient60,4,VWO,83.8935574229692,-0.02651969878862359,-0.0002490660024906388,-0.06932529561789946,0.1380643279384657
2019-09-27,efficient60,5,UNH,82.21288515406164,-0.06020109234268267,-0.06660306998525722,-0.12214020635373768,0.20761216937402893
2019-09-27,efficient60,6,HRB,80.812324929972,-0.02769384650649176,-0.04267542059909735,-0.19800618769336542,0.1383392230951958
2019-09-27,efficient60,7,AMZN,80.3921568627451,-0.042061782406888515,-0.03414688759516338,-0.11015987622485823,0.18393975938275955
2019-09-27,efficient60,8,IBB,78.4313725490196,-0.0365537147985554,-0.04169079328315006,-0.1048408906517625,0.16605845085699064
2019-09-27,efficient60,9,ELV,77.87114845938375,-0.0537479447910183,-0.08506870934216104,-0.15945257797581147,0.20515964090791858
2019-09-27,efficient60,10,MOH,77.17086834733895,-0.08215118414197342,-0.1726712856043111,-0.24598330176103278,0.2654851436763298
2019-09-27,efficient60,11,VRSN,77.03081232492997,-0.03735920253757108,-0.09084288211303171,-0.13733529899566943,0.22280193558581765
2019-09-27,efficient60,12,MAR,76.89075630252103,-0.055185254725251154,-0.03944961425276394,-0.14800705467372133,0.21446202636481143
2019-09-27,efficient60,13,SPOT,76.47058823529412,-0.11768636360063056,-0.17682434910157685,-0.23049499520087768,0.2913684910730388
2019-09-27,efficient60,14,F,75.91036414565826,-0.01933254131118234,-0.004385964912280604,-0.1098039215686274,0.15788137288045387
2019-09-27,efficient60,15,FDS,75.91036414565826,-0.10966472691837759,-0.10604046669620426,-0.18219279875700867,0.3879496128400462
2019-09-27,efficient60,16,OKTA,74.50980392156863,-0.11431100404245564,-0.23682969020286215,-0.23874509803921562,0.4445446210210871
2019-09-27,efficient60,17,HUBS,73.80952380952381,-0.12164082252059816,-0.25875197784810133,-0.15261997625911483,0.33159333612554986
2019-09-27,efficient60,18,IQV,73.66946778711485,-0.030253475061324586,-0.049557635594306926,-0.08181592964201667,0.1776748306319459
2019-09-27,efficient60,19,WIX,73.66946778711485,-0.09170898387409665,-0.17609162491052255,-0.19807705706124157,0.24109597025410837
2019-09-27,efficient60,20,QGEN,71.84873949579834,-0.02753452582617799,-0.05046257359125328,-0.19491323983836473,0.10898426252007998
2019-10-25,legacy_short_proxy,1,MCD,85.75170842824602,-0.06134467764921958,-0.08702383186338891,-0.0787692307692307,0.23815996936951833
2019-10-25,legacy_short_proxy,2,SBUX,84.41533788914198,-0.024213273414547043,-0.05646712685300448,-0.12581253931641856,0.16937742541497458
2019-10-25,legacy_short_proxy,3,AMLP,84.0470766894457,-0.01983002832863212,-0.05153508771929827,-0.10916580844490209,0.08961427909901579
2019-10-25,legacy_short_proxy,4,PGR,83.9331814730448,-0.05514387581891145,-0.10116731517509725,-0.13504742885671506,0.20799071613872178
2019-10-25,legacy_short_proxy,5,SNAP,82.19438116932423,-0.017143661773499907,-0.12858926342072396,-0.16306954436450838,0.5075346002819293
2019-10-25,legacy_short_proxy,6,CL,82.07668944570995,-0.018740183457274906,-0.06620256620256626,-0.03999438675273659,0.1733902085369661
2019-10-25,legacy_short_proxy,7,ROP,81.87167805618832,-0.01341376182645404,-0.05684798240419586,-0.07320790268502853,0.21224656146194756
2019-10-25,legacy_short_proxy,8,HSY,81.37433561123765,-0.06530352687961782,-0.06808427623878266,-0.055244248137649166,0.17711516600526353
2019-10-25,legacy_short_proxy,9,INFY,80.82384206529993,-0.1242682404455081,-0.17930419268510267,-0.18294849023090587,0.4852991229055862
2019-10-25,legacy_short_proxy,10,GD,80.7744874715262,-0.01901873609774829,-0.051797617746694447,-0.053917025568336774,0.21831879068328433
2019-10-25,legacy_short_proxy,11,ECL,79.73804100227791,-0.004476071430409068,-0.029576823904140737,-0.04474194993281244,0.15994042821387097
2019-10-25,legacy_short_proxy,12,EBAY,79.62034927866362,-0.0622097206776937,-0.06593692989314559,-0.12798053527980535,0.36607824171508924
2019-10-25,legacy_short_proxy,13,TRV,79.58618071374335,-0.07149747105325954,-0.1187162162162162,-0.10529565098093008,0.34151613919718143
2019-10-25,legacy_short_proxy,14,YUM,79.47228549734244,-0.02750788868486398,-0.03442782547128065,-0.06704292799726363,0.14890202549535803
2019-10-25,legacy_short_proxy,15,BAX,79.05846621108581,-0.10161994385123996,-0.10066333061794486,-0.09167842031029616,0.41646260659102935
2019-10-25,legacy_short_proxy,16,MDLZ,78.97114654517844,-0.027845582749187914,-0.04730095685141722,-0.01603580085772882,0.1787207746425011
2019-10-25,legacy_short_proxy,17,EIX,78.8914198936978,-0.08672326539641728,-0.12954665260938325,-0.10598267460747157,0.3607445973023482
2019-10-25,legacy_short_proxy,18,NOW,78.54973424449506,-0.04671567465022175,-0.036163836163836116,-0.11970802919708023,0.5684294329585144
2019-10-25,legacy_short_proxy,19,NI,78.49658314350798,-0.02418653210371069,-0.06626706626706635,-0.06657789613848197,0.12962799170520725
2019-10-25,legacy_short_proxy,20,HAS,78.0637813211845,-0.1651812498369768,-0.19197104864500913,-0.16389445266916303,0.6196515339581795
2019-10-25,mirror28,1,PGR,85.29411764705883,-0.05514387581891145,-0.10116731517509725,-0.13504742885671506,0.20799071613872178
2019-10-25,mirror28,2,LOPE,84.6218487394958,-0.04014519505431102,-0.06320450885668283,-0.19138215619841892,0.19900336132715268
2019-10-25,mirror28,3,GIS,81.17647058823529,-0.050599601518760196,-0.07946054310187711,-0.06480281429364931,0.18265059849138088
2019-10-25,mirror28,4,HSY,81.17647058823529,-0.06530352687961782,-0.06808427623878266,-0.055244248137649166,0.17711516600526353
2019-10-25,mirror28,5,CF,77.47899159663866,-0.0422617070740694,-0.05159301130524152,-0.11862464183381094,0.2300856140430958
2019-10-25,mirror28,6,MCD,76.80672268907563,-0.06134467764921958,-0.08702383186338891,-0.0787692307692307,0.23815996936951833
2019-10-25,mirror28,7,GO,76.47058823529412,-0.0436735561018563,-0.0829452852153666,-0.1905985101464166,0.2697549715528546
2019-10-25,mirror28,8,SAIC,75.88235294117646,-0.04439828011013236,-0.07397003745318342,-0.06928596635689921,0.21427799679978896
2019-10-25,mirror28,9,PSA,75.71428571428571,-0.03832520635937886,-0.04493694134933268,-0.05020903519097297,0.16392914558858732
2019-10-25,mirror28,10,UHS,75.46218487394958,-0.05012774690273902,-0.06061431587550237,-0.06272084805653699,0.21496491993203543
2019-10-25,mirror28,11,COO,75.29411764705883,-0.028004884813613296,-0.04241435562805884,-0.16639053254437874,0.1932425478572349
2019-10-25,mirror28,12,CUBE,73.94957983193277,-0.07336354554272173,-0.08701854493580596,-0.07192575406032475,0.26906558091068705
2019-10-25,mirror28,13,ARI,72.6890756302521,-0.036732528842326695,-0.05070569785676937,-0.03558151885289418,0.13881247078151693
2019-10-25,mirror28,14,SBUX,72.43697478991596,-0.024213273414547043,-0.05646712685300448,-0.12581253931641856,0.16937742541497458
2019-10-25,mirror28,15,YUM,72.26890756302522,-0.02750788868486398,-0.03442782547128065,-0.06704292799726363,0.14890202549535803
2019-10-25,mirror28,16,AMLP,72.10084033613447,-0.01983002832863212,-0.05153508771929827,-0.10916580844490209,0.08961427909901579
2019-10-25,mirror28,17,SIGI,71.76470588235294,-0.032810558484737906,-0.03394606198846106,-0.07928388746803072,0.2110868544399824
2019-10-25,mirror28,18,WM,70.58823529411764,-0.035183107256275714,-0.01972004577867781,-0.04215053763440868,0.17492585573413996
2019-10-25,mirror28,19,NI,70.16806722689076,-0.02418653210371069,-0.06626706626706635,-0.06657789613848197,0.12962799170520725
2019-10-25,mirror28,20,PPC,69.74789915966387,-0.06733221660115685,-0.1152986266368572,-0.05460750853242324,0.2634811112647375
2019-10-25,bounded45,1,PGR,82.51461988304094,-0.05514387581891145,-0.10116731517509725,-0.13504742885671506,0.20799071613872178
2019-10-25,bounded45,2,LOPE,80.35087719298247,-0.04014519505431102,-0.06320450885668283,-0.19138215619841892,0.19900336132715268
2019-10-25,bounded45,3,BUD,79.94152046783626,-0.10971609484900713,-0.1333403939843254,-0.1854469440573362,0.41205356904361445
2019-10-25,bounded45,4,FSLR,79.35672514619883,-0.06339762914742497,-0.09921313718782077,-0.21203052521322763,0.3418040336120634
2019-10-25,bounded45,5,SMPL,79.23976608187134,-0.09457650944032281,-0.18140668523676873,-0.11947565543071148,0.3315996465613148
2019-10-25,bounded45,6,IONS,78.71345029239765,-0.0722057709524111,-0.08753809685066039,-0.18434993189041915,0.37391455691779674
2019-10-25,bounded45,7,VG,77.01754385964912,-0.058071288829497636,-0.14099216710182771,-0.18227009113504566,0.33275751399748676
2019-10-25,bounded45,8,BGS,76.90058479532163,-0.06328965152497357,-0.16892596454640252,-0.10949720670391061,0.2832759957721727
2019-10-25,bounded45,9,GLOB,76.84210526315789,-0.06677283105623455,-0.036791117883966606,-0.19700544464609804,0.4139771203622381
2019-10-25,bounded45,10,GO,76.25730994152048,-0.0436735561018563,-0.0829452852153666,-0.1905985101464166,0.2697549715528546
2019-10-25,bounded45,11,IART,76.14035087719297,-0.06820043806115028,-0.060677566155401985,-0.12125512456638288,0.3496669280741461
2019-10-25,bounded45,12,EIX,75.73099415204678,-0.08672326539641728,-0.12954665260938325,-0.10598267460747157,0.3607445973023482
2019-10-25,bounded45,13,HSY,75.73099415204678,-0.06530352687961782,-0.06808427623878266,-0.055244248137649166,0.17711516600526353
2019-10-25,bounded45,14,TRV,75.14619883040936,-0.07149747105325954,-0.1187162162162162,-0.10529565098093008,0.34151613919718143
2019-10-25,bounded45,15,CF,74.61988304093568,-0.0422617070740694,-0.05159301130524152,-0.11862464183381094,0.2300856140430958
2019-10-25,bounded45,16,EBAY,74.44444444444444,-0.0622097206776937,-0.06593692989314559,-0.12798053527980535,0.36607824171508924
2019-10-25,bounded45,17,MCD,74.32748538011697,-0.06134467764921958,-0.08702383186338891,-0.0787692307692307,0.23815996936951833
2019-10-25,bounded45,18,CUBE,74.09356725146199,-0.07336354554272173,-0.08701854493580596,-0.07192575406032475,0.26906558091068705
2019-10-25,bounded45,19,FCFS,73.4502923976608,-0.05757481848768631,-0.05744963471330522,-0.1535785288270377,0.3803019031188331
2019-10-25,bounded45,20,GIS,72.7485380116959,-0.050599601518760196,-0.07946054310187711,-0.06480281429364931,0.18265059849138088
2019-10-25,efficient60,1,SBUX,94.34697855750488,-0.024213273414547043,-0.05646712685300448,-0.12581253931641856,0.16937742541497458
2019-10-25,efficient60,2,AMLP,88.4990253411306,-0.01983002832863212,-0.05153508771929827,-0.10916580844490209,0.08961427909901579
2019-10-25,efficient60,3,MCD,86.74463937621832,-0.06134467764921958,-0.08702383186338891,-0.0787692307692307,0.23815996936951833
2019-10-25,efficient60,4,CSCO,83.43079922027292,-0.002382370458605121,-0.0397215397215398,-0.15327676475898178,0.23695662718950394
2019-10-25,efficient60,5,PGR,83.23586744639377,-0.05514387581891145,-0.10116731517509725,-0.13504742885671506,0.20799071613872178
2019-10-25,efficient60,6,EPD,82.06627680311892,-0.006618933395865723,-0.03840782122905029,-0.0786216125794581,0.09439036165810806
2019-10-25,efficient60,7,IBM,82.06627680311891,-0.027336414200723747,-0.05445406311086298,-0.09898882384246932,0.2545917289120288
2019-10-25,efficient60,8,PSA,80.89668615984405,-0.03832520635937886,-0.04493694134933268,-0.05020903519097297,0.16392914558858732
2019-10-25,efficient60,9,BUD,79.92202729044836,-0.10971609484900713,-0.1333403939843254,-0.1854469440573362,0.41205356904361445
2019-10-25,efficient60,10,GIS,78.55750487329435,-0.050599601518760196,-0.07946054310187711,-0.06480281429364931,0.18265059849138088
2019-10-25,efficient60,11,YUM,77.77777777777777,-0.02750788868486398,-0.03442782547128065,-0.06704292799726363,0.14890202549535803
2019-10-25,efficient60,12,TRV,76.99805068226121,-0.07149747105325954,-0.1187162162162162,-0.10529565098093008,0.34151613919718143
2019-10-25,efficient60,13,COO,75.24366471734892,-0.028004884813613296,-0.04241435562805884,-0.16639053254437874,0.1932425478572349
2019-10-25,efficient60,14,ET,74.65886939571149,-0.007355849086444266,-0.041984732824427384,-0.1223776223776224,0.19427078635520995
2019-10-25,efficient60,15,HSY,74.26900584795321,-0.06530352687961782,-0.06808427623878266,-0.055244248137649166,0.17711516600526353
2019-10-25,efficient60,16,NI,73.87914230019494,-0.02418653210371069,-0.06626706626706635,-0.06657789613848197,0.12962799170520725
2019-10-25,efficient60,17,ACN,73.87914230019493,-0.015437734113877832,-0.04342146514787337,-0.05711784095591266,0.20450810461277014
2019-10-25,efficient60,18,EIX,73.68421052631578,-0.08672326539641728,-0.12954665260938325,-0.10598267460747157,0.3607445973023482
2019-10-25,efficient60,19,EBAY,73.2943469785575,-0.0622097206776937,-0.06593692989314559,-0.12798053527980535,0.36607824171508924
2019-10-25,efficient60,20,CL,72.51461988304095,-0.018740183457274906,-0.06620256620256626,-0.03999438675273659,0.1733902085369661
2019-11-22,legacy_short_proxy,1,DUK,86.88373804267843,-0.03719090447042028,-0.08686995703657141,-0.06058645968089693,0.1649883591829096
2019-11-22,legacy_short_proxy,2,ECL,86.42384105960265,-0.04026208611926596,-0.04912993643847041,-0.11830917874396141,0.14604570727071772
2019-11-22,legacy_short_proxy,3,SQQQ,84.17218543046359,-0.020373420180973656,-0.08881239242685024,-0.20890615660490142,0.21541694202619524
2019-11-22,legacy_short_proxy,4,VXX,83.50625459896983,-0.0712307402726633,-0.12733703890853965,-0.357036485480268,0.2935245735057236
2019-11-22,legacy_short_proxy,5,ULTA,82.85504047093451,-0.04536856089913566,-0.04997924449979241,-0.3217958216032004,0.24892009886058258
2019-11-22,legacy_short_proxy,6,HD,82.80353200883003,-0.06056982818979029,-0.06975851181841453,-0.0408674995600915,0.24016272530337765
2019-11-22,legacy_short_proxy,7,AMLP,82.65636497424578,-0.034933704667907683,-0.07861271676300574,-0.12224669603524219,0.2082367858049963
2019-11-22,legacy_short_proxy,8,EXC,82.17071376011774,-0.012567923458997488,-0.0318152102854653,-0.04962566844919791,0.17384567245215873
2019-11-22,legacy_short_proxy,9,HYG,82.1486387049301,-0.0014973508408481218,-0.00801006980203689,-0.006304447501146226,0.0292954069698246
2019-11-22,legacy_short_proxy,10,STZ,81.90581309786609,-0.030880587396959203,-0.07465277777777779,-0.11440160289302648,0.2582635489591368
2019-11-22,legacy_short_proxy,11,SPXU,81.82487122884474,-0.02558906590207488,-0.0846496557310652,-0.17967332123411983,0.16035429005373858
2019-11-22,legacy_short_proxy,12,UVXY,81.00073583517292,-0.10785469653584867,-0.18804292284108326,-0.4977876106194691,0.4294718183887355
2019-11-22,legacy_short_proxy,13,SDS,80.93818984547461,-0.017511856986501262,-0.05707282913165268,-0.12280130293159608,0.10491398378220516
2019-11-22,legacy_short_proxy,14,PYPL,80.62545989698307,-0.014462999995162651,-0.05056441832260472,-0.06812562952110612,0.19074667404439655
2019-11-22,legacy_short_proxy,15,EBAY,79.97424576894775,-0.003829244078857208,-0.02008928571428592,-0.13348137182334086,0.12395874905121719
2019-11-22,legacy_short_proxy,16,CNP,79.80868285504046,-0.09949244119413592,-0.16215301286391326,-0.1039102099927589,0.29268143582671846
2019-11-22,legacy_short_proxy,17,AMZN,79.51066961000735,-0.013460516947143564,-0.008856591347791376,-0.022727272727272596,0.10888853128063983
2019-11-22,legacy_short_proxy,18,PEP,79.49595290654894,-0.0027744099730080407,-0.0188085480093676,-0.014336127040141311,0.08704331725774724
2019-11-22,legacy_short_proxy,19,NI,79.3561442236939,-0.014063435068833341,-0.059914407988587715,-0.10461956521739135,0.16942781688279285
2019-11-22,legacy_short_proxy,20,CGC,78.841059602649,-0.023627058417979185,-0.16012773722627738,-0.23704931620389558,1.228344989380999
2019-11-22,mirror28,1,SIGI,90.12578616352201,-0.05370450431966278,-0.10319444444444459,-0.18932831136220984,0.15048383809944882
2019-11-22,mirror28,2,CNK,89.05660377358491,-0.06821353557281418,-0.10892423833917508,-0.12842827004219426,0.13680877085859333
2019-11-22,mirror28,3,VTR,86.85534591194968,-0.05030520586920961,-0.13015151515151524,-0.2201847324096714,0.17494748185538864
2019-11-22,mirror28,4,FCFS,85.47169811320754,-0.040404348701918225,-0.0769230769230771,-0.2124248496993988,0.1655456527303258
2019-11-22,mirror28,5,ECL,83.39622641509435,-0.04026208611926596,-0.04912993643847041,-0.11830917874396141,0.14604570727071772
2019-11-22,mirror28,6,LBTYK,81.63522012578616,-0.06401302774954676,-0.0775527789745799,-0.16854368932038832,0.19939050334059727
2019-11-22,mirror28,7,LBTYA,79.74842767295598,-0.06922060491296989,-0.08227328682806745,-0.15284090909090908,0.2210854068003651
2019-11-22,mirror28,8,SPXS,76.79245283018868,-0.025376736903903963,-0.08287292817679559,-0.17866959868059373,0.15803558084661962
2019-11-22,mirror28,9,SPXU,76.66666666666666,-0.02558906590207488,-0.0846496557310652,-0.17967332123411983,0.16035429005373858
2019-11-22,mirror28,10,PSA,76.41509433962264,-0.0330959479494537,-0.10675213675213668,-0.20294386821232457,0.2034291079588537
2019-11-22,mirror28,11,EPR,75.53459119496854,-0.03697898875425232,-0.0799846429485539,-0.07797870976016419,0.16140737334625713
2019-11-22,mirror28,12,SDOW,75.0314465408805,-0.03265607326086939,-0.09943181818181812,-0.1679790026246719,0.19772421960588862
2019-11-22,mirror28,13,ERIE,73.89937106918238,-0.039680207576779813,-0.06705806312614448,-0.1999168552819992,0.27603342996161184
2019-11-22,mirror28,14,CINF,73.33333333333334,-0.03236432512558107,-0.052843708016121815,-0.06150159744408956,0.1340158978658006
2019-11-22,mirror28,15,AMLP,72.57861635220127,-0.034933704667907683,-0.07861271676300574,-0.12224669603524219,0.2082367858049963
2019-11-22,mirror28,16,NWSA,72.26415094339622,-0.04200192202601616,-0.07898550724637676,-0.07898550724637676,0.198961059073351
2019-11-22,mirror28,17,AXTA,72.0125786163522,-0.04983287238918166,-0.047294998298741064,-0.03181189488243441,0.14390400663690392
2019-11-22,mirror28,18,WPC,71.88679245283018,-0.042203485622662185,-0.09483322432962704,-0.06895391860073985,0.1939977178862091
2019-11-22,mirror28,19,AWR,71.50943396226414,-0.040115345098671984,-0.10005321979776483,-0.08693304535637147,0.19957431701033124
2019-11-22,mirror28,20,CCEP,71.50943396226414,-0.03291407643004407,-0.07418342867687755,-0.1047466095645967,0.19870257911085562
2019-11-22,bounded45,1,SIGI,88.74316939890711,-0.05370450431966278,-0.10319444444444459,-0.18932831136220984,0.15048383809944882
2019-11-22,bounded45,2,CNK,86.88524590163934,-0.06821353557281418,-0.10892423833917508,-0.12842827004219426,0.13680877085859333
2019-11-22,bounded45,3,VTR,85.57377049180329,-0.05030520586920961,-0.13015151515151524,-0.2201847324096714,0.17494748185538864
2019-11-22,bounded45,4,FCFS,82.89617486338798,-0.040404348701918225,-0.0769230769230771,-0.2124248496993988,0.1655456527303258
2019-11-22,bounded45,5,LBTYK,81.85792349726775,-0.06401302774954676,-0.0775527789745799,-0.16854368932038832,0.19939050334059727
2019-11-22,bounded45,6,LBTYA,80.5464480874317,-0.06922060491296989,-0.08227328682806745,-0.15284090909090908,0.2210854068003651
2019-11-22,bounded45,7,SBGI,79.39890710382514,-0.07760119436169222,-0.14168871782535486,-0.1936723163841808,0.3441839368816525
2019-11-22,bounded45,8,ECL,78.63387978142076,-0.04026208611926596,-0.04912993643847041,-0.11830917874396141,0.14604570727071772
2019-11-22,bounded45,9,CTRE,75.95628415300547,-0.0673021039172601,-0.1550126368997473,-0.1617216882574175,0.3159004560526826
2019-11-22,bounded45,10,PSA,75.1366120218579,-0.0330959479494537,-0.10675213675213668,-0.20294386821232457,0.2034291079588537
2019-11-22,bounded45,11,FTI,74.97267759562841,-0.045065176908743676,-0.0997191011235955,-0.22114216281895505,0.33635218074911166
2019-11-22,bounded45,12,SWX,74.91803278688525,-0.05697299513575638,-0.13681337427499152,-0.15946843853820591,0.3088401935249496
2019-11-22,bounded45,13,CNP,74.26229508196721,-0.09949244119413592,-0.16215301286391326,-0.1039102099927589,0.29268143582671846
2019-11-22,bounded45,14,AEO,74.15300546448088,-0.07523213947319318,-0.1212484993997599,-0.13628318584070787,0.38327152055640384
2019-11-22,bounded45,15,BJ,74.04371584699453,-0.11169593988977655,-0.10595009596928984,-0.12476512589252164,0.41447955293642613
2019-11-22,bounded45,16,ERIE,73.82513661202185,-0.039680207576779813,-0.06705806312614448,-0.1999168552819992,0.27603342996161184
2019-11-22,bounded45,17,SDOW,73.11475409836066,-0.03265607326086939,-0.09943181818181812,-0.1679790026246719,0.19772421960588862
2019-11-22,bounded45,18,SPXS,72.8415300546448,-0.025376736903903963,-0.08287292817679559,-0.17866959868059373,0.15803558084661962
2019-11-22,bounded45,19,SPXU,72.73224043715847,-0.02558906590207488,-0.0846496557310652,-0.17967332123411983,0.16035429005373858
2019-11-22,bounded45,20,RUN,71.9672131147541,-0.08175073174053749,-0.1148293963254593,-0.11074489123269604,0.38984552959572966
2019-11-22,efficient60,1,PSA,87.97814207650272,-0.0330959479494537,-0.10675213675213668,-0.20294386821232457,0.2034291079588537
2019-11-22,efficient60,2,VTR,83.97085610200365,-0.05030520586920961,-0.13015151515151524,-0.2201847324096714,0.17494748185538864
2019-11-22,efficient60,3,SBUX,83.42440801457194,-0.0030860861942569873,-0.004317582153993804,-0.15025588536335732,0.13676691428936816
2019-11-22,efficient60,4,DUK,82.87795992714025,-0.03719090447042028,-0.08686995703657141,-0.06058645968089693,0.1649883591829096
2019-11-22,efficient60,5,YUM,82.51366120218579,-0.024239092408403606,-0.10522456461961494,-0.1678458784417356,0.23760587994852517
2019-11-22,efficient60,6,EBAY,82.33151183970857,-0.003829244078857208,-0.02008928571428592,-0.13348137182334086,0.12395874905121719
2019-11-22,efficient60,7,BUD,79.23497267759562,-0.004186998268539188,-0.03360625687400709,-0.16985093428511444,0.11640476678026351
2019-11-22,efficient60,8,SDS,79.0528233151184,-0.017511856986501262,-0.05707282913165268,-0.12280130293159608,0.10491398378220516
2019-11-22,efficient60,9,GLD,78.87067395264117,-0.01123789082268456,-0.029042718172846538,-0.04426866500138771,0.10585525091794012
2019-11-22,efficient60,10,EMB,77.2313296903461,-0.002379201645673734,-0.010401057734684915,-0.020673412421493453,0.047441059287403914
2019-11-22,efficient60,11,CL,77.23132969034609,-0.003346580213374639,-0.024850168104078363,-0.10094339622641524,0.15898388105724987
2019-11-22,efficient60,12,JNK,76.6848816029144,-0.0022074034694367084,-0.008634943964725306,-0.009272009547415805,0.02639917606821955
2019-11-22,efficient60,13,SH,76.50273224043715,-0.008601894795244647,-0.028737864077669872,-0.06294492319220679,0.05390815570216564
2019-11-22,efficient60,14,SPXS,75.0455373406193,-0.025376736903903963,-0.08287292817679559,-0.17866959868059373,0.15803558084661962
2019-11-22,efficient60,15,SPXU,74.68123861566484,-0.02558906590207488,-0.0846496557310652,-0.17967332123411983,0.16035429005373858
2019-11-22,efficient60,16,MCD,74.49908925318762,-0.001826934754921572,-0.007553568675813249,-0.12424050058946223,0.179587385653898
2019-11-22,efficient60,17,ECL,74.31693989071039,-0.04026208611926596,-0.04912993643847041,-0.11830917874396141,0.14604570727071772
2019-11-22,efficient60,18,HYG,73.40619307832424,-0.0014973508408481218,-0.00801006980203689,-0.006304447501146226,0.0292954069698246
2019-11-22,efficient60,19,QSR,73.22404371584699,-0.01857125545323124,-0.053469685902118314,-0.1744393476044852,0.18685025502378683
2019-11-22,efficient60,20,MDLZ,72.6775956284153,-0.008830118170224721,-0.01838165624407817,-0.06295224312590453,0.11732078414769358
2019-12-23,legacy_short_proxy,1,BA,85.1095406360424,-0.02967880658109856,-0.09099477567727676,-0.11834613174528552,0.26311354469363446
2019-12-23,legacy_short_proxy,2,VMRK,83.95406360424029,-0.03826547540766523,-0.05991272555725924,-0.07582608695652182,0.13135692002362118
2019-12-23,legacy_short_proxy,3,MSI,82.22614840989398,-0.003602878617074201,-0.022007838408200198,-0.046947529232034824,0.1404776721116055
2019-12-23,legacy_short_proxy,4,PEG,81.85865724381627,-0.0033928859939144074,-0.02980132450331119,-0.054533720555017706,0.11193931431406053
2019-12-23,legacy_short_proxy,5,WELL,80.68551236749116,-0.023522290228494502,-0.04542737597130919,-0.11562742274892024,0.1962975579081589
2019-12-23,legacy_short_proxy,6,ORCL,80.42049469964664,-0.0225214977933359,-0.0475261571200567,-0.007025328156775812,0.18444066132058412
2019-12-23,legacy_short_proxy,7,JCI,80.39929328621908,-0.013937907519281367,-0.03489461358313817,-0.056331577742157135,0.18635166287339677
2019-12-23,legacy_short_proxy,8,GOVT,79.96113074204946,-0.006687968373687125,-0.010514242018734521,-0.015595283377710212,0.04545576622256862
2019-12-23,legacy_short_proxy,9,VNQ,79.95406360424029,-0.00782950043818742,-0.004806116876024058,-0.02126973896229456,0.12194205529851729
2019-12-23,legacy_short_proxy,10,MBB,79.678445229682,-0.001153050025702984,-0.0023126734505087843,-0.0037871790134861305,0.024573555962138425
2019-12-23,legacy_short_proxy,11,D,79.59010600706713,-0.0032681738619546596,-0.021744353676117156,0.005432769477713428,0.11129405792731863
2019-12-23,legacy_short_proxy,12,DRI,79.25088339222614,-0.06498243078764743,-0.05206244004534755,-0.06583018219319348,0.26208439735655054
2019-12-23,legacy_short_proxy,13,SUI,79.19787985865725,-0.05824592724838784,-0.06919586589362248,-0.00391151874831408,0.17969725017932678
2019-12-23,legacy_short_proxy,14,CPAY,79.07420494699647,-0.057501796827642115,-0.03597804729317711,-0.011944444444444424,0.21819942763246214
2019-12-23,legacy_short_proxy,15,O,79.03180212014136,-0.03488886802323732,-0.056022041458934635,-0.06715934137170998,0.14718142539963572
2019-12-23,legacy_short_proxy,16,LUV,78.9434628975265,-0.004100761569997058,-0.03087177688124887,0.01674641148325362,0.1460165328590369
2019-12-23,legacy_short_proxy,17,COST,78.73851590106007,-0.008536001034347596,-0.020046106043901002,0.025738765518447337,0.11725345916781084
2019-12-23,legacy_short_proxy,18,SHV,78.68551236749117,-0.0011310681807846779,-0.001898734177215089,-0.001898734177215089,0.00788378323830763
2019-12-23,legacy_short_proxy,19,ESS,78.63250883392226,-0.027756850773352548,-0.0448577680525164,-0.090485674888923,0.14908172494760494
2019-12-23,legacy_short_proxy,20,AIG,78.49823321554771,-0.014853542333086223,-0.043714821763602196,-0.09241452991452992,0.13667484097926294
2019-12-23,mirror28,1,QID,83.16546762589928,-0.05631900865834816,-0.09485714285714286,-0.223021582733813,0.18886300757139635
2019-12-23,mirror28,2,SDS,83.02158273381295,-0.04237207077953131,-0.0705532862978091,-0.16034887621603489,0.15424821110637515
2019-12-23,mirror28,3,SPXS,83.02158273381295,-0.0653943306202619,-0.10843373493975905,-0.23492245835726588,0.23071021336034425
2019-12-23,mirror28,4,SPXU,81.94244604316548,-0.06324596166771457,-0.10575221238938048,-0.23388931008339653,0.23149128600025412
2019-12-23,mirror28,5,BJ,81.15107913669065,-0.052203360950783484,-0.04465435809360241,-0.13255360623781676,0.18550624366626733
2019-12-23,mirror28,6,PSQ,80.07194244604317,-0.02849282766750716,-0.04849884526558901,-0.11651179413867052,0.09485360453587965
2019-12-23,mirror28,7,VMRK,78.12949640287769,-0.03826547540766523,-0.05991272555725924,-0.07582608695652182,0.13135692002362118
2019-12-23,mirror28,8,SDOW,77.84172661870502,-0.05247577706190498,-0.0757097791798107,-0.18489193237748758,0.25385770982480405
2019-12-23,mirror28,9,AIN,76.83453237410073,-0.050237071748793105,-0.0766471361951453,-0.14056761268781293,0.2515848989415479
2019-12-23,mirror28,10,CINF,74.1726618705036,-0.022321375594819837,-0.02614657210401894,-0.1103576364892882,0.1275457934948463
2019-12-23,mirror28,11,WPC,73.9568345323741,-0.030641430596648367,-0.061295761078998146,-0.13427365615282094,0.1960015322698103
2019-12-23,mirror28,12,HXL,73.52517985611512,-0.04209334636958284,-0.03823301472487739,-0.07971820541342234,0.18099533951398633
2019-12-23,mirror28,13,MTH,73.45323741007194,-0.04835043312649345,-0.06966966966966959,-0.10358796296296302,0.2386948572050765
2019-12-23,mirror28,14,O,73.45323741007194,-0.03488886802323732,-0.056022041458934635,-0.06715934137170998,0.14718142539963572
2019-12-23,mirror28,15,VST,73.16546762589927,-0.04461815023531113,-0.10855635130041474,-0.11555721765145854,0.2509650498910489
2019-12-23,mirror28,16,ESS,72.80575539568346,-0.027756850773352548,-0.0448577680525164,-0.090485674888923,0.14908172494760494
2019-12-23,mirror28,17,DRI,71.43884892086331,-0.06498243078764743,-0.05206244004534755,-0.06583018219319348,0.26208439735655054
2019-12-23,mirror28,18,SH,71.29496402877697,-0.0213024954351968,-0.035585765693722515,-0.08149276466108146,0.07739993350555979
2019-12-23,mirror28,19,ADC,71.15107913669065,-0.04189101195187084,-0.07050672462980567,-0.059130913091309134,0.17087743181562717
2019-12-23,mirror28,20,NNN,69.85611510791367,-0.03207181703047024,-0.05953673543250093,-0.07870944867931218,0.18635639147707578
2019-12-23,bounded45,1,SPXS,85.1388888888889,-0.0653943306202619,-0.10843373493975905,-0.23492245835726588,0.23071021336034425
2019-12-23,bounded45,2,SPXU,84.09722222222223,-0.06324596166771457,-0.10575221238938048,-0.23388931008339653,0.23149128600025412
2019-12-23,bounded45,3,QID,84.02777777777777,-0.05631900865834816,-0.09485714285714286,-0.223021582733813,0.18886300757139635
2019-12-23,bounded45,4,BJ,81.66666666666667,-0.052203360950783484,-0.04465435809360241,-0.13255360623781676,0.18550624366626733
2019-12-23,bounded45,5,SDS,81.45833333333334,-0.04237207077953131,-0.0705532862978091,-0.16034887621603489,0.15424821110637515
2019-12-23,bounded45,6,BZUN,79.93055555555554,-0.06831278070933655,-0.09237618252643298,-0.23210922787193977,0.37980420853555885
2019-12-23,bounded45,7,SDOW,79.93055555555554,-0.05247577706190498,-0.0757097791798107,-0.18489193237748758,0.25385770982480405
2019-12-23,bounded45,8,AIN,78.19444444444446,-0.050237071748793105,-0.0766471361951453,-0.14056761268781293,0.2515848989415479
2019-12-23,bounded45,9,PSQ,76.52777777777779,-0.02849282766750716,-0.04849884526558901,-0.11651179413867052,0.09485360453587965
2019-12-23,bounded45,10,VMRK,74.93055555555554,-0.03826547540766523,-0.05991272555725924,-0.07582608695652182,0.13135692002362118
2019-12-23,bounded45,11,MTH,73.95833333333334,-0.04835043312649345,-0.06966966966966959,-0.10358796296296302,0.2386948572050765
2019-12-23,bounded45,12,VST,73.68055555555556,-0.04461815023531113,-0.10855635130041474,-0.11555721765145854,0.2509650498910489
2019-12-23,bounded45,13,UNG,73.40277777777777,-0.04999031731538084,-0.1717317896767968,-0.16407010710808168,0.4435721603941506
2019-12-23,bounded45,14,DRI,73.26388888888889,-0.06498243078764743,-0.05206244004534755,-0.06583018219319348,0.26208439735655054
2019-12-23,bounded45,15,TMF,72.77777777777779,-0.04999910105895111,-0.07233146067415741,-0.13291762389235318,0.40269990177246057
2019-12-23,bounded45,16,HXL,72.36111111111111,-0.04209334636958284,-0.03823301472487739,-0.07971820541342234,0.18099533951398633
2019-12-23,bounded45,17,WPC,72.08333333333333,-0.030641430596648367,-0.061295761078998146,-0.13427365615282094,0.1960015322698103
2019-12-23,bounded45,18,CINF,70.76388888888889,-0.022321375594819837,-0.02614657210401894,-0.1103576364892882,0.1275457934948463
2019-12-23,bounded45,19,O,70.55555555555556,-0.03488886802323732,-0.056022041458934635,-0.06715934137170998,0.14718142539963572
2019-12-23,bounded45,20,HEI,70.27777777777779,-0.0631243392304951,-0.09596586501163695,-0.06581689915023248,0.3085355375237092
2019-12-23,efficient60,1,SHV,83.10185185185186,-0.0011310681807846779,-0.001898734177215089,-0.001898734177215089,0.00788378323830763
2019-12-23,efficient60,2,BIL,82.40740740740742,-0.0008361889458998739,-0.0013110455588332126,-0.001856300502293129,0.006474478486410669
2019-12-23,efficient60,3,VMRK,82.40740740740742,-0.03826547540766523,-0.05991272555725924,-0.07582608695652182,0.13135692002362118
2019-12-23,efficient60,4,BNDX,82.17592592592592,-0.023220922111180653,-0.026302217637957703,-0.03804347826086962,0.08537769540146545
2019-12-23,efficient60,5,SPG,78.24074074074073,-0.01657248682272705,-0.018483412322274795,-0.08223600911623197,0.14318262763744108
2019-12-23,efficient60,6,AIG,78.00925925925927,-0.014853542333086223,-0.043714821763602196,-0.09241452991452992,0.13667484097926294
2019-12-23,efficient60,7,PEG,77.5462962962963,-0.0033928859939144074,-0.02980132450331119,-0.054533720555017706,0.11193931431406053
2019-12-23,efficient60,8,SH,76.85185185185186,-0.0213024954351968,-0.035585765693722515,-0.08149276466108146,0.07739993350555979
2019-12-23,efficient60,9,ESS,76.85185185185185,-0.027756850773352548,-0.0448577680525164,-0.090485674888923,0.14908172494760494
2019-12-23,efficient60,10,IEF,76.62037037037037,-0.007928111254672854,-0.013519563076372032,-0.019576437088449805,0.06126037580070375
2019-12-23,efficient60,11,O,76.62037037037037,-0.03488886802323732,-0.056022041458934635,-0.06715934137170998,0.14718142539963572
2019-12-23,efficient60,12,SDS,73.8425925925926,-0.04237207077953131,-0.0705532862978091,-0.16034887621603489,0.15424821110637515
2019-12-23,efficient60,13,AGG,73.6111111111111,-0.0036440140079249117,-0.005581642597678793,-0.007954746331978124,0.035029446618964524
2019-12-23,efficient60,14,SHY,70.83333333333334,-0.0016066913970986807,-0.0026553372278278475,-0.0031847133757961776,0.012722962746331022
2019-12-23,efficient60,15,CINF,69.90740740740742,-0.022321375594819837,-0.02614657210401894,-0.1103576364892882,0.1275457934948463
2019-12-23,efficient60,16,WELL,69.67592592592592,-0.023522290228494502,-0.04542737597130919,-0.11562742274892024,0.1962975579081589
2019-12-23,efficient60,17,TLT,69.44444444444446,-0.01634617117522852,-0.024660471765546976,-0.04399915925173403,0.13968077073513074
2019-12-23,efficient60,18,GOVT,68.75,-0.006687968373687125,-0.010514242018734521,-0.015595283377710212,0.04545576622256862
2019-12-23,efficient60,19,WPC,68.75,-0.030641430596648367,-0.061295761078998146,-0.13427365615282094,0.1960015322698103
2019-12-23,efficient60,20,JPST,68.05555555555556,-0.00012899643744335165,-0.001187648456057011,-0.001187648456057011,0.007343413447279819
2020-01-23,legacy_short_proxy,1,USB,85.6052824651504,-0.040903172813929745,-0.0788855320577374,-0.03278110680296087,0.14425133100337706
2020-01-23,legacy_short_proxy,2,CVX,84.52311078503301,-0.03998777703270251,-0.06008476689104969,-0.046936883795399065,0.11004342572779366
2020-01-23,legacy_short_proxy,3,XOM,83.91415994130594,-0.03708457417274735,-0.05007824726134602,-0.03581227436823109,0.12826904604763692
2020-01-23,legacy_short_proxy,4,BA,83.10344827586206,-0.03240097250111684,-0.05853947563323947,-0.0648559573904598,0.2471517145759125
2020-01-23,legacy_short_proxy,5,GILD,82.85033015407191,-0.012890775762227635,-0.04209737827715354,0.009791535060012624,0.1282864468237506
2020-01-23,legacy_short_proxy,6,BKNG,82.6485693323551,-0.029783091478786994,-0.019069881889763773,-0.030520428015564094,0.15024964304313282
2020-01-23,legacy_short_proxy,7,BIIB,82.51283932501833,-0.03086990176053861,-0.05753415572357079,-0.013296764338286526,0.16734723027774412
2020-01-23,legacy_short_proxy,8,DLTR,82.1386647101981,-0.039793851579688067,-0.04868022501081781,-0.23230030554343084,0.17437058586129514
2020-01-23,legacy_short_proxy,9,WFC,82.07997065297138,-0.06744669535367998,-0.10388403642445643,-0.06496024820632151,0.2174283095511864
2020-01-23,legacy_short_proxy,10,CMI,81.67644900953779,-0.020378814250901822,-0.05379781721971111,-0.038427066995294745,0.12872418015531806
2020-01-23,legacy_short_proxy,11,WMT,81.2105649303008,-0.011738802053332664,-0.027217741935483875,-0.027217741935483875,0.08897610918170017
2020-01-23,legacy_short_proxy,12,UAL,80.88407923697726,-0.032033664427676634,-0.05098389982110918,-0.07376691401134883,0.24364527357579685
2020-01-23,legacy_short_proxy,13,CE,80.24211298606015,-0.031051943261457216,-0.061926791656521374,-0.06526486049332803,0.102149510554037
2020-01-23,legacy_short_proxy,14,PSX,79.67351430667645,-0.04545497049774938,-0.09399130203248429,-0.10784827827302923,0.21028827044178985
2020-01-23,legacy_short_proxy,15,SDS,79.46441672780631,-0.032949812363394115,-0.06312425089892126,-0.178921568627451,0.14088253859588065
2020-01-23,legacy_short_proxy,16,ORLY,79.05722670579604,-0.0026075619295944374,-0.0030864197530864335,-0.005813953488371992,0.10168769273614069
2020-01-23,legacy_short_proxy,17,LYB,78.63903154805575,-0.05740907724675315,-0.08750396783409176,-0.05053396454915782,0.19491365171675926
2020-01-23,legacy_short_proxy,18,RF,78.36390315480558,-0.028712157616538447,-0.05824111822946998,-0.01402439024390223,0.15089439356813542
2020-01-23,legacy_short_proxy,19,FAST,78.30520909757888,-0.01410761154855078,-0.02382241472658353,-0.0301237224314147,0.15575024609901764
2020-01-23,legacy_short_proxy,20,EBAY,77.96038151137198,-0.0027025891644443245,-0.016570008285004212,-0.0064174107142858094,0.1277940000987331
2020-01-23,mirror28,1,CVI,89.0909090909091,-0.07349575815811582,-0.1089494163424124,-0.19631498135556047,0.17314780552456363
2020-01-23,mirror28,2,QID,82.27272727272728,-0.05813459690216238,-0.11321548821548821,-0.2450734503762093,0.20120048023226658
2020-01-23,mirror28,3,DK,80.45454545454545,-0.07610196006257797,-0.13547646383467282,-0.22947045280122802,0.24941990384267787
2020-01-23,mirror28,4,LGND,79.01515151515152,-0.07691834001304587,-0.15022675736961455,-0.19213150094314202,0.2660121883607328
2020-01-23,mirror28,5,DLTR,76.13636363636364,-0.039793851579688067,-0.04868022501081781,-0.23230030554343084,0.17437058586129514
2020-01-23,mirror28,6,AN,75.37878787878788,-0.038266314743378715,-0.07597535934291588,-0.11504424778761069,0.15247042194921762
2020-01-23,mirror28,7,LBTYK,75.37878787878788,-0.06798272075680933,-0.11259191176470595,-0.16803102111158996,0.2753734455661412
2020-01-23,mirror28,8,NTR,75.30303030303031,-0.04416646468051977,-0.0668724279835391,-0.08105369807497464,0.16564583500314087
2020-01-23,mirror28,9,CF,74.16666666666666,-0.07320583553219728,-0.10994764397905754,-0.07889033376679677,0.24028736636857873
2020-01-23,mirror28,10,SDS,74.01515151515153,-0.032949812363394115,-0.06312425089892126,-0.178921568627451,0.14088253859588065
2020-01-23,mirror28,11,SFM,74.01515151515153,-0.056184068670922516,-0.12233502538071073,-0.0871172122492081,0.2116684651086394
2020-01-23,mirror28,12,LBTYA,73.78787878787878,-0.0625831607446683,-0.1116228070175439,-0.1688551497743127,0.2765986582732765
2020-01-23,mirror28,13,PSX,73.56060606060606,-0.04545497049774938,-0.09399130203248429,-0.10784827827302923,0.21028827044178985
2020-01-23,mirror28,14,WFC,72.34848484848484,-0.06744669535367998,-0.10388403642445643,-0.06496024820632151,0.2174283095511864
2020-01-23,mirror28,15,CVX,70.90909090909092,-0.03998777703270251,-0.06008476689104969,-0.046936883795399065,0.11004342572779366
2020-01-23,mirror28,16,LYB,70.9090909090909,-0.05740907724675315,-0.08750396783409176,-0.05053396454915782,0.19491365171675926
2020-01-23,mirror28,17,XOP,70.60606060606061,-0.09983013621563142,-0.12310286677908933,-0.04761904761904756,0.23810205393861417
2020-01-23,mirror28,18,PSQ,70.45454545454545,-0.028194861528188397,-0.05744336569579289,-0.1296227119910347,0.09731910692701079
2020-01-23,mirror28,19,AGCO,69.6969696969697,-0.04023600537097427,-0.06712099781406711,-0.05583029672045814,0.1580847978121373
2020-01-23,mirror28,20,NUE,69.54545454545455,-0.044973886725596546,-0.08842698608419941,-0.038461538461538436,0.15694684234239126
2020-01-23,bounded45,1,CVI,88.86666666666666,-0.07349575815811582,-0.1089494163424124,-0.19631498135556047,0.17314780552456363
2020-01-23,bounded45,2,DK,82.33333333333334,-0.07610196006257797,-0.13547646383467282,-0.22947045280122802,0.24941990384267787
2020-01-23,bounded45,3,UNG,82.13333333333334,-0.09063241828474522,-0.1298776936517182,-0.23305954825462016,0.2818054250144909
2020-01-23,bounded45,4,QID,81.26666666666667,-0.05813459690216238,-0.11321548821548821,-0.2450734503762093,0.20120048023226658
2020-01-23,bounded45,5,LGND,80.66666666666666,-0.07691834001304587,-0.15022675736961455,-0.19213150094314202,0.2660121883607328
2020-01-23,bounded45,6,FTI,79.46666666666667,-0.10757087862867831,-0.13147973609802066,-0.13717228464419473,0.282566654810755
2020-01-23,bounded45,7,LBTYK,76.39999999999999,-0.06798272075680933,-0.11259191176470595,-0.16803102111158996,0.2753734455661412
2020-01-23,bounded45,8,HTHT,74.8,-0.1538972315864784,-0.18818916932124474,-0.10676732272849832,0.4443698501770499
2020-01-23,bounded45,9,LBTYA,74.2,-0.0625831607446683,-0.1116228070175439,-0.1688551497743127,0.2765986582732765
2020-01-23,bounded45,10,CMPR,73.46666666666667,-0.06560906416211831,-0.14362642661951464,-0.20768887566924443,0.34148836901195
2020-01-23,bounded45,11,DHT,73.4,-0.11173326546195006,-0.11308767471410419,-0.10051546391752564,0.4278768309119179
2020-01-23,bounded45,12,CF,73.06666666666666,-0.07320583553219728,-0.10994764397905754,-0.07889033376679677,0.24028736636857873
2020-01-23,bounded45,13,DLTR,73.0,-0.039793851579688067,-0.04868022501081781,-0.23230030554343084,0.17437058586129514
2020-01-23,bounded45,14,PBF,72.73333333333333,-0.07775364170713261,-0.09696590553644036,-0.10146280734516033,0.3829949821155773
2020-01-23,bounded45,15,MPC,72.66666666666667,-0.05970123888992507,-0.08786679854929114,-0.18644317012204092,0.29283848601039925
2020-01-23,bounded45,16,SFM,70.73333333333332,-0.056184068670922516,-0.12233502538071073,-0.0871172122492081,0.2116684651086394
2020-01-23,bounded45,17,WFC,70.6,-0.06744669535367998,-0.10388403642445643,-0.06496024820632151,0.2174283095511864
2020-01-23,bounded45,18,TECK,70.53333333333333,-0.07389941890534912,-0.11819235225955971,-0.08807669263031759,0.3293975146253399
2020-01-23,bounded45,19,XOP,70.13333333333334,-0.09983013621563142,-0.12310286677908933,-0.04761904761904756,0.23810205393861417
2020-01-23,bounded45,20,AN,69.8,-0.038266314743378715,-0.07597535934291588,-0.11504424778761069,0.15247042194921762
2020-01-23,efficient60,1,SH,89.77777777777779,-0.01644875579921401,-0.03316749585406309,-0.0943689320388349,0.0719939945797933
2020-01-23,efficient60,2,DLTR,87.11111111111111,-0.039793851579688067,-0.04868022501081781,-0.23230030554343084,0.17437058586129514
2020-01-23,efficient60,3,CVX,86.44444444444444,-0.03998777703270251,-0.06008476689104969,-0.046936883795399065,0.11004342572779366
2020-01-23,efficient60,4,SDS,85.7777777777778,-0.032949812363394115,-0.06312425089892126,-0.178921568627451,0.14088253859588065
2020-01-23,efficient60,5,WFC,85.55555555555557,-0.06744669535367998,-0.10388403642445643,-0.06496024820632151,0.2174283095511864
2020-01-23,efficient60,6,PSX,83.11111111111113,-0.04545497049774938,-0.09399130203248429,-0.10784827827302923,0.21028827044178985
2020-01-23,efficient60,7,CE,83.11111111111111,-0.031051943261457216,-0.061926791656521374,-0.06526486049332803,0.102149510554037
2020-01-23,efficient60,8,USB,83.11111111111111,-0.040903172813929745,-0.0788855320577374,-0.03278110680296087,0.14425133100337706
2020-01-23,efficient60,9,WMT,83.11111111111111,-0.011738802053332664,-0.027217741935483875,-0.027217741935483875,0.08897610918170017
2020-01-23,efficient60,10,XLE,80.0,-0.04377149343927034,-0.07612903225806444,-0.037634408602150615,0.1543693466877655
2020-01-23,efficient60,11,KSS,77.77777777777777,-0.04427121027273806,-0.0896198542446327,-0.14343958487768727,0.2912669483433128
2020-01-23,efficient60,12,PSQ,77.1111111111111,-0.028194861528188397,-0.05744336569579289,-0.1296227119910347,0.09731910692701079
2020-01-23,efficient60,13,UGI,76.8888888888889,-0.008629430187239828,-0.015659955257270708,-0.08694749948122016,0.10141725341570697
2020-01-23,efficient60,14,CMI,72.66666666666667,-0.020378814250901822,-0.05379781721971111,-0.038427066995294745,0.12872418015531806
2020-01-23,efficient60,15,XOM,72.00000000000001,-0.03708457417274735,-0.05007824726134602,-0.03581227436823109,0.12826904604763692
2020-01-23,efficient60,16,QID,70.8888888888889,-0.05813459690216238,-0.11321548821548821,-0.2450734503762093,0.20120048023226658
2020-01-23,efficient60,17,BKNG,70.44444444444444,-0.029783091478786994,-0.019069881889763773,-0.030520428015564094,0.15024964304313282
2020-01-23,efficient60,18,NUE,69.77777777777779,-0.044973886725596546,-0.08842698608419941,-0.038461538461538436,0.15694684234239126
2020-01-23,efficient60,19,CF,69.11111111111111,-0.07320583553219728,-0.10994764397905754,-0.07889033376679677,0.24028736636857873
2020-01-23,efficient60,20,LYB,69.11111111111111,-0.05740907724675315,-0.08750396783409176,-0.05053396454915782,0.19491365171675926
2020-02-21,legacy_short_proxy,1,EWJ,84.72300140252455,-0.03463089078867998,-0.05237617135207484,-0.049353701527614535,0.14501764109107398
2020-02-21,legacy_short_proxy,2,ROKU,83.26437587657784,-0.07285951157760395,-0.10956962780636981,-0.248,0.576669382116331
2020-02-21,legacy_short_proxy,3,KHC,80.48737727910238,-0.05939996204471887,-0.11147327249022154,-0.10740013097576939,0.3289389925778028
2020-02-21,legacy_short_proxy,4,PFE,80.26297335203365,-0.04859566647579294,-0.12257430606730535,-0.06809287764153404,0.22675364282226035
2020-02-21,legacy_short_proxy,5,MO,79.92636746143057,-0.021086425546888332,-0.092365506329114,-0.06346938775510202,0.20026943312236575
2020-02-21,legacy_short_proxy,6,ORLY,79.6914446002805,-0.031701571166226405,-0.10216718266253866,-0.10677618069815187,0.27282794349374256
2020-02-21,legacy_short_proxy,7,PSX,79.24964936886396,-0.027603000539317524,-0.12568573667711602,-0.2347594958415502,0.32343787854217976
2020-02-21,legacy_short_proxy,8,OLED,77.4789621318373,-0.04487504279357335,-0.1737193763919822,-0.09606013478486264,0.4292508892019562
2020-02-21,legacy_short_proxy,9,NCLH,77.47545582047685,-0.11744534530866702,-0.19323256612847817,-0.13034623217922603,0.4179107419351665
2020-02-21,legacy_short_proxy,10,XOM,77.14235624123424,-0.0432503276539955,-0.11442264490040432,-0.14761424246792565,0.2851010048241958
2020-02-21,legacy_short_proxy,11,ALLY,76.99859747545582,-0.10571531780560472,-0.1293577981651377,-0.11666149550108584,0.484637153883698
2020-02-21,legacy_short_proxy,12,DXC,76.89340813464236,-0.08949416342412453,-0.1774465691788527,-0.1838727678571429,0.4130744822320557
2020-02-21,legacy_short_proxy,13,BUD,76.86185133239832,-0.044205495818401164,-0.08510094556606196,-0.09458775923115836,0.16789309629158825
2020-02-21,legacy_short_proxy,14,AIG,76.77769985974756,-0.05058654606904245,-0.05832203061422203,-0.0881801125703564,0.36958372990537863
2020-02-21,legacy_short_proxy,15,AZO,76.39901823281907,-0.005463279997979353,-0.08402229845626075,-0.0823459664739189,0.21063009152584106
2020-02-21,legacy_short_proxy,16,VZ,76.39200561009817,-0.014235990548869148,-0.038175508180466,-0.025941422594142227,0.17673161568237955
2020-02-21,legacy_short_proxy,17,TSN,76.26227208976158,-0.04914908433412246,-0.11516598453842652,-0.09929406318713108,0.26869274882070354
2020-02-21,legacy_short_proxy,18,GSK,76.25525946704069,-0.04496723448404827,-0.09919705587152894,-0.0210870750772586,0.20463230149381859
2020-02-21,legacy_short_proxy,19,BBD,76.1500701262272,-0.06089889097865464,-0.1256038647342994,-0.09499999999999997,0.23819136497444354
2020-02-21,legacy_short_proxy,20,MDT,75.71178120617111,-0.03633726494345435,-0.06356948003637264,0.02219815917704393,0.22952881787371146
2020-02-21,mirror28,1,GHC,93.91666666666666,-0.055099852178203235,-0.14306367878031134,-0.17098445595854916,0.18278557714308366
2020-02-21,mirror28,2,BUD,86.25,-0.044205495818401164,-0.08510094556606196,-0.09458775923115836,0.16789309629158825
2020-02-21,mirror28,3,LNG,83.83333333333333,-0.061412862961747305,-0.14574383452665085,-0.11752136752136766,0.24896351751534496
2020-02-21,mirror28,4,JAZZ,83.16666666666667,-0.052734752380979355,-0.09577464788732393,-0.0784059060769704,0.20434302905942034
2020-02-21,mirror28,5,BBD,82.25,-0.06089889097865464,-0.1256038647342994,-0.09499999999999997,0.23819136497444354
2020-02-21,mirror28,6,TBT,81.0,-0.049030982768250686,-0.09820700896495516,-0.12425801345468934,0.24908353333420633
2020-02-21,mirror28,7,TTE,78.41666666666667,-0.030577210485925543,-0.0883190883190883,-0.11585927426782094,0.19887467870373607
2020-02-21,mirror28,8,PAA,77.25,-0.045696900322308553,-0.1272727272727272,-0.10911136107986508,0.2579064176557497
2020-02-21,mirror28,9,BBJP,77.16666666666667,-0.036298463186519414,-0.055331179321486346,-0.062149157979149994,0.14666928862748924
2020-02-21,mirror28,10,TAK,77.0,-0.04213289832538536,-0.06143856143856141,-0.07801766437683999,0.21695834640680242
2020-02-21,mirror28,11,PFE,76.5,-0.04859566647579294,-0.12257430606730535,-0.06809287764153404,0.22675364282226035
2020-02-21,mirror28,12,TSN,74.66666666666667,-0.04914908433412246,-0.11516598453842652,-0.09929406318713108,0.26869274882070354
2020-02-21,mirror28,13,AYI,74.5,-0.027706580838152473,-0.05766411467665744,-0.09119472154583297,0.18597359264366853
2020-02-21,mirror28,14,EPR,73.41666666666667,-0.03816062139645515,-0.0618726797745085,-0.05091111420225336,0.17566304442994732
2020-02-21,mirror28,15,UBSI,73.41666666666666,-0.032470017401132756,-0.09946236559139787,-0.1158617049353392,0.24471307064120973
2020-02-21,mirror28,16,MMS,73.33333333333333,-0.03757388986235877,-0.05565962001605562,-0.04647392596595512,0.14720733040010342
2020-02-21,mirror28,17,WSO,72.83333333333333,-0.03415736005687098,-0.05613759874502777,-0.05183475911751467,0.16365760262764179
2020-02-21,mirror28,18,EWJ,72.5,-0.03463089078867998,-0.05237617135207484,-0.049353701527614535,0.14501764109107398
2020-02-21,mirror28,19,VYX,72.0,-0.0673544232087887,-0.11388101983002819,-0.06037849203965151,0.2599210461643137
2020-02-21,mirror28,20,RDN,71.08333333333334,-0.034777303233685,-0.06019801980198014,-0.070141065830721,0.22422066149890682
2020-02-21,bounded45,1,GHC,90.0,-0.055099852178203235,-0.14306367878031134,-0.17098445595854916,0.18278557714308366
2020-02-21,bounded45,2,VSAT,87.79166666666669,-0.13004070853159688,-0.1979541852758968,-0.2411395856052344,0.31132294031665225
2020-02-21,bounded45,3,LNG,83.54166666666667,-0.061412862961747305,-0.14574383452665085,-0.11752136752136766,0.24896351751534496
2020-02-21,bounded45,4,PPC,82.375,-0.08114818570357607,-0.15363128491620115,-0.20719542109566647,0.3493593208125019
2020-02-21,bounded45,5,AMCX,80.91666666666667,-0.06452882812553895,-0.09781209781209788,-0.11978905072827728,0.2853361389761052
2020-02-21,bounded45,6,BBD,80.54166666666667,-0.06089889097865464,-0.1256038647342994,-0.09499999999999997,0.23819136497444354
2020-02-21,bounded45,7,BGS,80.41666666666667,-0.0729596321590078,-0.16095471236230108,-0.14526184538653353,0.3330156448759305
2020-02-21,bounded45,8,TBT,79.16666666666667,-0.049030982768250686,-0.09820700896495516,-0.12425801345468934,0.24908353333420633
2020-02-21,bounded45,9,DXC,78.625,-0.08949416342412453,-0.1774465691788527,-0.1838727678571429,0.4130744822320557
2020-02-21,bounded45,10,SHOO,78.58333333333334,-0.05776693358944551,-0.1363311920057103,-0.1480873034498944,0.3234056252505375
2020-02-21,bounded45,11,JAZZ,77.625,-0.052734752380979355,-0.09577464788732393,-0.0784059060769704,0.20434302905942034
2020-02-21,bounded45,12,BUD,77.45833333333334,-0.044205495818401164,-0.08510094556606196,-0.09458775923115836,0.16789309629158825
2020-02-21,bounded45,13,HLF,77.33333333333333,-0.0611564446784294,-0.14282444495307844,-0.16536661466458646,0.36247847413939027
2020-02-21,bounded45,14,NCLH,77.04166666666666,-0.11744534530866702,-0.19323256612847817,-0.13034623217922603,0.4179107419351665
2020-02-21,bounded45,15,PINC,76.5,-0.05368821292775017,-0.156910569105691,-0.14790468364831555,0.3379864990990729
2020-02-21,bounded45,16,SKT,75.91666666666667,-0.07686768676866473,-0.21781574130567416,-0.1549110085695451,0.4315833596530486
2020-02-21,bounded45,17,PAA,75.625,-0.045696900322308553,-0.1272727272727272,-0.10911136107986508,0.2579064176557497
2020-02-21,bounded45,18,EEFT,75.5,-0.08905647642164216,-0.15780631225248998,-0.09204993854712462,0.3339161992839302
2020-02-21,bounded45,19,KHC,75.20833333333333,-0.05939996204471887,-0.11147327249022154,-0.10740013097576939,0.3289389925778028
2020-02-21,bounded45,20,TSN,74.45833333333334,-0.04914908433412246,-0.11516598453842652,-0.09929406318713108,0.26869274882070354
2020-02-21,efficient60,1,PFE,89.72222222222221,-0.04859566647579294,-0.12257430606730535,-0.06809287764153404,0.22675364282226035
2020-02-21,efficient60,2,EWJ,87.77777777777779,-0.03463089078867998,-0.05237617135207484,-0.049353701527614535,0.14501764109107398
2020-02-21,efficient60,3,MO,87.08333333333333,-0.021086425546888332,-0.092365506329114,-0.06346938775510202,0.20026943312236575
2020-02-21,efficient60,4,F,84.72222222222223,-0.06594057061677483,-0.1367614879649891,-0.11248593925759287,0.37973350210840556
2020-02-21,efficient60,5,ORLY,84.30555555555556,-0.031701571166226405,-0.10216718266253866,-0.10677618069815187,0.27282794349374256
2020-02-21,efficient60,6,UPS,84.02777777777779,-0.03910239057583886,-0.11964423159155058,-0.1372779081461616,0.3519726438334314
2020-02-21,efficient60,7,KHC,84.02777777777777,-0.05939996204471887,-0.11147327249022154,-0.10740013097576939,0.3289389925778028
2020-02-21,efficient60,8,TSN,83.61111111111111,-0.04914908433412246,-0.11516598453842652,-0.09929406318713108,0.26869274882070354
2020-02-21,efficient60,9,SH,82.77777777777779,-0.005574614065177341,-0.005574614065180006,-0.07277089164334272,0.14186479726666643
2020-02-21,efficient60,10,LNG,81.38888888888889,-0.061412862961747305,-0.14574383452665085,-0.11752136752136766,0.24896351751534496
2020-02-21,efficient60,11,BUD,80.1388888888889,-0.044205495818401164,-0.08510094556606196,-0.09458775923115836,0.16789309629158825
2020-02-21,efficient60,12,TTE,79.86111111111113,-0.030577210485925543,-0.0883190883190883,-0.11585927426782094,0.19887467870373607
2020-02-21,efficient60,13,CVX,79.44444444444444,-0.008409552961084032,-0.03616268788682575,-0.08109247239315509,0.22189461615192674
2020-02-21,efficient60,14,AZO,77.36111111111111,-0.005463279997979353,-0.08402229845626075,-0.0823459664739189,0.21063009152584106
2020-02-21,efficient60,15,BBJP,75.69444444444446,-0.036298463186519414,-0.055331179321486346,-0.062149157979149994,0.14666928862748924
2020-02-21,efficient60,16,XLE,75.41666666666667,-0.006423196916869767,-0.05481843575418999,-0.09525401069518724,0.24269131623560464
2020-02-21,efficient60,17,MKTX,75.27777777777779,-0.02274533017437752,-0.07403071226312352,-0.13315321285652393,0.2367163667219022
2020-02-21,efficient60,18,ITUB,75.0,-0.02576232180528215,-0.0718635809987821,-0.1014150943396227,0.21863585698689594
2020-02-21,efficient60,19,XOM,75.0,-0.0432503276539955,-0.11442264490040432,-0.14761424246792565,0.2851010048241958
2020-02-21,efficient60,20,BWA,74.44444444444446,-0.026946536468035576,-0.16222879684418157,-0.20588922645477925,0.3889618658086491
2020-03-20,legacy_short_proxy,1,BA,86.09430604982207,-0.5663247839840242,-0.7124220594466977,-0.718530588061028,1.449862134839497
2020-03-20,legacy_short_proxy,2,SPXL,82.87069988137603,-0.5495717810490062,-0.7363122327954765,-0.7092457420924574,2.1648197250355863
2020-03-20,legacy_short_proxy,3,DAL,82.68979833926453,-0.47888699048083705,-0.6310696388456886,-0.640814266487214,1.3807193223467535
2020-03-20,legacy_short_proxy,4,UAL,82.62158956109134,-0.5012773406886408,-0.685937700294834,-0.7260733452593917,1.80013543693028
2020-03-20,legacy_short_proxy,5,CCL,82.42586002372478,-0.5067513410197839,-0.7121611897337491,-0.7658993367147874,1.757093768545492
2020-03-20,legacy_short_proxy,6,UPRO,81.47686832740214,-0.5485076286642098,-0.735952133194589,-0.7091690544412608,2.2021380617662887
2020-03-20,legacy_short_proxy,7,SPG,80.9608540925267,-0.5279674852551062,-0.6615817223198595,-0.6679312961302338,1.7469141754739281
2020-03-20,legacy_short_proxy,8,AAL,80.74436536180309,-0.3846245053430155,-0.6268871315600287,-0.6457337883959045,1.4925281989756236
2020-03-20,legacy_short_proxy,9,NCLH,80.34400948991696,-0.6302029219057982,-0.8143495848413881,-0.8509656468979662,1.611368313597708
2020-03-20,legacy_short_proxy,10,UDOW,80.2135231316726,-0.5986939262149662,-0.7720135467980296,-0.7631158029430583,2.088109607342036
2020-03-20,legacy_short_proxy,11,TNA,80.03855278766311,-0.6811748652541129,-0.8366111951588502,-0.8370146796542736,1.9032710026955022
2020-03-20,legacy_short_proxy,12,KMX,79.83392645314355,-0.41612096992237746,-0.5625926291868392,-0.5035882484862076,0.908751163701557
2020-03-20,legacy_short_proxy,13,USO,79.66785290628707,-0.3810590280496924,-0.557347670250896,-0.611023622047244,1.4045950703882693
2020-03-20,legacy_short_proxy,14,MAR,79.64709371293002,-0.2792949498463626,-0.47933538117844177,-0.5068764877016663,1.0879781013923584
2020-03-20,legacy_short_proxy,15,MGM,79.34460260972716,-0.5182697900692677,-0.7097801847722205,-0.7279785010450881,1.9274187248347112
2020-03-20,legacy_short_proxy,16,WYNN,79.19632265717675,-0.3935008781808542,-0.5938257131692067,-0.6293945660700278,1.5459420357319138
2020-03-20,legacy_short_proxy,17,DRI,79.01245551601423,-0.5000929314422391,-0.6779521056977704,-0.641214351425943,1.7408895618299012
2020-03-20,legacy_short_proxy,18,CVNA,78.92941874258601,-0.5523560409056623,-0.7334241598546776,-0.6918635170603675,1.6544124968268181
2020-03-20,legacy_short_proxy,19,COF,78.72479240806643,-0.40128761073717556,-0.5550173010380623,-0.5627125230739338,1.2553404045453267
2020-03-20,legacy_short_proxy,20,RCL,78.63285883748517,-0.5765153671030177,-0.7756102158137782,-0.8215142428785607,1.6765367612144642
2020-03-20,mirror28,1,AGGY,83.61111111111111,-0.09281362317169262,-0.11874533233756535,-0.09439754412893309,0.19022546039052968
2020-03-20,mirror28,2,SPIB,83.05555555555554,-0.10637378465970126,-0.1344866071428572,-0.11875000000000013,0.21461923297651267
2020-03-20,mirror28,3,VCIT,82.77777777777779,-0.12676961251301921,-0.1565375561737642,-0.1337362637362638,0.2528499261640877
2020-03-20,mirror28,4,VCSH,79.7222222222222,-0.08375188347567553,-0.10674501162933037,-0.09657050885229657,0.2049972635912749
2020-03-20,mirror28,5,CMF,76.94444444444444,-0.11010036090373643,-0.13586173787806055,-0.1170699803793328,0.27888417783995
2020-03-20,mirror28,6,SLQD,75.0,-0.07487932341324433,-0.09784088698696736,-0.089159465828751,0.21606745507680952
2020-03-20,mirror28,7,SPSB,71.66666666666669,-0.07332716212642998,-0.09493057797868898,-0.08904777380565476,0.23206625614765533
2020-03-20,mirror28,8,IUSB,69.44444444444446,-0.0620445257351806,-0.07531930879038329,-0.05336025382174803,0.20162976917968042
2020-03-20,mirror28,9,MINT,66.94444444444446,-0.03837399910702877,-0.0474928858796978,-0.04533831628638885,0.06254086071519686
2020-03-20,mirror28,10,NEAR,66.94444444444444,-0.061963044891321095,-0.07585385226370134,-0.0732775786539227,0.24198552087659372
2020-03-20,mirror28,11,PULS,66.94444444444444,-0.04875364718472219,-0.06005586592178769,-0.06033708985738506,0.09537423560704297
2020-03-20,mirror28,12,SUB,66.94444444444444,-0.05340915280972547,-0.06869232920123036,-0.06319144946559152,0.20147446792122392
2020-03-20,mirror28,13,BOND,61.944444444444436,-0.058680774198281105,-0.0725477764695226,-0.05202740233290126,0.23613863175085015
2020-03-20,mirror28,14,IGOV,60.83333333333333,-0.05285622115240496,-0.040040241448692226,-0.04119774919614139,0.19516524161380105
2020-03-20,mirror28,15,FIXD,56.666666666666664,-0.05852031534263247,-0.05944717909882624,-0.038513644281014114,0.2272361008525728
2020-03-20,mirror28,16,SHM,54.99999999999999,-0.052650568255028896,-0.07021448806151354,-0.06300978792822176,0.27312420873563553
2020-03-20,mirror28,17,BIV,54.44444444444445,-0.052308326140278694,-0.05440125111706873,-0.026899643637199544,0.1552515751519985
2020-03-20,mirror28,18,FXE,54.44444444444444,-0.036648414861786605,-0.017622432090351414,-0.04032718280388048,0.1427620791215992
2020-03-20,mirror28,19,GSY,54.16666666666667,-0.03503006879511594,-0.04437400950871617,-0.04171632896305133,0.11477366032093943
2020-03-20,mirror28,20,FTSM,52.22222222222223,-0.03437667558695745,-0.04136212624584723,-0.04024613337768168,0.06635712209221349
2020-03-20,bounded45,1,BKLN,83.66666666666667,-0.15151843936500764,-0.21349801499779453,-0.21798245614035094,0.3142944897659215
2020-03-20,bounded45,2,USHY,83.33333333333333,-0.15513798409009394,-0.22077294685990345,-0.21317073170731715,0.3409494697601534
2020-03-20,bounded45,3,HYLB,79.0,-0.14963205233034116,-0.21640316205533594,-0.21153368133233896,0.3522374007840961
2020-03-20,bounded45,4,JNK,78.33333333333331,-0.14906227927629723,-0.21747819767441856,-0.2121821840131699,0.36178463618158296
2020-03-20,bounded45,5,TME,78.0,-0.18247923927541798,-0.2543171114599686,-0.18454935622317603,0.38249238062861546
2020-03-20,bounded45,6,HYS,76.16666666666666,-0.13859076566702844,-0.20116442481429442,-0.20340340340340346,0.29910032403074954
2020-03-20,bounded45,7,FTSL,75.99999999999999,-0.14416192140721407,-0.20506912442396308,-0.2068965517241379,0.34643791862009055
2020-03-20,bounded45,8,VCIT,74.33333333333334,-0.12676961251301921,-0.1565375561737642,-0.1337362637362638,0.2528499261640877
2020-03-20,bounded45,9,SJNK,74.0,-0.1260497528241601,-0.18602071005917153,-0.18056589724497385,0.2812784597588697
2020-03-20,bounded45,10,HYG,73.66666666666667,-0.14477515863041301,-0.21034756028529378,-0.20521877848678216,0.38566085097945313
2020-03-20,bounded45,11,EMLC,72.83333333333333,-0.1333968173059037,-0.19663764635244674,-0.20734597156398094,0.3783560410334008
2020-03-20,bounded45,12,LQD,70.16666666666666,-0.14771298192663262,-0.1898292220113852,-0.16426558095834642,0.42270162973843217
2020-03-20,bounded45,13,SPIB,69.83333333333334,-0.10637378465970126,-0.1344866071428572,-0.11875000000000013,0.21461923297651267
2020-03-20,bounded45,14,SHYG,69.0,-0.12429248538953541,-0.18378726141968693,-0.17796976241900642,0.34738976530835036
2020-03-20,bounded45,15,CMF,67.33333333333333,-0.11010036090373643,-0.13586173787806055,-0.1170699803793328,0.27888417783995
2020-03-20,bounded45,16,SRLN,67.33333333333333,-0.11775537448784978,-0.1772912642197898,-0.17693794288168352,0.3501959001361556
2020-03-20,bounded45,17,AGGY,65.66666666666667,-0.09281362317169262,-0.11874533233756535,-0.09439754412893309,0.19022546039052968
2020-03-20,bounded45,18,TFI,64.66666666666667,-0.10924311437788836,-0.1332947530864198,-0.1122307844299546,0.28044037123375976
2020-03-20,bounded45,19,VTEB,64.16666666666667,-0.11518789045542432,-0.14170633467594274,-0.12406576980568007,0.3512845727077467
2020-03-20,bounded45,20,EBND,63.5,-0.09286344965257709,-0.13884839650145775,-0.14368545026272872,0.28950272140923655
2020-03-20,efficient60,1,MINT,95.55555555555556,-0.03837399910702877,-0.0474928858796978,-0.04533831628638885,0.06254086071519686
2020-03-20,efficient60,2,FTSM,85.0,-0.03437667558695745,-0.04136212624584723,-0.04024613337768168,0.06635712209221349
2020-03-20,efficient60,3,BKLN,82.22222222222223,-0.15151843936500764,-0.21349801499779453,-0.21798245614035094,0.3142944897659215
2020-03-20,efficient60,4,VCSH,82.22222222222223,-0.08375188347567553,-0.10674501162933037,-0.09657050885229657,0.2049972635912749
2020-03-20,efficient60,5,JPST,81.11111111111111,-0.025016674464670374,-0.031543557796895105,-0.02952833927863663,0.0704193000091373
2020-03-20,efficient60,6,NEAR,75.55555555555556,-0.061963044891321095,-0.07585385226370134,-0.0732775786539227,0.24198552087659372
2020-03-20,efficient60,7,ICSH,71.11111111111113,-0.02352604744268527,-0.028933808957590235,-0.02603856092228185,0.06445530863333362
2020-03-20,efficient60,8,PULS,71.11111111111111,-0.04875364718472219,-0.06005586592178769,-0.06033708985738506,0.09537423560704297
2020-03-20,efficient60,9,VCIT,70.00000000000001,-0.12676961251301921,-0.1565375561737642,-0.1337362637362638,0.2528499261640877
2020-03-20,efficient60,10,SJNK,68.88888888888889,-0.1260497528241601,-0.18602071005917153,-0.18056589724497385,0.2812784597588697
2020-03-20,efficient60,11,SPIB,68.33333333333333,-0.10637378465970126,-0.1344866071428572,-0.11875000000000013,0.21461923297651267
2020-03-20,efficient60,12,GSY,67.22222222222224,-0.03503006879511594,-0.04437400950871617,-0.04171632896305133,0.11477366032093943
2020-03-20,efficient60,13,JNK,66.66666666666667,-0.14906227927629723,-0.21747819767441856,-0.2121821840131699,0.36178463618158296
2020-03-20,efficient60,14,MUB,65.55555555555556,-0.09666481231291135,-0.12060517493337919,-0.10097548114948596,0.2994091454348783
2020-03-20,efficient60,15,BNDX,64.44444444444444,-0.03451044739644682,-0.04398928355371179,-0.023481638418079043,0.12450088730209317
2020-03-20,efficient60,16,TFI,61.66666666666667,-0.10924311437788836,-0.1332947530864198,-0.1122307844299546,0.28044037123375976
2020-03-20,efficient60,17,USHY,61.66666666666667,-0.15513798409009394,-0.22077294685990345,-0.21317073170731715,0.3409494697601534
2020-03-20,efficient60,18,HYG,61.666666666666664,-0.14477515863041301,-0.21034756028529378,-0.20521877848678216,0.38566085097945313
2020-03-20,efficient60,19,HYS,61.111111111111114,-0.13859076566702844,-0.20116442481429442,-0.20340340340340346,0.29910032403074954
2020-03-20,efficient60,20,HYLB,60.0,-0.14963205233034116,-0.21640316205533594,-0.21153368133233896,0.3522374007840961
2020-04-20,legacy_short_proxy,1,USO,85.81327260897854,-0.21704450041977952,-0.24493927125506076,-0.6801029159519726,1.1541481191743657
2020-04-20,legacy_short_proxy,2,LUV,82.26089785296031,-0.08944328808889512,-0.02755165936130255,-0.4393501805054152,0.9630993246251521
2020-04-20,legacy_short_proxy,3,GE,82.21860767729342,-0.08089792460819822,-0.0015337423312883347,-0.4468988954970263,1.0420321297936166
2020-04-20,legacy_short_proxy,4,WFC,81.38581652569941,-0.040288468206076455,0.044528301886792354,-0.42596433015346324,0.9769885825157324
2020-04-20,legacy_short_proxy,5,LVS,79.74951203643462,-0.026542680449581302,-0.004156084045255137,-0.3789776817854571,0.8640026544940143
2020-04-20,legacy_short_proxy,6,DAL,78.83214053350684,-0.05949752342304204,0.10725995316159254,-0.6077650572424091,1.2776861063329896
2020-04-20,legacy_short_proxy,7,AAL,78.65322055953155,-0.06625298127864154,0.06551059730250475,-0.6159722222222221,1.7782904792478351
2020-04-20,legacy_short_proxy,8,BUD,78.45803513337671,-0.014999226843942504,0.10645161290322602,-0.43023255813953487,0.5245329146102383
2020-04-20,legacy_short_proxy,9,UAL,76.83474300585557,-0.045287847946880455,0.13428571428571434,-0.6725966069745524,1.6557258068910148
2020-04-20,legacy_short_proxy,10,AMX,76.30774235523748,-0.05216561062408365,-0.09527754763877383,-0.3445378151260504,0.6083108250344377
2020-04-20,legacy_short_proxy,11,FMX,75.07807417046195,-0.04187390778329958,-0.04600970386481518,-0.39256418451049324,0.4036225337314018
2020-04-20,legacy_short_proxy,12,HSBC,74.99349381912818,-0.048772760310850094,-0.11419645956265179,-0.3234358430540827,0.5647283007145619
2020-04-20,legacy_short_proxy,13,SPG,74.49577098243331,-0.05539859968064531,0.11819692563356865,-0.6344312393887945,1.3883521363554632
2020-04-20,legacy_short_proxy,14,HST,74.2843201040989,-0.020807833537279774,0.015037593984962516,-0.3810888252148996,0.9569095737468073
2020-04-20,legacy_short_proxy,15,IP,73.63044892648017,-0.006888541145754545,0.043036258895289725,-0.3107926556202417,0.762639646330258
2020-04-20,legacy_short_proxy,16,MIDD,73.29538061158101,-0.08506829957606843,0.03165498194178884,-0.5686239673092297,1.089791199862261
2020-04-20,legacy_short_proxy,17,BIL,73.25309043591412,-0.00033849816010012024,-0.0012000872790748351,0.0003277972027972975,0.0033489794132541286
2020-04-20,legacy_short_proxy,18,AES,72.77813923227066,-0.038643503273920965,0.06992417860151634,-0.38229571984435795,0.846663930359462
2020-04-20,legacy_short_proxy,19,AXS,72.3454782042941,-0.02224179696102324,-0.011006289308175932,-0.39856573705179277,0.7012623905600922
2020-04-20,legacy_short_proxy,20,LII,72.27716330513988,-0.022221501943399558,-0.004345673579404741,-0.26401821656568947,0.7389795755097547
2020-05-18,legacy_short_proxy,1,WFC,84.58672086720867,-0.03223963589969725,-0.0820086705202312,-0.46729559748427674,0.6363791646798879
2020-05-18,legacy_short_proxy,2,JPM,82.79132791327915,-0.005218615444682939,-0.013738959764474923,-0.3339960238568589,0.4265855237293562
2020-05-18,legacy_short_proxy,3,BXP,82.09010840108401,-0.07035781976911448,-0.11493875765529304,-0.44484840170119355,0.5969841270757629
2020-05-18,legacy_short_proxy,4,KO,81.25677506775068,-0.007197103496993651,-0.03352675693101226,-0.25212040578746053,0.2936091987048989
2020-05-18,legacy_short_proxy,5,VMRK,80.80284552845528,-0.03355232660370322,-0.07849413199207433,-0.3051373405355706,0.43199877638369955
2020-05-18,legacy_short_proxy,6,IYR,80.42005420054201,-0.00043828411771273945,-0.0047729442247373965,-0.2718746882171007,0.37607697460002026
2020-05-18,legacy_short_proxy,7,AEP,79.26151761517616,-0.01653472538568268,-0.03654565191171155,-0.2146298299085636,0.29770574185019416
2020-05-18,legacy_short_proxy,8,HDB,79.12940379403794,-0.08991282689910973,-0.11739130434782608,-0.3647426981919333,0.6157389444728648
2020-05-18,legacy_short_proxy,9,BRK.B,79.04132791327912,-0.02162397261036675,-0.07041059602649002,-0.23490167008241403,0.2662985876630459
2020-05-18,legacy_short_proxy,10,SQQQ,79.02439024390243,-0.13800423709792087,-0.21658986175115202,-0.41345600920069003,0.8771492799116702
2020-05-18,legacy_short_proxy,11,TRV,78.80081300813008,-0.022879787555815878,-0.06366673216741991,-0.2949097366084641,0.4237001831979304
2020-05-18,legacy_short_proxy,12,USB,78.54674796747969,-0.023711141718868678,-0.03766423357664228,-0.39578368469294223,0.6649336819621477
2020-05-18,legacy_short_proxy,13,LHX,78.3130081300813,-0.027476529512484915,-0.07144323547526188,-0.18797127468581698,0.26439665442308136
2020-05-18,legacy_short_proxy,14,VNQ,78.16056910569105,-0.001165101775065791,-0.005594978165938791,-0.2681530581500451,0.3816455327107991
2020-05-18,legacy_short_proxy,15,UAL,78.04200542005421,-0.030125203480795393,-0.1317020510975171,-0.6906806819638508,1.2934240498274405
2020-05-18,legacy_short_proxy,16,TT,78.00813008130082,-0.014947049924346145,-0.0426958362738179,-0.36433926897844415,0.5009799042992364
2020-05-18,legacy_short_proxy,17,ED,77.98102981029811,-0.052463775629221554,-0.14461214461214456,-0.1892880904856954,0.29050766846500115
2020-05-18,legacy_short_proxy,18,ADP,77.48644986449864,-0.03310070568054313,-0.02446002002574732,-0.2361966625601971,0.3981389737010679
2020-05-18,legacy_short_proxy,19,DAL,77.08333333333334,-0.021639402958392395,-0.07529610829103217,-0.6222567824434077,0.9755820562871413
2020-05-18,legacy_short_proxy,20,AFL,76.76490514905149,-0.019925824601983555,-0.0387275242047026,-0.3256355521055696,0.5500143464892189
2020-05-18,mirror28,1,BRK.A,76.36363636363637,-0.023102369292234748,-0.07036775106082038,-0.23452972639314718,0.2623380908949188
2020-05-18,mirror28,2,LHX,75.0,-0.027476529512484915,-0.07144323547526188,-0.18797127468581698,0.26439665442308136
2020-05-18,mirror28,3,BRK.B,71.81818181818181,-0.02162397261036675,-0.07041059602649002,-0.23490167008241403,0.2662985876630459
2020-05-18,mirror28,4,BCE,70.45454545454545,-0.016732749806740776,-0.03805806294218106,-0.19250460782305956,0.2118442039573946
2020-05-18,mirror28,5,RCI,65.45454545454545,-0.02067411326672941,-0.05973659454374425,-0.1877285656237302,0.26241010380284063
2020-05-18,mirror28,6,BAH,65.0,-0.036244833371974705,-0.06904730531031744,-0.03404429860541425,0.21452896193061055
2020-05-18,mirror28,7,TM,62.272727272727266,-0.017645704512571414,-0.018404403910935785,-0.1407508630609896,0.24013627690811445
2020-05-18,mirror28,8,TRI,60.45454545454545,-0.016934242357597884,-0.04154382203162699,-0.16282336415779008,0.24611321667096767
2020-05-18,mirror28,9,BAX,59.54545454545455,-0.023605753550993258,-0.07775653282345452,-0.06312722563936557,0.26542453087887313
2020-05-18,mirror28,10,HSY,56.36363636363636,-0.011183708864731079,-0.0851431733296445,-0.1749625748502993,0.21304429322698623
2020-05-18,mirror28,11,SPLV,54.090909090909086,-0.010654178851172591,-0.029488465396188546,-0.2138446538836528,0.2568095206021749
2020-05-18,mirror28,12,VZ,47.72727272727273,-0.015016926082077164,-0.04145879924307594,-0.04261168384879732,0.2026638941534585
2020-05-18,mirror28,13,PGX,45.45454545454545,-0.003962728927903836,0.005767844268204758,-0.07920792079207928,0.10414223461158868
2020-05-18,mirror28,14,SNY,40.45454545454545,-0.016474668648583712,-0.013256006628003303,-0.06312684365781718,0.277942522977328
2020-05-18,mirror28,15,GSK,39.54545454545455,-0.014684259771988062,-0.010546500479386323,-0.04178272980501396,0.23952239260241193
2020-05-18,mirror28,16,COST,37.727272727272734,-0.007945999967237327,-0.029864137400666513,-0.059605528808821195,0.22824128433483654
2020-05-18,mirror28,17,NGG,37.27272727272727,-0.0030995333286878424,0.029491098723251286,-0.16727272727272724,0.2621115170277583
2020-05-18,mirror28,18,PFF,37.272727272727266,-0.0007217664128360557,0.006528189910979254,-0.1085413929040735,0.14575982937416485
2020-05-18,mirror28,19,IGLB,34.54545454545455,-0.0010869237039766722,-0.02259970457902516,-0.05484930724182269,0.13221984257815628
2020-05-18,mirror28,20,KMB,33.18181818181819,-0.005225581151805048,-0.014242771256799402,-0.025610187477891788,0.18581108420749362
2020-05-18,bounded45,1,PM,86.23188405797102,-0.05235972841254277,-0.11202185792349728,-0.23862115127175365,0.33802970711152086
2020-05-18,bounded45,2,ED,83.33333333333333,-0.052463775629221554,-0.14461214461214456,-0.1892880904856954,0.29050766846500115
2020-05-18,bounded45,3,BRK.A,81.44927536231886,-0.023102369292234748,-0.07036775106082038,-0.23452972639314718,0.2623380908949188
2020-05-18,bounded45,4,TRNO,79.71014492753623,-0.07435934699413149,-0.09935897435897434,-0.2305090206185566,0.38269990402937676
2020-05-18,bounded45,5,BRK.B,79.27536231884058,-0.02162397261036675,-0.07041059602649002,-0.23490167008241403,0.2662985876630459
2020-05-18,bounded45,6,NI,76.95652173913042,-0.04767776407726798,-0.09065934065934056,-0.2245649263721552,0.3809608272202173
2020-05-18,bounded45,7,LHX,75.65217391304348,-0.027476529512484915,-0.07144323547526188,-0.18797127468581698,0.26439665442308136
2020-05-18,bounded45,8,ADP,74.05797101449275,-0.03310070568054313,-0.02446002002574732,-0.2361966625601971,0.3981389737010679
2020-05-18,bounded45,9,BCE,70.72463768115944,-0.016732749806740776,-0.03805806294218106,-0.19250460782305956,0.2118442039573946
2020-05-18,bounded45,10,PSQ,70.43478260869566,-0.04541814437706404,-0.0720640569395018,-0.08024691358024694,0.29363506193110445
2020-05-18,bounded45,11,RCI,70.0,-0.02067411326672941,-0.05973659454374425,-0.1877285656237302,0.26241010380284063
2020-05-18,bounded45,12,XEL,68.55072463768117,-0.030548289191001943,-0.0655788655788655,-0.15094606043490533,0.29680925363419147
2020-05-18,bounded45,13,AEP,67.82608695652175,-0.01653472538568268,-0.03654565191171155,-0.2146298299085636,0.29770574185019416
2020-05-18,bounded45,14,SO,66.81159420289855,-0.021917882080196738,-0.019989195029713636,-0.2111900275402231,0.3572303642433705
2020-05-18,bounded45,15,AVY,66.23188405797102,-0.0237590275896169,-0.003908484270734092,-0.21993281075027993,0.39525842907853986
2020-05-18,bounded45,16,TRP,66.23188405797102,-0.02113337849946595,-0.0015604101649576707,-0.21995820271682343,0.36491736456300183
2020-05-18,bounded45,17,RBA,65.21739130434783,-0.03644633469193814,-0.009713453132588645,-0.06360505166475305,0.30803461545446453
2020-05-18,bounded45,18,BAH,64.6376811594203,-0.036244833371974705,-0.06904730531031744,-0.03404429860541425,0.21452896193061055
2020-05-18,bounded45,19,TRI,64.05797101449275,-0.016934242357597884,-0.04154382203162699,-0.16282336415779008,0.24611321667096767
2020-05-18,bounded45,20,ARE,63.913043478260875,-0.02806937776646734,-0.03728723756540164,-0.13465888796285264,0.3173706051163481
2020-05-18,efficient60,1,BRK.B,89.3719806763285,-0.02162397261036675,-0.07041059602649002,-0.23490167008241403,0.2662985876630459
2020-05-18,efficient60,2,PM,81.6425120772947,-0.05235972841254277,-0.11202185792349728,-0.23862115127175365,0.33802970711152086
2020-05-18,efficient60,3,AEP,77.29468599033817,-0.01653472538568268,-0.03654565191171155,-0.2146298299085636,0.29770574185019416
2020-05-18,efficient60,4,HSY,76.81159420289855,-0.011183708864731079,-0.0851431733296445,-0.1749625748502993,0.21304429322698623
2020-05-18,efficient60,5,SPLV,75.36231884057972,-0.010654178851172591,-0.029488465396188546,-0.2138446538836528,0.2568095206021749
2020-05-18,efficient60,6,T,75.3623188405797,-0.0034684036883438907,-0.04938670109748233,-0.23605706874189358,0.3551357653414128
2020-05-18,efficient60,7,LHX,74.3961352657005,-0.027476529512484915,-0.07144323547526188,-0.18797127468581698,0.26439665442308136
2020-05-18,efficient60,8,PG,73.91304347826086,-0.0002494859728549015,-0.0364013266998342,-0.082794001578532,0.18459614419495785
2020-05-18,efficient60,9,BRK.A,71.98067632850243,-0.023102369292234748,-0.07036775106082038,-0.23452972639314718,0.2623380908949188
2020-05-18,efficient60,10,COST,69.56521739130434,-0.007945999967237327,-0.029864137400666513,-0.059605528808821195,0.22824128433483654
2020-05-18,efficient60,11,VZ,67.63285024154591,-0.015016926082077164,-0.04145879924307594,-0.04261168384879732,0.2026638941534585
2020-05-18,efficient60,12,BCE,66.66666666666669,-0.016732749806740776,-0.03805806294218106,-0.19250460782305956,0.2118442039573946
2020-05-18,efficient60,13,ED,66.66666666666667,-0.052463775629221554,-0.14461214461214456,-0.1892880904856954,0.29050766846500115
2020-05-18,efficient60,14,ADP,64.2512077294686,-0.03310070568054313,-0.02446002002574732,-0.2361966625601971,0.3981389737010679
2020-05-18,efficient60,15,XLRE,63.28502415458938,-0.009179347991818299,-0.023150932050510997,-0.2251371333174338,0.3230852248758891
2020-05-18,efficient60,16,BAX,62.318840579710155,-0.023605753550993258,-0.07775653282345452,-0.06312722563936557,0.26542453087887313
2020-05-18,efficient60,17,SO,61.35265700483092,-0.021917882080196738,-0.019989195029713636,-0.2111900275402231,0.3572303642433705
2020-05-18,efficient60,18,RCI,60.3864734299517,-0.02067411326672941,-0.05973659454374425,-0.1877285656237302,0.26241010380284063
2020-05-18,efficient60,19,MO,59.42028985507247,-0.0015932023366929116,-0.03762477604299974,-0.18064937894966226,0.3676732347004408
2020-05-18,efficient60,20,NI,59.42028985507247,-0.04767776407726798,-0.09065934065934056,-0.2245649263721552,0.3809608272202173
2020-06-16,legacy_short_proxy,1,SH,93.31067961165049,-0.025792997475585167,-0.06450252951096114,-0.30066183422628423,0.2778570952559147
2020-06-16,legacy_short_proxy,2,BIIB,92.41100323624596,-0.05331082826915068,-0.10693257359924013,0.012017075008071254,0.27435336433249
2020-06-16,legacy_short_proxy,3,TLT,90.22653721682849,-0.010415699671357248,-0.01931922723091084,0.0029480022580443688,0.15705221342928494
2020-06-16,legacy_short_proxy,4,WMT,89.64077669902913,-0.02260890876784527,-0.06274970622796694,0.049749934193208833,0.13398935486188873
2020-06-16,legacy_short_proxy,5,MRK,89.55987055016182,-0.025554352848826012,-0.03449573507275461,0.07861547085201792,0.3320322719823179
2020-06-16,legacy_short_proxy,6,JNJ,89.2168284789644,-0.01065975420583376,-0.040260430507573775,0.20493785970472933,0.23468136718696916
2020-06-16,legacy_short_proxy,7,PSQ,88.97734627831714,-0.036557218375383504,-0.06951102588686486,-0.326275598750434,0.2385613808861049
2020-06-16,legacy_short_proxy,8,PFE,88.54045307443366,-0.07690181717682665,-0.12266876805883897,0.1513271285763529,0.39060653908344156
2020-06-16,legacy_short_proxy,9,BAX,87.87378640776699,-0.026571984881451294,-0.021078092605390397,0.12198019801980187,0.23214095005627286
2020-06-16,legacy_short_proxy,10,XLV,86.9093851132686,-0.0062000981310527115,-0.009777777777777774,0.2676697433303832,0.25743835315228303
2020-06-16,legacy_short_proxy,11,IEF,86.86407766990291,-0.0015343243198699952,-0.0013201320132012473,0.015947624643276814,0.051927015420890066
2020-06-16,legacy_short_proxy,12,BMY,86.73139158576052,-0.04701461377870564,-0.10283018867924532,0.1789256198347109,0.2767646172118402
2020-06-16,legacy_short_proxy,13,SDS,86.08414239482201,-0.05462807468142128,-0.12881201638598083,-0.5278737049827331,0.5555999363470552
2020-06-16,legacy_short_proxy,14,COST,85.48867313915858,-0.01286993424755789,-0.004624124719249445,0.03766958198471171,0.14534851477533903
2020-06-16,legacy_short_proxy,15,DOG,85.48867313915856,-0.03082428404956028,-0.07790423861852436,-0.31200585651537327,0.34083562959156627
2020-06-16,legacy_short_proxy,16,SQQQ,85.29449838187703,-0.11084442504909453,-0.2009803921568627,-0.7220327421555253,0.7189571344616901
2020-06-16,legacy_short_proxy,17,RWM,84.69255663430421,-0.036505727438176594,-0.09842223891810664,-0.3524015110631409,0.4370927810843179
2020-06-16,legacy_short_proxy,18,CME,84.16181229773463,-0.03099191686263103,-0.05215285252960167,0.10893520559158754,0.42189134120056765
2020-06-16,legacy_short_proxy,19,SPXU,84.126213592233,-0.08779662350949535,-0.19457956914523977,-0.6972309299895507,0.8303447056287001
2020-06-16,legacy_short_proxy,20,QID,84.06148867313915,-0.07431323955453217,-0.13671875,-0.5615079365079365,0.48091508854919696
2020-06-16,mirror28,1,UUP,80.0,-0.008242589231686304,-0.027077151335311633,-0.06354873259550164,0.06684597661602887
2020-06-16,mirror28,2,SHV,47.5,-0.00040178954355651886,-0.0009926006136076193,-0.0028821039358732925,0.0023000609660598923
2020-06-16,mirror28,3,VGSH,42.50000000000001,-0.0006473116464029705,-0.0014462477904546578,-0.0012857602057215756,0.007134672884808126
2020-06-16,mirror28,4,SCHO,42.5,-0.000678097452295634,-0.0011618900077460248,-0.0011618900077460248,0.0075379004076445485
2020-06-16,mirror28,5,GBIL,37.5,-0.00033080215792413714,-0.0006961710591745218,-0.002976781107362547,0.0027600022376592544
2020-06-16,bounded45,1,UNG,85.00000000000001,-0.10809846592936057,-0.17355371900826444,-0.20191540303272137,0.34689964660062955
2020-06-16,bounded45,2,FCN,66.25,-0.09691391445587438,-0.14828431372549022,-0.09047286686442157,0.3831077196082777
2020-06-16,bounded45,3,MSGS,64.99999999999999,-0.02908336643275944,-0.004584942084941979,-0.1658662352762752,0.2927946519740627
2020-06-16,bounded45,4,HE,55.00000000000001,-0.03712462803903338,-0.03213166144200641,-0.06131238915632131,0.3527635971228382
2020-06-16,bounded45,5,UUP,53.75,-0.008242589231686304,-0.027077151335311633,-0.06354873259550164,0.06684597661602887
2020-06-16,bounded45,6,SHV,33.75,-0.00040178954355651886,-0.0009926006136076193,-0.0028821039358732925,0.0023000609660598923
2020-06-16,bounded45,7,SCHO,31.25,-0.000678097452295634,-0.0011618900077460248,-0.0011618900077460248,0.0075379004076445485
2020-06-16,bounded45,8,VGSH,31.25,-0.0006473116464029705,-0.0014462477904546578,-0.0012857602057215756,0.007134672884808126
2020-06-16,bounded45,9,GBIL,28.749999999999996,-0.00033080215792413714,-0.0006961710591745218,-0.002976781107362547,0.0027600022376592544
2020-06-16,efficient60,1,SHV,100.0,-0.00040178954355651886,-0.0009926006136076193,-0.0028821039358732925,0.0023000609660598923
2020-06-16,efficient60,2,GBIL,66.66666666666667,-0.00033080215792413714,-0.0006961710591745218,-0.002976781107362547,0.0027600022376592544
2020-06-16,efficient60,3,VGSH,62.50000000000001,-0.0006473116464029705,-0.0014462477904546578,-0.0012857602057215756,0.007134672884808126
2020-06-16,efficient60,4,UNG,54.16666666666667,-0.10809846592936057,-0.17355371900826444,-0.20191540303272137,0.34689964660062955
2020-06-16,efficient60,5,UUP,54.16666666666667,-0.008242589231686304,-0.027077151335311633,-0.06354873259550164,0.06684597661602887
2020-06-16,efficient60,6,SCHO,50.0,-0.000678097452295634,-0.0011618900077460248,-0.0011618900077460248,0.0075379004076445485
2020-06-16,efficient60,7,FCN,29.166666666666668,-0.09691391445587438,-0.14828431372549022,-0.09047286686442157,0.3831077196082777
2020-06-16,efficient60,8,MSGS,29.166666666666668,-0.02908336643275944,-0.004584942084941979,-0.1658662352762752,0.2927946519740627
2020-06-16,efficient60,9,HE,4.166666666666667,-0.03712462803903338,-0.03213166144200641,-0.06131238915632131,0.3527635971228382
2020-07-15,legacy_short_proxy,1,NOC,86.81464679196371,-0.01391942112517297,-0.07384369033688498,-0.12546887267017548,0.2868319624573578
2020-07-15,legacy_short_proxy,2,PSQ,86.16655865197667,-0.03837930297199954,-0.07315816589386903,-0.19973309608540923,0.2063870207464147
2020-07-15,legacy_short_proxy,3,SH,85.28191834089436,-0.03375755934650715,-0.035150968904912205,-0.14394242303078775,0.1902152094901204
2020-07-15,legacy_short_proxy,4,SQQQ,84.94815294880105,-0.12024269167126311,-0.21717791411042942,-0.5099846390168971,0.6078615834306722
2020-07-15,legacy_short_proxy,5,WFC,83.71354504212573,-0.01888691075159621,-0.11115007012622713,-0.0841763005780346,0.5267228003957701
2020-07-15,legacy_short_proxy,6,ALL,83.70382372002592,-0.03723722440609367,-0.09069814366424545,-0.12256619937694713,0.33489164886766243
2020-07-15,legacy_short_proxy,7,UVXY,83.51263771872975,-0.09910446871600775,-0.19793048553993098,-0.41026141240733516,1.0205441068350651
2020-07-15,legacy_short_proxy,8,SDS,83.28256642903435,-0.06786332860967637,-0.07210031347962387,-0.27657841140529527,0.3775810980398863
2020-07-15,legacy_short_proxy,9,QID,82.87427090084252,-0.07757324556071776,-0.14404223227752633,-0.36839176405119645,0.4087992431585654
2020-07-15,legacy_short_proxy,10,CI,82.2197018794556,-0.02352988767680253,-0.06206610713915661,-0.04059353471118177,0.2885207061234573
2020-07-15,legacy_short_proxy,11,SPXU,81.71743357096565,-0.10198398886182602,-0.10957722174288176,-0.3975481611208407,0.5619333529256855
2020-07-15,legacy_short_proxy,12,MSI,81.54893065456903,-0.01331974350419829,-0.05186020293122873,-0.1339940790320504,0.2544037057827249
2020-07-15,legacy_short_proxy,13,ROST,81.52300712896955,-0.04308190308432047,-0.14300348289284992,-0.032944168304242405,0.4423987712726803
2020-07-15,legacy_short_proxy,14,ED,80.95917044718081,-0.011603397397334514,-0.06363755401335602,-0.16333216333216327,0.22558024560707937
2020-07-15,legacy_short_proxy,15,TZA,80.69345430978613,-0.13193263978602687,-0.09284699194694457,-0.5660548379786994,0.8879580815346134
2020-07-15,legacy_short_proxy,16,XLRE,80.22683084899546,-0.0008433511056451515,-0.04482098934135015,0.05081178592904401,0.21201861525339344
2020-07-15,legacy_short_proxy,17,VXX,79.96435515230071,-0.06264528126453583,-0.12503390290208838,-0.2469654528478059,0.6729230423190954
2020-07-15,legacy_short_proxy,18,SPXS,79.84121840570319,-0.1011826544021025,-0.1105331599479844,-0.3962930273609885,0.5564471282772958
2020-07-15,legacy_short_proxy,19,VRSN,79.72456254050552,-0.03623260281064966,-0.03958534233365485,-0.05552394499762925,0.21869489739480247
2020-07-15,legacy_short_proxy,20,WEC,79.66947504860661,-0.006774059836594071,-0.036996256331204624,-0.08781810596579054,0.1690453384159751
2020-07-15,mirror28,1,PSQ,90.0,-0.03837930297199954,-0.07315816589386903,-0.19973309608540923,0.2063870207464147
2020-07-15,mirror28,2,SH,83.6,-0.03375755934650715,-0.035150968904912205,-0.14394242303078775,0.1902152094901204
2020-07-15,mirror28,3,DEA,81.2,-0.016984844823422995,-0.06608724171859615,-0.16163697924333875,0.19678799289315743
2020-07-15,mirror28,4,DOG,79.2,-0.03721938185108031,-0.026175782081294008,-0.1430711610486891,0.2219156200020022
2020-07-15,mirror28,5,BAP,70.0,-0.04114319300566138,-0.16516343632060393,-0.08651221390074904,0.2667287803907005
2020-07-15,mirror28,6,VRSN,69.19999999999999,-0.03623260281064966,-0.03958534233365485,-0.05552394499762925,0.21869489739480247
2020-07-15,mirror28,7,ED,62.40000000000001,-0.011603397397334514,-0.06363755401335602,-0.16333216333216327,0.22558024560707937
2020-07-15,mirror28,8,DOX,61.199999999999996,-0.015598844036561976,-0.06472543123912011,-0.05485367023828558,0.21902536241915532
2020-07-15,mirror28,9,MSI,59.20000000000001,-0.01331974350419829,-0.05186020293122873,-0.1339940790320504,0.2544037057827249
2020-07-15,mirror28,10,WEC,58.400000000000006,-0.006774059836594071,-0.036996256331204624,-0.08781810596579054,0.1690453384159751
2020-07-15,mirror28,11,FLO,56.00000000000001,-0.010324118851072539,-0.038041101880192385,-0.054576708207993097,0.1360181180778906
2020-07-15,mirror28,12,JBGS,54.400000000000006,-0.014232108447987057,-0.09158878504672896,-0.06207783853329041,0.2647335434583947
2020-07-15,mirror28,13,UUP,52.400000000000006,-0.009957651367755505,-0.010674799847502858,-0.042435424354243634,0.04808065247571834
2020-07-15,mirror28,14,DUK,50.4,-0.01185576509614139,-0.07498562392179409,-0.0717830351990767,0.2596802033710979
2020-07-15,mirror28,15,SJM,48.0,-0.0016218458869032837,-0.020264643286758588,-0.12941950337115615,0.20717256151116228
2020-07-15,mirror28,16,RELX,46.400000000000006,-0.013717362505878739,-0.024926066751161935,-0.0030237580993520696,0.2239992631360383
2020-07-15,mirror28,17,CPB,42.00000000000001,-0.00433995285738098,0.0008135041692087785,-0.04074074074074063,0.1917742701600609
2020-07-15,mirror28,18,OGS,36.4,-0.0006821960088474466,-0.038368387507966895,-0.10179783307536605,0.2307283334903581
2020-07-15,mirror28,19,WTM,34.400000000000006,-0.005975723729394922,-0.008112296053231272,-0.016316384180791066,0.22259552645519337
2020-07-15,mirror28,20,PSA,30.000000000000004,-0.0031229964219809947,-0.030473700090515976,-0.002689840678667399,0.21018432516228264
2020-07-15,bounded45,1,PSQ,88.30188679245283,-0.03837930297199954,-0.07315816589386903,-0.19973309608540923,0.2063870207464147
2020-07-15,bounded45,2,CACI,86.98113207547169,-0.07959314646634852,-0.1859610437339213,-0.16443121804007044,0.3052209927125902
2020-07-15,bounded45,3,RWM,83.2075471698113,-0.04206978426103203,-0.02499999999999991,-0.21494072914336837,0.297926928369641
2020-07-15,bounded45,4,SH,82.83018867924528,-0.03375755934650715,-0.035150968904912205,-0.14394242303078775,0.1902152094901204
2020-07-15,bounded45,5,DOG,80.56603773584905,-0.03721938185108031,-0.026175782081294008,-0.1430711610486891,0.2219156200020022
2020-07-15,bounded45,6,DEA,75.47169811320755,-0.016984844823422995,-0.06608724171859615,-0.16163697924333875,0.19678799289315743
2020-07-15,bounded45,7,LDOS,71.69811320754717,-0.04316229305469166,-0.12433941569448614,-0.1093306288032454,0.33289205175984155
2020-07-15,bounded45,8,BAP,71.50943396226414,-0.04114319300566138,-0.16516343632060393,-0.08651221390074904,0.2667287803907005
2020-07-15,bounded45,9,ALL,68.86792452830188,-0.03723722440609367,-0.09069814366424545,-0.12256619937694713,0.33489164886766243
2020-07-15,bounded45,10,VRSN,66.7924528301887,-0.03623260281064966,-0.03958534233365485,-0.05552394499762925,0.21869489739480247
2020-07-15,bounded45,11,LHX,66.0377358490566,-0.029840981847662373,-0.1265902308779644,-0.1437589817285978,0.37237697762783123
2020-07-15,bounded45,12,PPC,64.52830188679245,-0.024924191997640066,-0.10967044840626694,-0.12942419440042252,0.32424802514029916
2020-07-15,bounded45,13,ED,61.8867924528302,-0.011603397397334514,-0.06363755401335602,-0.16333216333216327,0.22558024560707937
2020-07-15,bounded45,14,BAH,60.94339622641509,-0.056284494428825216,-0.07003591585428415,-0.044669916985110025,0.33640193467565
2020-07-15,bounded45,15,BWXT,60.94339622641509,-0.06622097750473965,-0.13794829024186828,-0.002123962154856107,0.28270847038264507
2020-07-15,bounded45,16,VMRK,60.75471698113207,-0.015621802305750165,-0.10774462822692843,-0.12025605852766352,0.3036733243142937
2020-07-15,bounded45,17,MSI,59.81132075471698,-0.01331974350419829,-0.05186020293122873,-0.1339940790320504,0.2544037057827249
2020-07-15,bounded45,18,SAIC,57.92452830188679,-0.033352064258086345,-0.1498837209302326,-0.09292803970223318,0.38091074157259186
2020-07-15,bounded45,19,NOC,57.73584905660377,-0.01391942112517297,-0.07384369033688498,-0.12546887267017548,0.2868319624573578
2020-07-15,bounded45,20,NGG,56.41509433962264,-0.05685088490237644,-0.06635960423063803,-0.015824491997842194,0.3449124543266996
2020-07-15,efficient60,1,SH,84.27672955974843,-0.03375755934650715,-0.035150968904912205,-0.14394242303078775,0.1902152094901204
2020-07-15,efficient60,2,ED,83.64779874213836,-0.011603397397334514,-0.06363755401335602,-0.16333216333216327,0.22558024560707937
2020-07-15,efficient60,3,WEC,78.61635220125785,-0.006774059836594071,-0.036996256331204624,-0.08781810596579054,0.1690453384159751
2020-07-15,efficient60,4,PSQ,77.35849056603773,-0.03837930297199954,-0.07315816589386903,-0.19973309608540923,0.2063870207464147
2020-07-15,efficient60,5,GBIL,76.1006289308176,-0.0003234715967312951,-0.0003980891719745916,-0.002086438152012038,0.0026435389125974416
2020-07-15,efficient60,6,NOC,73.58490566037737,-0.01391942112517297,-0.07384369033688498,-0.12546887267017548,0.2868319624573578
2020-07-15,efficient60,7,DUK,71.69811320754718,-0.01185576509614139,-0.07498562392179409,-0.0717830351990767,0.2596802033710979
2020-07-15,efficient60,8,MSI,71.06918238993711,-0.01331974350419829,-0.05186020293122873,-0.1339940790320504,0.2544037057827249
2020-07-15,efficient60,9,VRSN,69.81132075471699,-0.03623260281064966,-0.03958534233365485,-0.05552394499762925,0.21869489739480247
2020-07-15,efficient60,10,SJM,69.81132075471697,-0.0016218458869032837,-0.020264643286758588,-0.12941950337115615,0.20717256151116228
2020-07-15,efficient60,11,LHX,69.18238993710692,-0.029840981847662373,-0.1265902308779644,-0.1437589817285978,0.37237697762783123
2020-07-15,efficient60,12,D,66.66666666666667,-0.04500319598001823,-0.11151672162034854,-0.046264694728858524,0.44921994720975705
2020-07-15,efficient60,13,UUP,66.66666666666667,-0.009957651367755505,-0.010674799847502858,-0.042435424354243634,0.04808065247571834
2020-07-15,efficient60,14,DEA,66.03773584905662,-0.016984844823422995,-0.06608724171859615,-0.16163697924333875,0.19678799289315743
2020-07-15,efficient60,15,CACI,62.26415094339623,-0.07959314646634852,-0.1859610437339213,-0.16443121804007044,0.3052209927125902
2020-07-15,efficient60,16,ALL,61.63522012578617,-0.03723722440609367,-0.09069814366424545,-0.12256619937694713,0.33489164886766243
2020-07-15,efficient60,17,LDOS,61.0062893081761,-0.04316229305469166,-0.12433941569448614,-0.1093306288032454,0.33289205175984155
2020-07-15,efficient60,18,EIX,60.377358490566046,-0.006407664033488136,-0.08658294778585596,-0.07882019663389428,0.30516761586307567
2020-07-15,efficient60,19,INTC,59.11949685534592,-0.0014716578987387097,-0.022682119205297946,-0.0025346400811084857,0.20379679162743192
2020-07-15,efficient60,20,VMRK,58.490566037735846,-0.015621802305750165,-0.10774462822692843,-0.12025605852766352,0.3036733243142937
2020-08-12,legacy_short_proxy,1,WTW,86.77463818056512,-0.05237887385422291,-0.052057054143217596,-0.04566767607697575,0.1401217543485159
2020-08-12,legacy_short_proxy,2,TLT,86.4645072363887,-0.0206020171730269,-0.004508837321149484,0.015578043544924869,0.10371695144579514
2020-08-12,legacy_short_proxy,3,GILD,85.62715368711234,-0.052325821505744385,-0.10189171559034571,-0.07918673087212413,0.2536222045326382
2020-08-12,legacy_short_proxy,4,SH,84.5382494831151,-0.030510407755933944,-0.04717421765530139,-0.1399662731871838,0.1084694871897236
2020-08-12,legacy_short_proxy,5,FISV,84.45899379738113,-0.026909715755730534,-0.02749652570974781,-0.06739647786768199,0.2996896209580117
2020-08-12,legacy_short_proxy,6,UBER,83.85596140592695,-0.03540598023270125,-0.060042669917708125,-0.08268887566924443,0.43279431663270873
2020-08-12,legacy_short_proxy,7,MBB,83.11164713990352,-0.0002710271930745911,0.0003615982643283555,-0.0024339673668080097,0.01293563534282878
2020-08-12,legacy_short_proxy,8,IBB,82.9290144727774,-0.032098229624408336,-0.06177254242041785,0.00022424876663174054,0.2568962712306213
2020-08-12,legacy_short_proxy,9,BAX,82.7222605099931,-0.026358759038947244,-0.04145137214375927,-0.038470398525685234,0.2983425056612185
2020-08-12,legacy_short_proxy,10,BDX,82.64300482425914,-0.04802968199186419,-0.036484866646688485,-0.02851531517921202,0.3441037610081647
2020-08-12,legacy_short_proxy,11,VXX,82.44314266023434,-0.10496481283234393,-0.2095474271543707,-0.25525700934579443,0.3975501450161358
2020-08-12,legacy_short_proxy,12,SHY,82.18814610613371,-0.0008028231652189577,-0.0006931608133087241,-0.0012700611938575301,0.0038133570772815044
2020-08-12,legacy_short_proxy,13,AON,82.17091660923501,-0.04839736208001533,-0.04408179511418486,-0.02392806340174769,0.14122030128210472
2020-08-12,legacy_short_proxy,14,WDC,81.54376292212268,-0.12612473404571767,-0.16587247560698892,-0.13260972156677686,0.6794312886630849
2020-08-12,legacy_short_proxy,15,CPAY,81.47829083390765,-0.0969495561513154,-0.1325106286918245,-0.03028136434369355,0.3792945192375098
2020-08-12,legacy_short_proxy,16,ABBV,81.33700895933839,-0.006082554152414987,-0.0494625796178344,0.044167486607630924,0.18506305980202542
2020-08-12,legacy_short_proxy,17,SDS,80.80634045485871,-0.061634853562581915,-0.09346846846846846,-0.26718252162039147,0.22185383669884606
2020-08-12,legacy_short_proxy,18,ILMN,80.60820124052378,-0.09710561665687623,-0.09988753171344122,0.0,0.5045826557449629
2020-08-12,legacy_short_proxy,19,ORCL,80.29290144727773,-0.02212273560126865,-0.04327092900035312,0.019190968955785648,0.12010437197203032
2020-08-12,legacy_short_proxy,20,SDOW,80.23087525844245,-0.11732219180714032,-0.12392755004766454,-0.38774150566289145,0.3602453598777515
2020-08-12,mirror28,1,RWM,82.96296296296296,-0.04892333692706552,-0.07008547008547006,-0.1825694966190834,0.1707617049742861
2020-08-12,mirror28,2,DOG,78.14814814814814,-0.039754681853022666,-0.04195804195804187,-0.13971742543171106,0.12036124376223518
2020-08-12,mirror28,3,WTW,78.14814814814814,-0.05237887385422291,-0.052057054143217596,-0.04566767607697575,0.1401217543485159
2020-08-12,mirror28,4,NBIX,76.66666666666666,-0.07029755362883816,-0.15501294857565673,-0.08206735792942688,0.2585216818531416
2020-08-12,mirror28,5,SH,74.44444444444444,-0.030510407755933944,-0.04717421765530139,-0.1399662731871838,0.1084694871897236
2020-08-12,mirror28,6,GILD,74.07407407407408,-0.052325821505744385,-0.10189171559034571,-0.07918673087212413,0.2536222045326382
2020-08-12,mirror28,7,IONS,72.59259259259258,-0.09510918298505178,-0.15837966640190637,-0.03707742639040357,0.24536167192036323
2020-08-12,mirror28,8,AON,66.2962962962963,-0.04839736208001533,-0.04408179511418486,-0.02392806340174769,0.14122030128210472
2020-08-12,mirror28,9,PSQ,65.18518518518518,-0.02921958532512603,-0.04613674263479717,-0.17737296260786195,0.23556312705434895
2020-08-12,mirror28,10,EHC,59.25925925925925,-0.025888154208234426,-0.0003067014261615153,-0.0689802913453299,0.2287589052188467
2020-08-12,mirror28,11,UUP,58.51851851851851,-0.007337753034447725,-0.02774566473988438,-0.06416913946587544,0.06041890145431081
2020-08-12,mirror28,12,LLY,57.03703703703703,-0.03492429011105125,-0.07796917497733447,-0.03424917700683716,0.2548729797748873
2020-08-12,mirror28,13,BX,53.70370370370371,-0.02953082974564003,-0.05623995715050878,-0.013253686764980399,0.22541004258909253
2020-08-12,mirror28,14,VRSN,52.59259259259259,-0.010937902881839712,0.030272604046387874,-0.054634236226276056,0.2325061815345262
2020-08-12,mirror28,15,TECH,48.88888888888889,-0.032324419629737644,-0.03966170895304755,-0.012593703148425783,0.2665566998285412
2020-08-12,mirror28,16,GPN,39.25925925925926,-0.006532194386608348,0.022337785131781196,-0.03942254303164905,0.27319695686021844
2020-08-12,mirror28,17,IFF,38.148148148148145,-0.003452605147517218,-0.020968239284613,-0.0371493555724034,0.25785630559878864
2020-08-12,mirror28,18,DEO,37.77777777777778,-0.020576536564097858,-0.0272213303552733,-0.005210563882940722,0.26898428278820513
2020-08-12,mirror28,19,D,37.03703703703704,-0.004229335068452356,0.054738237243207255,-0.003381340012523437,0.20387844683371914
2020-08-12,mirror28,20,VGSH,36.29629629629629,-0.0009942600605088447,-0.0009652509652509078,-0.002089024586212407,0.004890917711070648
2020-08-12,bounded45,1,EXEL,85.28301886792453,-0.07762740113291433,-0.10299548625359056,-0.1490852471778903,0.30207664098083475
2020-08-12,bounded45,2,RWM,83.96226415094338,-0.04892333692706552,-0.07008547008547006,-0.1825694966190834,0.1707617049742861
2020-08-12,bounded45,3,NBIX,78.67924528301886,-0.07029755362883816,-0.15501294857565673,-0.08206735792942688,0.2585216818531416
2020-08-12,bounded45,4,DOG,76.9811320754717,-0.039754681853022666,-0.04195804195804187,-0.13971742543171106,0.12036124376223518
2020-08-12,bounded45,5,IONS,76.22641509433963,-0.09510918298505178,-0.15837966640190637,-0.03707742639040357,0.24536167192036323
2020-08-12,bounded45,6,GILD,74.52830188679245,-0.052325821505744385,-0.10189171559034571,-0.07918673087212413,0.2536222045326382
2020-08-12,bounded45,7,FTNT,72.07547169811322,-0.05348871955774459,-0.02010827532869297,-0.12409263740062215,0.3577150911802341
2020-08-12,bounded45,8,TYL,71.69811320754717,-0.07495779403488934,-0.06394852229371917,-0.06623494660304474,0.339303662946672
2020-08-12,bounded45,9,SH,71.32075471698114,-0.030510407755933944,-0.04717421765530139,-0.1399662731871838,0.1084694871897236
2020-08-12,bounded45,10,WTW,71.32075471698114,-0.05237887385422291,-0.052057054143217596,-0.04566767607697575,0.1401217543485159
2020-08-12,bounded45,11,PSQ,68.11320754716981,-0.02921958532512603,-0.04613674263479717,-0.17737296260786195,0.23556312705434895
2020-08-12,bounded45,12,HII,66.41509433962266,-0.05779384756659345,-0.07232864327287114,-0.09001718308297768,0.411342598609121
2020-08-12,bounded45,13,SFM,66.41509433962264,-0.07633942397028137,-0.07947530864197538,-0.05091487669053307,0.37234694173334615
2020-08-12,bounded45,14,CPAY,63.58490566037736,-0.0969495561513154,-0.1325106286918245,-0.03028136434369355,0.3792945192375098
2020-08-12,bounded45,15,GRFS,63.58490566037736,-0.03613188665334022,-0.05960945529290851,-0.10073710073710074,0.34510530384711546
2020-08-12,bounded45,16,AON,61.32075471698113,-0.04839736208001533,-0.04408179511418486,-0.02392806340174769,0.14122030128210472
2020-08-12,bounded45,17,CBOE,57.54716981132076,-0.021524875818023537,-0.07712737703176453,-0.15372625426205555,0.2875785840276485
2020-08-12,bounded45,18,MNRO,57.35849056603774,-0.08119035789546036,-0.10987551867219914,-0.02490909090909088,0.42262547813352036
2020-08-12,bounded45,19,LLY,55.09433962264152,-0.03492429011105125,-0.07796917497733447,-0.03424917700683716,0.2548729797748873
2020-08-12,bounded45,20,EHC,54.52830188679245,-0.025888154208234426,-0.0003067014261615153,-0.0689802913453299,0.2287589052188467
2020-08-12,efficient60,1,SHV,89.30817610062893,-0.0001715900983506602,-0.0002709048221057886,-0.0009926006136076193,0.0009616776707409624
2020-08-12,efficient60,2,SH,86.7924528301887,-0.030510407755933944,-0.04717421765530139,-0.1399662731871838,0.1084694871897236
2020-08-12,efficient60,3,SHY,84.27672955974843,-0.0008028231652189577,-0.0006931608133087241,-0.0012700611938575301,0.0038133570772815044
2020-08-12,efficient60,4,GILD,81.1320754716981,-0.052325821505744385,-0.10189171559034571,-0.07918673087212413,0.2536222045326382
2020-08-12,efficient60,5,VGSH,73.58490566037737,-0.0009942600605088447,-0.0009652509652509078,-0.002089024586212407,0.004890917711070648
2020-08-12,efficient60,6,PSQ,71.06918238993711,-0.02921958532512603,-0.04613674263479717,-0.17737296260786195,0.23556312705434895
2020-08-12,efficient60,7,AON,69.1823899371069,-0.04839736208001533,-0.04408179511418486,-0.02392806340174769,0.14122030128210472
2020-08-12,efficient60,8,LLY,69.1823899371069,-0.03492429011105125,-0.07796917497733447,-0.03424917700683716,0.2548729797748873
2020-08-12,efficient60,9,WTW,67.29559748427674,-0.05237887385422291,-0.052057054143217596,-0.04566767607697575,0.1401217543485159
2020-08-12,efficient60,10,RWM,67.29559748427673,-0.04892333692706552,-0.07008547008547006,-0.1825694966190834,0.1707617049742861
2020-08-12,efficient60,11,UUP,66.66666666666667,-0.007337753034447725,-0.02774566473988438,-0.06416913946587544,0.06041890145431081
2020-08-12,efficient60,12,SCHO,66.0377358490566,-0.0008917148063386504,-0.0007754943776657752,-0.0019364833462433007,0.007440450786260908
2020-08-12,efficient60,13,BAX,64.77987421383648,-0.026358759038947244,-0.04145137214375927,-0.038470398525685234,0.2983425056612185
2020-08-12,efficient60,14,DOG,64.77987421383648,-0.039754681853022666,-0.04195804195804187,-0.13971742543171106,0.12036124376223518
2020-08-12,efficient60,15,BDX,62.8930817610063,-0.04802968199186419,-0.036484866646688485,-0.02851531517921202,0.3441037610081647
2020-08-12,efficient60,16,STX,62.264150943396224,-0.02625318697260648,-0.05389718076285244,-0.07573916565411098,0.4012604364648657
2020-08-12,efficient60,17,NBIX,59.11949685534592,-0.07029755362883816,-0.15501294857565673,-0.08206735792942688,0.2585216818531416
2020-08-12,efficient60,18,ECL,57.8616352201258,-0.004000240615973816,-0.044300144300144284,-0.030260139587095503,0.36703967586248193
2020-08-12,efficient60,19,FISV,55.974842767295605,-0.026909715755730534,-0.02749652570974781,-0.06739647786768199,0.2996896209580117
2020-08-12,efficient60,20,FTNT,55.974842767295605,-0.05348871955774459,-0.02010827532869297,-0.12409263740062215,0.3577150911802341
2020-09-10,legacy_short_proxy,1,XLE,89.38385269121814,-0.09257919055837971,-0.15500259201658884,-0.2068126520681265,0.2576636827944063
2020-09-10,legacy_short_proxy,2,XOM,86.61118980169972,-0.08527917526792028,-0.16080743932864605,-0.23236514522821583,0.24223508233673355
2020-09-10,legacy_short_proxy,3,CVX,86.3526912181303,-0.07790874659304758,-0.13855820105820094,-0.16888227161544178,0.24677089451708314
2020-09-10,legacy_short_proxy,4,XOP,83.42067988668555,-0.1405169662801684,-0.20911194162662394,-0.2615486872715188,0.37739820084744385
2020-09-10,legacy_short_proxy,5,COP,83.10906515580737,-0.128627959607705,-0.20979356697071516,-0.27022833074706265,0.29533391022732813
2020-09-10,legacy_short_proxy,6,BP,82.8257790368272,-0.07058164503779296,-0.17930750206100576,-0.1890020366598778,0.20430780407058888
2020-09-10,legacy_short_proxy,7,KMI,81.01983002832861,-0.07025314176661246,-0.10904071773636992,-0.19160926737633066,0.21053774105796344
2020-09-10,legacy_short_proxy,8,CVS,80.95609065155807,-0.07280851097840269,-0.10755500846284038,-0.11558401951814579,0.19366118028271714
2020-09-10,legacy_short_proxy,9,HII,80.88881019830029,-0.10790221422515178,-0.16044344277273548,-0.2573014333441104,0.24167830491113446
2020-09-10,legacy_short_proxy,10,T,80.88881019830028,-0.02707432398325682,-0.04208084824387015,-0.06075373619233271,0.10333892643150956
2020-09-10,legacy_short_proxy,11,GE,79.23512747875354,-0.06198702415380963,-0.1071428571428571,-0.19678714859437751,0.3891770386994791
2020-09-10,legacy_short_proxy,12,CIEN,79.18909348441926,-0.2581217206895777,-0.3298100743187449,-0.2540441176470588,0.9016599966504659
2020-09-10,legacy_short_proxy,13,BMY,79.171388101983,-0.05488447507093219,-0.08406662476429916,0.02155625657202931,0.16558579824753797
2020-09-10,legacy_short_proxy,14,LLY,79.04745042492918,-0.02374212156820754,-0.04149459193706995,-0.10683525746747302,0.20199260611633052
2020-09-10,legacy_short_proxy,15,WFC,78.96600566572238,-0.015517418559238494,-0.04922588328701871,-0.16023842917251052,0.2883821930004287
2020-09-10,legacy_short_proxy,16,KLAC,78.43838526912181,-0.14745862884160654,-0.1677884615384616,-0.10310880829015556,0.5132010360193032
2020-09-10,legacy_short_proxy,17,SIRI,78.19405099150141,-0.04509283819628562,-0.08374384236453203,-0.07539353769676893,0.1981207588701329
2020-09-10,legacy_short_proxy,18,BKR,78.15864022662889,-0.08887867043288145,-0.20878494010268123,-0.17636579572446565,0.34692251368895083
2020-09-10,legacy_short_proxy,19,KHC,77.7230878186969,-0.08511534050487535,-0.10812340786866681,-0.037274671555148076,0.2634322947521305
2020-09-10,legacy_short_proxy,20,SO,77.50354107648725,-0.02161331334559713,-0.06015311702515491,-0.08288865172536453,0.20150738287838085
2020-09-10,mirror28,1,AMLP,88.34285714285714,-0.08083428007973781,-0.17474980754426483,-0.24025513819985822,0.22647762840863528
2020-09-10,mirror28,2,WTRG,88.22857142857143,-0.08227255709470871,-0.14776184267709702,-0.10823101409731695,0.17324179877530668
2020-09-10,mirror28,3,BP,88.0,-0.07058164503779296,-0.17930750206100576,-0.1890020366598778,0.20430780407058888
2020-09-10,mirror28,4,KMI,87.25714285714285,-0.07025314176661246,-0.10904071773636992,-0.19160926737633066,0.21053774105796344
2020-09-10,mirror28,5,XOM,86.62857142857143,-0.08527917526792028,-0.16080743932864605,-0.23236514522821583,0.24223508233673355
2020-09-10,mirror28,6,CVS,86.05714285714285,-0.07280851097840269,-0.10755500846284038,-0.11558401951814579,0.19366118028271714
2020-09-10,mirror28,7,IXC,84.85714285714286,-0.07207607304266028,-0.12812960235640647,-0.14409638554216864,0.2145192777366949
2020-09-10,mirror28,8,XLE,83.71428571428572,-0.09257919055837971,-0.15500259201658884,-0.2068126520681265,0.2576636827944063
2020-09-10,mirror28,9,CUZ,83.25714285714287,-0.06051797040168927,-0.12573009529664925,-0.15833086712044975,0.2088124649292564
2020-09-10,mirror28,10,CVX,83.2,-0.07790874659304758,-0.13855820105820094,-0.16888227161544178,0.24677089451708314
2020-09-10,mirror28,11,IYE,82.74285714285713,-0.09642017245886614,-0.16027197668771254,-0.19581395348837216,0.26099868295079315
2020-09-10,mirror28,12,VDE,82.05714285714285,-0.09873910432928179,-0.16336728810301748,-0.2089769216790841,0.2715948344706489
2020-09-10,mirror28,13,VOD,80.28571428571429,-0.06548933038999694,-0.11301587301587301,-0.1424186617556783,0.22413444198607615
2020-09-10,mirror28,14,FFIV,80.0,-0.08601536505325669,-0.1319690505459541,-0.15333615460572714,0.25958904603053895
2020-09-10,mirror28,15,HIW,78.6857142857143,-0.05816578862488353,-0.11804681600805433,-0.15136837006539117,0.2266689126852422
2020-09-10,mirror28,16,ATO,77.77142857142857,-0.05713971375132221,-0.10184832317073167,-0.07813416780754945,0.1536728539451031
2020-09-10,mirror28,17,PBA,74.8,-0.07013211023558708,-0.12050426399703373,-0.08839354342813222,0.23081040554803212
2020-09-10,mirror28,18,LDOS,74.51428571428572,-0.05075530704031328,-0.09013875648766012,-0.1434838966995713,0.22498540230926592
2020-09-10,mirror28,19,NBIX,74.05714285714285,-0.0861502972229693,-0.09807355516637484,-0.1336529565144251,0.2781651026680858
2020-09-10,mirror28,20,NVT,73.02857142857142,-0.05751797436698769,-0.06317969963749348,-0.07040082219938337,0.196995919738105
2020-09-10,bounded45,1,AMLP,88.86363636363636,-0.08083428007973781,-0.17474980754426483,-0.24025513819985822,0.22647762840863528
2020-09-10,bounded45,2,XOM,88.53896103896103,-0.08527917526792028,-0.16080743932864605,-0.23236514522821583,0.24223508233673355
2020-09-10,bounded45,3,XLE,87.59740259740259,-0.09257919055837971,-0.15500259201658884,-0.2068126520681265,0.2576636827944063
2020-09-10,bounded45,4,VDE,87.3051948051948,-0.09873910432928179,-0.16336728810301748,-0.2089769216790841,0.2715948344706489
2020-09-10,bounded45,5,IYE,87.24025974025975,-0.09642017245886614,-0.16027197668771254,-0.19581395348837216,0.26099868295079315
2020-09-10,bounded45,6,BP,86.81818181818181,-0.07058164503779296,-0.17930750206100576,-0.1890020366598778,0.20430780407058888
2020-09-10,bounded45,7,KMI,86.39610389610391,-0.07025314176661246,-0.10904071773636992,-0.19160926737633066,0.21053774105796344
2020-09-10,bounded45,8,MRCY,84.93506493506493,-0.10569810641178512,-0.15884567126725213,-0.18323586744639364,0.2830596171493508
2020-09-10,bounded45,9,WTRG,84.18831168831169,-0.08227255709470871,-0.14776184267709702,-0.10823101409731695,0.17324179877530668
2020-09-10,bounded45,10,CVX,83.9935064935065,-0.07790874659304758,-0.13855820105820094,-0.16888227161544178,0.24677089451708314
2020-09-10,bounded45,11,FFIV,82.98701298701299,-0.08601536505325669,-0.1319690505459541,-0.15333615460572714,0.25958904603053895
2020-09-10,bounded45,12,VSAT,82.8896103896104,-0.10547582555385382,-0.15586899354530237,-0.17190431519699811,0.2946217813862707
2020-09-10,bounded45,13,IXC,82.79220779220779,-0.07207607304266028,-0.12812960235640647,-0.14409638554216864,0.2145192777366949
2020-09-10,bounded45,14,CVS,82.20779220779221,-0.07280851097840269,-0.10755500846284038,-0.11558401951814579,0.19366118028271714
2020-09-10,bounded45,15,VIAV,80.74675324675326,-0.12554892898920245,-0.19434628975265023,-0.1422121896162527,0.30744972021836847
2020-09-10,bounded45,16,CUZ,80.25974025974027,-0.06051797040168927,-0.12573009529664925,-0.15833086712044975,0.2088124649292564
2020-09-10,bounded45,17,ENR,79.77272727272727,-0.1128610068929422,-0.10240564996689472,-0.14702181208053688,0.3167720550851722
2020-09-10,bounded45,18,VOD,79.2207792207792,-0.06548933038999694,-0.11301587301587301,-0.1424186617556783,0.22413444198607615
2020-09-10,bounded45,19,NBIX,78.83116883116882,-0.0861502972229693,-0.09807355516637484,-0.1336529565144251,0.2781651026680858
2020-09-10,bounded45,20,BKR,78.11688311688312,-0.08887867043288145,-0.20878494010268123,-0.17636579572446565,0.34692251368895083
2020-09-10,efficient60,1,CSCO,98.05194805194807,-0.051926037292808314,-0.17733887733887732,-0.14866609294320132,0.41532979482352683
2020-09-10,efficient60,2,CVS,93.93939393939395,-0.07280851097840269,-0.10755500846284038,-0.11558401951814579,0.19366118028271714
2020-09-10,efficient60,3,GILD,91.55844155844156,-0.037717200220304115,-0.0736490412550842,-0.14540337711069418,0.24558586408625283
2020-09-10,efficient60,4,CVX,91.12554112554113,-0.07790874659304758,-0.13855820105820094,-0.16888227161544178,0.24677089451708314
2020-09-10,efficient60,5,T,90.80086580086581,-0.02707432398325682,-0.04208084824387015,-0.06075373619233271,0.10333892643150956
2020-09-10,efficient60,6,BP,89.82683982683983,-0.07058164503779296,-0.17930750206100576,-0.1890020366598778,0.20430780407058888
2020-09-10,efficient60,7,XLE,88.52813852813854,-0.09257919055837971,-0.15500259201658884,-0.2068126520681265,0.2576636827944063
2020-09-10,efficient60,8,LLY,88.0952380952381,-0.02374212156820754,-0.04149459193706995,-0.10683525746747302,0.20199260611633052
2020-09-10,efficient60,9,KMI,87.98701298701299,-0.07025314176661246,-0.10904071773636992,-0.19160926737633066,0.21053774105796344
2020-09-10,efficient60,10,XOM,86.7965367965368,-0.08527917526792028,-0.16080743932864605,-0.23236514522821583,0.24223508233673355
2020-09-10,efficient60,11,CME,83.33333333333334,-0.049722347812982015,-0.03542009884678754,-0.06910453693714169,0.16150788247330367
2020-09-10,efficient60,12,EPD,82.57575757575758,-0.040520091912786715,-0.08936170212765959,-0.13491662455785747,0.1813215496394601
2020-09-10,efficient60,13,INTC,82.14285714285715,-0.012614574825304481,-0.004675747103069616,-0.18940397350993377,0.23790532964082783
2020-09-10,efficient60,14,ADP,81.92640692640694,-0.05123612639635877,-0.05502220948559966,-0.1309790486230069,0.23659078755008564
2020-09-10,efficient60,15,FFIV,81.6017316017316,-0.08601536505325669,-0.1319690505459541,-0.15333615460572714,0.25958904603053895
2020-09-10,efficient60,16,ABBV,81.38528138528139,-0.04449773514521527,-0.061354831954769096,-0.06672912762856542,0.22521145731294137
2020-09-10,efficient60,17,CNC,80.73593073593075,-0.06586395314597082,-0.12221368178324354,-0.10892634207240948,0.2574117898762152
2020-09-10,efficient60,18,ATO,80.62770562770564,-0.05713971375132221,-0.10184832317073167,-0.07813416780754945,0.1536728539451031
2020-09-10,efficient60,19,SO,79.22077922077922,-0.02161331334559713,-0.06015311702515491,-0.08288865172536453,0.20150738287838085
2020-09-10,efficient60,20,EIX,79.11255411255411,-0.02806112629430768,-0.07390427287731527,-0.16556510244547262,0.21841947743153448
2020-10-08,legacy_short_proxy,1,TLT,90.46573519627412,-0.01944033632484432,-0.02443185279961002,-0.03739329085006615,0.0935813669681092
2020-10-08,legacy_short_proxy,2,LQD,86.96274118429808,-0.003099116177989747,-0.00480520440600285,-0.014278392033389431,0.039342260228557795
2020-10-08,legacy_short_proxy,3,IEF,86.61343978709249,-0.005344210712234565,-0.006156624527992149,-0.007378863654997181,0.030989799390104118
2020-10-08,legacy_short_proxy,4,T,86.1377245508982,-0.0009428361909478156,-0.010377032168799705,-0.04665111629456853,0.119640393762801
2020-10-08,legacy_short_proxy,5,BP,85.16966067864271,-0.03940683784154797,-0.12154696132596698,-0.2654346913061739,0.3047841546955042
2020-10-08,legacy_short_proxy,6,ABBV,84.90352628077179,-0.00797346720882608,-0.025766871165644245,-0.13077229299363058,0.18108670345056677
2020-10-08,legacy_short_proxy,7,PDD,84.83033932135729,-0.04937648110019688,-0.12471682365565762,-0.13939038686987104,0.29429341565592154
2020-10-08,legacy_short_proxy,8,BND,84.49101796407184,-0.0034401264969193823,-0.00452898550724623,-0.008793686583991045,0.020808958809322573
2020-10-08,legacy_short_proxy,9,GSK,84.14836992681303,-0.02258882447630728,-0.04147750722245147,-0.11422578184591903,0.17827007899013989
2020-10-08,legacy_short_proxy,10,LIN,83.42315369261478,-0.008317205018681495,-0.038578187553075294,0.000504986744098046,0.23441674869260595
2020-10-08,legacy_short_proxy,11,MBB,83.28343313373254,-0.000713905288558081,-0.0021725355300080684,-0.0035255830772011887,0.010018854860359543
2020-10-08,legacy_short_proxy,12,IFF,82.67465069860278,-0.03282727393793572,-0.03456297773346628,-0.10422448350292934,0.24102863448332468
2020-10-08,legacy_short_proxy,13,GOVT,82.47837658017299,-0.005344816781122419,-0.0062611806797853164,-0.010156806842480437,0.027644032022117737
2020-10-08,legacy_short_proxy,14,MRK,82.0326014637392,-0.028072145837476192,-0.036974991025487514,0.013091641490433181,0.18153429565924012
2020-10-08,legacy_short_proxy,15,SH,81.45375914836993,-0.030970743052989747,-0.03604481246955682,-0.07566557683325559,0.18811725055082626
2020-10-08,legacy_short_proxy,16,VCSH,81.437125748503,-0.00036808853435210676,-0.0009649017006392313,0.0018142235123366213,0.008801454659241936
2020-10-08,legacy_short_proxy,17,IAU,81.18762475049901,-0.006948067997693541,-0.024284943335132425,0.04327755337564909,0.14542644924804035
2020-10-08,legacy_short_proxy,18,DIS,81.16101131071191,-0.02278501111461162,-0.07603963368863531,0.018114143920595405,0.21180676608009977
2020-10-08,legacy_short_proxy,19,VXX,81.05455755156353,-0.06370617961879221,-0.13269443420567628,-0.2706137631742095,0.4158878111121366
2020-10-08,legacy_short_proxy,20,SHY,81.02794411177645,-0.0006504676139263976,-0.0005782352260899071,-0.0016173752310536527,0.0034784790730535086
2020-10-08,mirror28,1,CBOE,79.21875,-0.038412646399150874,-0.025535325775792983,-0.09593115903537663,0.19385450801037846
2020-10-08,mirror28,2,TME,78.59375,-0.047174529088177986,-0.09154481881754617,-0.11898890258939576,0.24465840353655915
2020-10-08,mirror28,3,RWM,77.8125,-0.06613859027426594,-0.08169838945827235,-0.10655270655270666,0.2649377437935607
2020-10-08,mirror28,4,GSK,76.875,-0.02258882447630728,-0.04147750722245147,-0.11422578184591903,0.17827007899013989
2020-10-08,mirror28,5,IFF,75.9375,-0.03282727393793572,-0.03456297773346628,-0.10422448350292934,0.24102863448332468
2020-10-08,mirror28,6,SH,74.375,-0.030970743052989747,-0.03604481246955682,-0.07566557683325559,0.18811725055082626
2020-10-08,mirror28,7,DOG,74.06250000000001,-0.028954039583031554,-0.03502033438770891,-0.0666520979020978,0.17804721638539336
2020-10-08,mirror28,8,EDV,72.03125,-0.027492955364335048,-0.03615900383141757,-0.04941843301647286,0.11517520941241313
2020-10-08,mirror28,9,PSQ,70.3125,-0.03099161263460881,-0.041764705882352926,-0.09449694274596998,0.2773223442060553
2020-10-08,mirror28,10,SONY,69.375,-0.03211069051038462,-0.030718954248366015,-0.03513337670787242,0.20321972904394703
2020-10-08,mirror28,11,TLT,68.90625,-0.01944033632484432,-0.02443185279961002,-0.03739329085006615,0.0935813669681092
2020-10-08,mirror28,12,PRGO,68.75,-0.015053763440879497,-0.05195611674601541,-0.2117039586919106,0.26760102348466175
2020-10-08,mirror28,13,CALM,68.59375,-0.011676666021560034,0.0018310227569970916,-0.1466131907308379,0.20600683929673086
2020-10-08,mirror28,14,KMPR,68.59375,-0.016749926535415738,-0.07785586330439564,-0.15000635081925573,0.26781121771495114
2020-10-08,mirror28,15,BAX,68.4375,-0.019808934220922225,-0.051485624924816564,-0.09461476633367794,0.2624937491249999
2020-10-08,mirror28,16,VGLT,67.5,-0.018736855842155564,-0.023281374900079865,-0.03666108209322949,0.08945102687573372
2020-10-08,mirror28,17,ABBV,66.5625,-0.00797346720882608,-0.025766871165644245,-0.13077229299363058,0.18108670345056677
2020-10-08,mirror28,18,SPTL,66.5625,-0.018439048403822933,-0.023216187433439894,-0.03635217482664432,0.08871525056997703
2020-10-08,mirror28,19,GILD,64.375,-0.0067217267857376806,-0.0070566096910773535,-0.1739073711676452,0.21250501869072577
2020-10-08,mirror28,20,BLV,62.34375,-0.012556033809851819,-0.016001422348653205,-0.03056577334033994,0.062431928623503594
2020-10-08,bounded45,1,CCJ,81.53061224489797,-0.05981662057926951,-0.094392523364486,-0.16176470588235303,0.3284923195443292
2020-10-08,bounded45,2,RWM,81.42857142857143,-0.06613859027426594,-0.08169838945827235,-0.10655270655270666,0.2649377437935607
2020-10-08,bounded45,3,TME,81.0204081632653,-0.047174529088177986,-0.09154481881754617,-0.11898890258939576,0.24465840353655915
2020-10-08,bounded45,4,PDD,80.0,-0.04937648110019688,-0.12471682365565762,-0.13939038686987104,0.29429341565592154
2020-10-08,bounded45,5,TMF,79.59183673469387,-0.05943191186390495,-0.07493857493857492,-0.11160924964605945,0.28712941942917264
2020-10-08,bounded45,6,SDS,78.87755102040816,-0.062344759066084054,-0.0724815724815725,-0.14977477477477474,0.3816394348645879
2020-10-08,bounded45,7,DXD,76.93877551020408,-0.05833992094861662,-0.0711166562694947,-0.13278974956319156,0.3620359082499618
2020-10-08,bounded45,8,CBOE,76.83673469387755,-0.038412646399150874,-0.025535325775792983,-0.09593115903537663,0.19385450801037846
2020-10-08,bounded45,9,ZTO,74.48979591836735,-0.040286719320369424,-0.07515190278221928,-0.2024269167126309,0.44278960548922375
2020-10-08,bounded45,10,IFF,74.08163265306122,-0.03282727393793572,-0.03456297773346628,-0.10422448350292934,0.24102863448332468
2020-10-08,bounded45,11,PZZA,73.67346938775509,-0.039774819178381104,-0.10524568393094291,-0.13120567375886538,0.34432693137346637
2020-10-08,bounded45,12,GSK,73.16326530612245,-0.02258882447630728,-0.04147750722245147,-0.11422578184591903,0.17827007899013989
2020-10-08,bounded45,13,AGI,71.22448979591837,-0.03704108989441102,-0.12175648702594799,-0.14893617021276584,0.42943366866730714
2020-10-08,bounded45,14,SH,71.12244897959184,-0.030970743052989747,-0.03604481246955682,-0.07566557683325559,0.18811725055082626
2020-10-08,bounded45,15,PBR,70.40816326530613,-0.031559608949528584,-0.1151079136690647,-0.17908787541713023,0.44394675511692233
2020-10-08,bounded45,16,PRGO,69.89795918367348,-0.015053763440879497,-0.05195611674601541,-0.2117039586919106,0.26760102348466175
2020-10-08,bounded45,17,DOG,69.48979591836735,-0.028954039583031554,-0.03502033438770891,-0.0666520979020978,0.17804721638539336
2020-10-08,bounded45,18,PSQ,69.38775510204083,-0.03099161263460881,-0.041764705882352926,-0.09449694274596998,0.2773223442060553
2020-10-08,bounded45,19,INSG,69.38775510204081,-0.04900624911901075,-0.06296296296296289,-0.09400179051029545,0.38165592942686427
2020-10-08,bounded45,20,KMPR,69.38775510204081,-0.016749926535415738,-0.07785586330439564,-0.15000635081925573,0.26781121771495114
2020-10-08,efficient60,1,SHV,89.79591836734694,-7.67851416765275e-05,-9.033423667570428e-05,-0.000451508036843018,0.0007319463393942551
2020-10-08,efficient60,2,SHY,87.75510204081634,-0.0006504676139263976,-0.0005782352260899071,-0.0016173752310536527,0.0034784790730535086
2020-10-08,efficient60,3,ABBV,81.6326530612245,-0.00797346720882608,-0.025766871165644245,-0.13077229299363058,0.18108670345056677
2020-10-08,efficient60,4,AGG,81.29251700680273,-0.0033661479834837804,-0.00456736868815022,-0.008341759352881728,0.01819740386682661
2020-10-08,efficient60,5,T,77.89115646258503,-0.0009428361909478156,-0.010377032168799705,-0.04665111629456853,0.119640393762801
2020-10-08,efficient60,6,SCHO,74.82993197278911,-0.0007766990290997144,-0.0011645962732920179,-0.0023264831329972147,0.0036192881532233316
2020-10-08,efficient60,7,TLT,74.82993197278911,-0.01944033632484432,-0.02443185279961002,-0.03739329085006615,0.0935813669681092
2020-10-08,efficient60,8,GILD,74.48979591836735,-0.0067217267857376806,-0.0070566096910773535,-0.1739073711676452,0.21250501869072577
2020-10-08,efficient60,9,VGSH,74.14965986394559,-0.0004550708179087426,-0.0006442261233694513,-0.0017696267696267753,0.0040521338819799685
2020-10-08,efficient60,10,MBB,73.46938775510203,-0.000713905288558081,-0.0021725355300080684,-0.0035255830772011887,0.010018854860359543
2020-10-08,efficient60,11,BND,73.12925170068027,-0.0034401264969193823,-0.00452898550724623,-0.008793686583991045,0.020808958809322573
2020-10-08,efficient60,12,GBIL,72.78911564625851,-0.002207461518881182,-0.003086727073583595,-0.0031859816806052432,0.011076227578031145
2020-10-08,efficient60,13,BSV,72.10884353741496,-0.0014279086861368473,-0.0019270143321690192,-0.002647731375616802,0.00709093505463584
2020-10-08,efficient60,14,GSK,71.7687074829932,-0.02258882447630728,-0.04147750722245147,-0.11422578184591903,0.17827007899013989
2020-10-08,efficient60,15,LQD,71.08843537414967,-0.003099116177989747,-0.00480520440600285,-0.014278392033389431,0.039342260228557795
2020-10-08,efficient60,16,SH,70.40816326530611,-0.030970743052989747,-0.03604481246955682,-0.07566557683325559,0.18811725055082626
2020-10-08,efficient60,17,GOVT,69.72789115646259,-0.005344816781122419,-0.0062611806797853164,-0.010156806842480437,0.027644032022117737
2020-10-08,efficient60,18,VTEB,67.68707482993197,-0.005157150605352601,-0.006244260789715406,-0.0058791107844938795,0.012643712810009951
2020-10-08,efficient60,19,IFF,66.66666666666667,-0.03282727393793572,-0.03456297773346628,-0.10422448350292934,0.24102863448332468
2020-10-08,efficient60,20,BAX,66.3265306122449,-0.019808934220922225,-0.051485624924816564,-0.09461476633367794,0.2624937491249999
2020-11-05,legacy_short_proxy,1,MO,85.92032967032966,-0.028929115208919054,-0.07602773650321937,-0.13151769087523268,0.2461786610439371
2020-11-05,legacy_short_proxy,2,AON,84.72527472527473,-0.0739658419377961,-0.10904983899649157,-0.03513246239525325,0.25991137454468244
2020-11-05,legacy_short_proxy,3,CSCO,84.40247252747253,-0.02470332433919853,-0.06433777330987689,-0.22598752598752603,0.22598428281137478
2020-11-05,legacy_short_proxy,4,XLE,83.66758241758242,-0.006419952270473206,-0.055591054313099075,-0.2337998963193364,0.3439395553356403
2020-11-05,legacy_short_proxy,5,XOM,83.17651098901099,-0.013854203829269607,-0.059273964832671444,-0.24767520979814017,0.3746823461191935
2020-11-05,legacy_short_proxy,6,CME,83.125,-0.0607705489607262,-0.11966062024575785,-0.11479171569781133,0.26906930666696843
2020-11-05,legacy_short_proxy,7,DLR,82.70604395604396,-0.03280059011558045,-0.059547338221230484,-0.044871794871794934,0.17039570785118924
2020-11-05,legacy_short_proxy,8,JNJ,82.39010989010988,-0.027353930844398633,-0.06132043790717978,-0.06614993986369111,0.19488415809423015
2020-11-05,legacy_short_proxy,9,WTW,82.12912087912089,-0.07452795820704439,-0.11536457099540431,-0.04437279287578688,0.2925574874308818
2020-11-05,legacy_short_proxy,10,BRK.B,81.8956043956044,-0.006574946246344138,-0.035788984429467874,-0.027152504220596563,0.17624408283312268
2020-11-05,legacy_short_proxy,11,LMT,81.57280219780219,-0.018386083530039454,-0.06147867932782625,-0.07068596473346245,0.2587783197356167
2020-11-05,legacy_short_proxy,12,ENB,81.2809065934066,-0.010008020364741133,-0.06365435356200522,-0.16450853443201874,0.1746871596235523
2020-11-05,legacy_short_proxy,13,SH,81.23969780219781,-0.028217896484073357,-0.023749368367862456,-0.05294117647058816,0.2219187612762351
2020-11-05,legacy_short_proxy,14,CACC,80.53914835164835,-0.05215565961570379,-0.12717427898103462,-0.3965707857322963,0.34623346497161167
2020-11-05,legacy_short_proxy,15,SQQQ,80.43956043956044,-0.13427845086228618,-0.1651943462897526,-0.3102189781021898,0.9237092008199446
2020-11-05,legacy_short_proxy,16,PM,79.82829670329672,-0.04934298739609533,-0.09485510021703047,-0.11030242188480355,0.2653595073065311
2020-11-05,legacy_short_proxy,17,MRSH,79.78708791208791,-0.02352898785716606,-0.051286539471381065,-0.07072438919845692,0.25278403814657163
2020-11-05,legacy_short_proxy,18,BMRN,79.28228021978022,-0.023727137913986618,-0.05727923627684972,-0.36409083206236237,0.29259711907275915
2020-11-05,legacy_short_proxy,19,TIP,79.17582417582419,-0.00254566105774523,-0.004991680532445919,-0.0019074868860275984,0.023608088602463433
2020-11-05,legacy_short_proxy,20,GILD,79.03846153846153,-0.01997682655251809,-0.05827542640555905,-0.1337884950610111,0.1751548199630164
2020-11-05,mirror28,1,TRP,83.75,-0.0396604642240489,-0.08790708266909586,-0.18959935248887094,0.22469962159209175
2020-11-05,mirror28,2,INGR,82.5,-0.05332749213428589,-0.07305342519173275,-0.13856003865668032,0.23723401912874867
2020-11-05,mirror28,3,KMB,76.94444444444444,-0.05775726306263962,-0.10638014769476423,-0.1543691765298414,0.2798189803028206
2020-11-05,mirror28,4,CME,76.52777777777777,-0.0607705489607262,-0.11966062024575785,-0.11479171569781133,0.26906930666696843
2020-11-05,mirror28,5,CSCO,76.25,-0.02470332433919853,-0.06433777330987689,-0.22598752598752603,0.22598428281137478
2020-11-05,mirror28,6,KMI,76.25,-0.042754293528564746,-0.09367859862909367,-0.17874396135265702,0.275067847496472
2020-11-05,mirror28,7,GILD,75.0,-0.01997682655251809,-0.05827542640555905,-0.1337884950610111,0.1751548199630164
2020-11-05,mirror28,8,MO,74.86111111111111,-0.028929115208919054,-0.07602773650321937,-0.13151769087523268,0.2461786610439371
2020-11-05,mirror28,9,PM,74.58333333333333,-0.04934298739609533,-0.09485510021703047,-0.11030242188480355,0.2653595073065311
2020-11-05,mirror28,10,DLR,73.6111111111111,-0.03280059011558045,-0.059547338221230484,-0.044871794871794934,0.17039570785118924
2020-11-05,mirror28,11,O,73.05555555555556,-0.030610965795613065,-0.09019607843137256,-0.07936507936507942,0.23194321524629702
2020-11-05,mirror28,12,JNJ,72.5,-0.027353930844398633,-0.06132043790717978,-0.06614993986369111,0.19488415809423015
2020-11-05,mirror28,13,RWM,69.58333333333333,-0.033894287745950824,-0.02519132653061218,-0.06341911764705888,0.2484877848505468
2020-11-05,mirror28,14,ENB,68.19444444444444,-0.010008020364741133,-0.06365435356200522,-0.16450853443201874,0.1746871596235523
2020-11-05,mirror28,15,BCE,67.08333333333334,-0.02475780409040529,-0.035257927117841814,-0.054718293531184736,0.19976885597158905
2020-11-05,mirror28,16,NFG,66.94444444444446,-0.028167487566059246,-0.038598999285203606,-0.10551984039015738,0.26552591107904855
2020-11-05,mirror28,17,BAX,66.38888888888889,-0.02253228999716339,-0.013823715916296608,-0.06851940584571148,0.2189557379198874
2020-11-05,mirror28,18,AON,65.97222222222221,-0.0739658419377961,-0.10904983899649157,-0.03513246239525325,0.25991137454468244
2020-11-05,mirror28,19,MKC,65.41666666666667,-0.023240392485976424,-0.029844602243490836,-0.06506000198353667,0.2244025896406227
2020-11-05,mirror28,20,SH,64.86111111111111,-0.028217896484073357,-0.023749368367862456,-0.05294117647058816,0.2219187612762351
2020-11-05,bounded45,1,CCOI,86.44171779141104,-0.06298944501192072,-0.11553912903744168,-0.21247674917727855,0.3054636514254064
2020-11-05,bounded45,2,TRP,85.0920245398773,-0.0396604642240489,-0.08790708266909586,-0.18959935248887094,0.22469962159209175
2020-11-05,bounded45,3,CCEP,84.60122699386503,-0.05763867778645426,-0.11757425742574257,-0.17208546214584308,0.28203021421279423
2020-11-05,bounded45,4,BDN,84.29447852760737,-0.0646064502748136,-0.17399267399267404,-0.21701388888888895,0.34277519274087487
2020-11-05,bounded45,5,INGR,84.29447852760737,-0.05332749213428589,-0.07305342519173275,-0.13856003865668032,0.23723401912874867
2020-11-05,bounded45,6,KMB,83.86503067484664,-0.05775726306263962,-0.10638014769476423,-0.1543691765298414,0.2798189803028206
2020-11-05,bounded45,7,KMI,82.5766871165644,-0.042754293528564746,-0.09367859862909367,-0.17874396135265702,0.275067847496472
2020-11-05,bounded45,8,CME,81.53374233128835,-0.0607705489607262,-0.11966062024575785,-0.11479171569781133,0.26906930666696843
2020-11-05,bounded45,9,WERN,80.24539877300613,-0.05447974408440981,-0.12119836586472998,-0.14938488576449915,0.3081089060688465
2020-11-05,bounded45,10,AM,78.46625766871166,-0.06052247282167944,-0.026890756302521024,-0.1867977528089888,0.3812539468143403
2020-11-05,bounded45,11,OSK,77.66871165644172,-0.07326958226274882,-0.11002289493767492,-0.1599231600432226,0.3911069925277696
2020-11-05,bounded45,12,PM,77.36196319018406,-0.04934298739609533,-0.09485510021703047,-0.11030242188480355,0.2653595073065311
2020-11-05,bounded45,13,BSX,76.38036809815951,-0.05289631891115254,-0.13040256853544085,-0.11886886886886883,0.3168965889829517
2020-11-05,bounded45,14,CSCO,76.1963190184049,-0.02470332433919853,-0.06433777330987689,-0.22598752598752603,0.22598428281137478
2020-11-05,bounded45,15,MO,74.3558282208589,-0.028929115208919054,-0.07602773650321937,-0.13151769087523268,0.2461786610439371
2020-11-05,bounded45,16,EQNR,72.69938650306749,-0.02627679184587839,-0.07928913192071085,-0.19099099099099093,0.298921333897355
2020-11-05,bounded45,17,ROP,71.71779141104295,-0.05137446255817757,-0.04377337924542324,-0.13588538168793374,0.3875793289707176
2020-11-05,bounded45,18,PSQ,71.47239263803681,-0.042925770959291176,-0.052179251074278676,-0.10023310023310017,0.31346287096449743
2020-11-05,bounded45,19,HIW,70.92024539877299,-0.029587258514602532,-0.12168573820820539,-0.20790334759627482,0.3704763747426677
2020-11-05,bounded45,20,AON,70.7361963190184,-0.0739658419377961,-0.10904983899649157,-0.03513246239525325,0.25991137454468244
2020-11-05,efficient60,1,CSCO,92.84253578732107,-0.02470332433919853,-0.06433777330987689,-0.22598752598752603,0.22598428281137478
2020-11-05,efficient60,2,GILD,91.00204498977504,-0.01997682655251809,-0.05827542640555905,-0.1337884950610111,0.1751548199630164
2020-11-05,efficient60,3,KMB,90.59304703476482,-0.05775726306263962,-0.10638014769476423,-0.1543691765298414,0.2798189803028206
2020-11-05,efficient60,4,CME,86.7075664621677,-0.0607705489607262,-0.11966062024575785,-0.11479171569781133,0.26906930666696843
2020-11-05,efficient60,5,SHY,86.7075664621677,-0.0005612224234051721,-0.0005785697755148478,-0.0015028901734103206,0.0030896579248793454
2020-11-05,efficient60,6,PM,86.29856850715747,-0.04934298739609533,-0.09485510021703047,-0.11030242188480355,0.2653595073065311
2020-11-05,efficient60,7,JNJ,84.8670756646217,-0.027353930844398633,-0.06132043790717978,-0.06614993986369111,0.19488415809423015
2020-11-05,efficient60,8,MO,84.04907975460124,-0.028929115208919054,-0.07602773650321937,-0.13151769087523268,0.2461786610439371
2020-11-05,efficient60,9,ENB,79.95910020449898,-0.010008020364741133,-0.06365435356200522,-0.16450853443201874,0.1746871596235523
2020-11-05,efficient60,10,BSX,78.5276073619632,-0.05289631891115254,-0.13040256853544085,-0.11886886886886883,0.3168965889829517
2020-11-05,efficient60,11,BDX,77.3006134969325,-0.009740122722164846,-0.006604292790313715,-0.08774589845268654,0.1939546497600399
2020-11-05,efficient60,12,INTC,76.27811860940696,-0.07846558871887066,-0.14408843919805125,-0.07135596665989019,0.4330710934064748
2020-11-05,efficient60,13,JPST,75.66462167689163,-0.0007847600967686441,-0.0007877116975186782,-0.0017706079087153048,0.0038476081684600794
2020-11-05,efficient60,14,SHV,75.05112474437628,-4.065609908687762e-05,-9.034239768712649e-05,-0.00027097823141530863,0.0017080239814422726
2020-11-05,efficient60,15,BSV,74.64212678936606,-0.000524833048785367,-0.0003620127911185822,-0.002768749247622382,0.008910157404933337
2020-11-05,efficient60,16,TRP,73.21063394683027,-0.0396604642240489,-0.08790708266909586,-0.18959935248887094,0.22469962159209175
2020-11-05,efficient60,17,ROP,71.98364008179959,-0.05137446255817757,-0.04377337924542324,-0.13588538168793374,0.3875793289707176
2020-11-05,efficient60,18,C,71.57464212678937,-0.0005685180243454324,-0.036896243291592135,-0.19268978444236173,0.34294178721959623
2020-11-05,efficient60,19,MRSH,71.57464212678937,-0.02352898785716606,-0.051286539471381065,-0.07072438919845692,0.25278403814657163
2020-11-05,efficient60,20,BRK.B,70.96114519427404,-0.006574946246344138,-0.035788984429467874,-0.027152504220596563,0.17624408283312268
