date,live,dead,have,have_dead,miss,miss_dead,gap_pct,gap_pct_dead
2016-01-04,5725,2710,3012,159,2713,2551,0.47388646288209607,0.9413284132841329
2016-01-05,5729,2712,3014,159,2715,2553,0.473904695409321,0.9413716814159292
2016-01-06,5732,2714,3015,159,2717,2555,0.4740055826936497,0.9414148857774502
2016-01-07,5733,2713,3017,159,2716,2554,0.47374847374847373,0.9413932915591596
2016-01-08,5741,2719,3018,159,2723,2560,0.47430761191430065,0.941522618609783
2016-01-11,5742,2720,3018,159,2724,2561,0.47439916405433646,0.9415441176470588
2016-01-12,5745,2723,3018,159,2727,2564,0.47467362924281986,0.9416085200146896
2016-01-13,5747,2724,3019,159,2728,2565,0.4746824430137463,0.9416299559471366
2016-01-14,5747,2724,3019,159,2728,2565,0.4746824430137463,0.9416299559471366
2016-01-15,5746,2723,3019,159,2727,2564,0.4745910198398886,0.9416085200146896
2016-01-19,5748,2724,3019,159,2729,2565,0.4747738343771747,0.9416299559471366
2016-01-20,5745,2721,3019,159,2726,2562,0.4744995648389904,0.9415656008820287
2016-01-21,5747,2721,3021,159,2726,2562,0.47433443535757785,0.9415656008820287
2016-01-22,5747,2721,3021,159,2726,2562,0.47433443535757785,0.9415656008820287
2016-01-25,5748,2721,3022,159,2726,2562,0.47425191370911624,0.9415656008820287
2016-01-26,5748,2721,3022,159,2726,2562,0.47425191370911624,0.9415656008820287
2016-01-27,5748,2721,3022,159,2726,2562,0.47425191370911624,0.9415656008820287
2016-01-28,5748,2721,3022,159,2726,2562,0.47425191370911624,0.9415656008820287
2016-01-29,5749,2721,3023,159,2726,2562,0.47416942076882934,0.9415656008820287
2016-02-01,5749,2720,3024,159,2725,2561,0.47399547747434334,0.9415441176470588
2016-02-02,5750,2721,3024,159,2726,2562,0.47408695652173916,0.9415656008820287
2016-02-03,5751,2719,3027,159,2724,2560,0.4736567553468962,0.941522618609783
2016-02-04,5751,2719,3027,159,2724,2560,0.4736567553468962,0.941522618609783
2016-02-05,5750,2718,3027,159,2723,2559,0.47356521739130436,0.9415011037527594
2016-02-08,5751,2719,3027,159,2724,2560,0.4736567553468962,0.941522618609783
2016-02-09,5750,2717,3026,158,2724,2559,0.4737391304347826,0.9418476260581524
2016-02-10,5748,2715,3026,158,2722,2557,0.4735560194850383,0.941804788213628
2016-02-11,5749,2716,3026,158,2723,2558,0.4736475908853714,0.9418262150220913
2016-02-12,5747,2714,3026,158,2721,2556,0.4734644162171568,0.941783345615328
2016-02-16,5745,2712,3026,158,2719,2554,0.47328111401218453,0.9417404129793511
2016-02-17,5744,2711,3026,158,2718,2553,0.47318941504178275,0.9417189229066765
2016-02-18,5746,2713,3026,158,2720,2555,0.47337278106508873,0.941761887209731
2016-02-19,5746,2713,3026,158,2720,2555,0.47337278106508873,0.941761887209731
2016-02-22,5747,2713,3027,158,2720,2555,0.47329041238907255,0.941761887209731
2016-02-23,5747,2713,3027,158,2720,2555,0.47329041238907255,0.941761887209731
2016-02-24,5746,2712,3027,158,2719,2554,0.47319874695440306,0.9417404129793511
2016-02-25,5746,2712,3027,158,2719,2554,0.47319874695440306,0.9417404129793511
2016-02-26,5745,2711,3027,158,2718,2553,0.4731070496083551,0.9417189229066765
2016-02-29,5743,2709,3027,158,2716,2551,0.47292355911544487,0.9416758951642673
2016-03-01,5743,2709,3027,158,2716,2551,0.47292355911544487,0.9416758951642673
2016-03-02,5743,2709,3027,158,2716,2551,0.47292355911544487,0.9416758951642673
2016-03-03,5745,2710,3028,158,2717,2552,0.4729329852045257,0.9416974169741698
2016-03-04,5741,2706,3028,158,2713,2548,0.4725657550949312,0.9416112342941612
2016-03-07,5740,2705,3028,158,2712,2547,0.47247386759581883,0.9415896487985213
2016-03-08,5739,2704,3027,157,2712,2547,0.47255619445896496,0.9419378698224852
2016-03-09,5735,2699,3027,157,2708,2542,0.47218831734960764,0.9418303075213041
2016-03-10,5735,2699,3027,157,2708,2542,0.47218831734960764,0.9418303075213041
2016-03-11,5738,2702,3027,157,2711,2545,0.4724642732659463,0.9418948926720947
2016-03-14,5739,2703,3027,157,2712,2546,0.47255619445896496,0.9419163891971883
2016-03-15,5740,2704,3027,157,2713,2547,0.47264808362369337,0.9419378698224852
2016-03-16,5740,2704,3027,157,2713,2547,0.47264808362369337,0.9419378698224852
2016-03-17,5742,2704,3029,157,2713,2547,0.4724834552420759,0.9419378698224852
2016-03-18,5742,2704,3029,157,2713,2547,0.4724834552420759,0.9419378698224852
2016-03-21,5744,2705,3030,157,2714,2548,0.4724930362116992,0.9419593345656192
2016-03-22,5741,2702,3030,157,2711,2545,0.4722173837310573,0.9418948926720947
2016-03-23,5742,2702,3031,157,2711,2545,0.4721351445489377,0.9418948926720947
2016-03-24,5742,2701,3032,157,2710,2544,0.4719609892023685,0.9418733802295446
2016-03-28,5743,2702,3032,157,2711,2545,0.47205293400661674,0.9418948926720947
2016-03-29,5744,2703,3031,156,2713,2547,0.47231894150417825,0.9422863485016648
2016-03-30,5744,2703,3031,156,2713,2547,0.47231894150417825,0.9422863485016648
2016-03-31,5746,2704,3032,156,2714,2548,0.4723285764009746,0.9423076923076923
2016-04-01,5745,2703,3032,156,2713,2547,0.472236727589208,0.9422863485016648
2016-04-04,5739,2697,3031,155,2708,2542,0.47185920892141486,0.9425287356321839
2016-04-05,5738,2696,3031,155,2707,2541,0.4717671662600209,0.9425074183976261
2016-04-06,5740,2697,3032,155,2708,2542,0.47177700348432056,0.9425287356321839
2016-04-07,5742,2697,3034,155,2708,2542,0.4716126785092302,0.9425287356321839
2016-04-08,5742,2697,3034,155,2708,2542,0.4716126785092302,0.9425287356321839
2016-04-11,5742,2697,3034,155,2708,2542,0.4716126785092302,0.9425287356321839
2016-04-12,5736,2691,3034,155,2702,2536,0.4710599721059972,0.9424005945745076
2016-04-13,5734,2689,3034,155,2700,2534,0.4708754795953959,0.942357753811826
2016-04-14,5732,2687,3034,155,2698,2532,0.47069085833914864,0.9423148492742836
2016-04-15,5734,2688,3035,155,2699,2533,0.4707010812696198,0.9423363095238095
2016-04-18,5737,2687,3037,155,2700,2532,0.4706292487362733,0.9423148492742836
2016-04-19,5737,2687,3037,155,2700,2532,0.4706292487362733,0.9423148492742836
2016-04-20,5738,2688,3037,155,2701,2533,0.4707215057511328,0.9423363095238095
2016-04-21,5740,2689,3037,155,2703,2534,0.47090592334494774,0.942357753811826
2016-04-22,5739,2688,3037,155,2702,2533,0.47081373061508974,0.9423363095238095
2016-04-25,5737,2686,3037,155,2700,2531,0.4706292487362733,0.9422933730454207
2016-04-26,5738,2687,3037,155,2701,2532,0.4707215057511328,0.9423148492742836
2016-04-27,5740,2687,3039,155,2701,2532,0.4705574912891986,0.9423148492742836
2016-04-28,5742,2688,3040,155,2702,2533,0.4705677464298154,0.9423363095238095
2016-04-29,5741,2687,3040,155,2701,2532,0.47047552691168787,0.9423148492742836
2016-05-02,5749,2692,3042,155,2707,2537,0.4708644981735954,0.9424219910846954
2016-05-03,5749,2692,3042,155,2707,2537,0.4708644981735954,0.9424219910846954
2016-05-04,5748,2691,3042,155,2706,2536,0.4707724425887265,0.9424005945745076
2016-05-05,5748,2691,3042,155,2706,2536,0.4707724425887265,0.9424005945745076
2016-05-06,5753,2694,3044,155,2709,2539,0.47088475577959327,0.9424647364513734
2016-05-09,5753,2694,3044,155,2709,2539,0.47088475577959327,0.9424647364513734
2016-05-10,5750,2691,3044,155,2706,2536,0.4706086956521739,0.9424005945745076
2016-05-11,5748,2688,3045,155,2703,2533,0.4702505219206681,0.9423363095238095
2016-05-12,5751,2689,3047,155,2704,2534,0.4701790992870805,0.942357753811826
2016-05-13,5751,2689,3047,155,2704,2534,0.4701790992870805,0.942357753811826
2016-05-16,5748,2686,3047,155,2701,2531,0.46990257480862907,0.9422933730454207
2016-05-17,5747,2685,3047,155,2700,2530,0.4698103358273882,0.9422718808193669
2016-05-18,5750,2687,3047,154,2703,2533,0.47008695652173915,0.9426870115370302
2016-05-19,5753,2689,3048,154,2705,2535,0.47018946636537456,0.9427296392711045
2016-05-20,5754,2690,3048,154,2706,2536,0.470281543274244,0.9427509293680297
2016-05-23,5753,2689,3047,153,2706,2536,0.47036328871892924,0.943101524730383
2016-05-24,5751,2686,3048,153,2703,2533,0.4700052164840897,0.9430379746835443
2016-05-25,5752,2687,3048,153,2704,2534,0.47009735744089015,0.9430591737997767
2016-05-26,5760,2693,3050,153,2710,2540,0.4704861111111111,0.9431860378759748
2016-05-27,5758,2691,3050,153,2708,2538,0.47030218825981246,0.9431438127090301
2016-05-31,5760,2693,3050,153,2710,2540,0.4704861111111111,0.9431860378759748
2016-06-01,5760,2693,3050,153,2710,2540,0.4704861111111111,0.9431860378759748
2016-06-02,5759,2690,3050,152,2709,2538,0.47039416565375936,0.9434944237918216
2016-06-03,5760,2691,3050,152,2710,2539,0.4704861111111111,0.9435154217762913
2016-06-06,5761,2692,3050,152,2711,2540,0.4705780246484985,0.9435364041604755
2016-06-07,5761,2692,3050,152,2711,2540,0.4705780246484985,0.9435364041604755
2016-06-08,5759,2690,3050,152,2709,2538,0.47039416565375936,0.9434944237918216
2016-06-09,5761,2691,3051,152,2710,2539,0.47040444367297346,0.9435154217762913
2016-06-10,5762,2690,3053,152,2709,2538,0.4701492537313433,0.9434944237918216
2016-06-13,5763,2690,3053,152,2710,2538,0.47024119382266183,0.9434944237918216
2016-06-14,5764,2689,3053,151,2711,2538,0.47033310201249134,0.9438452956489402
2016-06-15,5764,2688,3054,151,2710,2537,0.47015961138098544,0.9438244047619048
2016-06-16,5764,2688,3054,151,2710,2537,0.47015961138098544,0.9438244047619048
2016-06-17,5765,2688,3055,151,2710,2537,0.47007805724197743,0.9438244047619048
2016-06-20,5766,2689,3055,151,2711,2538,0.4701699618453,0.9438452956489402
2016-06-21,5767,2690,3055,151,2712,2539,0.47026183457603604,0.9438661710037175
2016-06-22,5768,2690,3056,151,2712,2539,0.47018030513176146,0.9438661710037175
2016-06-23,5768,2689,3057,151,2711,2538,0.47000693481276007,0.9438452956489402
2016-06-24,5768,2689,3057,151,2711,2538,0.47000693481276007,0.9438452956489402
2016-06-27,5769,2690,3057,151,2712,2539,0.4700988039521581,0.9438661710037175
2016-06-28,5768,2689,3056,150,2712,2539,0.47018030513176146,0.9442171811082186
2016-06-29,5769,2688,3058,150,2711,2538,0.4699254636852141,0.9441964285714286
2016-06-30,5771,2689,3058,150,2713,2539,0.47010916652226653,0.9442171811082186
2016-07-01,5770,2687,3059,150,2711,2537,0.46984402079722704,0.9441756605880164
2016-07-05,5765,2682,3059,150,2706,2532,0.46938421509106676,0.9440715883668904
2016-07-06,5760,2677,3059,150,2701,2527,0.46892361111111114,0.9439671273813971
2016-07-07,5760,2677,3059,150,2701,2527,0.46892361111111114,0.9439671273813971
2016-07-08,5760,2677,3059,150,2701,2527,0.46892361111111114,0.9439671273813971
2016-07-11,5758,2675,3059,150,2699,2525,0.46873914553664464,0.9439252336448598
2016-07-12,5759,2674,3061,150,2698,2524,0.46848411182496963,0.943904263275991
2016-07-13,5760,2675,3061,150,2699,2525,0.46857638888888886,0.9439252336448598
2016-07-14,5761,2675,3061,150,2700,2525,0.4686686339177226,0.9439252336448598
2016-07-15,5761,2675,3061,150,2700,2525,0.4686686339177226,0.9439252336448598
2016-07-18,5761,2675,3061,150,2700,2525,0.4686686339177226,0.9439252336448598
2016-07-19,5766,2680,3061,150,2705,2530,0.4691293791189733,0.9440298507462687
2016-07-20,5767,2679,3063,151,2704,2528,0.46887463152418934,0.9436356849570735
2016-07-21,5769,2680,3064,151,2705,2529,0.46888542208355,0.9436567164179105
2016-07-22,5771,2682,3064,151,2707,2531,0.4690694853578236,0.9436987322893363
2016-07-25,5773,2683,3065,151,2708,2532,0.4690802009353889,0.9437197167349981
2016-07-26,5772,2681,3066,151,2706,2530,0.4688149688149688,0.9436777321894816
2016-07-27,5773,2682,3066,151,2707,2531,0.46890698077256193,0.9436987322893363
2016-07-28,5768,2674,3068,150,2700,2524,0.4680998613037448,0.943904263275991
2016-07-29,5770,2675,3069,150,2701,2525,0.4681109185441941,0.9439252336448598
2016-08-01,5769,2674,3069,150,2700,2524,0.46801872074882994,0.943904263275991
2016-08-02,5765,2670,3069,150,2696,2520,0.4676496097137901,0.9438202247191011
2016-08-03,5763,2667,3069,150,2694,2517,0.4674648620510151,0.9437570303712036
2016-08-04,5766,2669,3070,150,2696,2519,0.46756850502948316,0.9437991757212439
2016-08-05,5769,2668,3073,150,2696,2518,0.46732535968105393,0.9437781109445277
2016-08-08,5769,2668,3073,150,2696,2518,0.46732535968105393,0.9437781109445277
2016-08-09,5767,2666,3073,150,2694,2516,0.467140627709381,0.9437359339834959
2016-08-10,5766,2665,3073,150,2693,2515,0.4670482136663198,0.9437148217636022
2016-08-11,5768,2665,3075,150,2693,2515,0.4668862690707351,0.9437148217636022
2016-08-12,5766,2662,3076,150,2690,2512,0.46652792230315643,0.9436513899323816
2016-08-15,5765,2661,3076,150,2689,2511,0.46643538594969647,0.943630214205186
2016-08-16,5768,2664,3076,150,2692,2514,0.4667128987517337,0.9436936936936937
2016-08-17,5774,2669,3077,150,2697,2519,0.4670938690682369,0.9437991757212439
2016-08-18,5772,2665,3079,150,2693,2515,0.4665627165627166,0.9437148217636022
2016-08-19,5775,2668,3079,150,2696,2518,0.46683982683982683,0.9437781109445277
2016-08-22,5774,2667,3079,150,2695,2517,0.46674748874263944,0.9437570303712036
2016-08-23,5774,2667,3079,150,2695,2517,0.46674748874263944,0.9437570303712036
2016-08-24,5772,2665,3079,150,2693,2515,0.4665627165627166,0.9437148217636022
2016-08-25,5768,2661,3079,150,2689,2511,0.46619278779472956,0.943630214205186
2016-08-26,5769,2661,3079,150,2690,2511,0.46628531807938983,0.943630214205186
2016-08-29,5767,2659,3079,150,2688,2509,0.46610022542049595,0.9435878149680331
2016-08-30,5768,2659,3078,149,2690,2510,0.46636615811373094,0.9439638962015795
2016-08-31,5768,2658,3078,149,2690,2509,0.46636615811373094,0.9439428141459744
2016-09-01,5768,2658,3078,149,2690,2509,0.46636615811373094,0.9439428141459744
2016-09-02,5767,2657,3078,149,2689,2508,0.4662736258019768,0.9439217162213023
2016-09-06,5764,2654,3078,149,2686,2505,0.46599583622484386,0.9438583270535041
2016-09-07,5765,2655,3078,149,2687,2506,0.4660884648742411,0.943879472693032
2016-09-08,5765,2655,3078,149,2687,2506,0.4660884648742411,0.943879472693032
2016-09-09,5759,2649,3078,149,2681,2500,0.4655322104532037,0.9437523593808984
2016-09-12,5758,2648,3078,149,2680,2499,0.4654393886766238,0.9437311178247734
2016-09-13,5756,2646,3078,149,2678,2497,0.46525364836692146,0.9436885865457294
2016-09-14,5757,2646,3078,149,2679,2497,0.46534653465346537,0.9436885865457294
2016-09-15,5759,2647,3079,149,2680,2498,0.46535856919604096,0.943709860219116
2016-09-16,5763,2647,3081,148,2682,2499,0.4653826132222801,0.944087646392142
2016-09-19,5765,2648,3081,148,2684,2500,0.4655680832610581,0.9441087613293051
2016-09-20,5764,2647,3081,148,2683,2499,0.46547536433032616,0.944087646392142
2016-09-21,5768,2649,3083,148,2685,2501,0.465499306518724,0.9441298603246508
2016-09-22,5769,2649,3084,148,2685,2501,0.4654186167446698,0.9441298603246508
2016-09-23,5773,2651,3086,148,2687,2503,0.46544257751602286,0.944172010562052
2016-09-26,5774,2650,3086,148,2688,2502,0.46553515760304814,0.9441509433962264
2016-09-27,5771,2647,3086,148,2685,2499,0.4652573210881996,0.944087646392142
2016-09-28,5772,2648,3086,148,2686,2500,0.46534996534996537,0.9441087613293051
2016-09-29,5771,2646,3087,148,2684,2498,0.4650840408941258,0.9440665154950869
2016-09-30,5774,2647,3088,148,2686,2499,0.4651887772774506,0.944087646392142
2016-10-03,5773,2644,3090,148,2683,2496,0.46474969686471507,0.9440242057488654
2016-10-04,5776,2645,3092,148,2684,2497,0.4646814404432133,0.9440453686200379
2016-10-05,5775,2644,3092,148,2683,2496,0.4645887445887446,0.9440242057488654
2016-10-06,5780,2648,3093,148,2687,2500,0.46487889273356403,0.9441087613293051
2016-10-07,5780,2646,3095,148,2685,2498,0.46453287197231835,0.9440665154950869
2016-10-10,5776,2642,3095,148,2681,2494,0.46416204986149584,0.9439818319454958
2016-10-11,5775,2640,3096,148,2679,2492,0.4638961038961039,0.943939393939394
2016-10-12,5772,2637,3096,148,2676,2489,0.46361746361746364,0.943875616230565
2016-10-13,5769,2634,3096,148,2673,2486,0.46333853354134164,0.9438116932422171
2016-10-14,5770,2634,3097,148,2673,2486,0.4632582322357019,0.9438116932422171
2016-10-17,5777,2639,3098,148,2679,2491,0.4637355028561537,0.9439181508147025
2016-10-18,5781,2641,3099,148,2682,2493,0.4639335755059678,0.9439606209769027
2016-10-19,5782,2641,3100,148,2682,2493,0.4638533379453476,0.9439606209769027
2016-10-20,5785,2643,3101,148,2684,2495,0.4639585133967156,0.9440030268634128
2016-10-21,5785,2643,3101,148,2684,2495,0.4639585133967156,0.9440030268634128
2016-10-24,5784,2642,3101,148,2683,2494,0.463865836791148,0.9439818319454958
2016-10-25,5782,2640,3101,148,2681,2492,0.463680387409201,0.943939393939394
2016-10-26,5781,2639,3101,148,2680,2491,0.4635876145995502,0.9439181508147025
2016-10-27,5781,2638,3102,148,2679,2490,0.4634146341463415,0.9438968915845337
2016-10-28,5784,2638,3105,148,2679,2490,0.4631742738589212,0.9438968915845337
2016-10-31,5778,2631,3106,148,2672,2483,0.46244375216337835,0.943747624477385
2016-11-01,5778,2631,3106,148,2672,2483,0.46244375216337835,0.943747624477385
2016-11-02,5781,2633,3107,148,2674,2485,0.4625497318802975,0.943790353209267
2016-11-03,5776,2628,3106,147,2670,2481,0.46225761772853186,0.9440639269406392
2016-11-04,5780,2630,3108,147,2672,2483,0.46228373702422143,0.944106463878327
2016-11-07,5780,2630,3108,147,2672,2483,0.46228373702422143,0.944106463878327
2016-11-08,5781,2631,3108,147,2673,2484,0.46237675142708873,0.9441277080957811
2016-11-09,5778,2628,3108,147,2670,2481,0.4620976116303219,0.9440639269406392
2016-11-10,5778,2627,3109,147,2669,2480,0.4619245413637937,0.9440426341834792
2016-11-11,5779,2627,3110,147,2669,2480,0.46184460979408204,0.9440426341834792
2016-11-14,5776,2624,3108,145,2668,2479,0.4619113573407202,0.9447408536585366
2016-11-15,5779,2627,3108,145,2671,2482,0.4621906904308704,0.9448039588884659
2016-11-16,5778,2626,3108,145,2670,2481,0.4620976116303219,0.9447829398324448
2016-11-17,5775,2623,3108,145,2667,2478,0.4618181818181818,0.944719786504003
2016-11-18,5778,2626,3108,145,2670,2481,0.4620976116303219,0.9447829398324448
2016-11-21,5778,2626,3108,145,2670,2481,0.4620976116303219,0.9447829398324448
2016-11-22,5780,2626,3109,145,2671,2481,0.4621107266435986,0.9447829398324448
2016-11-23,5779,2625,3109,145,2670,2480,0.4620176501124762,0.9447619047619048
2016-11-25,5779,2625,3109,145,2670,2480,0.4620176501124762,0.9447619047619048
2016-11-28,5778,2624,3109,145,2669,2479,0.4619245413637937,0.9447408536585366
2016-11-29,5777,2623,3109,145,2668,2478,0.4618314003808205,0.944719786504003
2016-11-30,5777,2623,3109,145,2668,2478,0.4618314003808205,0.944719786504003
2016-12-01,5781,2625,3111,145,2670,2480,0.4618578100674624,0.9447619047619048
2016-12-02,5782,2626,3111,145,2671,2481,0.4619508820477343,0.9447829398324448
2016-12-05,5779,2622,3111,145,2668,2477,0.4616715694756878,0.944698703279939
2016-12-06,5782,2623,3113,145,2669,2478,0.461604980975441,0.944719786504003
2016-12-07,5782,2622,3114,145,2668,2477,0.46143203043929437,0.944698703279939
2016-12-08,5782,2621,3115,145,2667,2476,0.4612590799031477,0.9446776039679512
2016-12-09,5785,2623,3116,145,2669,2478,0.4613656006914434,0.944719786504003
2016-12-12,5784,2621,3116,145,2668,2476,0.4612724757952974,0.9446776039679512
2016-12-13,5787,2624,3116,145,2671,2479,0.46155175393122516,0.9447408536585366
2016-12-14,5787,2624,3116,145,2671,2479,0.46155175393122516,0.9447408536585366
2016-12-15,5788,2624,3115,144,2673,2480,0.46181755355908777,0.9451219512195121
2016-12-16,5788,2623,3116,144,2672,2479,0.4616447823082239,0.9451010293556996
2016-12-19,5787,2621,3117,144,2670,2477,0.46137895282529806,0.9450591377336894
2016-12-20,5785,2619,3117,144,2668,2475,0.4611927398444252,0.9450171821305842
2016-12-21,5785,2619,3116,143,2669,2476,0.4613656006914434,0.9453990072546774
2016-12-22,5786,2620,3116,143,2670,2477,0.4614586933978569,0.9454198473282442
2016-12-23,5785,2619,3116,143,2669,2476,0.4613656006914434,0.9453990072546774
2016-12-27,5787,2620,3117,143,2670,2477,0.46137895282529806,0.9454198473282442
2016-12-28,5787,2619,3118,143,2669,2476,0.461206151719371,0.9453990072546774
2016-12-29,5788,2619,3119,143,2669,2476,0.46112646855563233,0.9453990072546774
2016-12-30,5785,2616,3119,143,2666,2473,0.4608470181503889,0.9453363914373089
2017-01-03,5795,2624,3121,143,2674,2481,0.4614322691975841,0.9455030487804879
2017-01-04,5793,2620,3123,143,2670,2477,0.46090108751942,0.9454198473282442
2017-01-05,5791,2617,3124,143,2667,2474,0.46054222068727335,0.9453572793274742
2017-01-06,5786,2612,3123,142,2663,2470,0.46024887659868646,0.945635528330781
2017-01-09,5788,2613,3124,142,2664,2471,0.46026261230131305,0.9456563337160352
2017-01-10,5785,2610,3124,142,2661,2468,0.45998271391529816,0.9455938697318008
2017-01-11,5794,2618,3125,142,2669,2476,0.46064894718674493,0.9457601222307105
2017-01-12,5796,2620,3125,142,2671,2478,0.4608350586611456,0.9458015267175572
2017-01-13,5796,2620,3125,142,2671,2478,0.4608350586611456,0.9458015267175572
2017-01-17,5796,2620,3125,142,2671,2478,0.4608350586611456,0.9458015267175572
2017-01-18,5796,2620,3125,142,2671,2478,0.4608350586611456,0.9458015267175572
2017-01-19,5794,2617,3126,142,2668,2475,0.46047635484984467,0.9457393962552542
2017-01-20,5797,2619,3127,142,2670,2477,0.46058306020355355,0.9457808323787705
2017-01-23,5799,2621,3127,142,2672,2479,0.4607690981203656,0.9458222052651659
2017-01-24,5798,2620,3127,142,2671,2478,0.46067609520524316,0.9458015267175572
2017-01-25,5806,2626,3128,142,2678,2484,0.4612469858766793,0.945925361766946
2017-01-26,5809,2628,3129,142,2680,2486,0.46135307281804094,0.9459665144596652
2017-01-27,5815,2632,3130,142,2685,2490,0.46173688736027513,0.9460486322188449
2017-01-30,5814,2631,3130,142,2684,2489,0.46164430684554525,0.9460281261877613
2017-01-31,5812,2629,3130,142,2682,2487,0.46145905024088096,0.9459870673259795
2017-02-01,5817,2629,3134,142,2683,2487,0.4612343132198728,0.9459870673259795
2017-02-02,5811,2623,3134,142,2677,2481,0.4606780244364137,0.9458635150590926
2017-02-03,5811,2621,3136,142,2675,2479,0.46033384959559454,0.9458222052651659
2017-02-06,5809,2619,3136,142,2673,2477,0.4601480461353073,0.9457808323787705
2017-02-07,5811,2621,3136,142,2675,2479,0.46033384959559454,0.9458222052651659
2017-02-08,5812,2622,3136,142,2676,2480,0.4604267033723331,0.9458428680396643
2017-02-09,5811,2621,3136,142,2675,2479,0.46033384959559454,0.9458222052651659
2017-02-10,5812,2620,3138,142,2674,2478,0.46008258774948385,0.9458015267175572
2017-02-13,5807,2615,3138,142,2669,2473,0.4596177027725159,0.945697896749522
2017-02-14,5807,2615,3138,142,2669,2473,0.4596177027725159,0.945697896749522
2017-02-15,5806,2614,3138,142,2668,2472,0.4595246296934206,0.9456771231828616
2017-02-16,5805,2613,3138,142,2667,2471,0.4594315245478036,0.9456563337160352
2017-02-17,5806,2614,3138,142,2668,2472,0.4595246296934206,0.9456771231828616
2017-02-21,5804,2612,3137,141,2667,2471,0.4595106822880772,0.9460183767228177
2017-02-22,5799,2607,3137,141,2662,2466,0.4590446628729091,0.9459148446490219
2017-02-23,5798,2606,3137,141,2661,2465,0.4589513625388065,0.9458940905602455
2017-02-24,5797,2605,3137,141,2660,2464,0.4588580300155253,0.945873320537428
2017-02-27,5797,2605,3137,141,2660,2464,0.4588580300155253,0.945873320537428
2017-02-28,5795,2603,3137,141,2658,2462,0.45867126833477134,0.9458317326162121
2017-03-01,5796,2602,3138,141,2658,2461,0.458592132505176,0.9458109146810146
2017-03-02,5796,2600,3140,141,2656,2459,0.4582470669427191,0.9457692307692308
2017-03-03,5793,2597,3140,141,2653,2456,0.45796651130674954,0.9457065845206007
2017-03-06,5794,2598,3140,141,2654,2457,0.4580600621332413,0.9457274826789839
2017-03-07,5795,2599,3140,141,2655,2458,0.45815358067299394,0.9457483647556753
2017-03-08,5795,2599,3140,141,2655,2458,0.45815358067299394,0.9457483647556753
2017-03-09,5795,2597,3142,141,2653,2456,0.4578084555651424,0.9457065845206007
2017-03-10,5798,2599,3142,141,2656,2458,0.45808899620558813,0.9457483647556753
2017-03-13,5801,2601,3142,141,2659,2460,0.4583692466816066,0.9457900807381776
2017-03-14,5802,2601,3143,141,2659,2460,0.458290244743192,0.9457900807381776
2017-03-15,5803,2601,3143,141,2660,2460,0.4583835946924005,0.9457900807381776
2017-03-16,5805,2601,3145,141,2660,2460,0.4582256675279931,0.9457900807381776
2017-03-17,5809,2602,3146,141,2663,2461,0.4584265794456877,0.9458109146810146
2017-03-20,5811,2603,3146,141,2665,2462,0.45861297539149887,0.9458317326162121
2017-03-21,5806,2598,3146,141,2660,2457,0.45814674474681366,0.9457274826789839
2017-03-22,5806,2598,3145,140,2661,2458,0.4583189803651395,0.9461123941493457
2017-03-23,5806,2597,3145,140,2661,2457,0.4583189803651395,0.9460916442048517
2017-03-24,5809,2599,3146,140,2663,2459,0.4584265794456877,0.9461331281262024
2017-03-27,5810,2599,3147,140,2663,2459,0.4583476764199656,0.9461331281262024
2017-03-28,5809,2597,3146,139,2663,2458,0.4584265794456877,0.9464767038891028
2017-03-29,5809,2597,3146,139,2663,2458,0.4584265794456877,0.9464767038891028
2017-03-30,5810,2598,3146,139,2664,2459,0.4585197934595525,0.9464973056197075
2017-03-31,5809,2597,3146,139,2663,2458,0.4584265794456877,0.9464767038891028
2017-04-03,5805,2593,3145,138,2660,2455,0.4582256675279931,0.9467797917470112
2017-04-04,5804,2591,3144,137,2660,2454,0.4583046175051689,0.9471246622925511
2017-04-05,5804,2590,3145,137,2659,2453,0.45813232253618197,0.9471042471042471
2017-04-06,5804,2589,3146,137,2658,2452,0.45796002756719506,0.9470838161452299
2017-04-07,5807,2591,3147,137,2660,2454,0.45806784914758053,0.9471246622925511
2017-04-10,5810,2593,3148,137,2662,2456,0.4581755593803787,0.9471654454300038
2017-04-11,5804,2587,3148,137,2656,2450,0.45761543762922124,0.9470429068419018
2017-04-12,5805,2588,3148,137,2657,2451,0.45770887166236,0.9470633693972179
2017-04-13,5808,2590,3149,137,2659,2453,0.4578168044077135,0.9471042471042471
2017-04-17,5805,2587,3149,137,2656,2450,0.45753660637381566,0.9470429068419018
2017-04-18,5803,2585,3149,137,2654,2448,0.4573496467344477,0.9470019342359768
2017-04-19,5803,2585,3149,137,2654,2448,0.4573496467344477,0.9470019342359768
2017-04-20,5803,2585,3149,137,2654,2448,0.4573496467344477,0.9470019342359768
2017-04-21,5802,2583,3149,136,2653,2447,0.4572561185798001,0.9473480449090205
2017-04-24,5800,2581,3149,136,2651,2445,0.45706896551724135,0.9473072452537776
2017-04-25,5799,2580,3149,136,2650,2444,0.4569753405759614,0.9472868217054263
2017-04-26,5798,2579,3149,136,2649,2443,0.45688168333908247,0.9472663823187282
2017-04-27,5799,2579,3150,136,2649,2443,0.45680289705121574,0.9472663823187282
2017-04-28,5806,2584,3152,136,2654,2448,0.4571133310368584,0.9473684210526315
2017-05-01,5806,2584,3152,136,2654,2448,0.4571133310368584,0.9473684210526315
2017-05-02,5807,2584,3153,136,2654,2448,0.4570346133976236,0.9473684210526315
2017-05-03,5807,2584,3153,136,2654,2448,0.4570346133976236,0.9473684210526315
2017-05-04,5809,2585,3154,136,2655,2449,0.4570494060939921,0.9473887814313346
2017-05-05,5814,2588,3156,136,2658,2452,0.45717234262125905,0.9474497681607419
2017-05-08,5813,2587,3156,136,2657,2451,0.4570789609495957,0.9474294549671434
2017-05-09,5816,2589,3156,136,2660,2453,0.4573590096286107,0.9474700656624179
2017-05-10,5816,2588,3157,136,2659,2452,0.4571870701513067,0.9474497681607419
2017-05-11,5817,2589,3157,136,2660,2453,0.457280385078219,0.9474700656624179
2017-05-12,5823,2592,3161,137,2662,2455,0.4571526704447879,0.9471450617283951
2017-05-15,5816,2585,3161,137,2655,2448,0.4564993122420908,0.9470019342359768
2017-05-16,5815,2584,3161,137,2654,2447,0.45640584694754943,0.9469814241486069
2017-05-17,5816,2585,3161,137,2655,2448,0.4564993122420908,0.9470019342359768
2017-05-18,5819,2587,3162,137,2657,2450,0.45660766454717305,0.9470429068419018
2017-05-19,5820,2588,3162,137,2658,2451,0.45670103092783504,0.9470633693972179
2017-05-22,5819,2587,3162,137,2657,2450,0.45660766454717305,0.9470429068419018
2017-05-23,5821,2588,3162,137,2659,2451,0.456794365229342,0.9470633693972179
2017-05-24,5822,2588,3163,137,2659,2451,0.4567159051872209,0.9470633693972179
2017-05-25,5822,2587,3164,137,2658,2450,0.4565441429062178,0.9470429068419018
2017-05-26,5826,2588,3164,137,2662,2451,0.4569172674219018,0.9470633693972179
2017-05-30,5828,2590,3164,137,2664,2453,0.45710363761153056,0.9471042471042471
2017-05-31,5827,2589,3164,137,2663,2452,0.45701046850866656,0.9470838161452299
2017-06-01,5823,2584,3165,137,2658,2447,0.4564657393096342,0.9469814241486069
2017-06-02,5824,2584,3166,137,2658,2447,0.4563873626373626,0.9469814241486069
2017-06-05,5824,2582,3167,137,2657,2445,0.45621565934065933,0.9469403563129357
2017-06-06,5823,2581,3167,137,2656,2444,0.4561222737420574,0.9469197985277025
2017-06-07,5828,2584,3168,137,2660,2447,0.456417295813315,0.9469814241486069
2017-06-08,5827,2582,3169,137,2658,2445,0.4561523940278016,0.9469403563129357
2017-06-09,5830,2584,3170,137,2660,2447,0.4562607204116638,0.9469814241486069
2017-06-12,5831,2584,3171,137,2660,2447,0.4561824729891957,0.9469814241486069
2017-06-13,5831,2584,3171,137,2660,2447,0.4561824729891957,0.9469814241486069
2017-06-14,5832,2584,3172,137,2660,2447,0.4561042524005487,0.9469814241486069
2017-06-15,5833,2583,3174,137,2659,2446,0.4558546202640151,0.9469608981804104
2017-06-16,5833,2582,3175,137,2658,2445,0.45568318189610835,0.9469403563129357
2017-06-19,5832,2581,3175,137,2657,2444,0.45558984910836764,0.9469197985277025
2017-06-20,5834,2581,3175,137,2659,2444,0.45577648268769283,0.9469197985277025
2017-06-21,5833,2580,3175,137,2658,2443,0.45568318189610835,0.9468992248062016
2017-06-22,5834,2579,3177,137,2657,2442,0.4554336647240315,0.9468786351298953
2017-06-23,5831,2575,3178,137,2653,2438,0.4549819927971189,0.9467961165048544
2017-06-26,5828,2571,3179,137,2649,2434,0.45452985586822237,0.9467133411124076
2017-06-27,5827,2568,3181,137,2646,2431,0.45409301527372575,0.9466510903426791
2017-06-28,5830,2570,3181,137,2649,2433,0.45437392795883363,0.946692607003891
2017-06-29,5829,2567,3183,137,2646,2430,0.45393721049922797,0.94663030775224
2017-06-30,5833,2568,3185,137,2648,2431,0.45396879821704095,0.9466510903426791
2017-07-03,5828,2563,3185,137,2643,2426,0.4535003431708991,0.9465470152165432
2017-07-05,5822,2556,3185,136,2637,2420,0.45293713500515287,0.94679186228482
2017-07-06,5821,2554,3186,136,2635,2418,0.4526713623088816,0.9467501957713391
2017-07-07,5820,2553,3186,136,2634,2417,0.45257731958762887,0.9467293380336859
2017-07-10,5823,2555,3187,136,2636,2419,0.4526876180662889,0.9467710371819961
2017-07-11,5810,2541,3185,134,2625,2407,0.45180722891566266,0.9472648563557654
2017-07-12,5806,2536,3186,134,2620,2402,0.45125732001377883,0.9471608832807571
2017-07-13,5806,2535,3186,134,2620,2401,0.45125732001377883,0.9471400394477317
2017-07-14,5807,2536,3186,134,2621,2402,0.45135181677286035,0.9471608832807571
2017-07-17,5792,2520,3186,133,2606,2387,0.44993093922651933,0.9472222222222222
2017-07-18,5788,2515,3186,132,2602,2383,0.449550794747754,0.9475149105367793
2017-07-19,5786,2513,3186,132,2600,2381,0.4493605254061528,0.9474731396736967
2017-07-20,5788,2512,3188,132,2600,2380,0.44920525224602625,0.947452229299363
2017-07-21,5788,2512,3188,132,2600,2380,0.44920525224602625,0.947452229299363
2017-07-24,5787,2511,3188,132,2599,2379,0.4491100743044755,0.9474313022700119
2017-07-25,5785,2509,3188,132,2597,2377,0.4489196197061366,0.9473893981666003
2017-07-26,5786,2508,3189,132,2597,2376,0.4488420324922226,0.9473684210526315
2017-07-27,5789,2511,3189,132,2600,2379,0.449127655899119,0.9474313022700119
2017-07-28,5790,2511,3190,132,2600,2379,0.44905008635578586,0.9474313022700119
2017-07-31,5790,2511,3190,132,2600,2379,0.44905008635578586,0.9474313022700119
2017-08-01,5793,2512,3190,132,2603,2380,0.4493354047988952,0.947452229299363
2017-08-02,5792,2510,3190,132,2602,2378,0.4492403314917127,0.9474103585657371
2017-08-03,5792,2510,3190,132,2602,2378,0.4492403314917127,0.9474103585657371
2017-08-04,5789,2507,3190,132,2599,2375,0.44895491449300395,0.9473474272038293
2017-08-07,5788,2506,3190,132,2598,2374,0.44885970974429856,0.9473264166001596
2017-08-08,5794,2509,3192,132,2602,2377,0.4490852606144287,0.9473893981666003
2017-08-09,5795,2510,3192,132,2603,2378,0.4491803278688525,0.9474103585657371
2017-08-10,5797,2511,3192,132,2605,2379,0.44937036398136965,0.9474313022700119
2017-08-11,5799,2510,3194,132,2605,2378,0.4492153819624073,0.9474103585657371
2017-08-14,5796,2507,3194,132,2602,2375,0.44893029675638374,0.9473474272038293
2017-08-15,5795,2505,3195,132,2600,2373,0.4486626402070751,0.9473053892215569
2017-08-16,5797,2506,3196,132,2601,2374,0.44868035190615835,0.9473264166001596
2017-08-17,5799,2507,3196,132,2603,2375,0.44887049491291603,0.9473474272038293
2017-08-18,5790,2496,3195,130,2595,2366,0.4481865284974093,0.9479166666666666
2017-08-21,5791,2496,3196,130,2595,2366,0.4481091348644448,0.9479166666666666
2017-08-22,5793,2496,3198,130,2595,2366,0.44795442775763855,0.9479166666666666
2017-08-23,5792,2495,3198,130,2594,2365,0.44785911602209943,0.9478957915831663
2017-08-24,5796,2499,3198,130,2598,2369,0.44824016563146996,0.9479791916766707
2017-08-25,5793,2495,3199,130,2594,2365,0.44778180562748143,0.9478957915831663
2017-08-28,5793,2495,3199,130,2594,2365,0.44778180562748143,0.9478957915831663
2017-08-29,5778,2479,3200,130,2578,2349,0.44617514710972656,0.9475594997983058
2017-08-30,5778,2479,3200,130,2578,2349,0.44617514710972656,0.9475594997983058
2017-08-31,5778,2479,3200,130,2578,2349,0.44617514710972656,0.9475594997983058
2017-09-01,5773,2472,3199,128,2574,2344,0.44586869911657717,0.948220064724919
2017-09-05,5774,2473,3199,128,2575,2345,0.44596466920678907,0.9482410028305701
2017-09-06,5774,2473,3199,128,2575,2345,0.44596466920678907,0.9482410028305701
2017-09-07,5780,2476,3201,128,2579,2348,0.4461937716262976,0.9483037156704361
2017-09-08,5786,2482,3202,129,2584,2353,0.44659522986519185,0.9480257856567285
2017-09-11,5786,2482,3202,129,2584,2353,0.44659522986519185,0.9480257856567285
2017-09-12,5782,2478,3201,128,2581,2350,0.44638533379453477,0.9483454398708636
2017-09-13,5781,2477,3201,128,2580,2349,0.4462895692786715,0.9483245861929753
2017-09-14,5787,2482,3201,128,2586,2354,0.44686365992742355,0.9484286865431104
2017-09-15,5785,2480,3200,127,2585,2353,0.44684528954191877,0.9487903225806451
2017-09-18,5785,2479,3201,127,2584,2352,0.4466724286949006,0.9487696651875757
2017-09-19,5778,2472,3201,127,2577,2345,0.4460020768431983,0.9486245954692557
2017-09-20,5785,2476,3205,128,2580,2348,0.445980985306828,0.9483037156704361
2017-09-21,5786,2476,3206,128,2580,2348,0.4459039059799516,0.9483037156704361
2017-09-22,5804,2480,3217,128,2587,2352,0.44572708476912476,0.9483870967741935
2017-09-25,5808,2480,3221,128,2587,2352,0.44542011019283745,0.9483870967741935
2017-09-26,5811,2480,3223,128,2588,2352,0.44536224401996216,0.9483870967741935
2017-09-27,5811,2478,3225,128,2586,2350,0.445018069179143,0.9483454398708636
2017-09-28,5812,2475,3229,129,2583,2346,0.4444253269098417,0.9478787878787879
2017-09-29,5804,2466,3230,129,2574,2337,0.44348725017229496,0.9476885644768857
2017-10-02,5802,2462,3232,129,2570,2333,0.44295070665287833,0.9476035743298131
2017-10-03,5798,2457,3233,129,2565,2328,0.44239392894101415,0.9474969474969475
2017-10-04,5798,2457,3233,129,2565,2328,0.44239392894101415,0.9474969474969475
2017-10-05,5803,2459,3236,129,2567,2330,0.4423574013441324,0.9475396502643351
2017-10-06,5805,2461,3236,129,2569,2332,0.4425495262704565,0.9475822836245429
2017-10-09,5802,2458,3235,128,2567,2330,0.44243364357118237,0.9479251423921887
2017-10-10,5799,2454,3236,128,2563,2326,0.4419727539230902,0.947840260798696
2017-10-11,5796,2450,3236,128,2560,2322,0.4416839199447895,0.9477551020408164
2017-10-12,5800,2452,3238,128,2562,2324,0.4417241379310345,0.9477977161500816
2017-10-13,5798,2450,3238,128,2560,2322,0.4415315626077958,0.9477551020408164
2017-10-16,5793,2445,3238,128,2555,2317,0.4410495425513551,0.9476482617586912
2017-10-17,5793,2442,3241,129,2552,2313,0.44053167616088384,0.9471744471744472
2017-10-18,5792,2439,3243,129,2549,2310,0.4400897790055249,0.947109471094711
2017-10-19,5792,2438,3244,129,2548,2309,0.4399171270718232,0.9470877768662839
2017-10-20,5788,2432,3246,129,2542,2303,0.4391845196959226,0.9469572368421053
2017-10-23,5783,2426,3247,129,2536,2297,0.4385267162372471,0.9468260511129432
2017-10-24,5781,2422,3247,129,2534,2293,0.43833246843106727,0.9467382328654005
2017-10-25,5782,2422,3248,129,2534,2293,0.43825665859564167,0.9467382328654005
2017-10-26,5785,2424,3249,129,2536,2295,0.43837510803802937,0.9467821782178217
2017-10-27,5788,2425,3251,129,2537,2296,0.4383206634416033,0.9468041237113402
2017-10-30,5785,2422,3251,129,2534,2293,0.4380293863439931,0.9467382328654005
2017-10-31,5784,2421,3251,129,2533,2292,0.43793222683264177,0.9467162329615861
2017-11-01,5783,2419,3252,129,2531,2290,0.4376621130900917,0.9466721785861927
2017-11-02,5779,2414,3253,129,2526,2285,0.43709984426371346,0.9465617232808616
2017-11-03,5782,2415,3254,129,2528,2286,0.43721895537876165,0.9465838509316771
2017-11-06,5780,2411,3256,129,2524,2282,0.4366782006920415,0.9464952301949399
2017-11-07,5785,2412,3259,129,2526,2283,0.4366464995678479,0.9465174129353234
2017-11-08,5785,2411,3260,129,2525,2282,0.4364736387208297,0.9464952301949399
2017-11-09,5785,2410,3260,129,2525,2281,0.4364736387208297,0.9464730290456431
2017-11-10,5787,2410,3262,129,2525,2281,0.4363227924658718,0.9464730290456431
2017-11-13,5785,2408,3262,129,2523,2279,0.43612791702679343,0.9464285714285714
2017-11-14,5784,2404,3265,129,2519,2275,0.43551175656984786,0.9463394342762064
2017-11-15,5783,2403,3265,129,2518,2274,0.4354141449074875,0.9463171036204744
2017-11-16,5784,2402,3266,129,2518,2273,0.43533886583679116,0.9462947543713572
2017-11-17,5793,2407,3269,129,2524,2278,0.4356982565164854,0.9464063149148317
2017-11-20,5792,2402,3272,129,2520,2273,0.4350828729281768,0.9462947543713572
2017-11-21,5790,2400,3272,129,2518,2271,0.43488773747841103,0.94625
2017-11-22,5790,2399,3273,129,2517,2270,0.4347150259067358,0.9462275948311797
2017-11-24,5790,2398,3274,129,2516,2269,0.43454231433506046,0.9462051709758131
2017-11-27,5788,2396,3274,129,2514,2267,0.43434692467173464,0.9461602671118531
2017-11-28,5787,2394,3274,128,2513,2266,0.43424917919474687,0.9465329991645781
2017-11-29,5786,2392,3275,128,2511,2264,0.43397856895955755,0.9464882943143813
2017-11-30,5791,2394,3278,128,2513,2266,0.43394923156622345,0.9465329991645781
2017-12-01,5792,2395,3278,128,2514,2267,0.4340469613259669,0.9465553235908142
2017-12-04,5792,2393,3279,128,2513,2265,0.4338743093922652,0.946510656080234
2017-12-05,5794,2395,3279,128,2515,2267,0.4340697273041077,0.9465553235908142
2017-12-06,5794,2395,3279,128,2515,2267,0.4340697273041077,0.9465553235908142
2017-12-07,5796,2396,3280,128,2516,2268,0.43409247757073843,0.9465776293823038
2017-12-08,5798,2397,3281,128,2517,2269,0.43411521214211796,0.9465999165623696
2017-12-11,5798,2396,3281,128,2517,2268,0.43411521214211796,0.9465776293823038
2017-12-12,5797,2394,3281,128,2516,2266,0.4340175953079179,0.9465329991645781
2017-12-13,5797,2394,3281,128,2516,2266,0.4340175953079179,0.9465329991645781
2017-12-14,5796,2393,3282,129,2514,2264,0.4337474120082816,0.9460927705808608
2017-12-15,5791,2387,3283,129,2508,2258,0.43308582282852703,0.9459572685379137
2017-12-18,5787,2383,3283,129,2504,2254,0.43269396924140313,0.9458665547629039
2017-12-19,5789,2384,3284,129,2505,2255,0.43271722231818965,0.9458892617449665
2017-12-20,5788,2382,3285,129,2503,2253,0.4324464409122322,0.9458438287153652
2017-12-21,5789,2381,3287,129,2502,2252,0.4321989980998445,0.9458210835783284
2017-12-22,5785,2377,3287,129,2498,2248,0.4318063958513397,0.9457299116533445
2017-12-26,5784,2376,3287,129,2497,2247,0.4317081604426003,0.9457070707070707
2017-12-27,5781,2373,3287,129,2494,2244,0.43141325030271577,0.9456384323640961
2017-12-28,5779,2371,3287,129,2492,2242,0.43121647343831115,0.9455925769717419
2017-12-29,5780,2369,3290,129,2490,2240,0.43079584775086505,0.9455466441536513
2018-01-02,5773,2360,3291,128,2482,2232,0.4299324441364975,0.9457627118644067
2018-01-03,5767,2354,3291,128,2476,2226,0.429339344546558,0.945624468988955
2018-01-04,5766,2351,3293,128,2473,2223,0.4288935137010059,0.9455550829434284
2018-01-05,5767,2351,3294,128,2473,2223,0.42881914340211547,0.9455550829434284
2018-01-08,5765,2349,3294,128,2471,2221,0.42862098872506504,0.9455087271179226
2018-01-09,5765,2348,3294,128,2471,2220,0.42862098872506504,0.9454855195911414
2018-01-10,5767,2349,3294,128,2473,2221,0.42881914340211547,0.9455087271179226
2018-01-11,5767,2348,3295,128,2472,2220,0.42864574302063463,0.9454855195911414
2018-01-12,5768,2348,3296,128,2472,2220,0.42857142857142855,0.9454855195911414
2018-01-16,5766,2346,3296,128,2470,2218,0.42837322233784253,0.9454390451832907
2018-01-17,5767,2347,3296,128,2471,2219,0.4284723426391538,0.9454622922880273
2018-01-18,5769,2347,3297,129,2472,2218,0.4284971398855954,0.9450362164465275
2018-01-19,5771,2347,3299,129,2472,2218,0.42834863975047655,0.9450362164465275
2018-01-22,5774,2350,3299,129,2475,2221,0.42864565292691376,0.9451063829787234
2018-01-23,5774,2349,3299,129,2475,2220,0.42864565292691376,0.9450830140485313
2018-01-24,5775,2349,3300,129,2475,2220,0.42857142857142855,0.9450830140485313
2018-01-25,5778,2350,3302,129,2476,2221,0.4285219799238491,0.9451063829787234
2018-01-26,5783,2352,3304,129,2479,2223,0.42867024035967494,0.9451530612244898
2018-01-29,5785,2353,3305,129,2480,2224,0.428694900605013,0.9451763705907352
2018-01-30,5788,2354,3307,129,2481,2225,0.4286454733932274,0.9451996601529312
2018-01-31,5785,2351,3307,129,2478,2222,0.4283491789109767,0.9451297320289238
2018-02-01,5787,2349,3311,129,2476,2220,0.427855538275445,0.9450830140485313
2018-02-02,5788,2347,3311,128,2477,2219,0.42795438838977196,0.9454622922880273
2018-02-05,5786,2344,3312,128,2474,2216,0.4275838230210854,0.9453924914675768
2018-02-06,5786,2344,3312,128,2474,2216,0.4275838230210854,0.9453924914675768
2018-02-07,5784,2342,3312,128,2472,2214,0.42738589211618255,0.9453458582408198
2018-02-08,5788,2342,3316,128,2472,2214,0.42709053213545267,0.9453458582408198
2018-02-09,5789,2342,3317,128,2472,2214,0.42701675591639315,0.9453458582408198
2018-02-12,5785,2338,3317,128,2468,2210,0.42662057044079515,0.9452523524379812
2018-02-13,5785,2337,3318,128,2467,2209,0.42644770959377704,0.9452289259734703
2018-02-14,5784,2336,3318,128,2466,2208,0.4263485477178423,0.9452054794520548
2018-02-15,5782,2334,3318,128,2464,2206,0.4261501210653753,0.9451585261353899
2018-02-16,5784,2335,3319,128,2465,2207,0.4261756569847856,0.9451820128479658
2018-02-20,5782,2333,3318,127,2464,2206,0.4261501210653753,0.9455636519502786
2018-02-21,5783,2334,3317,126,2466,2208,0.42642227217707074,0.9460154241645244
2018-02-22,5779,2330,3318,127,2461,2203,0.4258522235680914,0.9454935622317596
2018-02-23,5779,2329,3319,127,2460,2202,0.42567918324969717,0.9454701588664663
2018-02-26,5782,2331,3320,127,2462,2204,0.425804219993082,0.9455169455169455
2018-02-27,5781,2330,3319,126,2462,2204,0.4258778758000346,0.9459227467811159
2018-02-28,5781,2329,3320,126,2461,2203,0.4257048953468258,0.9458995276942894
2018-03-01,5776,2324,3319,125,2457,2199,0.4253808864265928,0.9462134251290878
2018-03-02,5775,2323,3319,125,2456,2198,0.42528138528138526,0.9461902712010332
2018-03-05,5775,2322,3320,125,2455,2197,0.4251082251082251,0.946167097329888
2018-03-06,5777,2323,3320,125,2457,2198,0.4253072528994288,0.9461902712010332
2018-03-07,5775,2321,3320,125,2455,2196,0.4251082251082251,0.9461439034898751
2018-03-08,5777,2322,3321,125,2456,2197,0.42513415267439847,0.946167097329888
2018-03-09,5778,2323,3321,125,2457,2198,0.4252336448598131,0.9461902712010332
2018-03-12,5784,2325,3324,124,2460,2201,0.42531120331950206,0.9466666666666667
2018-03-13,5782,2323,3324,124,2458,2199,0.42511241784849535,0.9466207490314249
2018-03-14,5783,2323,3325,124,2458,2199,0.425038907141622,0.9466207490314249
2018-03-15,5783,2322,3326,124,2457,2198,0.42486598651219093,0.9465977605512489
2018-03-16,5788,2324,3328,124,2460,2200,0.4250172771250864,0.9466437177280551
2018-03-19,5789,2325,3328,124,2461,2201,0.42511660044912764,0.9466666666666667
2018-03-20,5784,2319,3329,124,2455,2195,0.4244467496542185,0.9465286761535144
2018-03-21,5784,2318,3330,124,2454,2194,0.4242738589211618,0.9465056082830026
2018-03-22,5787,2320,3330,123,2457,2197,0.42457231726283046,0.9469827586206897
2018-03-23,5788,2319,3332,123,2456,2196,0.424326192121631,0.9469598965071151
2018-03-26,5794,2321,3336,123,2458,2198,0.42423196410079395,0.9470056010340371
2018-03-27,5793,2319,3337,123,2456,2196,0.4239599516658036,0.9469598965071151
2018-03-28,5790,2314,3339,123,2451,2191,0.4233160621761658,0.9468452895419187
2018-03-29,5793,2314,3342,123,2451,2191,0.4230968410150181,0.9468452895419187
2018-04-02,5791,2311,3342,123,2449,2188,0.4228975997237092,0.9467762873215059
2018-04-03,5788,2307,3343,123,2445,2184,0.42242570836212856,0.9466840052015605
2018-04-04,5786,2305,3343,123,2443,2182,0.42222606291047354,0.9466377440347071
2018-04-05,5784,2303,3342,122,2442,2181,0.4221991701244813,0.9470256187581415
2018-04-06,5783,2302,3342,122,2441,2180,0.4220992564412934,0.947002606429192
2018-04-09,5781,2300,3341,121,2440,2179,0.4220723058294413,0.947391304347826
2018-04-10,5784,2302,3341,121,2443,2181,0.42237206085753803,0.9474370112945265
2018-04-11,5785,2302,3342,121,2443,2181,0.4222990492653414,0.9474370112945265
2018-04-12,5784,2301,3342,121,2442,2180,0.4221991701244813,0.9474141677531508
2018-04-13,5781,2298,3342,121,2439,2177,0.4218993253762325,0.9473455178416014
2018-04-16,5782,2299,3342,121,2440,2178,0.4219993081978554,0.9473684210526315
2018-04-17,5778,2295,3342,121,2436,2174,0.4215991692627207,0.947276688453159
2018-04-18,5775,2291,3343,121,2432,2170,0.4211255411255411,0.947184635530336
2018-04-19,5779,2293,3344,121,2435,2172,0.4213531752898425,0.9472307021369385
2018-04-20,5784,2298,3345,122,2439,2176,0.4216804979253112,0.9469103568320278
2018-04-23,5782,2296,3345,122,2437,2174,0.4214804565894154,0.9468641114982579
2018-04-24,5778,2292,3344,121,2434,2171,0.42125302872966425,0.9472076788830716
2018-04-25,5777,2291,3344,121,2433,2170,0.42115284749870174,0.947184635530336
2018-04-26,5778,2291,3345,121,2433,2170,0.421079958463136,0.947184635530336
2018-04-27,5779,2290,3347,121,2432,2169,0.42083405433466,0.9471615720524017
2018-04-30,5777,2288,3347,121,2430,2167,0.42063354682361087,0.9471153846153846
2018-05-01,5776,2286,3347,120,2429,2166,0.42053324099722994,0.94750656167979
2018-05-02,5778,2287,3348,120,2430,2167,0.4205607476635514,0.9475295146480105
2018-05-03,5779,2287,3349,120,2430,2167,0.4204879736978716,0.9475295146480105
2018-05-04,5784,2289,3351,120,2433,2169,0.42064315352697096,0.9475753604193972
2018-05-07,5778,2283,3350,119,2428,2164,0.42021460713049497,0.9478756022777047
2018-05-08,5777,2281,3351,119,2426,2162,0.4199411459234897,0.947829899167032
2018-05-09,5777,2281,3351,119,2426,2162,0.4199411459234897,0.947829899167032
2018-05-10,5780,2282,3353,119,2427,2163,0.4198961937716263,0.9478527607361963
2018-05-11,5780,2280,3354,119,2426,2161,0.41972318339100345,0.9478070175438597
2018-05-14,5774,2274,3354,119,2420,2155,0.41912019397298234,0.9476693051890941
2018-05-15,5774,2274,3354,119,2420,2155,0.41912019397298234,0.9476693051890941
2018-05-16,5774,2273,3354,118,2420,2155,0.41912019397298234,0.9480862296524417
2018-05-17,5774,2272,3355,119,2419,2153,0.41894700381018357,0.9476232394366197
2018-05-18,5775,2273,3355,119,2420,2154,0.41904761904761906,0.9476462824461065
2018-05-21,5773,2270,3356,119,2417,2151,0.41867313355274555,0.9475770925110132
2018-05-22,5771,2266,3358,119,2413,2147,0.4181251083001213,0.9474845542806708
2018-05-23,5772,2267,3358,119,2414,2148,0.4182259182259182,0.9475077194530216
2018-05-24,5775,2266,3362,119,2413,2147,0.41783549783549784,0.9474845542806708
2018-05-25,5775,2266,3362,119,2413,2147,0.41783549783549784,0.9474845542806708
2018-05-29,5773,2263,3363,119,2410,2144,0.41746059241295685,0.9474149359257623
2018-05-30,5767,2257,3364,120,2403,2137,0.41668111669845675,0.946832077979619
2018-05-31,5773,2259,3367,120,2406,2139,0.41676771176164906,0.9468791500664011
2018-06-01,5772,2257,3367,119,2405,2138,0.4166666666666667,0.9472751439964555
2018-06-04,5768,2252,3368,119,2400,2133,0.4160887656033287,0.9471580817051509
2018-06-05,5766,2250,3368,119,2398,2131,0.4158862296219216,0.9471111111111111
2018-06-06,5759,2243,3367,118,2392,2125,0.4153498871331828,0.9473918858671422
2018-06-07,5755,2239,3366,117,2389,2122,0.41511728931364034,0.9477445288075034
2018-06-08,5756,2238,3368,117,2388,2121,0.41487143849895763,0.9477211796246648
2018-06-11,5758,2239,3368,117,2390,2122,0.41507467870788467,0.9477445288075034
2018-06-12,5760,2240,3368,117,2392,2123,0.4152777777777778,0.9477678571428572
2018-06-13,5761,2240,3369,117,2392,2123,0.4152056934559972,0.9477678571428572
2018-06-14,5762,2241,3370,118,2392,2123,0.41513363415480736,0.9473449352967426
2018-06-15,5762,2240,3371,118,2391,2122,0.4149600833044082,0.9473214285714285
2018-06-18,5761,2239,3372,119,2389,2120,0.414684950529422,0.9468512728896828
2018-06-19,5760,2237,3373,119,2387,2118,0.4144097222222222,0.9468037550290568
2018-06-20,5764,2241,3374,120,2390,2121,0.41464260929909785,0.9464524765729585
2018-06-21,5769,2242,3378,120,2391,2122,0.41445657826313054,0.9464763603925067
2018-06-22,5772,2242,3380,120,2392,2122,0.4144144144144144,0.9464763603925067
2018-06-25,5764,2234,3380,120,2384,2114,0.41360166551006244,0.946284691136974
2018-06-26,5762,2232,3379,119,2383,2113,0.41357167650121485,0.9466845878136201
2018-06-27,5767,2234,3381,119,2386,2115,0.41373331021328247,0.9467323187108326
2018-06-28,5778,2240,3386,119,2392,2121,0.4139840775354794,0.946875
2018-06-29,5781,2242,3388,120,2393,2122,0.4139422245286283,0.9464763603925067
2018-07-02,5776,2237,3388,120,2388,2117,0.4134349030470914,0.9463567277603934
2018-07-03,5774,2235,3388,120,2386,2115,0.41323172843782474,0.9463087248322147
2018-07-05,5772,2233,3388,120,2384,2113,0.41302841302841303,0.9462606359158083
2018-07-06,5771,2232,3388,120,2383,2112,0.41292670247790675,0.946236559139785
2018-07-09,5769,2230,3388,120,2381,2110,0.41272317559369043,0.9461883408071748
2018-07-10,5764,2225,3388,120,2376,2105,0.4122137404580153,0.946067415730337
2018-07-11,5764,2224,3388,120,2376,2104,0.4122137404580153,0.9460431654676259
2018-07-12,5762,2222,3387,119,2375,2103,0.4121832696980215,0.9464446444644464
2018-07-13,5763,2223,3387,119,2376,2104,0.4122852680895367,0.9464687359424202
2018-07-16,5760,2220,3387,119,2373,2101,0.4119791666666667,0.9463963963963964
2018-07-17,5760,2219,3388,119,2372,2100,0.41180555555555554,0.9463722397476341
2018-07-18,5766,2222,3390,119,2376,2103,0.4120707596253902,0.9464446444644464
2018-07-19,5771,2224,3393,119,2378,2105,0.4120603015075377,0.9464928057553957
2018-07-20,5771,2223,3394,119,2377,2104,0.4118870213134639,0.9464687359424202
2018-07-23,5768,2220,3394,119,2374,2101,0.41158113730929263,0.9463963963963964
2018-07-24,5769,2220,3394,119,2375,2101,0.41168313399202633,0.9463963963963964
2018-07-25,5771,2220,3396,119,2375,2101,0.4115404609253162,0.9463963963963964
2018-07-26,5776,2220,3401,119,2375,2101,0.41118421052631576,0.9463963963963964
2018-07-27,5779,2219,3405,119,2374,2100,0.4107977158677972,0.9463722397476341
2018-07-30,5778,2217,3406,119,2372,2098,0.4105226722049152,0.9463238610735227
2018-07-31,5776,2215,3406,119,2370,2096,0.4103185595567867,0.94627539503386
2018-08-01,5770,2207,3408,119,2362,2088,0.4093587521663778,0.9460806524694155
2018-08-02,5770,2205,3410,119,2360,2086,0.4090121317157712,0.946031746031746
2018-08-03,5773,2204,3413,119,2360,2085,0.40879958427160923,0.9460072595281307
2018-08-06,5773,2204,3413,119,2360,2085,0.40879958427160923,0.9460072595281307
2018-08-07,5777,2206,3415,119,2362,2087,0.408862731521551,0.9460562103354487
2018-08-08,5781,2208,3416,119,2365,2089,0.40909877183878224,0.9461050724637681
2018-08-09,5782,2209,3416,119,2366,2090,0.4092009685230024,0.946129470348574
2018-08-10,5780,2207,3416,119,2364,2088,0.40899653979238754,0.9460806524694155
2018-08-13,5780,2207,3416,119,2364,2088,0.40899653979238754,0.9460806524694155
2018-08-14,5776,2203,3416,119,2360,2084,0.4085872576177285,0.9459827507943713
2018-08-15,5775,2202,3416,119,2359,2083,0.4084848484848485,0.9459582198001817
2018-08-16,5777,2204,3416,119,2361,2085,0.4086896312965207,0.9460072595281307
2018-08-17,5777,2204,3416,119,2361,2085,0.4086896312965207,0.9460072595281307
2018-08-20,5778,2204,3417,119,2361,2085,0.4086188992731049,0.9460072595281307
2018-08-21,5777,2203,3416,118,2361,2085,0.4086896312965207,0.9464366772582842
2018-08-22,5777,2202,3417,118,2360,2084,0.4085165310714904,0.9464123524069028
2018-08-23,5773,2198,3417,118,2356,2080,0.4081067036203014,0.9463148316651502
2018-08-24,5772,2197,3415,116,2357,2081,0.40835065835065837,0.947200728265817
2018-08-27,5774,2199,3415,116,2359,2083,0.4085555940422584,0.9472487494315598
2018-08-28,5774,2198,3416,116,2358,2082,0.4083824038794596,0.9472247497725205
2018-08-29,5777,2200,3417,116,2360,2084,0.4085165310714904,0.9472727272727273
2018-08-30,5777,2200,3417,116,2360,2084,0.4085165310714904,0.9472727272727273
2018-08-31,5772,2195,3417,116,2355,2079,0.408004158004158,0.9471526195899772
2018-09-04,5769,2192,3417,116,2352,2076,0.4076963078523141,0.9470802919708029
2018-09-05,5770,2192,3417,116,2353,2076,0.4077989601386482,0.9470802919708029
2018-09-06,5770,2192,3417,116,2353,2076,0.4077989601386482,0.9470802919708029
2018-09-07,5771,2193,3417,116,2354,2077,0.4079015768497661,0.9471044231646146
2018-09-10,5767,2189,3417,116,2350,2073,0.4074908964799723,0.9470077661032434
2018-09-11,5767,2189,3417,116,2350,2073,0.4074908964799723,0.9470077661032434
2018-09-12,5773,2193,3420,117,2353,2076,0.40758704313182054,0.9466484268125855
2018-09-13,5775,2194,3420,117,2355,2077,0.4077922077922078,0.9466727438468551
2018-09-14,5774,2191,3421,117,2353,2074,0.40751645306546586,0.9465997261524418
2018-09-17,5770,2184,3423,117,2347,2067,0.4067590987868284,0.9464285714285714
2018-09-18,5772,2186,3423,117,2349,2069,0.40696465696465695,0.9464775846294602
2018-09-19,5773,2186,3424,117,2349,2069,0.40689416248051274,0.9464775846294602
2018-09-20,5777,2186,3427,117,2350,2069,0.40678552882118746,0.9464775846294602
2018-09-21,5777,2184,3428,117,2349,2067,0.40661242859615715,0.9464285714285714
2018-09-24,5777,2184,3428,117,2349,2067,0.40661242859615715,0.9464285714285714
2018-09-25,5777,2183,3429,117,2348,2066,0.4064393283711269,0.9464040311497939
2018-09-26,5782,2187,3430,117,2352,2070,0.4067796610169492,0.9465020576131687
2018-09-27,5786,2187,3434,117,2352,2070,0.4064984445212582,0.9465020576131687
2018-09-28,5786,2187,3434,117,2352,2070,0.4064984445212582,0.9465020576131687
2018-10-01,5784,2181,3438,117,2346,2064,0.40560165975103735,0.9463548830811555
2018-10-02,5779,2176,3438,117,2341,2059,0.4050873853607891,0.9462316176470589
2018-10-03,5781,2177,3439,117,2342,2060,0.4051202214149801,0.9462563160312356
2018-10-04,5785,2179,3441,117,2344,2062,0.4051858254105445,0.9463056447911886
2018-10-05,5792,2183,3444,117,2348,2066,0.4053867403314917,0.9464040311497939
2018-10-08,5792,2183,3444,117,2348,2066,0.4053867403314917,0.9464040311497939
2018-10-09,5790,2181,3443,116,2347,2065,0.40535405872193436,0.9468133883539661
2018-10-10,5785,2176,3443,116,2342,2060,0.4048401037165082,0.9466911764705882
2018-10-11,5785,2175,3444,116,2341,2059,0.4046672428694901,0.9466666666666667
2018-10-12,5784,2173,3445,116,2339,2057,0.4043914246196404,0.946617579383341
2018-10-15,5786,2174,3446,116,2340,2058,0.4044244728655375,0.9466421343146274
2018-10-16,5784,2172,3445,115,2339,2057,0.4043914246196404,0.9470534069981584
2018-10-17,5786,2172,3447,115,2339,2057,0.40425164189422746,0.9470534069981584
2018-10-18,5783,2167,3448,115,2335,2052,0.4037696697215978,0.946931241347485
2018-10-19,5784,2167,3449,115,2335,2052,0.40369986168741356,0.946931241347485
2018-10-22,5782,2165,3449,115,2333,2050,0.40349360083016256,0.9468822170900693
2018-10-23,5782,2165,3449,115,2333,2050,0.40349360083016256,0.9468822170900693
2018-10-24,5780,2163,3449,115,2331,2048,0.4032871972318339,0.946833102172908
2018-10-25,5783,2162,3453,115,2330,2047,0.4029050665744423,0.9468085106382979
2018-10-26,5786,2164,3454,115,2332,2049,0.40304182509505704,0.9468576709796673
2018-10-29,5786,2162,3455,115,2331,2047,0.402868994123747,0.9468085106382979
2018-10-30,5784,2157,3457,115,2327,2042,0.4023167358229599,0.9466852109411219
2018-10-31,5790,2162,3458,115,2332,2047,0.4027633851468048,0.9468085106382979
2018-11-01,5786,2158,3458,115,2328,2043,0.4023505012098168,0.9467099165894347
2018-11-02,5785,2157,3458,115,2327,2042,0.40224719101123596,0.9466852109411219
2018-11-05,5786,2158,3458,115,2328,2043,0.4023505012098168,0.9467099165894347
2018-11-06,5782,2154,3459,116,2323,2038,0.40176409546869596,0.9461467038068709
2018-11-07,5780,2152,3459,116,2321,2036,0.4015570934256055,0.9460966542750929
2018-11-08,5779,2150,3459,116,2320,2034,0.40145353867451117,0.946046511627907
2018-11-09,5779,2150,3459,116,2320,2034,0.40145353867451117,0.946046511627907
2018-11-12,5771,2142,3458,115,2313,2027,0.4007970888927396,0.9463118580765639
2018-11-13,5774,2143,3460,115,2314,2028,0.4007620367163145,0.9463369108726085
2018-11-14,5774,2142,3460,115,2314,2027,0.4007620367163145,0.9463118580765639
2018-11-15,5773,2140,3461,115,2312,2025,0.40048501645591544,0.9462616822429907
2018-11-16,5773,2140,3461,115,2312,2025,0.40048501645591544,0.9462616822429907
2018-11-19,5771,2138,3461,115,2310,2023,0.4002772483105181,0.9462114125350796
2018-11-20,5774,2139,3463,115,2311,2024,0.40024246622791826,0.946236559139785
2018-11-21,5777,2142,3463,115,2314,2027,0.40055392072009693,0.9463118580765639
2018-11-23,5773,2138,3463,115,2310,2023,0.40013857613026155,0.9462114125350796
2018-11-26,5775,2139,3464,115,2311,2024,0.4001731601731602,0.946236559139785
2018-11-27,5772,2136,3464,115,2308,2021,0.39986139986139985,0.9461610486891385
2018-11-28,5772,2135,3465,115,2307,2020,0.3996881496881497,0.9461358313817331
2018-11-29,5773,2135,3466,115,2307,2020,0.3996189156417807,0.9461358313817331
2018-11-30,5773,2135,3466,115,2307,2020,0.3996189156417807,0.9461358313817331
2018-12-03,5771,2131,3467,115,2304,2016,0.3992375671460752,0.9460347254809949
2018-12-04,5771,2130,3467,115,2304,2015,0.3992375671460752,0.9460093896713615
2018-12-06,5768,2126,3468,115,2300,2011,0.39875173370319,0.9459078080903104
2018-12-07,5768,2126,3468,115,2300,2011,0.39875173370319,0.9459078080903104
2018-12-10,5768,2126,3468,115,2300,2011,0.39875173370319,0.9459078080903104
2018-12-11,5765,2123,3468,115,2297,2008,0.398438855160451,0.945831370701837
2018-12-12,5767,2124,3469,115,2298,2009,0.39847407664296863,0.9458568738229756
2018-12-13,5765,2122,3469,115,2296,2007,0.3982653946227233,0.9458058435438266
2018-12-14,5765,2120,3471,115,2294,2005,0.397918473547268,0.9457547169811321
2018-12-17,5749,2104,3471,115,2278,1989,0.39624282483910245,0.9453422053231939
2018-12-18,5750,2105,3471,115,2279,1990,0.3963478260869565,0.9453681710213777
2018-12-19,5748,2103,3471,115,2277,1988,0.39613778705636743,0.9453162149310509
2018-12-20,5742,2096,3471,115,2271,1981,0.3955067920585162,0.9451335877862596
2018-12-21,5740,2093,3472,115,2268,1978,0.3951219512195122,0.945054945054945
2018-12-24,5737,2090,3472,115,2265,1975,0.39480564755098485,0.9449760765550239
2018-12-26,5736,2089,3472,115,2264,1974,0.3947001394700139,0.9449497367161321
2018-12-27,5734,2087,3472,115,2262,1972,0.3944890129054761,0.9448969813128894
2018-12-28,5730,2083,3472,115,2258,1968,0.39406631762652705,0.9447911665866539
2018-12-31,5729,2082,3472,115,2257,1967,0.3939605515796823,0.9447646493756003
2019-01-02,5723,2075,3473,115,2250,1960,0.393150445570505,0.944578313253012
2019-01-03,5723,2075,3473,115,2250,1960,0.393150445570505,0.944578313253012
2019-01-04,5722,2073,3474,115,2248,1958,0.3928696260048934,0.9445248432223831
2019-01-07,5719,2070,3474,115,2245,1955,0.39255114530512325,0.9444444444444444
2019-01-08,5719,2069,3475,115,2244,1954,0.3923762895611121,0.944417593040116
2019-01-09,5720,2070,3475,115,2245,1955,0.3924825174825175,0.9444444444444444
2019-01-10,5720,2070,3475,115,2245,1955,0.3924825174825175,0.9444444444444444
2019-01-11,5721,2070,3476,115,2245,1955,0.39241391365145956,0.9444444444444444
2019-01-14,5717,2066,3476,115,2241,1951,0.3919888053174742,0.9443368828654405
2019-01-15,5718,2066,3477,115,2241,1951,0.3919202518363064,0.9443368828654405
2019-01-16,5719,2066,3477,115,2242,1951,0.3920265780730897,0.9443368828654405
2019-01-17,5718,2064,3477,115,2241,1949,0.3919202518363064,0.9442829457364341
2019-01-18,5719,2065,3477,115,2242,1950,0.3920265780730897,0.9443099273607748
2019-01-22,5716,2062,3477,115,2239,1947,0.3917074877536739,0.9442289039767217
2019-01-23,5716,2062,3477,115,2239,1947,0.3917074877536739,0.9442289039767217
2019-01-24,5716,2062,3477,115,2239,1947,0.3917074877536739,0.9442289039767217
2019-01-25,5716,2062,3477,115,2239,1947,0.3917074877536739,0.9442289039767217
2019-01-28,5715,2060,3479,116,2236,1944,0.39125109361329835,0.9436893203883495
2019-01-29,5715,2060,3479,116,2236,1944,0.39125109361329835,0.9436893203883495
2019-01-30,5715,2059,3480,116,2235,1943,0.3910761154855643,0.9436619718309859
2019-01-31,5717,2060,3482,117,2235,1943,0.39093930383068043,0.9432038834951456
2019-02-01,5717,2060,3481,116,2236,1944,0.39111422074514607,0.9436893203883495
2019-02-04,5715,2057,3482,116,2233,1941,0.39072615923009624,0.9436071949440933
2019-02-05,5718,2059,3483,117,2235,1942,0.39087093389296956,0.9431762991743565
2019-02-06,5721,2062,3483,117,2238,1945,0.39119035133717883,0.9432589718719689
2019-02-07,5722,2062,3484,117,2238,1945,0.39112198531981823,0.9432589718719689
2019-02-08,5724,2063,3485,117,2239,1946,0.3911600279524808,0.9432864760058167
2019-02-11,5727,2065,3486,117,2241,1948,0.391304347826087,0.9433414043583536
2019-02-12,5725,2062,3487,117,2238,1945,0.39091703056768556,0.9432589718719689
2019-02-13,5727,2064,3487,117,2240,1947,0.39112973633665093,0.9433139534883721
2019-02-14,5729,2066,3487,117,2242,1949,0.39134229359399547,0.9433688286544046
2019-02-15,5729,2065,3487,116,2242,1949,0.39134229359399547,0.9438256658595642
2019-02-19,5729,2064,3488,116,2241,1948,0.39116774306161634,0.9437984496124031
2019-02-20,5728,2063,3488,116,2240,1947,0.39106145251396646,0.9437712069801261
2019-02-21,5728,2062,3489,116,2239,1946,0.39088687150837986,0.9437439379243453
2019-02-22,5729,2063,3489,116,2240,1947,0.3909931925292372,0.9437712069801261
2019-02-25,5730,2064,3489,116,2241,1948,0.3910994764397906,0.9437984496124031
2019-02-26,5731,2064,3490,116,2241,1948,0.3910312336415983,0.9437984496124031
2019-02-27,5729,2062,3489,115,2240,1947,0.3909931925292372,0.9442289039767217
2019-02-28,5733,2064,3491,115,2242,1949,0.39106924821210537,0.9442829457364341
2019-03-01,5729,2059,3490,114,2239,1945,0.39081864199685806,0.9446333171442448
2019-03-04,5727,2057,3490,114,2237,1943,0.39060590186834293,0.9445794846864366
2019-03-05,5728,2057,3490,114,2238,1943,0.39071229050279327,0.9445794846864366
2019-03-06,5728,2057,3490,114,2238,1943,0.39071229050279327,0.9445794846864366
2019-03-07,5732,2060,3491,114,2241,1946,0.39096301465457084,0.9446601941747573
2019-03-08,5735,2061,3493,114,2242,1947,0.3909328683522232,0.9446870451237264
2019-03-11,5730,2056,3493,114,2237,1942,0.39040139616055847,0.9445525291828794
2019-03-12,5731,2056,3494,114,2237,1942,0.3903332751701274,0.9445525291828794
2019-03-13,5733,2055,3496,114,2237,1941,0.39019710448281875,0.9445255474452555
2019-03-14,5732,2053,3497,114,2235,1939,0.3899162595952547,0.9444715051144666
2019-03-15,5731,2052,3497,114,2234,1938,0.3898098063165242,0.9444444444444444
2019-03-18,5732,2051,3498,114,2234,1937,0.38974180041870204,0.9444173573866407
2019-03-19,5732,2050,3499,114,2233,1936,0.3895673412421493,0.944390243902439
2019-03-20,5735,2051,3501,114,2234,1937,0.389537925021796,0.9444173573866407
2019-03-21,5734,2049,3502,114,2232,1935,0.38925706313219394,0.9443631039531479
2019-03-22,5734,2049,3502,114,2232,1935,0.38925706313219394,0.9443631039531479
2019-03-25,5736,2051,3502,114,2234,1937,0.38947001394700137,0.9444173573866407
2019-03-26,5735,2049,3502,114,2233,1935,0.3893635571054926,0.9443631039531479
2019-03-27,5739,2051,3503,114,2236,1937,0.3896149154905036,0.9444173573866407
2019-03-28,5741,2052,3505,115,2236,1937,0.3894791848110085,0.9439571150097466
2019-03-29,5745,2052,3509,115,2236,1937,0.3892080069625762,0.9439571150097466
2019-04-01,5737,2044,3509,115,2228,1929,0.38835628377200626,0.9437377690802349
2019-04-02,5736,2041,3510,115,2226,1926,0.3880753138075314,0.9436550710436061
2019-04-03,5735,2040,3510,115,2225,1925,0.38796861377506536,0.9436274509803921
2019-04-04,5739,2042,3511,115,2228,1927,0.3882209444154034,0.9436826640548482
2019-04-05,5739,2041,3511,115,2228,1926,0.3882209444154034,0.9436550710436061
2019-04-08,5739,2041,3511,115,2228,1926,0.3882209444154034,0.9436550710436061
2019-04-09,5740,2042,3511,115,2229,1927,0.3883275261324042,0.9436826640548482
2019-04-10,5743,2043,3513,115,2230,1928,0.38829879853734983,0.9437102300538424
2019-04-11,5744,2043,3514,115,2230,1928,0.38823119777158777,0.9437102300538424
2019-04-12,5744,2042,3515,115,2229,1927,0.3880571030640669,0.9436826640548482
2019-04-15,5745,2043,3515,115,2230,1928,0.38816362053959963,0.9437102300538424
2019-04-16,5744,2041,3515,115,2229,1926,0.3880571030640669,0.9436550710436061
2019-04-17,5749,2044,3517,115,2232,1929,0.3882414332927466,0.9437377690802349
2019-04-18,5751,2042,3521,115,2230,1927,0.3877586506694488,0.9436826640548482
2019-04-22,5751,2041,3522,115,2229,1926,0.387584767866458,0.9436550710436061
2019-04-23,5751,2040,3522,115,2229,1925,0.387584767866458,0.9436274509803921
2019-04-24,5751,2038,3523,115,2228,1923,0.3874108850634672,0.9435721295387635
2019-04-25,5752,2038,3524,115,2228,1923,0.38734353268428373,0.9435721295387635
2019-04-26,5755,2041,3524,115,2231,1926,0.3876629018245004,0.9436550710436061
2019-04-29,5756,2041,3525,115,2231,1926,0.38759555246699096,0.9436550710436061
2019-04-30,5755,2039,3526,115,2229,1924,0.38731537793223286,0.9435998038254046
2019-05-01,5752,2036,3526,115,2226,1921,0.38699582753824757,0.943516699410609
2019-05-02,5753,2034,3529,115,2224,1919,0.38658091430557967,0.9434611602753196
2019-05-03,5757,2035,3532,115,2225,1920,0.3864860170227549,0.9434889434889435
2019-05-06,5756,2034,3531,114,2225,1920,0.3865531619179986,0.943952802359882
2019-05-07,5756,2032,3533,114,2223,1918,0.38620569840166785,0.9438976377952756
2019-05-08,5760,2034,3535,114,2225,1920,0.3862847222222222,0.943952802359882
2019-05-09,5770,2036,3541,114,2229,1922,0.38630849220103985,0.944007858546169
2019-05-10,5776,2039,3544,114,2232,1925,0.3864265927977839,0.9440902403138793
2019-05-13,5776,2039,3544,114,2232,1925,0.3864265927977839,0.9440902403138793
2019-05-14,5781,2043,3544,114,2237,1929,0.38695727382805745,0.9441997063142438
2019-05-15,5778,2039,3545,114,2233,1925,0.38646590515749396,0.9440902403138793
2019-05-16,5779,2040,3545,114,2234,1926,0.3865720712926112,0.9441176470588235
2019-05-17,5778,2037,3547,114,2231,1923,0.38611976462443753,0.9440353460972017
2019-05-20,5777,2036,3546,113,2231,1923,0.38618660204258265,0.9444990176817288
2019-05-21,5778,2037,3545,112,2233,1925,0.38646590515749396,0.9450171821305842
2019-05-22,5778,2037,3545,112,2233,1925,0.38646590515749396,0.9450171821305842
2019-05-23,5780,2037,3547,112,2233,1925,0.3863321799307958,0.9450171821305842
2019-05-24,5780,2035,3548,111,2232,1924,0.386159169550173,0.9454545454545454
2019-05-28,5780,2034,3549,111,2231,1923,0.38598615916955015,0.9454277286135693
2019-05-29,5781,2034,3550,111,2231,1923,0.3859193911088047,0.9454277286135693
2019-05-30,5782,2034,3550,111,2232,1923,0.3860255966793497,0.9454277286135693
2019-05-31,5779,2031,3550,111,2229,1920,0.3857068697006403,0.9453471196454948
2019-06-03,5777,2028,3551,111,2226,1917,0.3853211009174312,0.9452662721893491
2019-06-04,5778,2029,3551,111,2227,1918,0.3854274835583247,0.9452932479053721
2019-06-05,5780,2030,3551,111,2229,1919,0.3856401384083045,0.945320197044335
2019-06-06,5786,2034,3552,111,2234,1923,0.3861043899066713,0.9454277286135693
2019-06-07,5786,2033,3553,111,2233,1922,0.38593155893536124,0.9454008853910477
2019-06-10,5784,2031,3552,110,2232,1921,0.38589211618257263,0.9458394879369768
2019-06-11,5786,2031,3554,110,2232,1921,0.38575872796405114,0.9458394879369768
2019-06-12,5790,2031,3556,110,2234,1921,0.3858376511226252,0.9458394879369768
2019-06-13,5789,2029,3557,110,2232,1919,0.38555881844878215,0.9457861015278463
2019-06-14,5790,2029,3558,110,2232,1919,0.3854922279792746,0.9457861015278463
2019-06-17,5789,2026,3560,110,2229,1916,0.385040594230437,0.945705824284304
2019-06-18,5791,2025,3560,110,2231,1915,0.385252978760145,0.945679012345679
2019-06-19,5792,2025,3561,110,2231,1915,0.3851864640883978,0.945679012345679
2019-06-20,5797,2028,3563,110,2234,1918,0.3853717440055201,0.9457593688362919
2019-06-21,5802,2031,3563,110,2239,1921,0.3859014133057566,0.9458394879369768
2019-06-24,5804,2032,3563,110,2241,1922,0.3861130254996554,0.9458661417322834
2019-06-25,5806,2034,3563,110,2243,1924,0.38632449190492596,0.9459193706981318
2019-06-26,5809,2035,3564,110,2245,1925,0.3864692718195903,0.9459459459459459
2019-06-27,5812,2036,3566,110,2246,1926,0.38644184445973845,0.9459724950884086
2019-06-28,5814,2036,3567,110,2247,1926,0.3864809081527348,0.9459724950884086
2019-07-01,5810,2032,3565,108,2245,1924,0.3864027538726334,0.9468503937007874
2019-07-02,5807,2028,3565,107,2242,1921,0.3860857585672464,0.9472386587771203
2019-07-03,5810,2031,3564,106,2246,1925,0.3865748709122203,0.947808961102905
2019-07-05,5812,2033,3564,106,2248,1927,0.38678596008258775,0.9478603049680275
2019-07-08,5813,2034,3564,106,2249,1928,0.38689145019783244,0.9478859390363815
2019-07-09,5811,2032,3564,106,2247,1926,0.3866804336602994,0.9478346456692913
2019-07-10,5811,2032,3564,106,2247,1926,0.3866804336602994,0.9478346456692913
2019-07-11,5811,2032,3564,106,2247,1926,0.3866804336602994,0.9478346456692913
2019-07-12,5816,2033,3564,106,2252,1927,0.3872077028885832,0.9478603049680275
2019-07-15,5816,2032,3564,106,2252,1926,0.3872077028885832,0.9478346456692913
2019-07-16,5818,2033,3564,106,2254,1927,0.3874183568236507,0.9478603049680275
2019-07-17,5823,2032,3566,106,2257,1926,0.3876008930104757,0.9478346456692913
2019-07-18,5829,2033,3571,106,2258,1927,0.3873734774403843,0.9478603049680275
2019-07-19,5832,2035,3572,106,2260,1929,0.38751714677640603,0.9479115479115479
2019-07-22,5830,2033,3572,106,2258,1927,0.38730703259005145,0.9478603049680275
2019-07-23,5830,2033,3571,105,2259,1928,0.3874785591766724,0.9483521888834235
2019-07-24,5829,2031,3572,105,2257,1926,0.38720192142734605,0.948301329394387
2019-07-25,5867,2064,3575,105,2292,1959,0.39065962161240836,0.9491279069767442
2019-07-26,5870,2063,3578,105,2292,1958,0.3904599659284497,0.9491032476975279
2019-07-29,5866,2059,3578,105,2288,1954,0.39004432321854754,0.9490043710539097
2019-07-30,5870,2058,3578,104,2292,1954,0.3904599659284497,0.9494655004859086
2019-07-31,5871,2059,3578,104,2293,1955,0.39056378811105436,0.9494900437105391
2019-08-01,5870,2055,3581,104,2289,1951,0.3899488926746167,0.9493917274939173
2019-08-02,5871,2055,3581,104,2290,1951,0.3900528019076818,0.9493917274939173
2019-08-05,5872,2055,3582,104,2290,1951,0.38998637602179836,0.9493917274939173
2019-08-06,5871,2054,3582,104,2289,1950,0.38988247317322433,0.9493670886075949
2019-08-07,5872,2054,3582,104,2290,1950,0.38998637602179836,0.9493670886075949
2019-08-08,5831,2011,3582,103,2249,1908,0.385697135997256,0.9487817006464445
2019-08-09,5830,2010,3581,102,2249,1908,0.3857632933104631,0.9492537313432836
2019-08-12,5829,2009,3581,102,2248,1907,0.3856579173100017,0.9492284718765555
2019-08-13,5832,2010,3582,102,2250,1908,0.38580246913580246,0.9492537313432836
2019-08-14,5835,2012,3583,102,2252,1910,0.38594687232219366,0.9493041749502982
2019-08-15,5836,2011,3584,102,2252,1909,0.3858807402330363,0.9492789656887121
2019-08-16,5838,2013,3584,102,2254,1911,0.38609112709832133,0.9493293591654247
2019-08-19,5838,2013,3584,102,2254,1911,0.38609112709832133,0.9493293591654247
2019-08-20,5834,2009,3584,102,2250,1907,0.38567020911895783,0.9492284718765555
2019-08-21,5831,2006,3583,101,2248,1905,0.38552563882695934,0.9496510468594217
2019-08-22,5830,2005,3583,101,2247,1904,0.38542024013722126,0.9496259351620948
2019-08-23,5829,2004,3583,101,2246,1903,0.3853148052839252,0.9496007984031936
2019-08-26,5829,2004,3583,101,2246,1903,0.3853148052839252,0.9496007984031936
2019-08-27,5827,2002,3583,101,2244,1901,0.38510382701218465,0.9495504495504495
2019-08-28,5828,2002,3583,101,2245,1901,0.3852093342484557,0.9495504495504495
2019-08-29,5828,2002,3583,101,2245,1901,0.3852093342484557,0.9495504495504495
2019-08-30,5825,1997,3583,101,2242,1896,0.38489270386266095,0.9494241362043064
2019-09-03,5814,1985,3584,101,2230,1884,0.3835569315445476,0.9491183879093199
2019-09-04,5817,1987,3584,101,2233,1886,0.3838748495788207,0.949169602415702
2019-09-05,5820,1989,3584,101,2236,1888,0.384192439862543,0.9492207139265962
2019-09-06,5822,1989,3584,101,2238,1888,0.3844039848849193,0.9492207139265962
2019-09-09,5820,1987,3584,101,2236,1886,0.384192439862543,0.949169602415702
2019-09-10,5819,1986,3584,101,2235,1885,0.38408661282007217,0.9491440080563948
2019-09-11,5821,1986,3583,100,2238,1886,0.3844700223329325,0.9496475327291037
2019-09-12,5820,1984,3584,100,2236,1884,0.384192439862543,0.9495967741935484
2019-09-13,5829,1988,3588,101,2241,1887,0.3844570252187339,0.9491951710261569
2019-09-16,5829,1985,3590,101,2239,1884,0.3841139131926574,0.9491183879093199
2019-09-17,5831,1986,3592,102,2239,1884,0.38398216429428916,0.9486404833836858
2019-09-18,5834,1988,3593,102,2241,1886,0.384127528282482,0.9486921529175051
2019-09-19,5837,1989,3595,102,2242,1887,0.38410142196333735,0.9487179487179487
2019-09-20,5836,1988,3595,102,2241,1886,0.38399588759424264,0.9486921529175051
2019-09-23,5834,1986,3595,102,2239,1884,0.3837847103188207,0.9486404833836858
2019-09-24,5835,1986,3596,102,2239,1884,0.38371893744644386,0.9486404833836858
2019-09-25,5832,1983,3596,102,2236,1881,0.3834019204389575,0.9485627836611196
2019-09-26,5831,1980,3598,102,2233,1878,0.382953181272509,0.9484848484848485
2019-09-27,5833,1981,3599,102,2234,1879,0.38299331390365166,0.9485108531044927
2019-09-30,5833,1981,3599,102,2234,1879,0.38299331390365166,0.9485108531044927
2019-10-01,5835,1980,3601,102,2234,1878,0.38286203941730934,0.9484848484848485
2019-10-02,5832,1977,3601,102,2231,1875,0.3825445816186557,0.9484066767830045
2019-10-03,5836,1980,3602,102,2234,1878,0.3827964359150103,0.9484848484848485
2019-10-04,5839,1982,3603,102,2236,1880,0.38294228463778046,0.9485368314833501
2019-10-07,5835,1978,3603,102,2232,1876,0.3825192802056555,0.948432760364004
2019-10-08,5835,1978,3604,103,2231,1875,0.3823479005998286,0.9479271991911021
2019-10-09,5832,1974,3604,103,2228,1871,0.3820301783264746,0.9478216818642351
2019-10-10,5831,1972,3605,103,2226,1869,0.3817527010804322,0.9477687626774848
2019-10-11,5832,1971,3607,103,2225,1868,0.38151577503429357,0.9477422628107559
2019-10-14,5830,1969,3607,103,2223,1866,0.38130360205831904,0.9476891823260538
2019-10-15,5822,1961,3607,103,2215,1858,0.38045345242184814,0.9474757776644569
2019-10-16,5823,1962,3607,103,2216,1859,0.38055984887515026,0.9475025484199796
2019-10-17,5825,1962,3609,103,2216,1859,0.3804291845493562,0.9475025484199796
2019-10-18,5826,1963,3609,103,2217,1860,0.3805355303810505,0.9475292919001528
2019-10-21,5826,1963,3609,103,2217,1860,0.3805355303810505,0.9475292919001528
2019-10-22,5828,1964,3609,103,2219,1861,0.3807481125600549,0.9475560081466395
2019-10-23,5827,1963,3609,103,2218,1860,0.38064183971168697,0.9475292919001528
2019-10-24,5828,1962,3611,103,2217,1859,0.3804049416609471,0.9475025484199796
2019-10-25,5837,1965,3616,103,2221,1862,0.38050368339900636,0.9475826972010178
2019-10-28,5830,1958,3615,102,2215,1856,0.37993138936535165,0.947906026557712
2019-10-29,5831,1958,3617,103,2214,1855,0.3796947350368719,0.9473953013278856
2019-10-30,5833,1959,3618,103,2215,1856,0.37973598491342364,0.9474221541602859
2019-10-31,5838,1963,3618,103,2220,1860,0.3802672147995889,0.9475292919001528
2019-11-01,5835,1957,3619,103,2216,1854,0.379777206512425,0.9473684210526315
2019-11-04,5839,1961,3619,103,2220,1858,0.3802020893988697,0.9474757776644569
2019-11-05,5844,1963,3620,103,2224,1860,0.3805612594113621,0.9475292919001528
2019-11-06,5845,1963,3620,103,2225,1860,0.3806672369546621,0.9475292919001528
2019-11-07,5850,1967,3620,103,2230,1864,0.3811965811965812,0.9476359938993391
2019-11-08,5853,1967,3623,103,2230,1864,0.38100119596787974,0.9476359938993391
2019-11-11,5852,1966,3623,103,2229,1863,0.38089542036910456,0.9476093591047813
2019-11-12,5853,1966,3623,103,2230,1863,0.38100119596787974,0.9476093591047813
2019-11-13,5853,1965,3624,103,2229,1862,0.38083034341363403,0.9475826972010178
2019-11-14,5856,1967,3624,103,2232,1864,0.38114754098360654,0.9476359938993391
2019-11-15,5853,1964,3624,103,2229,1861,0.38083034341363403,0.9475560081466395
2019-11-18,5852,1962,3624,103,2228,1859,0.38072453861927547,0.9475025484199796
2019-11-19,5855,1965,3624,103,2231,1862,0.38104184457728435,0.9475826972010178
2019-11-20,5859,1966,3627,103,2232,1863,0.38095238095238093,0.9476093591047813
2019-11-21,5862,1966,3628,103,2234,1863,0.38109860116001365,0.9476093591047813
2019-11-22,5862,1965,3629,103,2233,1862,0.3809280109177755,0.9475826972010178
2019-11-25,5858,1960,3628,102,2230,1858,0.3806759986343462,0.9479591836734694
2019-11-26,5858,1959,3629,102,2229,1857,0.3805052919085012,0.9479326186830015
2019-11-27,5860,1961,3629,102,2231,1859,0.38071672354948805,0.9479857215706272
2019-11-29,5857,1958,3629,102,2228,1856,0.3803995219395595,0.947906026557712
2019-12-02,5852,1951,3628,101,2224,1850,0.380041011619959,0.9482316760635572
2019-12-03,5851,1950,3628,101,2223,1849,0.379935053836951,0.9482051282051283
2019-12-04,5853,1950,3630,101,2223,1849,0.3798052280881599,0.9482051282051283
2019-12-05,5849,1946,3630,101,2219,1845,0.3793810907847495,0.9480986639260021
2019-12-06,5848,1944,3630,101,2218,1843,0.3792749658002736,0.948045267489712
2019-12-09,5848,1943,3629,100,2219,1843,0.37944596443228457,0.9485331960885229
2019-12-10,5850,1944,3629,100,2221,1844,0.37965811965811963,0.948559670781893
2019-12-11,5852,1943,3630,100,2222,1843,0.37969924812030076,0.9485331960885229
2019-12-12,5855,1944,3632,100,2223,1844,0.3796754910333049,0.948559670781893
2019-12-13,5858,1946,3633,100,2225,1846,0.3798224650051212,0.9486125385405961
2019-12-16,5850,1938,3633,100,2217,1838,0.378974358974359,0.9484004127966976
2019-12-17,5845,1932,3633,100,2212,1832,0.3784431137724551,0.94824016563147
2019-12-18,5847,1933,3633,100,2214,1833,0.3786557208825038,0.9482669425763063
2019-12-19,5842,1925,3635,100,2207,1825,0.3777815816501198,0.948051948051948
2019-12-20,5844,1924,3638,100,2206,1824,0.37748117727583846,0.9480249480249481
2019-12-23,5840,1918,3639,100,2201,1818,0.37688356164383563,0.9478623566214807
2019-12-24,5839,1916,3640,100,2199,1816,0.3766055831477993,0.9478079331941545
2019-12-26,5834,1911,3640,100,2194,1811,0.3760713061364416,0.9476713762428048
2019-12-27,5833,1910,3640,100,2193,1810,0.3759643408194754,0.9476439790575916
2019-12-30,5828,1904,3641,100,2187,1804,0.3752573781743308,0.9474789915966386
2019-12-31,5826,1902,3641,100,2185,1802,0.3750429110882252,0.9474237644584648
2020-01-02,5822,1897,3641,99,2181,1798,0.37461353486774307,0.9478123352662098
2020-01-03,5821,1896,3641,99,2180,1797,0.3745060986084865,0.9477848101265823
2020-01-06,5819,1893,3642,99,2177,1794,0.37411926447843274,0.9477020602218701
2020-01-07,5819,1893,3642,99,2177,1794,0.37411926447843274,0.9477020602218701
2020-01-08,5821,1893,3643,99,2178,1794,0.3741625150317815,0.9477020602218701
2020-01-09,5822,1894,3643,99,2179,1795,0.37427001030573687,0.9477296726504751
2020-01-10,5822,1893,3643,99,2179,1794,0.37427001030573687,0.9477020602218701
2020-01-13,5823,1893,3644,99,2179,1794,0.3742057358749785,0.9477020602218701
2020-01-14,5825,1894,3646,100,2179,1794,0.37407725321888413,0.9472016895459345
2020-01-15,5820,1889,3646,100,2174,1789,0.37353951890034365,0.9470619375330863
2020-01-16,5821,1888,3646,99,2175,1789,0.3736471396667239,0.9475635593220338
2020-01-17,5822,1885,3649,99,2173,1786,0.3732394366197183,0.9474801061007958
2020-01-21,5821,1884,3649,99,2172,1785,0.3731317643016664,0.947452229299363
2020-01-22,5821,1884,3649,99,2172,1785,0.3731317643016664,0.947452229299363
2020-01-23,5819,1882,3649,99,2170,1783,0.3729163086440969,0.9473963868225292
2020-01-24,5819,1881,3648,98,2171,1783,0.37308815947757346,0.947900053163211
2020-01-27,5818,1880,3648,98,2170,1782,0.3729804056376762,0.9478723404255319
2020-01-28,5820,1882,3648,98,2172,1784,0.3731958762886598,0.9479277364505845
2020-01-29,5822,1881,3650,98,2172,1783,0.37306767433871524,0.947900053163211
2020-01-30,5823,1880,3651,98,2172,1782,0.37300360638845953,0.9478723404255319
2020-01-31,5825,1880,3653,98,2172,1782,0.3728755364806867,0.9478723404255319
2020-02-03,5825,1879,3654,98,2171,1781,0.3727038626609442,0.9478445981905269
2020-02-04,5821,1875,3653,97,2168,1778,0.37244459714825634,0.9482666666666667
2020-02-05,5823,1876,3654,97,2169,1779,0.37248840803709427,0.9482942430703625
2020-02-06,5823,1875,3655,97,2168,1778,0.37231667525330586,0.9482666666666667
2020-02-07,5825,1875,3657,97,2168,1778,0.37218884120171675,0.9482666666666667
2020-02-10,5823,1873,3657,97,2166,1776,0.371973209685729,0.9482114255205553
2020-02-11,5820,1869,3658,97,2162,1772,0.37147766323024056,0.9481005885500268
2020-02-12,5820,1867,3658,96,2162,1771,0.37147766323024056,0.948580610605249
2020-02-13,5825,1867,3660,96,2165,1771,0.37167381974248925,0.948580610605249
2020-02-14,5828,1869,3660,96,2168,1773,0.37199725463280714,0.9486356340288925
2020-02-18,5827,1868,3660,96,2167,1772,0.3718894800068646,0.9486081370449678
2020-02-19,5825,1866,3660,96,2165,1770,0.37167381974248925,0.9485530546623794
2020-02-20,5825,1865,3660,96,2165,1769,0.37167381974248925,0.9485254691689008
2020-02-21,5826,1866,3660,96,2166,1770,0.3717816683831102,0.9485530546623794
2020-02-24,5827,1866,3661,96,2166,1770,0.3717178651106916,0.9485530546623794
2020-02-25,5828,1866,3661,96,2167,1770,0.37182566918325327,0.9485530546623794
2020-02-26,5829,1866,3662,96,2167,1770,0.3717618802539029,0.9485530546623794
2020-02-27,5829,1865,3663,96,2166,1769,0.37159032424086463,0.9485254691689008
2020-02-28,5830,1865,3664,96,2166,1769,0.37152658662092625,0.9485254691689008
2020-03-02,5824,1859,3664,96,2160,1763,0.3708791208791209,0.9483593329747176
2020-03-03,5826,1860,3665,96,2161,1764,0.37092344661860627,0.9483870967741935
2020-03-04,5825,1859,3665,96,2160,1763,0.3708154506437768,0.9483593329747176
2020-03-05,5820,1854,3665,96,2155,1758,0.3702749140893471,0.948220064724919
2020-03-06,5823,1856,3666,96,2157,1760,0.3704276146316332,0.9482758620689655
2020-03-09,5821,1854,3666,96,2155,1758,0.3702113038996736,0.948220064724919
2020-03-10,5820,1853,3666,96,2154,1757,0.37010309278350517,0.9481921208850512
2020-03-11,5822,1855,3666,96,2156,1759,0.3703194778426657,0.9482479784366576
2020-03-12,5823,1855,3667,96,2156,1759,0.37025588184784475,0.9482479784366576
2020-03-13,5820,1852,3667,96,2153,1756,0.36993127147766325,0.9481641468682506
2020-03-16,5812,1843,3668,96,2144,1747,0.36889194769442535,0.9479110146500271
2020-03-17,5810,1841,3668,96,2142,1745,0.3686746987951807,0.9478544269418794
2020-03-18,5808,1838,3669,96,2139,1742,0.36828512396694213,0.9477693144722524
2020-03-19,5811,1839,3671,96,2140,1743,0.36826707967647565,0.9477977161500816
2020-03-20,5811,1839,3671,96,2140,1743,0.36826707967647565,0.9477977161500816
2020-03-23,5811,1839,3672,97,2139,1742,0.36809499225606607,0.9472539423599783
2020-03-24,5812,1840,3673,98,2139,1742,0.36803165863730214,0.9467391304347826
2020-03-25,5813,1841,3673,98,2140,1743,0.36814037502150354,0.9467680608365019
2020-03-26,5811,1839,3673,98,2138,1741,0.36792290483565654,0.9467101685698749
2020-03-27,5814,1840,3675,98,2139,1742,0.36790505675954593,0.9467391304347826
2020-03-30,5812,1838,3674,97,2138,1741,0.3678596008258775,0.9472252448313384
2020-03-31,5810,1835,3675,97,2135,1738,0.3674698795180723,0.9471389645776567
2020-04-01,5811,1835,3675,97,2136,1738,0.36757872999483737,0.9471389645776567
2020-04-02,5808,1832,3673,95,2135,1737,0.36759641873278237,0.9481441048034934
2020-04-03,5806,1828,3675,95,2131,1733,0.36703410265242853,0.9480306345733042
2020-04-06,5805,1827,3675,95,2130,1732,0.3669250645994832,0.9480021893814997
2020-04-07,5805,1827,3675,95,2130,1732,0.3669250645994832,0.9480021893814997
2020-04-08,5804,1825,3676,95,2128,1730,0.3666436940041351,0.947945205479452
2020-04-09,5803,1823,3677,95,2126,1728,0.3663622264346028,0.947888096544158
2020-04-13,5801,1821,3677,95,2124,1726,0.36614376831580764,0.9478308621636463
2020-04-14,5801,1821,3677,95,2124,1726,0.36614376831580764,0.9478308621636463
2020-04-15,5798,1818,3677,95,2121,1723,0.36581579855122454,0.9477447744774478
2020-04-16,5798,1818,3677,95,2121,1723,0.36581579855122454,0.9477447744774478
2020-04-17,5796,1816,3677,95,2119,1721,0.36559696342305037,0.9476872246696035
2020-04-20,5795,1815,3677,95,2118,1720,0.36548748921484037,0.9476584022038568
2020-04-21,5791,1811,3677,95,2114,1716,0.3650492142980487,0.9475427940364439
2020-04-22,5792,1812,3677,95,2115,1717,0.36515883977900554,0.9475717439293598
2020-04-23,5794,1813,3678,95,2116,1718,0.3652053848809113,0.9476006618863761
2020-04-24,5795,1813,3679,95,2116,1718,0.3651423641069888,0.9476006618863761
2020-04-27,5795,1813,3678,94,2117,1719,0.3653149266609146,0.9481522338665196
2020-04-28,5796,1813,3679,94,2117,1719,0.36525189786059353,0.9481522338665196
2020-04-29,5797,1813,3680,94,2117,1719,0.3651888908055891,0.9481522338665196
2020-04-30,5797,1813,3680,94,2117,1719,0.3651888908055891,0.9481522338665196
2020-05-01,5796,1812,3680,94,2116,1718,0.36507936507936506,0.9481236203090507
2020-05-04,5793,1809,3679,93,2114,1716,0.3649231831520801,0.9485903814262023
2020-05-05,5796,1810,3680,93,2116,1717,0.36507936507936506,0.9486187845303867
2020-05-06,5797,1811,3680,93,2117,1718,0.3651888908055891,0.9486471562672557
2020-05-07,5795,1808,3680,93,2115,1715,0.36496980155306297,0.9485619469026548
2020-05-08,5799,1811,3681,93,2118,1718,0.3652353854112778,0.9486471562672557
2020-05-11,5797,1809,3681,93,2116,1716,0.36501638778678624,0.9485903814262023
2020-05-12,5796,1808,3681,93,2115,1715,0.36490683229813664,0.9485619469026548
2020-05-13,5799,1810,3681,93,2118,1717,0.3652353854112778,0.9486187845303867
2020-05-14,5801,1811,3681,93,2120,1718,0.36545423202896055,0.9486471562672557
2020-05-15,5800,1810,3680,92,2120,1718,0.36551724137931035,0.949171270718232
2020-05-18,5799,1808,3680,91,2119,1717,0.36540782893602347,0.9496681415929203
2020-05-19,5799,1808,3680,91,2119,1717,0.36540782893602347,0.9496681415929203
2020-05-20,5802,1808,3682,91,2120,1717,0.3653912443984833,0.9496681415929203
2020-05-21,5806,1810,3683,91,2123,1719,0.3656562177058216,0.9497237569060774
2020-05-22,5807,1811,3683,91,2124,1720,0.36576545548475975,0.9497515184980674
2020-05-26,5804,1808,3683,91,2121,1717,0.36543762922122675,0.9496681415929203
2020-05-27,5804,1808,3683,91,2121,1717,0.36543762922122675,0.9496681415929203
2020-05-28,5805,1809,3683,91,2122,1718,0.36554694229112833,0.9496959646213378
2020-05-29,5805,1809,3683,91,2122,1718,0.36554694229112833,0.9496959646213378
2020-06-01,5805,1809,3683,91,2122,1718,0.36554694229112833,0.9496959646213378
2020-06-02,5797,1801,3683,91,2114,1710,0.3646713817491806,0.9494725152692949
2020-06-03,5808,1803,3691,91,2117,1712,0.36449724517906334,0.949528563505269
2020-06-04,5809,1802,3693,91,2116,1711,0.364262351523498,0.9495005549389567
2020-06-05,5816,1805,3696,91,2120,1714,0.36451169188445665,0.949584487534626
2020-06-08,5811,1800,3696,91,2115,1709,0.36396489416623645,0.9494444444444444
2020-06-09,5814,1801,3697,91,2117,1710,0.36412108703130375,0.9494725152692949
2020-06-10,5819,1804,3698,91,2121,1713,0.36449561780374634,0.9495565410199557
2020-06-11,5816,1800,3699,91,2117,1709,0.3639958734525447,0.9494444444444444
2020-06-12,5823,1804,3703,92,2120,1712,0.36407350163146146,0.9490022172949002
2020-06-15,5825,1805,3703,92,2122,1713,0.36429184549356225,0.9490304709141274
2020-06-16,5825,1803,3705,92,2120,1711,0.36394849785407724,0.9489739323349973
2020-06-17,5825,1802,3705,91,2120,1711,0.36394849785407724,0.9495005549389567
2020-06-18,5831,1805,3707,91,2124,1714,0.36425998971016976,0.949584487534626
2020-06-19,5833,1807,3707,91,2126,1716,0.364477970169724,0.9496402877697842
2020-06-22,5836,1808,3708,91,2128,1717,0.36463331048663467,0.9496681415929203
2020-06-23,5836,1808,3708,91,2128,1717,0.36463331048663467,0.9496681415929203
2020-06-24,5839,1810,3708,91,2131,1719,0.3649597533824285,0.9497237569060774
2020-06-25,5836,1807,3708,91,2128,1716,0.36463331048663467,0.9496402877697842
2020-06-26,5850,1816,3714,92,2136,1724,0.36512820512820515,0.9493392070484582
2020-06-29,5850,1815,3714,91,2136,1724,0.36512820512820515,0.949862258953168
2020-06-30,5852,1817,3714,91,2138,1726,0.3653451811346548,0.9499174463401211
2020-07-01,5849,1814,3714,91,2135,1723,0.36501966148059495,0.9498346196251378
2020-07-02,5845,1808,3716,91,2129,1717,0.36424294268605645,0.9496681415929203
2020-07-06,5842,1805,3716,91,2126,1714,0.3639164669633687,0.949584487534626
2020-07-07,5842,1805,3716,91,2126,1714,0.3639164669633687,0.949584487534626
2020-07-08,5846,1809,3716,91,2130,1718,0.3643516934656175,0.9496959646213378
2020-07-09,5846,1808,3717,91,2129,1717,0.36418063633253506,0.9496681415929203
2020-07-10,5849,1808,3719,91,2130,1717,0.3641648144982048,0.9496681415929203
2020-07-13,5851,1808,3721,91,2130,1717,0.36404033498547256,0.9496681415929203
2020-07-14,5854,1809,3723,91,2131,1718,0.3640245985650837,0.9496959646213378
2020-07-15,5857,1811,3723,91,2134,1720,0.36435035000853677,0.9497515184980674
2020-07-16,5858,1811,3724,91,2134,1720,0.36428815295322636,0.9497515184980674
2020-07-17,5862,1813,3726,91,2136,1722,0.36438075742067555,0.9498069498069498
2020-07-20,5863,1813,3726,91,2137,1722,0.36448916936721815,0.9498069498069498
2020-07-21,5862,1812,3726,91,2136,1721,0.36438075742067555,0.9497792494481236
2020-07-22,5871,1820,3726,91,2145,1729,0.3653551354113439,0.95
2020-07-23,5873,1819,3728,91,2145,1728,0.36523071683977526,0.9499725123694338
2020-07-24,5882,1826,3731,92,2151,1734,0.365691941516491,0.9496166484118291
2020-07-27,5881,1825,3731,92,2150,1733,0.36558408433939804,0.9495890410958904
2020-07-28,5882,1825,3732,92,2150,1733,0.36552193131587896,0.9495890410958904
2020-07-29,5883,1824,3734,92,2149,1732,0.3652898181200068,0.9495614035087719
2020-07-30,5889,1825,3737,91,2152,1734,0.36542706741382236,0.9501369863013699
2020-07-31,5895,1827,3739,91,2156,1736,0.3657336726039016,0.9501915708812261
2020-08-03,5890,1822,3739,91,2151,1731,0.36519524617996607,0.9500548847420417
2020-08-04,5888,1819,3740,91,2148,1728,0.3648097826086957,0.9499725123694338
2020-08-05,5893,1821,3742,91,2151,1730,0.3650093331070762,0.9500274574409665
2020-08-06,5896,1824,3742,91,2154,1733,0.36533242876526456,0.950109649122807
2020-08-07,5900,1825,3744,91,2156,1734,0.36542372881355933,0.9501369863013699
2020-08-10,5900,1825,3744,91,2156,1734,0.36542372881355933,0.9501369863013699
2020-08-11,5901,1826,3744,91,2157,1735,0.36553126588713775,0.9501642935377875
2020-08-12,5904,1828,3745,91,2159,1737,0.3656842818428184,0.950218818380744
2020-08-13,5906,1828,3747,91,2159,1737,0.36556044700304774,0.950218818380744
2020-08-14,5913,1833,3747,91,2166,1742,0.3663115169964485,0.950354609929078
2020-08-17,5913,1831,3749,91,2164,1740,0.3659732792152883,0.9503003823047516
2020-08-18,5918,1835,3750,91,2168,1744,0.36633997972287935,0.9504087193460491
2020-08-19,5922,1837,3753,92,2169,1745,0.3662613981762918,0.949918345127926
2020-08-20,5925,1839,3753,92,2172,1747,0.36658227848101266,0.9499728113104948
2020-08-21,5933,1842,3758,92,2175,1750,0.3665936288555537,0.9500542888165038
2020-08-24,5929,1835,3760,91,2169,1744,0.3658289762185866,0.9504087193460491
2020-08-25,5927,1833,3760,91,2167,1742,0.36561498228446093,0.950354609929078
2020-08-26,5928,1834,3760,91,2168,1743,0.3657219973009447,0.950381679389313
2020-08-27,5931,1835,3762,91,2169,1744,0.36570561456752654,0.9504087193460491
2020-08-28,5931,1835,3762,91,2169,1744,0.36570561456752654,0.9504087193460491
2020-08-31,5930,1833,3763,91,2167,1742,0.3654300168634064,0.950354609929078
2020-09-01,5928,1830,3764,91,2164,1739,0.3650472334682861,0.9502732240437158
2020-09-02,5932,1832,3766,91,2166,1741,0.3651382333108564,0.9503275109170306
2020-09-03,5933,1832,3766,90,2167,1742,0.3652452384965448,0.9508733624454149
2020-09-04,5937,1835,3766,90,2171,1745,0.36567289877042275,0.9509536784741145
2020-09-08,5936,1833,3767,90,2169,1743,0.3653975741239892,0.9509001636661211
2020-09-09,5939,1836,3767,90,2172,1746,0.3657181343660549,0.9509803921568627
2020-09-10,5943,1839,3767,90,2176,1749,0.36614504459027425,0.9510603588907015
2020-09-11,5949,1844,3767,90,2182,1754,0.3667843335014288,0.9511930585683297
2020-09-14,5953,1846,3769,90,2184,1756,0.3668738451201075,0.9512459371614301
2020-09-15,5956,1846,3771,90,2185,1756,0.36685695097380794,0.9512459371614301
2020-09-16,5963,1848,3776,90,2187,1758,0.36676169713231593,0.9512987012987013
2020-09-17,5970,1853,3778,90,2192,1763,0.3671691792294807,0.9514301133297356
2020-09-18,5979,1858,3782,90,2197,1768,0.36745275129620336,0.9515608180839612
2020-09-21,5984,1862,3783,90,2201,1772,0.36781417112299464,0.9516648764769066
2020-09-22,5986,1863,3784,90,2202,1773,0.36785833611760776,0.9516908212560387
2020-09-23,5993,1864,3790,91,2203,1773,0.3675955281161355,0.9511802575107297
2020-09-24,5998,1867,3791,91,2207,1776,0.3679559853284428,0.9512587038028923
2020-09-25,6010,1870,3798,91,2212,1779,0.36805324459234606,0.9513368983957219
2020-09-28,6006,1866,3798,91,2208,1775,0.3676323676323676,0.9512325830653805
2020-09-29,6007,1866,3799,91,2208,1775,0.36757116697186615,0.9512325830653805
2020-09-30,6011,1865,3803,91,2208,1774,0.3673265679587423,0.9512064343163539
2020-10-01,6014,1864,3807,91,2207,1773,0.36697705354173593,0.9511802575107297
2020-10-02,6022,1867,3811,91,2211,1776,0.36715376951179013,0.9512587038028923
2020-10-05,6025,1869,3812,91,2213,1778,0.36730290456431536,0.951310861423221
2020-10-06,6029,1872,3812,91,2217,1781,0.36772267374357276,0.9513888888888888
2020-10-07,6036,1877,3814,91,2222,1786,0.3681245858184228,0.9515183803942462
2020-10-08,6046,1884,3816,91,2230,1793,0.36883890175322526,0.9516985138004246
2020-10-09,6056,1889,3821,91,2235,1798,0.3690554821664465,0.9518263631551085
2020-10-12,6057,1889,3822,91,2235,1798,0.3689945517582962,0.9518263631551085
2020-10-13,6057,1888,3823,91,2234,1797,0.3688294535248473,0.9518008474576272
2020-10-14,6054,1885,3823,91,2231,1794,0.3685166831846713,0.9517241379310345
2020-10-15,6057,1884,3827,91,2230,1793,0.3681690605910517,0.9516985138004246
2020-10-16,6062,1885,3831,91,2231,1794,0.36803035301880566,0.9517241379310345
2020-10-19,6063,1884,3832,91,2231,1793,0.36796965198746495,0.9516985138004246
2020-10-20,6064,1885,3832,91,2232,1794,0.36807387862796836,0.9517241379310345
2020-10-21,6072,1892,3833,92,2239,1800,0.36874176548089593,0.9513742071881607
2020-10-22,6077,1896,3833,92,2244,1804,0.3692611485930558,0.9514767932489452
2020-10-23,6083,1899,3835,92,2248,1807,0.3695544961367746,0.9515534491837809
2020-10-26,6078,1894,3835,92,2243,1802,0.3690358670615334,0.9514255543822597
2020-10-27,6080,1896,3835,92,2245,1804,0.3692434210526316,0.9514767932489452
2020-10-28,6092,1902,3840,92,2252,1810,0.36966513460275774,0.9516298633017876
2020-10-29,6095,1902,3843,92,2252,1810,0.36948318293683347,0.9516298633017876
2020-10-30,6102,1906,3846,92,2256,1814,0.3697148475909538,0.9517313746065058
2020-11-02,6108,1912,3846,92,2262,1820,0.3703339882121807,0.9518828451882845
2020-11-03,6112,1914,3847,92,2265,1822,0.3705824607329843,0.9519331243469175
2020-11-04,6114,1915,3849,93,2265,1822,0.3704612365063788,0.9514360313315927
2020-11-05,6118,1918,3850,93,2268,1825,0.3707093821510298,0.9515119916579771
2020-11-06,6121,1920,3851,93,2270,1827,0.3708544355497468,0.9515625
2020-11-09,6122,1920,3851,92,2271,1828,0.3709572035282587,0.9520833333333333
2020-11-10,6123,1921,3851,92,2272,1829,0.37105993793891884,0.9521082769390942
2020-11-11,6127,1923,3852,92,2275,1831,0.37130732821935697,0.9521580863234529
2020-11-12,6127,1923,3852,92,2275,1831,0.37130732821935697,0.9521580863234529
2020-11-13,6136,1929,3854,92,2282,1837,0.37190352020860495,0.9523068947641264
2020-11-16,6139,1930,3855,92,2284,1838,0.37204756474995926,0.9523316062176166
2020-11-17,6138,1928,3856,92,2282,1836,0.37178233952427503,0.9522821576763485
2020-11-18,6133,1921,3858,92,2275,1829,0.37094407304744825,0.9521082769390942
2020-11-19,6144,1926,3863,92,2281,1834,0.3712565104166667,0.952232606438214
2020-11-20,6158,1934,3869,92,2289,1842,0.3717115946735953,0.9524301964839711
2020-11-23,6169,1943,3870,92,2299,1851,0.37266980061598315,0.952650540401441
2020-11-24,6180,1950,3873,92,2307,1858,0.3733009708737864,0.9528205128205128
2020-11-25,6190,1958,3875,92,2315,1866,0.3739903069466882,0.9530132788559755
2020-11-27,6194,1960,3875,90,2319,1870,0.37439457539554405,0.9540816326530612
2020-11-30,6202,1966,3875,89,2327,1877,0.37520154788777815,0.9547304170905392
2020-12-01,6201,1964,3876,89,2325,1875,0.3749395258829221,0.9546843177189409
2020-12-02,6203,1966,3876,89,2327,1877,0.37514106077704334,0.9547304170905392
2020-12-03,6207,1967,3880,90,2327,1877,0.37489930723376835,0.9542450432130147
2020-12-04,6214,1971,3883,90,2331,1881,0.3751206952043772,0.954337899543379
2020-12-07,6218,1971,3885,90,2333,1881,0.3752010292698617,0.954337899543379
2020-12-08,6225,1976,3887,90,2338,1886,0.3755823293172691,0.9544534412955465
2020-12-09,6237,1982,3892,90,2345,1892,0.3759820426487093,0.9545913218970736
2020-12-10,6246,1987,3896,90,2350,1897,0.37624079410822925,0.9547055863110216
2020-12-11,6257,1992,3902,90,2355,1902,0.37637845612913534,0.9548192771084337
2020-12-14,6263,1995,3903,90,2360,1905,0.376816222257704,0.9548872180451128
2020-12-15,6272,2001,3907,91,2365,1910,0.3770727040816326,0.9545227386306847
2020-12-16,6276,2003,3908,91,2368,1912,0.3773103887826641,0.9545681477783325
2020-12-17,6281,2004,3910,91,2371,1913,0.3774876612004458,0.9545908183632734
2020-12-18,6291,2011,3913,91,2378,1920,0.378000317914481,0.9547488811536549
2020-12-21,6287,2006,3914,91,2373,1915,0.37744552250676,0.9546360917248256
2020-12-22,6289,2008,3914,91,2375,1917,0.3776435045317221,0.9546812749003984
2020-12-23,6292,2008,3917,91,2375,1917,0.37746344564526385,0.9546812749003984
2020-12-24,6294,2010,3917,91,2377,1919,0.3776612646965364,0.954726368159204
2020-12-28,6291,2007,3917,91,2374,1916,0.37736448895247177,0.9546586945690084
2020-12-29,6298,2012,3919,91,2379,1921,0.3777389647507145,0.9547713717693836
2020-12-30,6295,2009,3919,91,2376,1918,0.3774424146147736,0.9547038327526133
2020-12-31,6294,2005,3920,91,2374,1914,0.37718462027327615,0.9546134663341646
2021-01-04,6296,2004,3923,91,2373,1913,0.37690597204574333,0.9545908183632734
2021-01-05,6299,2005,3925,91,2374,1914,0.3768852198761708,0.9546134663341646
2021-01-06,6306,2011,3925,91,2381,1920,0.3775769108785284,0.9547488811536549
2021-01-07,6319,2023,3927,92,2392,1931,0.3785409083715778,0.9545229856648542
2021-01-08,6336,2037,3929,92,2407,1945,0.37989267676767674,0.9548355424644085
2021-01-11,6344,2043,3931,92,2413,1951,0.380359394703657,0.9549681840430739
2021-01-12,6354,2052,3931,92,2423,1960,0.381334592382751,0.9551656920077972
2021-01-13,6363,2058,3933,92,2430,1966,0.38189533239038187,0.9552964042759962
2021-01-14,6372,2064,3935,92,2437,1972,0.38245448838669177,0.9554263565891473
2021-01-15,6379,2068,3938,92,2441,1976,0.38266185922558393,0.9555125725338491
2021-01-19,6378,2067,3938,92,2440,1975,0.38256506741925367,0.9554910498306725
2021-01-20,6383,2072,3938,92,2445,1980,0.38304872317092276,0.9555984555984556
2021-01-21,6383,2069,3940,92,2443,1977,0.3827353908820304,0.9555340744320928
2021-01-22,6397,2078,3943,92,2454,1986,0.3836173206190402,0.9557266602502407
2021-01-25,6404,2084,3944,92,2460,1992,0.3841349156777014,0.9558541266794626
2021-01-26,6415,2092,3946,92,2469,2000,0.3848791893998441,0.9560229445506692
2021-01-27,6424,2096,3949,92,2475,2004,0.3852739726027397,0.9561068702290076
2021-01-28,6439,2108,3952,92,2487,2016,0.38624009939431586,0.9563567362428842
2021-01-29,6453,2120,3954,92,2499,2028,0.38726173872617387,0.9566037735849057
2021-02-01,6463,2128,3954,91,2509,2037,0.3882098096859044,0.9572368421052632
2021-02-02,6471,2135,3956,92,2515,2043,0.3886570854581981,0.9569086651053864
2021-02-03,6475,2138,3956,92,2519,2046,0.38903474903474905,0.9569691300280636
2021-02-04,6488,2146,3961,92,2527,2054,0.3894882860665845,0.9571295433364398
2021-02-05,6516,2166,3969,92,2547,2074,0.39088397790055246,0.9575253924284395
2021-02-08,6526,2175,3971,93,2555,2082,0.3915108795586883,0.9572413793103448
2021-02-09,6539,2183,3975,94,2564,2089,0.39210888515063463,0.956939990838296
2021-02-10,6549,2190,3978,94,2571,2096,0.3925790196976638,0.9570776255707762
2021-02-11,6555,2193,3981,94,2574,2099,0.39267734553775746,0.9571363429092568
2021-02-12,6568,2203,3984,94,2584,2109,0.3934226552984166,0.9573309123921925
2021-02-16,6569,2204,3984,94,2585,2110,0.39351499467194395,0.957350272232305
2021-02-17,6577,2211,3985,94,2592,2117,0.3941006537935229,0.9574853007688828
2021-02-18,6577,2210,3985,93,2592,2117,0.3941006537935229,0.9579185520361991
2021-02-19,6585,2216,3986,94,2599,2122,0.3946848899012908,0.9575812274368231
2021-02-22,6585,2216,3985,93,2600,2123,0.39483675018982534,0.9580324909747292
2021-02-23,6588,2219,3985,93,2603,2126,0.3951123254401943,0.9580892293826048
2021-02-24,6597,2225,3988,94,2609,2131,0.3954827952099439,0.957752808988764
2021-02-25,6607,2234,3989,94,2618,2140,0.39624640532768274,0.9579230080572964
2021-02-26,6620,2246,3989,94,2631,2152,0.3974320241691843,0.9581478183437222
2021-03-01,6633,2256,3990,92,2643,2164,0.3984622342831298,0.9592198581560284
2021-03-02,6649,2272,3990,92,2659,2180,0.3999097608662957,0.9595070422535211
2021-03-03,6658,2279,3991,92,2667,2187,0.40057074196455394,0.9596314172882844
2021-03-04,6667,2287,3992,92,2675,2195,0.40122993850307487,0.9597726278968081
2021-03-05,6687,2304,3994,91,2693,2213,0.40272169881860326,0.9605034722222222
2021-03-08,6703,2313,4000,91,2703,2222,0.40325227510070116,0.9606571552096844
2021-03-09,6711,2317,4003,91,2708,2226,0.4035166145134853,0.9607250755287009
2021-03-10,6720,2323,4006,91,2714,2232,0.4038690476190476,0.9608265174343521
2021-03-11,6728,2329,4007,91,2721,2238,0.4044292508917955,0.9609274366680979
2021-03-12,6740,2338,4009,91,2731,2247,0.40519287833827894,0.9610778443113772
2021-03-15,6748,2344,4011,91,2737,2253,0.40560165975103735,0.9611774744027304
2021-03-16,6760,2356,4011,91,2749,2265,0.4066568047337278,0.9613752122241087
2021-03-17,6770,2363,4014,91,2756,2272,0.4070901033973412,0.9614896318239526
2021-03-18,6789,2377,4018,91,2771,2286,0.4081602592428929,0.9617164493058477
2021-03-19,6798,2384,4020,91,2778,2293,0.4086496028243601,0.9618288590604027
2021-03-22,6802,2385,4022,91,2780,2294,0.40870332255219055,0.9618448637316562
2021-03-23,6815,2396,4024,91,2791,2305,0.4095377842993397,0.9620200333889817
2021-03-24,6835,2410,4029,91,2806,2319,0.4105340160936357,0.962240663900415
2021-03-25,6840,2411,4032,91,2808,2320,0.4105263157894737,0.9622563251762754
2021-03-26,6856,2417,4041,91,2815,2326,0.4105892648774796,0.9623500206868019
2021-03-29,6864,2424,4042,91,2822,2333,0.41113053613053613,0.9624587458745875
2021-03-30,6870,2429,4042,91,2828,2338,0.4116448326055313,0.962536023054755
2021-03-31,6874,2431,4043,91,2831,2340,0.4118417224323538,0.9625668449197861
2021-04-01,6884,2437,4047,92,2837,2345,0.4121150493898896,0.9622486663931062
2021-04-05,6898,2446,4051,93,2847,2353,0.41272832705131923,0.9619787408013083
2021-04-06,6911,2457,4053,93,2858,2364,0.4135436261033136,0.9621489621489622
2021-04-07,6914,2459,4053,92,2861,2367,0.4137980908301996,0.9625864172427816
2021-04-08,6922,2466,4053,92,2869,2374,0.4144755850910142,0.9626926196269262
2021-04-09,6927,2471,4053,92,2874,2379,0.41489822433954093,0.9627681100768919
2021-04-12,6932,2474,4054,92,2878,2382,0.4151759953837276,0.9628132578819725
2021-04-13,6937,2478,4054,92,2883,2386,0.41559752054202104,0.9628732849071832
2021-04-14,6944,2482,4057,92,2887,2390,0.4157546082949309,0.9629331184528606
2021-04-15,6951,2486,4062,94,2889,2392,0.4156236512731981,0.9621882542236525
2021-04-16,6960,2491,4066,94,2894,2397,0.4158045977011494,0.9622641509433962
2021-04-19,6968,2493,4072,95,2896,2398,0.41561423650975887,0.9618933012434817
2021-04-20,6975,2499,4073,95,2902,2404,0.4160573476702509,0.961984793917567
2021-04-21,6977,2498,4076,95,2901,2403,0.4157947541923463,0.9619695756605284
2021-04-22,6989,2506,4080,95,2909,2411,0.41622549720990126,0.9620909816440543
2021-04-23,7004,2515,4085,95,2919,2420,0.41676185037121644,0.9622266401590457
2021-04-26,7024,2531,4087,95,2937,2436,0.4181378132118451,0.9624654286843145
2021-04-27,7026,2532,4087,95,2939,2437,0.4183034443495588,0.9624802527646129
2021-04-28,7041,2541,4094,96,2947,2445,0.4185485016332907,0.9622195985832349
2021-04-29,7051,2549,4096,97,2955,2452,0.41908949085236136,0.9619458611220086
2021-04-30,7060,2555,4097,97,2963,2458,0.41968838526912183,0.9620352250489237
2021-05-03,7066,2558,4098,97,2968,2461,0.42003962637984715,0.9620797498045348
2021-05-04,7071,2560,4100,97,2971,2463,0.4201668788007354,0.962109375
2021-05-05,7082,2568,4102,97,2980,2471,0.4207850889579215,0.9622274143302181
2021-05-06,7090,2575,4102,97,2988,2478,0.4214386459802539,0.9623300970873786
2021-05-07,7100,2580,4106,98,2994,2482,0.42169014084507045,0.962015503875969
2021-05-10,7105,2580,4110,98,2995,2482,0.4215341308937368,0.962015503875969
2021-05-11,7110,2582,4113,98,2997,2484,0.4215189873417722,0.9620449264136328
2021-05-12,7113,2580,4117,98,2996,2482,0.4212006185856882,0.962015503875969
2021-05-13,7122,2587,4118,98,3004,2489,0.4217916315641674,0.9621182837263239
2021-05-14,7135,2595,4121,98,3014,2497,0.42242466713384724,0.9622350674373795
2021-05-17,7142,2600,4122,98,3020,2502,0.4228507420890507,0.9623076923076923
2021-05-18,7158,2613,4124,98,3034,2515,0.4238614138027382,0.9624952162265595
2021-05-19,7165,2619,4125,98,3040,2521,0.424284717376134,0.9625811378388698
2021-05-20,7166,2618,4127,98,3039,2520,0.4240859614847893,0.9625668449197861
2021-05-21,7173,2622,4129,98,3044,2524,0.42436916213578696,0.9626239511823036
2021-05-24,7173,2621,4129,97,3044,2524,0.42436916213578696,0.962991224723388
2021-05-25,7172,2620,4129,97,3043,2523,0.4242889012827663,0.9629770992366412
2021-05-26,7187,2627,4136,97,3051,2530,0.4245164881035202,0.9630757518081462
2021-05-27,7195,2634,4136,96,3059,2538,0.42515635858234885,0.9635535307517085
2021-05-28,7197,2636,4136,96,3061,2540,0.425316103932194,0.9635811836115327
2021-06-01,7192,2630,4137,96,3055,2534,0.42477753058954393,0.9634980988593156
2021-06-02,7190,2628,4137,96,3053,2532,0.42461752433936023,0.9634703196347032
2021-06-03,7191,2626,4139,96,3052,2530,0.42441941315533305,0.9634424980959635
2021-06-04,7192,2626,4139,96,3053,2530,0.42449944382647387,0.9634424980959635
2021-06-07,7192,2625,4139,96,3053,2529,0.42449944382647387,0.9634285714285714
2021-06-08,7195,2626,4139,96,3056,2530,0.4247394023627519,0.9634424980959635
2021-06-09,7201,2628,4142,96,3059,2532,0.42480211081794195,0.9634703196347032
2021-06-10,7206,2626,4149,96,3057,2530,0.4242298084929226,0.9634424980959635
2021-06-11,7211,2626,4154,96,3057,2530,0.42393565386215504,0.9634424980959635
2021-06-14,7209,2623,4155,96,3054,2527,0.42363712026633377,0.963400686237133
2021-06-15,7204,2617,4157,97,3047,2520,0.42295946696279846,0.9629346580053496
2021-06-16,7205,2616,4158,97,3047,2519,0.42290076335877863,0.9629204892966361
2021-06-17,7209,2616,4161,97,3048,2519,0.4228048272992093,0.9629204892966361
2021-06-18,7219,2622,4165,97,3054,2525,0.42305028397284944,0.9630053394355453
2021-06-21,7221,2623,4165,97,3056,2526,0.4232100817061349,0.9630194433854365
2021-06-22,7220,2620,4167,97,3053,2523,0.4228531855955679,0.9629770992366412
2021-06-23,7220,2617,4169,97,3051,2520,0.42257617728531854,0.9629346580053496
2021-06-24,7227,2618,4173,96,3054,2522,0.42258198422581983,0.9633307868601986
2021-06-25,7236,2619,4179,96,3057,2523,0.4224709784411277,0.9633447880870561
2021-06-28,7236,2615,4182,96,3054,2519,0.42205638474295193,0.9632887189292543
2021-06-29,7242,2619,4183,96,3059,2523,0.4223971278652306,0.9633447880870561
2021-06-30,7252,2621,4191,96,3061,2525,0.4220904578047435,0.9633727584891263
2021-07-01,7257,2617,4199,96,3058,2521,0.4213862477607827,0.9633167749331295
2021-07-02,7252,2612,4197,94,3055,2518,0.4212630998345284,0.9640122511485452
2021-07-06,7253,2612,4197,94,3056,2518,0.4213428925961671,0.9640122511485452
2021-07-07,7254,2611,4198,94,3056,2517,0.42128480838158255,0.9639984680199157
2021-07-08,7257,2608,4203,94,3054,2514,0.4208350558081852,0.963957055214724
2021-07-09,7262,2613,4203,94,3059,2519,0.4212338198843294,0.9640260237275162
2021-07-12,7265,2615,4205,95,3060,2520,0.4211975223675155,0.9636711281070746
2021-07-13,7267,2616,4205,95,3062,2521,0.42135681849456447,0.9636850152905199
2021-07-14,7269,2616,4206,95,3063,2521,0.4213784564589352,0.9636850152905199
2021-07-15,7271,2613,4210,95,3061,2518,0.4209874845275753,0.9636433218522771
2021-07-16,7285,2620,4215,95,3070,2525,0.42141386410432397,0.9637404580152672
2021-07-19,7288,2621,4217,95,3071,2526,0.42137760702524696,0.9637542922548645
2021-07-20,7287,2618,4218,95,3069,2523,0.4211609715932482,0.9637127578304049
2021-07-21,7294,2618,4223,95,3071,2523,0.4210309843707157,0.9637127578304049
2021-07-22,7296,2615,4228,95,3068,2520,0.4205043859649123,0.9636711281070746
2021-07-23,7303,2612,4237,96,3066,2516,0.4198274681637683,0.9632465543644717
2021-07-26,7298,2607,4236,95,3062,2512,0.41956700465881064,0.9635596471039509
2021-07-27,7303,2609,4238,95,3065,2514,0.419690538135013,0.9635875814488309
2021-07-28,7309,2611,4240,95,3069,2516,0.4198932822547544,0.963615472998851
2021-07-29,7317,2613,4245,95,3072,2518,0.4198441984419844,0.9636433218522771
2021-07-30,7323,2613,4251,96,3072,2517,0.4195002048340844,0.9632606199770379
2021-08-02,7321,2611,4251,96,3070,2515,0.41934161999726816,0.9632324779777863
2021-08-03,7321,2607,4255,96,3066,2511,0.41879524655101763,0.9631760644418872
2021-08-04,7327,2609,4257,96,3070,2513,0.4189982257404122,0.9632042928325029
2021-08-05,7338,2617,4259,96,3079,2521,0.41959662033251566,0.9633167749331295
2021-08-06,7346,2622,4261,96,3085,2526,0.41995643887830114,0.9633867276887872
2021-08-09,7347,2622,4262,96,3085,2526,0.4198992786171226,0.9633867276887872
2021-08-10,7350,2623,4263,96,3087,2527,0.42,0.963400686237133
2021-08-11,7360,2629,4266,96,3094,2533,0.42038043478260867,0.9634842145302396
2021-08-12,7361,2628,4266,96,3095,2532,0.42045917674229044,0.9634703196347032
2021-08-13,7369,2631,4270,96,3099,2535,0.4205455285656127,0.9635119726339795
2021-08-16,7363,2624,4271,96,3092,2528,0.41993752546516366,0.9634146341463414
2021-08-17,7368,2628,4271,96,3097,2532,0.4203311617806732,0.9634703196347032
2021-08-18,7370,2627,4274,96,3096,2531,0.42008141112618724,0.9634564141606395
2021-08-19,7372,2628,4275,96,3097,2532,0.42010309278350516,0.9634703196347032
2021-08-20,7379,2631,4279,96,3100,2535,0.4201111261688576,0.9635119726339795
2021-08-23,7375,2627,4279,96,3096,2531,0.41979661016949155,0.9634564141606395
2021-08-24,7377,2627,4281,96,3096,2531,0.41968279788531926,0.9634564141606395
2021-08-25,7376,2626,4281,96,3095,2530,0.4196041214750542,0.9634424980959635
2021-08-26,7380,2628,4283,96,3097,2532,0.41964769647696476,0.9634703196347032
2021-08-27,7377,2623,4286,97,3091,2526,0.41900501558899284,0.9630194433854365
2021-08-30,7379,2624,4287,97,3092,2527,0.4190269684239057,0.9630335365853658
2021-08-31,7375,2618,4289,97,3086,2521,0.4184406779661017,0.9629488158899924
2021-09-01,7372,2614,4288,95,3084,2519,0.4183396635919696,0.9636572302983932
2021-09-02,7372,2612,4289,95,3083,2517,0.41820401519262074,0.9636294027565084
2021-09-03,7377,2613,4292,95,3085,2518,0.41819167683340114,0.9636433218522771
2021-09-07,7378,2612,4294,95,3084,2517,0.4179994578476552,0.9636294027565084
2021-09-08,7378,2612,4294,95,3084,2517,0.4179994578476552,0.9636294027565084
2021-09-09,7379,2612,4294,95,3085,2517,0.41807833039707276,0.9636294027565084
2021-09-10,7381,2613,4294,94,3087,2519,0.41823601138057176,0.9640260237275162
2021-09-13,7383,2614,4295,95,3088,2519,0.41825816063930654,0.9636572302983932
2021-09-14,7390,2616,4300,96,3090,2520,0.4181326116373478,0.963302752293578
2021-09-15,7399,2616,4309,97,3090,2519,0.4176240032436816,0.9629204892966361
2021-09-16,7400,2615,4311,97,3089,2518,0.41743243243243244,0.962906309751434
2021-09-17,7400,2614,4311,97,3089,2517,0.41743243243243244,0.9628921193573068
2021-09-20,7396,2609,4312,97,3084,2512,0.4169821525148729,0.9628210042161748
2021-09-21,7399,2610,4313,97,3086,2513,0.4170833896472496,0.9628352490421456
2021-09-22,7402,2611,4315,97,3087,2514,0.4170494460956498,0.9628494829567216
2021-09-23,7411,2615,4318,97,3093,2518,0.41735258399676156,0.962906309751434
2021-09-24,7415,2617,4320,97,3095,2520,0.41739716790289955,0.9629346580053496
2021-09-27,7412,2612,4321,97,3091,2515,0.41702644360496494,0.9628637059724349
2021-09-28,7416,2614,4323,97,3093,2517,0.41707119741100324,0.9628921193573068
2021-09-29,7417,2613,4325,97,3092,2516,0.41688014021841713,0.9628779181017987
2021-09-30,7427,2620,4328,97,3099,2523,0.4172613437457924,0.9629770992366412
2021-10-01,7434,2619,4331,96,3103,2523,0.41740651062684964,0.9633447880870561
2021-10-04,7443,2620,4335,96,3108,2524,0.41757355904877064,0.9633587786259542
2021-10-05,7448,2619,4338,96,3110,2523,0.417561761546724,0.9633447880870561
2021-10-06,7452,2620,4341,97,3111,2523,0.4174718196457327,0.9629770992366412
2021-10-07,7452,2619,4341,96,3111,2523,0.4174718196457327,0.9633447880870561
2021-10-08,7458,2621,4346,97,3112,2524,0.4172700455886297,0.962991224723388
2021-10-11,7455,2618,4345,96,3110,2522,0.41716968477531857,0.9633307868601986
2021-10-12,7458,2621,4345,96,3113,2525,0.4174041297935103,0.9633727584891263
2021-10-13,7461,2621,4348,96,3113,2525,0.417236295402761,0.9633727584891263
2021-10-14,7468,2623,4352,96,3116,2527,0.4172469201928227,0.963400686237133
2021-10-15,7472,2625,4353,96,3119,2529,0.4174250535331906,0.9634285714285714
2021-10-18,7471,2622,4355,97,3116,2525,0.4170793735778343,0.9630053394355453
2021-10-19,7474,2621,4356,96,3118,2525,0.4171795557934172,0.9633727584891263
2021-10-20,7480,2621,4359,95,3121,2526,0.4172459893048128,0.9637542922548645
2021-10-21,7489,2624,4363,95,3126,2529,0.4174122045666978,0.963795731707317
2021-10-22,7493,2626,4365,95,3128,2531,0.41745629253970373,0.9638233054074639
2021-10-25,7493,2624,4366,95,3127,2529,0.41732283464566927,0.963795731707317
2021-10-26,7496,2626,4367,95,3129,2531,0.41742262540021347,0.9638233054074639
2021-10-27,7501,2630,4368,95,3133,2535,0.41767764298093585,0.9638783269961977
2021-10-28,7514,2637,4373,95,3141,2542,0.41801969656640936,0.9639742131209708
2021-10-29,7523,2638,4378,94,3145,2544,0.4180513093180912,0.9643669446550417
2021-11-01,7521,2634,4378,93,3143,2541,0.41789655630900147,0.9646924829157175
2021-11-02,7516,2627,4379,93,3137,2534,0.4173762639701969,0.9645984012181196
2021-11-03,7521,2629,4381,93,3140,2536,0.41749767318175773,0.9646253328261697
2021-11-04,7536,2640,4385,93,3151,2547,0.41812632696390656,0.9647727272727272
2021-11-05,7542,2641,4387,93,3155,2548,0.4183240519756033,0.9647860658841348
2021-11-08,7547,2643,4389,93,3158,2550,0.4184444149993375,0.9648127128263337
2021-11-09,7557,2647,4393,93,3164,2554,0.41868466322614795,0.9648658859085757
2021-11-10,7567,2649,4398,93,3169,2556,0.4187921236949914,0.9648924122310306
2021-11-11,7584,2652,4408,93,3176,2559,0.41877637130801687,0.9649321266968326
2021-11-12,7592,2653,4411,93,3181,2560,0.4189936775553214,0.9649453448925744
2021-11-15,7594,2653,4413,93,3181,2560,0.41888332894390307,0.9649453448925744
2021-11-16,7599,2653,4416,93,3183,2560,0.4188709040663245,0.9649453448925744
2021-11-17,7606,2655,4420,93,3186,2562,0.4188798317118065,0.9649717514124294
2021-11-18,7612,2657,4421,93,3191,2564,0.4192065160273253,0.9649981181783966
2021-11-19,7617,2659,4424,93,3193,2566,0.4191939083628725,0.9650244452801805
2021-11-22,7625,2664,4425,93,3200,2571,0.419672131147541,0.9650900900900901
2021-11-23,7617,2654,4425,92,3192,2562,0.41906262307995273,0.9653353428786737
2021-11-24,7619,2655,4426,92,3193,2563,0.41908386927418295,0.9653483992467043
2021-11-26,7617,2651,4426,90,3191,2561,0.41893133779703295,0.9660505469634101
2021-11-29,7624,2655,4427,90,3197,2565,0.4193336831059811,0.9661016949152542
2021-11-30,7627,2657,4428,90,3199,2567,0.4194309689261833,0.9661272111403839
2021-12-01,7628,2657,4429,90,3199,2567,0.4193759832197168,0.9661272111403839
2021-12-02,7632,2660,4430,90,3202,2570,0.4195492662473795,0.9661654135338346
2021-12-03,7637,2664,4431,91,3206,2573,0.41979835013748856,0.9658408408408409
2021-12-06,7639,2663,4433,91,3206,2572,0.41968844089540513,0.965828013518588
2021-12-07,7644,2665,4434,91,3210,2574,0.41993720565149134,0.9658536585365853
2021-12-08,7649,2665,4438,91,3211,2574,0.41979343705059485,0.9658536585365853
2021-12-09,7662,2674,4441,91,3221,2583,0.42038632210910987,0.9659685863874345
2021-12-10,7670,2679,4441,91,3229,2588,0.42099087353324643,0.9660321015304218
2021-12-13,7681,2689,4442,91,3239,2598,0.4216898841296706,0.9661584232056527
2021-12-14,7690,2691,4447,91,3243,2600,0.42171651495448637,0.966183574879227
2021-12-15,7694,2690,4449,90,3245,2600,0.4217572134130491,0.966542750929368
2021-12-16,7699,2689,4452,90,3247,2599,0.4217430835173399,0.9665303086649312
2021-12-17,7702,2690,4452,89,3250,2601,0.4219683199169047,0.966914498141264
2021-12-20,7705,2691,4453,89,3252,2602,0.42206359506813756,0.9669267930137495
2021-12-21,7709,2693,4454,89,3255,2604,0.42223375275651837,0.966951355365763
2021-12-22,7714,2694,4458,89,3256,2605,0.42208970702618615,0.9669636228656273
2021-12-23,7716,2693,4460,89,3256,2604,0.42198030067392434,0.966951355365763
2021-12-27,7729,2704,4462,90,3267,2614,0.4226937508086428,0.966715976331361
2021-12-28,7727,2701,4462,90,3265,2611,0.42254432509382683,0.9666790077748982
2021-12-29,7732,2704,4461,89,3271,2615,0.4230470770822556,0.9670857988165681
2021-12-30,7732,2701,4462,89,3270,2612,0.42291774443869634,0.9670492410218438
2021-12-31,7738,2703,4462,89,3276,2614,0.42336521064874644,0.9670736219015909
2022-01-03,7745,2708,4463,89,3282,2619,0.4237572627501614,0.9671344165435746
2022-01-04,7750,2712,4464,89,3286,2623,0.424,0.9671828908554573
2022-01-05,7754,2713,4466,90,3288,2623,0.424039205571318,0.966826391448581
2022-01-06,7754,2713,4465,89,3289,2624,0.42416817126644313,0.9671949870991522
2022-01-07,7761,2718,4467,89,3294,2629,0.42442984151526864,0.9672553348050037
2022-01-10,7772,2725,4467,89,3305,2636,0.4252444673185795,0.9673394495412844
2022-01-11,7773,2725,4467,89,3306,2636,0.4253184098803551,0.9673394495412844
2022-01-12,7782,2732,4468,89,3314,2643,0.4258545361089694,0.9674231332357247
2022-01-13,7792,2736,4471,89,3321,2647,0.4262063655030801,0.9674707602339181
2022-01-14,7799,2740,4474,89,3325,2651,0.42633670983459415,0.9675182481751825
2022-01-18,7797,2736,4475,89,3322,2647,0.42606130563037065,0.9674707602339181
2022-01-19,7795,2733,4476,89,3319,2644,0.4257857601026299,0.9674350530552507
2022-01-20,7797,2734,4477,90,3320,2644,0.4258047967166859,0.9670811997073885
2022-01-21,7803,2738,4478,90,3325,2648,0.42611815968217354,0.9671292914536158
2022-01-24,7806,2739,4479,90,3327,2649,0.42621060722521137,0.9671412924424972
2022-01-25,7815,2744,4483,91,3332,2653,0.42635956493921945,0.9668367346938775
2022-01-26,7815,2741,4486,91,3329,2650,0.4259756877799104,0.9668004377964247
2022-01-27,7819,2741,4489,91,3330,2650,0.42588566312827725,0.9668004377964247
2022-01-28,7821,2740,4490,91,3331,2649,0.4259046157780335,0.9667883211678832
2022-01-31,7827,2743,4492,91,3335,2652,0.4260891784847323,0.966824644549763
2022-02-01,7826,2739,4493,91,3333,2648,0.42588806542294916,0.9667761956918584
2022-02-02,7828,2738,4496,91,3332,2647,0.42565150740929997,0.966764061358656
2022-02-03,7831,2737,4498,91,3333,2646,0.4256161409781637,0.9667519181585678
2022-02-04,7839,2740,4500,91,3339,2649,0.425947187141217,0.9667883211678832
2022-02-07,7843,2743,4500,91,3343,2652,0.426239959199286,0.966824644549763
2022-02-08,7845,2745,4500,91,3345,2654,0.42638623326959846,0.9668488160291439
2022-02-09,7847,2745,4500,91,3347,2654,0.4265324327768574,0.9668488160291439
2022-02-10,7850,2747,4501,91,3349,2656,0.42662420382165606,0.9668729523116126
2022-02-11,7861,2753,4504,91,3357,2662,0.42704490522834243,0.9669451507446422
2022-02-14,7863,2753,4506,91,3357,2662,0.4269362838611217,0.9669451507446422
2022-02-15,7863,2752,4507,91,3356,2661,0.42680910593920895,0.9669331395348837
2022-02-16,7865,2752,4509,91,3356,2661,0.4267005721551176,0.9669331395348837
2022-02-17,7863,2750,4509,91,3354,2659,0.42655475009538346,0.9669090909090909
2022-02-18,7863,2749,4510,91,3353,2658,0.42642757217347066,0.9668970534739906
2022-02-22,7865,2749,4511,91,3354,2658,0.42644628099173554,0.9668970534739906
2022-02-23,7868,2750,4511,91,3357,2659,0.4266649720386375,0.9669090909090909
2022-02-24,7867,2747,4512,91,3355,2656,0.426464980297445,0.9668729523116126
2022-02-25,7872,2750,4512,91,3360,2659,0.4268292682926829,0.9669090909090909
2022-02-28,7873,2751,4512,91,3361,2660,0.42690207036707734,0.9669211195928753
2022-03-01,7868,2745,4512,91,3356,2654,0.42653787493645146,0.9668488160291439
2022-03-02,7866,2743,4513,92,3353,2651,0.4262649377065853,0.9664600802041561
2022-03-03,7868,2745,4513,92,3355,2653,0.4264107778342654,0.9664845173041894
2022-03-04,7874,2751,4513,92,3361,2659,0.4268478536957074,0.9665576154125772
2022-03-07,7876,2750,4514,92,3362,2658,0.42686642965972577,0.9665454545454546
2022-03-08,7874,2748,4515,93,3359,2655,0.4265938531877064,0.9661572052401747
2022-03-09,7873,2746,4514,92,3359,2654,0.42664803759685,0.9664967225054625
2022-03-10,7874,2745,4515,92,3359,2653,0.4265938531877064,0.9664845173041894
2022-03-11,7876,2747,4515,92,3361,2655,0.4267394616556628,0.9665089188205315
2022-03-14,7885,2751,4518,93,3367,2658,0.4270133164235891,0.9661941112322792
2022-03-15,7886,2750,4519,93,3367,2657,0.42695916814608165,0.9661818181818181
2022-03-16,7886,2748,4520,93,3366,2655,0.42683236114633527,0.9661572052401747
2022-03-17,7887,2748,4520,93,3367,2655,0.42690503359959425,0.9661572052401747
2022-03-18,7890,2750,4520,93,3370,2657,0.42712294043092525,0.9661818181818181
2022-03-21,7890,2749,4521,93,3369,2656,0.4269961977186312,0.9661695161877046
2022-03-22,7891,2749,4521,93,3370,2656,0.42706881257128376,0.9661695161877046
2022-03-23,7889,2747,4521,93,3368,2654,0.42692356445683866,0.9661448853294503
2022-03-24,7892,2750,4521,93,3371,2657,0.4271414090217942,0.9661818181818181
2022-03-25,7896,2751,4524,93,3372,2658,0.4270516717325228,0.9661941112322792
2022-03-28,7898,2753,4524,93,3374,2660,0.42719675867308177,0.9662186705412278
2022-03-29,7899,2753,4525,93,3374,2660,0.42714267628813773,0.9662186705412278
2022-03-30,7897,2751,4525,93,3372,2658,0.4269975940230467,0.9661941112322792
2022-03-31,7902,2753,4528,93,3374,2660,0.4269805112629714,0.9662186705412278
2022-04-01,7901,2746,4532,92,3369,2654,0.4264017213011011,0.9664967225054625
2022-04-04,7906,2749,4533,92,3373,2657,0.426637996458386,0.9665332848308475
2022-04-05,7909,2751,4534,93,3375,2658,0.42672904286256164,0.9661941112322792
2022-04-06,7909,2750,4534,92,3375,2658,0.42672904286256164,0.9665454545454546
2022-04-07,7911,2751,4534,92,3377,2659,0.42687397294905827,0.9665576154125772
2022-04-08,7911,2751,4534,92,3377,2659,0.42687397294905827,0.9665576154125772
2022-04-11,7911,2749,4535,91,3376,2658,0.4267475666793073,0.9668970534739906
2022-04-12,7911,2748,4535,90,3376,2658,0.4267475666793073,0.9672489082969432
2022-04-13,7912,2748,4535,90,3377,2658,0.4268200202224469,0.9672489082969432
2022-04-14,7917,2751,4537,90,3380,2661,0.4269293924466338,0.9672846237731734
2022-04-18,7920,2754,4537,90,3383,2664,0.42714646464646466,0.9673202614379085
2022-04-19,7921,2755,4537,90,3384,2665,0.42721878550688047,0.9673321234119783
2022-04-20,7924,2758,4537,90,3387,2668,0.4274356385663806,0.9673676577229877
2022-04-21,7926,2760,4537,90,3389,2670,0.42758011607368157,0.967391304347826
2022-04-22,7929,2761,4539,90,3390,2671,0.42754445705637534,0.9674031148134734
2022-04-25,7929,2761,4540,91,3389,2670,0.42741833774750915,0.9670409272002898
2022-04-26,7931,2761,4540,90,3391,2671,0.42756272853360233,0.9674031148134734
2022-04-27,7930,2759,4541,90,3389,2669,0.42736443883984865,0.9673794853207683
2022-04-28,7931,2758,4542,90,3389,2668,0.42731055352414576,0.9673676577229877
2022-04-29,7934,2758,4545,90,3389,2668,0.42714897907738847,0.9673676577229877
2022-05-02,7932,2756,4545,90,3387,2666,0.42700453857791226,0.967343976777939
2022-05-03,7932,2755,4545,90,3387,2665,0.42700453857791226,0.9673321234119783
2022-05-04,7932,2753,4546,90,3386,2663,0.42687846696923853,0.9673083908463495
2022-05-05,7932,2751,4548,90,3384,2661,0.4266263237518911,0.9672846237731734
2022-05-06,7934,2750,4550,90,3384,2660,0.4265187799344593,0.9672727272727273
2022-05-09,7934,2750,4550,90,3384,2660,0.4265187799344593,0.9672727272727273
2022-05-10,7935,2751,4550,90,3385,2661,0.426591052299937,0.9672846237731734
2022-05-11,7936,2751,4551,90,3385,2661,0.42653729838709675,0.9672846237731734
2022-05-12,7936,2750,4552,90,3384,2660,0.4264112903225806,0.9672727272727273
2022-05-13,7938,2750,4553,90,3385,2660,0.42642983119173594,0.9672727272727273
2022-05-16,7936,2748,4553,90,3383,2658,0.4262852822580645,0.9672489082969432
2022-05-17,7937,2748,4554,90,3383,2658,0.4262315736424342,0.9672489082969432
2022-05-18,7937,2747,4555,90,3382,2657,0.42610558145394983,0.9672369858026938
2022-05-19,7938,2747,4556,90,3382,2657,0.42605190224237843,0.9672369858026938
2022-05-20,7934,2743,4556,90,3378,2653,0.4257625409629443,0.9671892088953701
2022-05-23,7934,2743,4556,90,3378,2653,0.4257625409629443,0.9671892088953701
2022-05-24,7933,2742,4556,90,3377,2652,0.42569015504853147,0.9671772428884027
2022-05-25,7931,2739,4557,90,3374,2649,0.42541924095322153,0.9671412924424972
2022-05-26,7924,2732,4556,89,3368,2643,0.42503785966683494,0.9674231332357247
2022-05-27,7925,2733,4556,89,3369,2644,0.42511041009463724,0.9674350530552507
2022-05-31,7925,2733,4556,89,3369,2644,0.42511041009463724,0.9674350530552507
2022-06-01,7921,2729,4556,89,3365,2640,0.4248200984724151,0.9673873213631367
2022-06-02,7921,2729,4556,89,3365,2640,0.4248200984724151,0.9673873213631367
2022-06-03,7927,2731,4558,89,3369,2642,0.42500315377822634,0.9674112046869279
2022-06-06,7929,2733,4558,89,3371,2644,0.4251481901879178,0.9674350530552507
2022-06-07,7930,2734,4558,89,3372,2645,0.4252206809583859,0.9674469641550841
2022-06-08,7928,2732,4558,89,3370,2643,0.4250756811301715,0.9674231332357247
2022-06-09,7928,2732,4558,89,3370,2643,0.4250756811301715,0.9674231332357247
2022-06-10,7925,2727,4560,89,3365,2638,0.4246056782334385,0.9673634030069673
2022-06-13,7924,2726,4560,89,3364,2637,0.42453306410903585,0.967351430667645
2022-06-14,7924,2726,4560,89,3364,2637,0.42453306410903585,0.967351430667645
2022-06-15,7924,2724,4562,89,3362,2635,0.4242806663301363,0.9673274596182085
2022-06-16,7924,2721,4564,89,3360,2632,0.42402826855123676,0.9672914369717016
2022-06-17,7927,2723,4564,89,3363,2634,0.42424624700391067,0.9673154608887257
2022-06-21,7927,2721,4566,89,3361,2632,0.4239939447458055,0.9672914369717016
2022-06-22,7925,2716,4569,89,3356,2627,0.4234700315457413,0.9672312223858616
2022-06-23,7926,2714,4572,89,3354,2625,0.4231642694928085,0.9672070744288872
2022-06-24,7926,2712,4574,89,3352,2623,0.42291193540247285,0.9671828908554573
2022-06-27,7928,2713,4575,89,3353,2624,0.4229313824419778,0.9671949870991522
2022-06-28,7928,2712,4576,89,3352,2623,0.4228052472250252,0.9671828908554573
2022-06-29,7925,2708,4576,89,3349,2619,0.42258675078864355,0.9671344165435746
2022-06-30,7924,2705,4578,89,3346,2616,0.42226148409893993,0.967097966728281
2022-07-01,7922,2702,4578,89,3344,2613,0.42211562736682656,0.967061435973353
2022-07-05,7921,2700,4578,89,3343,2611,0.4220426713798763,0.967037037037037
2022-07-06,7926,2703,4579,89,3347,2614,0.42228110017663384,0.9670736219015909
2022-07-07,7923,2700,4579,89,3344,2611,0.42206235011990406,0.967037037037037
2022-07-08,7923,2699,4579,89,3344,2610,0.42206235011990406,0.9670248240088922
2022-07-11,7922,2697,4580,89,3342,2608,0.42186316586720524,0.9670003707823508
2022-07-12,7923,2696,4582,89,3341,2607,0.4216837056670453,0.9669881305637982
2022-07-13,7923,2694,4583,89,3340,2605,0.42155749084942573,0.9669636228656273
2022-07-14,7921,2690,4585,89,3336,2601,0.4211589445777048,0.966914498141264
2022-07-15,7922,2690,4586,89,3336,2601,0.4211057813683413,0.966914498141264
2022-07-18,7922,2690,4586,89,3336,2601,0.4211057813683413,0.966914498141264
2022-07-19,7922,2690,4586,89,3336,2601,0.4211057813683413,0.966914498141264
2022-07-20,7921,2689,4586,89,3335,2600,0.42103269789168035,0.9669021941242097
2022-07-21,7922,2688,4588,89,3334,2599,0.42085331986872004,0.9668898809523809
2022-07-22,7921,2685,4590,89,3331,2596,0.42052771114758236,0.966852886405959
2022-07-25,7920,2684,4590,89,3330,2595,0.42045454545454547,0.9668405365126677
2022-07-26,7918,2682,4590,89,3328,2593,0.42030815862591564,0.9668158090976883
2022-07-27,7914,2678,4590,89,3324,2589,0.4200151630022744,0.9667662434652726
2022-07-28,7917,2677,4593,89,3324,2588,0.41985600606290263,0.9667538289129622
2022-07-29,7916,2675,4593,89,3323,2586,0.41978271854471955,0.9667289719626169
2022-08-01,7915,2673,4594,89,3321,2584,0.41958307012002527,0.966704077815189
2022-08-02,7913,2671,4594,89,3319,2582,0.4194363705295084,0.9666791463871209
2022-08-03,7914,2671,4595,89,3319,2582,0.419383371240839,0.9666791463871209
2022-08-04,7908,2665,4594,88,3314,2577,0.41906929691451694,0.9669793621013133
2022-08-05,7909,2665,4594,88,3315,2577,0.41914274876722724,0.9669793621013133
2022-08-08,7911,2666,4595,88,3316,2578,0.4191631904942485,0.9669917479369843
2022-08-09,7912,2665,4596,88,3316,2577,0.4191102123356926,0.9669793621013133
2022-08-10,7909,2659,4598,89,3311,2570,0.41863699582753827,0.9665287702143663
2022-08-11,7910,2659,4599,89,3311,2570,0.41858407079646015,0.9665287702143663
2022-08-12,7910,2658,4600,89,3310,2569,0.41845764854614415,0.9665161775771257
2022-08-15,7912,2658,4602,89,3310,2569,0.4183518705763397,0.9665161775771257
2022-08-16,7911,2657,4602,89,3309,2568,0.41827834660599167,0.9665035754610463
2022-08-17,7906,2652,4602,89,3304,2563,0.417910447761194,0.9664404223227753
2022-08-18,7909,2652,4604,89,3305,2563,0.4178783664180048,0.9664404223227753
2022-08-19,7908,2650,4604,89,3304,2561,0.4178047546788063,0.9664150943396227
2022-08-22,7907,2649,4604,89,3303,2560,0.4177311243202226,0.96640241600604
2022-08-23,7907,2648,4604,89,3303,2559,0.4177311243202226,0.9663897280966768
2022-08-24,7907,2648,4604,89,3303,2559,0.4177311243202226,0.9663897280966768
2022-08-25,7910,2649,4607,90,3303,2559,0.4175726927939317,0.9660249150622876
2022-08-26,7914,2646,4612,90,3302,2556,0.4172352792519586,0.9659863945578231
2022-08-29,7909,2640,4612,90,3297,2550,0.41686686053862687,0.9659090909090909
2022-08-30,7908,2639,4612,90,3296,2549,0.41679312089023773,0.9658961727927245
2022-08-31,7908,2638,4612,90,3296,2548,0.41679312089023773,0.9658832448824868
2022-09-01,7904,2632,4614,90,3290,2542,0.41624493927125505,0.96580547112462
2022-09-02,7903,2631,4614,90,3289,2541,0.4161710742755915,0.9657924743443558
2022-09-06,7898,2626,4614,90,3284,2536,0.41580146872625984,0.9657273419649657
2022-09-07,7898,2626,4614,90,3284,2536,0.41580146872625984,0.9657273419649657
2022-09-08,7889,2615,4616,90,3273,2525,0.41488148054252755,0.9655831739961759
2022-09-09,7871,2597,4616,90,3255,2507,0.4135433871172659,0.9653446284174046
2022-09-12,7875,2600,4617,90,3258,2510,0.4137142857142857,0.9653846153846154
2022-09-13,7874,2597,4619,90,3255,2507,0.41338582677165353,0.9653446284174046
2022-09-14,7873,2596,4619,90,3254,2506,0.41331131715991365,0.9653312788906009
2022-09-15,7874,2595,4621,90,3253,2505,0.4131318262636525,0.9653179190751445
2022-09-16,7872,2592,4622,90,3250,2502,0.41285569105691056,0.9652777777777778
2022-09-19,7857,2576,4622,90,3235,2486,0.4117347588137966,0.9650621118012422
2022-09-20,7858,2576,4623,90,3235,2486,0.41168236192415375,0.9650621118012422
2022-09-21,7859,2576,4625,91,3234,2485,0.41150273571701235,0.9646739130434783
2022-09-22,7857,2574,4625,91,3232,2483,0.41135293368970344,0.9646464646464646
2022-09-23,7860,2575,4627,91,3233,2484,0.411323155216285,0.9646601941747572
2022-09-26,7863,2576,4629,91,3234,2485,0.41129339946585275,0.9646739130434783
2022-09-27,7861,2573,4630,91,3231,2482,0.4110164101259382,0.9646327244461718
2022-09-28,7862,2573,4632,92,3230,2481,0.41083693716611547,0.9642440730664594
2022-09-29,7861,2571,4633,92,3228,2479,0.4106347792901666,0.9642162582652665
2022-09-30,7862,2570,4634,92,3228,2478,0.4105825489697278,0.9642023346303502
2022-10-03,7859,2566,4635,92,3224,2474,0.4102303091996437,0.9641465315666407
2022-10-04,7856,2563,4635,92,3221,2471,0.4100050916496945,0.9641045649629341
2022-10-05,7857,2564,4636,93,3221,2471,0.40995290823469516,0.9637285491419657
2022-10-06,7848,2555,4636,93,3212,2462,0.40927624872579,0.963600782778865
2022-10-07,7844,2549,4638,93,3206,2456,0.4087200407955125,0.9635151039623382
2022-10-10,7837,2542,4638,93,3199,2449,0.4081919101697078,0.9634146341463414
2022-10-11,7835,2540,4638,93,3197,2447,0.408040842373963,0.9633858267716535
2022-10-12,7834,2539,4638,93,3196,2446,0.4079652795506765,0.9633714060653801
2022-10-13,7834,2539,4638,93,3196,2446,0.4079652795506765,0.9633714060653801
2022-10-14,7835,2538,4639,93,3196,2445,0.40791320995532865,0.9633569739952719
2022-10-17,7829,2532,4639,93,3190,2439,0.40745944565078557,0.9632701421800948
2022-10-18,7827,2530,4639,93,3188,2437,0.4073080362846557,0.9632411067193676
2022-10-19,7826,2529,4639,93,3187,2436,0.4072323025811398,0.963226571767497
2022-10-20,7824,2526,4640,93,3184,2433,0.4069529652351738,0.9631828978622328
2022-10-21,7820,2522,4640,93,3180,2429,0.40664961636828645,0.9631245043616178
2022-10-24,7817,2519,4640,93,3177,2426,0.4064219009850326,0.963080587534736
2022-10-25,7813,2514,4641,93,3172,2421,0.4059900166389351,0.9630071599045346
2022-10-26,7811,2512,4641,93,3170,2419,0.4058379208808091,0.9629777070063694
2022-10-27,7813,2512,4643,93,3170,2419,0.4057340330218866,0.9629777070063694
2022-10-28,7810,2507,4644,93,3166,2414,0.40537772087067864,0.9629038691663343
2022-10-31,7787,2484,4644,93,3143,2391,0.40362142031591114,0.9625603864734299
2022-11-01,7776,2473,4644,93,3132,2380,0.4027777777777778,0.9623938536190861
2022-11-02,7774,2470,4645,93,3129,2377,0.4024954978132236,0.9623481781376518
2022-11-03,7770,2465,4646,93,3124,2372,0.40205920205920204,0.9622718052738337
2022-11-04,7763,2458,4646,93,3117,2365,0.401520030915883,0.9621643612693247
2022-11-07,7760,2455,4646,93,3114,2362,0.40128865979381445,0.9621181262729124
2022-11-08,7760,2455,4646,93,3114,2362,0.40128865979381445,0.9621181262729124
2022-11-09,7760,2455,4646,93,3114,2362,0.40128865979381445,0.9621181262729124
2022-11-10,7764,2457,4649,94,3115,2363,0.4012107161257084,0.9617419617419617
2022-11-11,7759,2450,4651,94,3108,2356,0.4005670833870344,0.9616326530612245
2022-11-14,7759,2449,4652,94,3107,2355,0.40043820079907205,0.9616169865251123
2022-11-15,7756,2445,4653,94,3103,2351,0.40007735946364104,0.9615541922290388
2022-11-16,7754,2442,4654,94,3100,2348,0.39979365488779983,0.9615069615069615
2022-11-17,7752,2439,4653,93,3099,2346,0.39976780185758515,0.9618696186961869
2022-11-18,7749,2436,4653,93,3096,2343,0.3995354239256678,0.9618226600985221
2022-11-21,7749,2436,4653,93,3096,2343,0.3995354239256678,0.9618226600985221
2022-11-22,7750,2436,4654,93,3096,2343,0.39948387096774196,0.9618226600985221
2022-11-23,7740,2424,4656,93,3084,2331,0.3984496124031008,0.9616336633663366
2022-11-25,7740,2423,4656,93,3084,2330,0.3984496124031008,0.961617829137433
2022-11-28,7739,2422,4656,93,3083,2329,0.3983718826721799,0.9616019818331957
2022-11-29,7736,2417,4657,93,3079,2324,0.3980093071354705,0.9615225486139842
2022-11-30,7730,2411,4657,93,3073,2318,0.39754204398447607,0.9614267938614682
2022-12-01,7719,2399,4657,92,3062,2307,0.3966835082264542,0.9616506877865777
2022-12-02,7708,2388,4657,92,3051,2296,0.3958225220550078,0.9614740368509213
2022-12-05,7705,2385,4657,92,3048,2293,0.39558728098637247,0.9614255765199161
2022-12-06,7704,2383,4657,92,3047,2291,0.39550882658359293,0.9613932018464121
2022-12-07,7699,2378,4657,92,3042,2286,0.3951162488634888,0.9613120269133726
2022-12-08,7693,2370,4658,92,3035,2278,0.3945144936955674,0.9611814345991562
2022-12-09,7682,2358,4659,92,3023,2266,0.3935173131996876,0.9609838846480068
2022-12-12,7668,2344,4658,91,3010,2253,0.39254042775169534,0.9611774744027304
2022-12-13,7654,2330,4658,91,2996,2239,0.3914293180036582,0.9609442060085837
2022-12-14,7652,2327,4659,91,2993,2236,0.39113957135389443,0.9608938547486033
2022-12-15,7640,2315,4658,90,2982,2225,0.39031413612565447,0.9611231101511879
2022-12-16,7622,2295,4660,90,2962,2205,0.38861191288375757,0.9607843137254902
2022-12-19,7602,2275,4660,90,2942,2185,0.3870034201525914,0.9604395604395605
2022-12-20,7600,2272,4661,90,2939,2182,0.38671052631578945,0.960387323943662
2022-12-21,7581,2252,4662,90,2919,2162,0.3850415512465374,0.9600355239786856
2022-12-22,7557,2228,4662,90,2895,2138,0.3830885271933307,0.9596050269299821
2022-12-23,7546,2216,4662,90,2884,2126,0.3821892393320965,0.9593862815884476
2022-12-27,7515,2184,4655,83,2860,2101,0.3805721889554225,0.961996336996337
2022-12-28,7508,2177,4655,83,2853,2094,0.37999467234949386,0.9618741387230133
2022-12-29,7494,2162,4656,83,2838,2079,0.3787029623698959,0.9616096207215541
2022-12-30,7469,2136,4656,83,2813,2053,0.37662337662337664,0.9611423220973783
2023-01-03,7444,2108,4648,72,2796,2036,0.37560451370231057,0.9658444022770398
2023-01-04,7434,2097,4649,72,2785,2025,0.37463007801990855,0.9656652360515021
2023-01-05,7432,2094,4649,72,2783,2022,0.37446178686759957,0.9656160458452722
2023-01-06,7431,2093,4649,72,2782,2021,0.37437760732068365,0.9655996177735309
2023-01-09,7428,2090,4649,72,2779,2018,0.37412493268712976,0.9655502392344497
2023-01-10,7429,2090,4650,72,2779,2018,0.37407457262081034,0.9655502392344497
2023-01-11,7432,2092,4650,72,2782,2020,0.3743272335844995,0.9655831739961759
2023-01-12,7429,2088,4649,71,2780,2017,0.37420918023960154,0.9659961685823755
2023-01-13,7422,2080,4650,71,2772,2009,0.3734842360549717,0.9658653846153846
2023-01-17,7410,2068,4650,71,2760,1997,0.3724696356275304,0.9656673114119922
2023-01-18,7407,2065,4650,71,2757,1994,0.37221547185095183,0.9656174334140436
2023-01-19,7409,2064,4650,71,2759,1993,0.3723849372384937,0.9656007751937985
2023-01-20,7409,2063,4651,71,2758,1992,0.3722499662572547,0.9655841008240427
2023-01-23,7401,2055,4651,71,2750,1984,0.3715714092690177,0.9654501216545012
2023-01-24,7398,2052,4651,71,2747,1981,0.37131657204649904,0.9653996101364523
2023-01-25,7398,2050,4653,71,2745,1979,0.3710462287104623,0.9653658536585366
2023-01-26,7395,2046,4654,71,2741,1975,0.37065584854631506,0.9652981427174976
2023-01-27,7392,2041,4656,71,2736,1970,0.37012987012987014,0.9652131308182264
2023-01-30,7385,2034,4656,71,2729,1963,0.369532836831415,0.9650934119960669
2023-01-31,7385,2034,4656,71,2729,1963,0.369532836831415,0.9650934119960669
2023-02-01,7377,2026,4656,71,2721,1955,0.3688491256608377,0.9649555774925962
2023-02-02,7373,2022,4656,71,2717,1951,0.36850671368506716,0.9648862512363996
2023-02-03,7369,2015,4658,71,2711,1944,0.3678925227303569,0.9647642679900744
2023-02-06,7369,2014,4659,71,2710,1943,0.36775681910707014,0.964746772591857
2023-02-07,7369,2014,4659,71,2710,1943,0.36775681910707014,0.964746772591857
2023-02-08,7367,2012,4659,71,2708,1941,0.36758517714130584,0.9647117296222664
2023-02-09,7367,2010,4661,71,2706,1939,0.36731369621284105,0.9646766169154228
2023-02-10,7370,2009,4664,71,2706,1938,0.36716417910447763,0.9646590343454455
2023-02-13,7368,2006,4665,71,2703,1935,0.36685667752442996,0.9646061814556331
2023-02-14,7364,2001,4666,71,2698,1930,0.366376969038566,0.9645177411294353
2023-02-15,7357,1993,4667,71,2690,1922,0.3656381677314123,0.9643753135975915
2023-02-16,7352,1988,4667,71,2685,1917,0.36520674646354734,0.9642857142857143
2023-02-17,7350,1986,4667,71,2683,1915,0.3650340136054422,0.9642497482376636
2023-02-21,7346,1981,4668,71,2678,1910,0.3645521372175334,0.9641595153962645
2023-02-22,7340,1975,4668,71,2672,1904,0.3640326975476839,0.9640506329113924
2023-02-23,7336,1971,4668,71,2668,1900,0.36368593238822244,0.9639776763064434
2023-02-24,7332,1967,4668,71,2664,1896,0.36333878887070375,0.9639044229791561
2023-02-27,7324,1959,4668,71,2656,1888,0.3626433642818132,0.9637570188871873
2023-02-28,7325,1958,4670,71,2655,1887,0.36245733788395906,0.9637385086823289
2023-03-01,7323,1954,4671,71,2652,1883,0.3621466612044244,0.9636642784032753
2023-03-02,7319,1949,4672,71,2647,1878,0.3616614291569887,0.9635710620831196
2023-03-03,7318,1943,4676,71,2642,1872,0.3610276031702651,0.9634585692228512
2023-03-06,7311,1935,4677,71,2634,1864,0.3602790315962249,0.9633074935400516
2023-03-07,7305,1929,4677,71,2628,1858,0.35975359342915814,0.9631933644375325
2023-03-08,7298,1922,4677,71,2621,1851,0.3591394902713072,0.9630593132154006
2023-03-09,7302,1924,4679,71,2623,1853,0.35921665297178856,0.9630977130977131
2023-03-10,7289,1911,4679,71,2610,1840,0.3580738098504596,0.9628466771323915
2023-03-13,7269,1891,4679,71,2590,1820,0.35630760764892005,0.9624537281861449
2023-03-14,7268,1890,4679,71,2589,1819,0.3562190423775454,0.9624338624338624
2023-03-15,7261,1882,4679,71,2582,1811,0.35559840242390856,0.9622741764080766
2023-03-16,7253,1872,4680,70,2573,1802,0.35474975872052944,0.9626068376068376
2023-03-17,7247,1865,4680,70,2567,1795,0.3542155374637781,0.9624664879356568
2023-03-20,7243,1861,4680,70,2563,1791,0.3538588982465829,0.9623858140784525
2023-03-21,7240,1855,4682,70,2558,1785,0.3533149171270718,0.9622641509433962
2023-03-22,7239,1853,4682,70,2557,1783,0.35322558364414974,0.9622234214786832
2023-03-23,7239,1852,4682,70,2557,1782,0.35322558364414974,0.9622030237580994
2023-03-24,7234,1846,4682,70,2552,1776,0.35277854575615153,0.962080173347779
2023-03-27,7219,1831,4682,70,2537,1761,0.35143371658124395,0.9617695248498088
2023-03-28,7221,1832,4682,70,2539,1762,0.35161334995153026,0.9617903930131004
2023-03-29,7220,1830,4682,69,2538,1761,0.3515235457063712,0.9622950819672131
2023-03-30,7219,1827,4682,69,2537,1758,0.35143371658124395,0.9622331691297209
2023-03-31,7216,1822,4684,69,2532,1753,0.3508869179600887,0.9621295279912184
2023-04-03,7214,1819,4684,69,2530,1750,0.3507069586914333,0.9620670698185816
2023-04-04,7209,1812,4686,69,2523,1743,0.3499791926758219,0.9619205298013245
2023-04-05,7209,1811,4687,69,2522,1742,0.3498404771813011,0.9618995030369961
2023-04-06,7205,1807,4687,69,2518,1738,0.34947952810548233,0.9618151632540122
2023-04-10,7204,1806,4686,68,2518,1738,0.34952803997779014,0.9623477297895903
2023-04-11,7200,1802,4686,68,2514,1734,0.3491666666666667,0.9622641509433962
2023-04-12,7200,1801,4687,68,2513,1733,0.34902777777777777,0.9622431982232094
2023-04-13,7198,1797,4689,68,2509,1729,0.3485690469574882,0.9621591541457986
2023-04-14,7196,1794,4690,68,2506,1726,0.34824902723735407,0.9620958751393534
2023-04-17,7194,1791,4691,68,2503,1723,0.3479288295802057,0.9620323841429369
2023-04-18,7195,1790,4693,68,2502,1722,0.3477414871438499,0.9620111731843576
2023-04-19,7194,1789,4693,68,2501,1721,0.34765082012788434,0.9619899385131359
2023-04-20,7196,1790,4694,68,2502,1722,0.34769316286826013,0.9620111731843576
2023-04-21,7197,1790,4695,68,2502,1722,0.3476448520216757,0.9620111731843576
2023-04-24,7195,1787,4696,68,2499,1719,0.34732453092425297,0.961947397873531
2023-04-25,7188,1780,4696,68,2492,1712,0.34668892598775736,0.9617977528089887
2023-04-26,7184,1776,4696,68,2488,1708,0.3463251670378619,0.9617117117117117
2023-04-27,7180,1772,4696,68,2484,1704,0.34596100278551534,0.9616252821670429
2023-04-28,7179,1770,4697,68,2482,1702,0.34573060314807075,0.9615819209039548
2023-05-01,7181,1770,4697,68,2484,1702,0.34591282551176716,0.9615819209039548
2023-05-02,7176,1765,4697,68,2479,1697,0.34545707915273133,0.9614730878186969
2023-05-03,7171,1760,4697,68,2474,1692,0.3450006972528239,0.9613636363636363
2023-05-04,7172,1759,4698,68,2474,1691,0.3449525934188511,0.9613416714042069
2023-05-05,7164,1751,4698,68,2466,1683,0.3442211055276382,0.9611650485436893
2023-05-08,7163,1750,4698,68,2465,1682,0.3441295546558704,0.9611428571428572
2023-05-09,7155,1742,4698,68,2457,1674,0.3433962264150943,0.9609644087256027
2023-05-10,7146,1733,4698,68,2448,1665,0.3425692695214106,0.9607616849394114
2023-05-11,7147,1733,4699,68,2448,1665,0.34252133762417797,0.9607616849394114
2023-05-12,7145,1731,4699,68,2446,1663,0.3423372988103569,0.9607163489312536
2023-05-15,7135,1719,4698,67,2437,1652,0.34155571128241063,0.9610238510762071
2023-05-16,7133,1716,4698,67,2435,1649,0.3413710921071078,0.960955710955711
2023-05-17,7135,1716,4700,67,2435,1649,0.34127540294323755,0.960955710955711
2023-05-18,7129,1710,4700,67,2429,1643,0.34072099873755085,0.9608187134502923
2023-05-19,7132,1710,4700,67,2432,1643,0.34099831744251263,0.9608187134502923
2023-05-22,7132,1709,4700,67,2432,1642,0.34099831744251263,0.9607957870099474
2023-05-23,7132,1709,4700,67,2432,1642,0.34099831744251263,0.9607957870099474
2023-05-24,7129,1705,4701,67,2428,1638,0.3405807266096227,0.9607038123167155
2023-05-25,7132,1708,4701,67,2431,1641,0.3408581043185642,0.9607728337236534
2023-05-26,7133,1708,4702,67,2431,1641,0.3408103182391701,0.9607728337236534
2023-05-30,7122,1697,4702,67,2420,1630,0.33979219320415616,0.9605185621685327
2023-05-31,7121,1696,4702,67,2419,1629,0.33969948041005477,0.9604952830188679
2023-06-01,7117,1689,4704,67,2413,1622,0.33904735141211184,0.9603315571343991
2023-06-02,7112,1683,4704,67,2408,1616,0.33858267716535434,0.960190136660725
2023-06-05,7109,1680,4703,66,2406,1614,0.33844422562948373,0.9607142857142857
2023-06-06,7107,1678,4702,65,2405,1613,0.33839876178415645,0.9612634088200238
2023-06-07,7105,1675,4703,65,2402,1610,0.3380717804363125,0.9611940298507463
2023-06-08,7102,1670,4705,65,2397,1605,0.3375105604055196,0.9610778443113772
2023-06-09,7095,1662,4706,65,2389,1597,0.33671599718111345,0.9608904933814681
2023-06-12,7092,1657,4707,65,2385,1592,0.3362944162436548,0.9607724803862402
2023-06-13,7089,1654,4707,65,2382,1589,0.33601354210749046,0.9607013301088271
2023-06-14,7090,1655,4707,65,2383,1590,0.3361071932299013,0.9607250755287009
2023-06-15,7088,1651,4709,65,2379,1586,0.33563769751693,0.9606299212598425
2023-06-16,7080,1640,4712,65,2368,1575,0.3344632768361582,0.9603658536585366
2023-06-20,7065,1625,4712,65,2353,1560,0.33305024769992925,0.96
2023-06-21,7063,1620,4715,65,2348,1555,0.33243664165368825,0.9598765432098766
2023-06-22,7060,1616,4716,65,2344,1551,0.3320113314447592,0.9597772277227723
2023-06-23,7056,1612,4716,65,2340,1547,0.33163265306122447,0.9596774193548387
2023-06-26,7057,1611,4716,65,2341,1546,0.33172736290208304,0.9596523898199876
2023-06-27,7055,1609,4716,65,2339,1544,0.3315379163713678,0.9596022374145432
2023-06-28,7064,1614,4720,65,2344,1549,0.3318233295583239,0.959727385377943
2023-06-29,7067,1611,4725,65,2342,1546,0.33139946228951467,0.9596523898199876
2023-06-30,7066,1608,4727,65,2339,1543,0.33102179450891595,0.9595771144278606
2023-07-03,7056,1598,4726,64,2330,1534,0.3302154195011338,0.9599499374217773
2023-07-05,7055,1596,4727,64,2328,1532,0.32997873848334514,0.9598997493734336
2023-07-06,7054,1594,4728,64,2326,1530,0.3297419903600794,0.9598494353826851
2023-07-07,7051,1590,4729,64,2322,1526,0.32931499078144943,0.959748427672956
2023-07-10,7051,1590,4729,64,2322,1526,0.32931499078144943,0.959748427672956
2023-07-11,7050,1588,4730,64,2320,1524,0.32907801418439714,0.9596977329974811
2023-07-12,7049,1584,4732,64,2317,1520,0.3286991062562066,0.9595959595959596
2023-07-13,7045,1580,4732,64,2313,1516,0.3283179559971611,0.959493670886076
2023-07-14,7045,1578,4733,64,2312,1514,0.32817601135557134,0.9594423320659062
2023-07-17,7043,1574,4734,64,2309,1510,0.32784324861564673,0.9593392630241423
2023-07-18,7039,1570,4734,64,2305,1506,0.32746128711464695,0.9592356687898089
2023-07-19,7040,1570,4735,64,2305,1506,0.3274147727272727,0.9592356687898089
2023-07-20,7036,1565,4736,64,2300,1501,0.3268902785673678,0.9591054313099041
2023-07-21,7036,1563,4735,63,2301,1500,0.3270324047754406,0.9596928982725528
2023-07-24,7030,1557,4735,63,2295,1494,0.3264580369843528,0.9595375722543352
2023-07-25,7032,1556,4737,63,2295,1493,0.3263651877133106,0.9595115681233933
2023-07-26,7027,1550,4738,63,2289,1487,0.325743560552156,0.9593548387096774
2023-07-27,7023,1544,4740,63,2283,1481,0.3250747543784707,0.9591968911917098
2023-07-28,7020,1541,4740,63,2280,1478,0.3247863247863248,0.9591174561972745
2023-07-31,7018,1538,4741,63,2277,1475,0.32445141065830724,0.959037711313394
2023-08-01,7018,1536,4741,63,2277,1473,0.32445141065830724,0.958984375
2023-08-02,7011,1529,4741,63,2270,1466,0.3237769219797461,0.9587965990843689
2023-08-03,7011,1528,4742,63,2269,1465,0.32363428897446866,0.9587696335078534
2023-08-04,7008,1524,4743,63,2265,1461,0.3232020547945205,0.9586614173228346
2023-08-07,7004,1520,4743,63,2261,1457,0.32281553398058255,0.9585526315789473
2023-08-08,7005,1521,4743,63,2262,1458,0.3229122055674518,0.9585798816568047
2023-08-09,7006,1521,4744,63,2262,1458,0.3228661147587782,0.9585798816568047
2023-08-10,7009,1521,4747,63,2262,1458,0.3227279212441147,0.9585798816568047
2023-08-11,7004,1516,4747,63,2257,1453,0.3222444317532838,0.9584432717678101
2023-08-14,6997,1508,4748,63,2249,1445,0.3214234672002287,0.9582228116710876
2023-08-15,6995,1503,4750,62,2245,1441,0.3209435310936383,0.9587491683300067
2023-08-16,6992,1500,4750,62,2242,1438,0.32065217391304346,0.9586666666666667
2023-08-17,6997,1502,4752,62,2245,1440,0.32085179362583965,0.9587217043941412
2023-08-18,6993,1495,4753,62,2240,1433,0.3203203203203203,0.9585284280936455
2023-08-21,6996,1495,4754,62,2242,1433,0.32046883933676384,0.9585284280936455
2023-08-22,6997,1494,4756,62,2241,1432,0.3202801200514506,0.9585006693440429
2023-08-23,6995,1492,4756,62,2239,1430,0.3200857755539671,0.9584450402144772
2023-08-24,6992,1488,4757,62,2235,1426,0.31965102974828374,0.9583333333333334
2023-08-25,6981,1477,4757,62,2224,1415,0.31857900014324597,0.9580230196343941
2023-08-28,6975,1470,4757,61,2218,1409,0.31799283154121866,0.9585034013605442
2023-08-29,6973,1467,4758,61,2215,1406,0.3176538075433816,0.9584185412406271
2023-08-30,6973,1467,4758,61,2215,1406,0.3176538075433816,0.9584185412406271
2023-08-31,6972,1466,4758,61,2214,1405,0.31755593803786575,0.9583901773533424
2023-09-01,6963,1457,4758,61,2205,1396,0.3166738474795347,0.9581331503088538
2023-09-05,6961,1454,4758,61,2203,1393,0.31647751759804627,0.9580467675378267
2023-09-06,6958,1451,4758,61,2200,1390,0.3161828111526301,0.957960027567195
2023-09-07,6958,1451,4758,61,2200,1390,0.3161828111526301,0.957960027567195
2023-09-08,6960,1452,4759,61,2201,1391,0.31623563218390804,0.9579889807162535
2023-09-11,6956,1448,4759,61,2197,1387,0.3158424381828637,0.9578729281767956
2023-09-12,6956,1444,4762,61,2194,1383,0.3154111558366878,0.9577562326869806
2023-09-13,6954,1440,4763,61,2191,1379,0.315070463042853,0.9576388888888889
2023-09-14,6956,1439,4765,61,2191,1378,0.31497987349051176,0.9576094510076442
2023-09-15,6954,1437,4765,61,2189,1376,0.31478285878631,0.9575504523312457
2023-09-18,6952,1432,4768,61,2184,1371,0.3141542002301496,0.9574022346368715
2023-09-19,6955,1434,4769,61,2186,1373,0.3143062544931704,0.9574616457461645
2023-09-20,6957,1434,4771,61,2186,1373,0.31421589765703606,0.9574616457461645
2023-09-21,6955,1428,4775,61,2180,1367,0.31344356578001437,0.9572829131652661
2023-09-22,6951,1423,4776,61,2175,1362,0.3129046180405697,0.9571328179901616
2023-09-25,6949,1419,4778,61,2171,1358,0.31241905310116563,0.9570119802677942
2023-09-26,6939,1409,4778,61,2161,1348,0.3114281596771869,0.9567068843151171
2023-09-27,6942,1409,4781,61,2161,1348,0.31129357533851915,0.9567068843151171
2023-09-28,6937,1403,4782,61,2155,1342,0.3106530200374802,0.9565217391304348
2023-09-29,6937,1401,4784,61,2153,1340,0.31036471097016,0.9564596716630978
2023-10-02,6931,1392,4787,61,2144,1331,0.30933487231279755,0.9561781609195402
2023-10-03,6928,1389,4786,60,2142,1329,0.3091801385681293,0.9568034557235421
2023-10-04,6928,1387,4788,60,2140,1327,0.30889145496535797,0.9567411679884643
2023-10-05,6928,1386,4789,60,2139,1326,0.3087471131639723,0.9567099567099567
2023-10-06,6928,1382,4793,60,2135,1322,0.30816974595842955,0.9565846599131693
2023-10-09,6931,1382,4796,61,2135,1321,0.3080363583898427,0.9558610709117221
2023-10-10,6928,1379,4796,61,2132,1318,0.30773672055427254,0.9557650471356055
2023-10-11,6930,1380,4797,61,2133,1319,0.3077922077922078,0.9557971014492753
2023-10-12,6926,1375,4796,60,2130,1315,0.30753681778804504,0.9563636363636364
2023-10-13,6924,1371,4798,60,2126,1311,0.3070479491623339,0.9562363238512035
2023-10-16,6922,1369,4798,60,2124,1309,0.3068477318694019,0.956172388604821
2023-10-17,6917,1363,4798,60,2119,1303,0.30634668208761023,0.9559794570799707
2023-10-18,6915,1361,4798,60,2117,1301,0.30614605929139554,0.9559147685525349
2023-10-19,6911,1356,4798,59,2113,1297,0.305744465345102,0.9564896755162242
2023-10-20,6906,1349,4800,59,2106,1290,0.3049522154648132,0.9562638991845812
2023-10-23,6906,1348,4801,59,2105,1289,0.30480741384303506,0.9562314540059347
2023-10-24,6901,1343,4801,59,2100,1284,0.3043037240979568,0.9560685033507074
2023-10-25,6899,1340,4802,59,2097,1281,0.3039570952311929,0.9559701492537314
2023-10-26,6898,1339,4802,59,2096,1280,0.303856190200058,0.9559372666168783
2023-10-27,6902,1342,4803,59,2099,1283,0.3041147493480151,0.9560357675111774
2023-10-30,6899,1339,4803,59,2096,1280,0.3038121466879258,0.9559372666168783
2023-10-31,6895,1334,4804,59,2091,1275,0.30326323422770124,0.9557721139430285
2023-11-01,6898,1334,4807,59,2091,1275,0.3031313424180922,0.9557721139430285
2023-11-02,6896,1331,4807,59,2089,1272,0.3029292343387471,0.9556724267468069
2023-11-03,6891,1323,4808,59,2083,1264,0.3022783340589174,0.9554043839758125
2023-11-06,6884,1313,4811,59,2073,1254,0.30113306217315516,0.955064737242955
2023-11-07,6880,1309,4811,59,2069,1250,0.3007267441860465,0.9549274255156608
2023-11-08,6871,1298,4814,60,2057,1238,0.29937418134187166,0.9537750385208013
2023-11-09,6872,1297,4814,60,2058,1237,0.29947613504074505,0.9537393986121819
2023-11-10,6869,1293,4814,59,2055,1234,0.29917018488863006,0.954369682907966
2023-11-13,6869,1293,4814,59,2055,1234,0.29917018488863006,0.954369682907966
2023-11-14,6870,1293,4815,59,2055,1234,0.29912663755458513,0.954369682907966
2023-11-15,6867,1289,4815,59,2052,1230,0.29882044560943644,0.9542280837858805
2023-11-16,6862,1282,4815,59,2047,1223,0.29830953074905275,0.9539781591263651
2023-11-17,6862,1277,4819,59,2043,1218,0.29772661031769165,0.9537979639780736
2023-11-20,6859,1274,4819,59,2040,1215,0.2974194488992565,0.9536891679748822
2023-11-21,6855,1269,4820,59,2035,1210,0.29686360320933625,0.9535066981875493
2023-11-22,6857,1270,4820,59,2037,1211,0.2970686889310194,0.9535433070866142
2023-11-24,6857,1269,4821,59,2036,1210,0.2969228525594283,0.9535066981875493
2023-11-27,6860,1269,4824,59,2036,1210,0.2967930029154519,0.9535066981875493
2023-11-28,6858,1266,4825,59,2033,1207,0.29644211140274135,0.9533965244865719
2023-11-29,6853,1260,4826,59,2027,1201,0.29578286881657667,0.9531746031746032
2023-11-30,6850,1254,4828,58,2022,1196,0.2951824817518248,0.9537480063795853
2023-12-01,6846,1247,4829,58,2017,1189,0.2946245983055799,0.9534883720930233
2023-12-04,6839,1239,4830,58,2009,1181,0.2937563971340839,0.9531880548829701
2023-12-05,6836,1236,4830,58,2006,1178,0.29344645991808077,0.9530744336569579
2023-12-06,6833,1233,4830,58,2003,1175,0.29313625054880726,0.9529602595296026
2023-12-07,6830,1230,4830,58,2000,1172,0.29282576866764276,0.9528455284552846
2023-12-08,6820,1220,4830,58,1990,1162,0.29178885630498536,0.9524590163934427
2023-12-11,6811,1210,4829,57,1982,1153,0.29099985317868154,0.952892561983471
2023-12-12,6805,1203,4830,57,1975,1146,0.29022777369581193,0.9526184538653366
2023-12-13,6796,1194,4830,57,1966,1137,0.28928781636256623,0.9522613065326633
2023-12-14,6798,1193,4832,57,1966,1136,0.28920270667843484,0.9522212908633697
2023-12-15,6794,1187,4833,57,1961,1130,0.28863703267589047,0.9519797809604044
2023-12-18,6792,1184,4834,57,1958,1127,0.2882803297997644,0.9518581081081081
2023-12-19,6790,1180,4836,57,1954,1123,0.2877761413843888,0.9516949152542373
2023-12-20,6787,1177,4836,57,1951,1120,0.28746132311772504,0.9515717926932881
2023-12-21,6787,1176,4837,57,1950,1119,0.2873139826138205,0.951530612244898
2023-12-22,6776,1165,4837,57,1939,1108,0.28615702479338845,0.9510729613733906
2023-12-26,6767,1155,4838,57,1929,1098,0.2850598492685089,0.9506493506493506
2023-12-27,6759,1147,4838,57,1921,1090,0.28421364107116437,0.9503051438535309
2023-12-28,6755,1141,4840,57,1915,1084,0.2834937083641747,0.9500438212094654
2023-12-29,6755,1138,4841,57,1914,1081,0.28334566987416726,0.9499121265377856
2024-01-02,6757,1137,4841,57,1916,1080,0.2835577919194909,0.9498680738786279
2024-01-03,6757,1136,4841,57,1916,1079,0.2835577919194909,0.9498239436619719
2024-01-04,6757,1135,4841,57,1916,1078,0.2835577919194909,0.9497797356828194
2024-01-05,6756,1134,4841,57,1915,1077,0.2834517465956187,0.9497354497354498
2024-01-08,6755,1132,4842,57,1913,1075,0.2831976313841599,0.9496466431095406
2024-01-09,6751,1128,4842,57,1909,1071,0.28277292252999553,0.949468085106383
2024-01-10,6749,1126,4842,57,1907,1069,0.28256037931545414,0.9493783303730018
2024-01-11,6755,1126,4848,57,1907,1069,0.28230940044411545,0.9493783303730018
2024-01-12,6759,1129,4849,57,1910,1072,0.28258618138777925,0.9495128432240921
2024-01-16,6755,1123,4851,57,1904,1066,0.28186528497409324,0.9492430988423864
2024-01-17,6754,1122,4851,57,1903,1065,0.28175895765472314,0.9491978609625669
2024-01-18,6756,1123,4853,58,1903,1065,0.28167554766133807,0.9483526268922529
2024-01-19,6757,1123,4854,58,1903,1065,0.2816338611809975,0.9483526268922529
2024-01-22,6759,1123,4856,58,1903,1065,0.28155052522562507,0.9483526268922529
2024-01-23,6759,1123,4856,58,1903,1065,0.28155052522562507,0.9483526268922529
2024-01-24,6766,1124,4863,59,1903,1065,0.281259237363287,0.947508896797153
2024-01-25,6770,1124,4867,59,1903,1065,0.2810930576070901,0.947508896797153
2024-01-26,6770,1118,4873,59,1897,1059,0.28020679468242243,0.947227191413238
2024-01-29,6771,1118,4874,59,1897,1059,0.2801654113129523,0.947227191413238
2024-01-30,6770,1117,4874,59,1896,1058,0.2800590841949778,0.9471799462846912
2024-01-31,6767,1112,4876,59,1891,1053,0.2794443623466824,0.9469424460431655
2024-02-01,6765,1108,4878,59,1887,1049,0.27893569844789357,0.9467509025270758
2024-02-02,6768,1108,4881,59,1887,1049,0.27881205673758863,0.9467509025270758
2024-02-05,6765,1105,4881,59,1884,1046,0.27849223946784923,0.9466063348416289
2024-02-06,6767,1106,4882,59,1885,1047,0.27855770651692036,0.9466546112115732
2024-02-07,6767,1105,4883,59,1884,1046,0.27840993054529334,0.9466063348416289
2024-02-08,6768,1104,4884,59,1884,1045,0.2783687943262411,0.9465579710144928
2024-02-09,6770,1103,4887,59,1883,1044,0.2781388478581979,0.9465095194922938
2024-02-12,6765,1098,4887,59,1878,1039,0.2776053215077605,0.9462659380692168
2024-02-13,6766,1098,4888,59,1878,1039,0.27756429204847766,0.9462659380692168
2024-02-14,6767,1098,4889,59,1878,1039,0.27752327471553123,0.9462659380692168
2024-02-15,6761,1089,4891,59,1870,1030,0.27658630380121285,0.945821854912764
2024-02-16,6762,1086,4894,59,1868,1027,0.27624963028689736,0.9456721915285451
2024-02-20,6762,1086,4894,59,1868,1027,0.27624963028689736,0.9456721915285451
2024-02-21,6761,1084,4894,59,1867,1025,0.2761425824582162,0.9455719557195572
2024-02-22,6760,1082,4894,58,1866,1024,0.27603550295857987,0.9463955637707948
2024-02-23,6757,1078,4895,58,1862,1020,0.27556607962113366,0.9461966604823747
2024-02-26,6756,1077,4895,58,1861,1019,0.27545885139135584,0.9461467038068709
2024-02-27,6751,1070,4896,57,1855,1013,0.2747741075396238,0.9467289719626168
2024-02-28,6746,1064,4897,57,1849,1007,0.27408834865105247,0.9464285714285714
2024-02-29,6749,1064,4898,57,1851,1007,0.27426285375611203,0.9464285714285714
2024-03-01,6741,1055,4899,57,1842,998,0.27325322652425454,0.9459715639810427
2024-03-04,6741,1054,4900,57,1841,997,0.2731048805815161,0.9459203036053131
2024-03-05,6742,1053,4902,57,1840,996,0.27291604865025215,0.9458689458689459
2024-03-06,6741,1050,4903,57,1838,993,0.2726598427533007,0.9457142857142857
2024-03-07,6742,1050,4904,57,1838,993,0.2726194007712845,0.9457142857142857
2024-03-08,6741,1049,4904,57,1837,992,0.27251149681056225,0.9456625357483317
2024-03-11,6740,1048,4904,57,1836,991,0.27240356083086054,0.9456106870229007
2024-03-12,6733,1040,4905,57,1828,983,0.2714985890390613,0.9451923076923077
2024-03-13,6730,1037,4905,57,1825,980,0.2711738484398217,0.9450337512054002
2024-03-14,6729,1035,4906,57,1823,978,0.2709169267350275,0.9449275362318841
2024-03-15,6718,1021,4909,57,1809,964,0.26927657040785946,0.9441723800195886
2024-03-18,6716,1019,4909,57,1807,962,0.2690589636688505,0.9440628066732091
2024-03-19,6713,1016,4909,57,1804,959,0.2687323104424251,0.9438976377952756
2024-03-20,6716,1016,4912,57,1804,959,0.2686122692078618,0.9438976377952756
2024-03-21,6717,1013,4916,57,1801,956,0.2681256513324401,0.9437314906219151
2024-03-22,6712,1007,4917,57,1795,950,0.2674314660309893,0.9433962264150944
2024-03-25,6713,1008,4917,57,1796,951,0.26754059287948756,0.9434523809523809
2024-03-26,6716,1008,4920,57,1796,951,0.2674210839785587,0.9434523809523809
2024-03-27,6718,1004,4925,56,1793,948,0.2668949091991664,0.9442231075697212
2024-03-28,6723,1006,4928,56,1795,950,0.26699390153205416,0.9443339960238568
2024-04-01,6715,998,4928,56,1787,942,0.266120625465376,0.9438877755511023
2024-04-02,6708,989,4929,56,1779,933,0.2652057245080501,0.9433771486349848
2024-04-03,6708,988,4929,55,1779,933,0.2652057245080501,0.944331983805668
2024-04-04,6701,980,4930,55,1771,925,0.26428891210267125,0.9438775510204082
2024-04-05,6697,973,4933,55,1764,918,0.26340152307003134,0.9434737923946557
2024-04-08,6695,971,4933,55,1762,916,0.26318147871545927,0.9433573635427395
2024-04-09,6694,970,4933,55,1761,915,0.26307140723035555,0.9432989690721649
2024-04-10,6695,970,4934,55,1761,915,0.2630321135175504,0.9432989690721649
2024-04-11,6695,969,4935,55,1760,914,0.26288274831964153,0.9432404540763674
2024-04-12,6697,968,4936,55,1761,913,0.26295356129610276,0.9431818181818182
2024-04-15,6692,963,4936,55,1756,908,0.26240286909742977,0.9428868120456906
2024-04-16,6693,963,4937,55,1756,908,0.2623636635290602,0.9428868120456906
2024-04-17,6695,964,4938,55,1757,909,0.2624346527259149,0.9429460580912863
2024-04-18,6699,963,4943,55,1756,908,0.26212867592177935,0.9428868120456906
2024-04-19,6699,962,4944,55,1755,907,0.2619793999104344,0.9428274428274428
2024-04-22,6698,960,4945,55,1753,905,0.2617199163929531,0.9427083333333334
2024-04-23,6698,959,4946,55,1752,904,0.26157061809495374,0.9426485922836287
2024-04-24,6699,959,4947,55,1752,904,0.26153157187639947,0.9426485922836287
2024-04-25,6702,960,4950,56,1752,904,0.26141450313339304,0.9416666666666667
2024-04-26,6702,959,4951,56,1751,903,0.26126529394210685,0.9416058394160584
2024-04-29,6701,958,4951,56,1750,902,0.261155051484853,0.941544885177453
2024-04-30,6699,956,4951,56,1748,900,0.26093446783101953,0.9414225941422594
2024-05-01,6698,950,4956,56,1742,894,0.2600776351149597,0.9410526315789474
2024-05-02,6695,946,4956,56,1739,890,0.2597460791635549,0.9408033826638478
2024-05-03,6694,945,4956,56,1738,889,0.2596354944726621,0.9407407407407408
2024-05-06,6691,942,4956,56,1735,886,0.25930354207143924,0.940552016985138
2024-05-07,6689,939,4956,56,1733,883,0.2590820750485872,0.9403620873269436
2024-05-08,6690,939,4957,56,1733,883,0.25904334828101644,0.9403620873269436
2024-05-09,6691,936,4960,56,1731,880,0.2587057241070094,0.9401709401709402
2024-05-10,6691,935,4960,56,1731,879,0.2587057241070094,0.9401069518716577
2024-05-13,6694,936,4963,57,1731,879,0.25858978189423365,0.9391025641025641
2024-05-14,6690,930,4965,57,1725,873,0.257847533632287,0.9387096774193548
2024-05-15,6690,928,4967,57,1723,871,0.2575485799701046,0.9385775862068966
2024-05-16,6688,926,4967,57,1721,869,0.25732655502392343,0.9384449244060475
2024-05-17,6688,924,4969,57,1719,867,0.25702751196172247,0.9383116883116883
2024-05-20,6683,918,4970,57,1713,861,0.25632201107287145,0.9379084967320261
2024-05-21,6681,916,4969,56,1712,860,0.2562490645113007,0.9388646288209607
2024-05-22,6681,915,4970,56,1711,859,0.25609938631941326,0.9387978142076503
2024-05-23,6682,915,4971,56,1711,859,0.25606105956300507,0.9387978142076503
2024-05-24,6680,913,4971,56,1709,857,0.25583832335329343,0.9386637458926615
2024-05-28,6681,913,4972,56,1709,857,0.2558000299356384,0.9386637458926615
2024-05-29,6678,908,4973,56,1705,852,0.2553159628631327,0.9383259911894273
2024-05-30,6677,906,4974,56,1703,850,0.2550546652688333,0.9381898454746137
2024-05-31,6675,902,4975,55,1700,847,0.2546816479400749,0.9390243902439024
2024-06-03,6669,895,4977,56,1692,839,0.25371120107962214,0.9374301675977653
2024-06-04,6669,895,4977,56,1692,839,0.25371120107962214,0.9374301675977653
2024-06-05,6668,894,4977,56,1691,838,0.2535992801439712,0.9373601789709173
2024-06-06,6669,892,4980,56,1689,836,0.2532613585245164,0.9372197309417041
2024-06-07,6670,890,4983,56,1687,834,0.25292353823088454,0.9370786516853933
2024-06-10,6671,891,4983,56,1688,835,0.25303552690751013,0.9371492704826038
2024-06-11,6672,891,4984,56,1688,835,0.2529976019184652,0.9371492704826038
2024-06-12,6674,893,4984,56,1690,837,0.25322145639796223,0.9372900335946248
2024-06-13,6674,893,4984,56,1690,837,0.25322145639796223,0.9372900335946248
2024-06-14,6676,893,4986,56,1690,837,0.25314559616536847,0.9372900335946248
2024-06-17,6673,890,4986,56,1687,834,0.25280983066087215,0.9370786516853933
2024-06-18,6674,887,4989,56,1685,831,0.2524722804914594,0.9368658399098083
2024-06-20,6672,885,4989,56,1683,829,0.2522482014388489,0.9367231638418079
2024-06-21,6675,886,4990,56,1685,830,0.2524344569288389,0.9367945823927766
2024-06-24,6663,874,4990,56,1673,818,0.25108809845414976,0.9359267734553776
2024-06-25,6661,870,4992,56,1669,814,0.25056297853175197,0.9356321839080459
2024-06-26,6664,870,4992,55,1672,815,0.25090036014405764,0.9367816091954023
2024-06-27,6666,870,4994,55,1672,815,0.2508250825082508,0.9367816091954023
2024-06-28,6668,869,4997,55,1671,814,0.2505998800239952,0.9367088607594937
2024-07-01,6663,861,5000,55,1663,806,0.24958727300015007,0.9361207897793263
2024-07-02,6658,853,5002,55,1656,798,0.24872334034244517,0.9355216881594373
2024-07-03,6658,853,5002,55,1656,798,0.24872334034244517,0.9355216881594373
2024-07-05,6658,851,5004,55,1654,796,0.24842294983478522,0.9353701527614571
2024-07-08,6658,849,5006,55,1652,794,0.24812255932712526,0.9352179034157833
2024-07-09,6660,850,5007,55,1653,795,0.2481981981981982,0.9352941176470588
2024-07-10,6659,848,5007,54,1652,794,0.24808529809280672,0.9363207547169812
2024-07-11,6659,847,5008,54,1651,793,0.24793512539420334,0.9362455726092089
2024-07-12,6661,847,5010,54,1651,793,0.24786068157934243,0.9362455726092089
2024-07-15,6657,843,5010,54,1647,789,0.24740874267688148,0.9359430604982206
2024-07-16,6656,842,5010,54,1646,788,0.24729567307692307,0.9358669833729216
2024-07-17,6656,840,5011,53,1645,787,0.24714543269230768,0.9369047619047619
2024-07-18,6658,839,5014,53,1644,786,0.24692099729648542,0.9368295589988082
2024-07-19,6660,838,5016,53,1644,785,0.24684684684684685,0.9367541766109785
2024-07-22,6659,836,5017,53,1642,783,0.2465835711067728,0.9366028708133971
2024-07-23,6659,835,5018,53,1641,782,0.24643339840816939,0.9365269461077844
2024-07-24,6661,835,5018,53,1643,782,0.24665966071160486,0.9365269461077844
2024-07-25,6664,834,5022,53,1642,781,0.2463985594237695,0.9364508393285371
2024-07-26,6663,832,5023,53,1640,779,0.24613537445595077,0.9362980769230769
2024-07-29,6667,834,5023,53,1644,781,0.2465876706164692,0.9364508393285371
2024-07-30,6669,833,5025,53,1644,780,0.24651372019793072,0.936374549819928
2024-07-31,6672,835,5026,53,1646,782,0.24670263788968824,0.9365269461077844
2024-08-01,6675,828,5035,53,1640,775,0.24569288389513108,0.9359903381642513
2024-08-02,6670,823,5035,53,1635,770,0.24512743628185907,0.9356014580801945
2024-08-05,6668,819,5037,53,1631,766,0.2446010797840432,0.9352869352869353
2024-08-06,6666,817,5037,53,1629,764,0.24437443744374437,0.9351285189718482
2024-08-07,6667,818,5037,53,1630,765,0.24448777561121943,0.9352078239608802
2024-08-08,6668,819,5037,53,1631,766,0.2446010797840432,0.9352869352869353
2024-08-09,6671,820,5039,53,1632,767,0.24464098336081547,0.9353658536585366
2024-08-12,6670,818,5039,52,1631,766,0.24452773613193404,0.9364303178484108
2024-08-13,6669,816,5040,52,1629,764,0.24426450742240216,0.9362745098039216
2024-08-14,6669,816,5040,52,1629,764,0.24426450742240216,0.9362745098039216
2024-08-15,6671,816,5042,52,1629,764,0.24419127567081397,0.9362745098039216
2024-08-16,6675,812,5049,52,1626,760,0.24359550561797752,0.9359605911330049
2024-08-19,6671,808,5049,52,1622,756,0.24314195772747713,0.9356435643564357
2024-08-20,6668,805,5049,52,1619,753,0.2428014397120576,0.9354037267080745
2024-08-21,6668,805,5049,52,1619,753,0.2428014397120576,0.9354037267080745
2024-08-22,6667,803,5050,52,1617,751,0.24253787310634467,0.9352428393524284
2024-08-23,6667,802,5051,52,1616,750,0.2423878806059697,0.9351620947630923
2024-08-26,6666,800,5052,52,1614,748,0.24212421242124213,0.935
2024-08-27,6667,800,5052,52,1615,748,0.2422378881055947,0.935
2024-08-28,6670,800,5054,52,1616,748,0.24227886056971515,0.935
2024-08-29,6670,800,5054,52,1616,748,0.24227886056971515,0.935
2024-08-30,6673,800,5056,52,1617,748,0.24231979619361607,0.935
2024-09-03,6673,797,5059,52,1614,745,0.24187022328787652,0.9347553324968633
2024-09-04,6672,796,5059,52,1613,744,0.24175659472422062,0.9346733668341709
2024-09-05,6672,794,5061,52,1611,742,0.2414568345323741,0.9345088161209067
2024-09-06,6674,795,5062,52,1612,743,0.24153431225651784,0.9345911949685535
2024-09-09,6675,795,5063,52,1612,743,0.24149812734082396,0.9345911949685535
2024-09-10,6672,790,5062,50,1610,740,0.24130695443645084,0.9367088607594937
2024-09-11,6671,788,5062,50,1609,738,0.24119322440413732,0.9365482233502538
2024-09-12,6674,787,5066,50,1608,737,0.24093497153131554,0.9364675984752223
2024-09-13,6675,785,5069,50,1606,735,0.24059925093632958,0.9363057324840764
2024-09-16,6680,787,5072,50,1608,737,0.2407185628742515,0.9364675984752223
2024-09-17,6683,787,5075,50,1608,737,0.24061050426455186,0.9364675984752223
2024-09-18,6681,782,5077,49,1604,733,0.24008381978745696,0.9373401534526854
2024-09-19,6680,781,5077,49,1603,732,0.23997005988023953,0.9372599231754162
2024-09-20,6683,782,5079,49,1604,733,0.24001197067185395,0.9373401534526854
2024-09-23,6683,781,5080,49,1603,732,0.23986233727367948,0.9372599231754162
2024-09-24,6685,782,5081,49,1604,733,0.2399401645474944,0.9373401534526854
2024-09-25,6686,782,5082,49,1604,733,0.23990427759497457,0.9373401534526854
2024-09-26,6697,787,5088,49,1609,738,0.24025683141705242,0.9377382465057179
2024-09-27,6699,786,5092,50,1607,736,0.2398865502313778,0.9363867684478372
2024-09-30,6696,782,5093,50,1603,732,0.23939665471923535,0.9360613810741688
2024-10-01,6695,778,5096,50,1599,728,0.23883495145631067,0.9357326478149101
2024-10-02,6693,772,5100,50,1593,722,0.23800986104885702,0.9352331606217616
2024-10-03,6695,771,5103,50,1592,721,0.23778939507094846,0.9351491569390402
2024-10-04,6696,770,5105,50,1591,720,0.23760454002389486,0.935064935064935
2024-10-07,6697,768,5107,50,1590,718,0.23741974018217113,0.9348958333333334
2024-10-08,6698,764,5110,49,1588,715,0.23708569722305164,0.9358638743455497
2024-10-09,6700,762,5112,48,1588,714,0.23701492537313432,0.937007874015748
2024-10-10,6703,763,5115,49,1588,714,0.23690884678502164,0.9357798165137615
2024-10-11,6706,761,5120,49,1586,712,0.2365046227259171,0.9356110381077529
2024-10-14,6704,759,5120,49,1584,710,0.23627684964200477,0.9354413702239789
2024-10-15,6705,759,5121,49,1584,710,0.23624161073825503,0.9354413702239789
2024-10-16,6707,759,5123,49,1584,710,0.23617116445504696,0.9354413702239789
2024-10-17,6707,757,5124,49,1583,708,0.23602206649768898,0.9352708058124174
2024-10-18,6706,756,5124,49,1582,707,0.2359081419624217,0.9351851851851852
2024-10-21,6704,754,5124,49,1580,705,0.2356801909307876,0.9350132625994695
2024-10-22,6705,753,5126,49,1579,704,0.2354958985831469,0.9349269588313412
2024-10-23,6707,751,5130,49,1577,702,0.23512747875354106,0.9347536617842876
2024-10-24,6713,751,5136,49,1577,702,0.2349173245940712,0.9347536617842876
2024-10-25,6715,751,5138,49,1577,702,0.23484735666418466,0.9347536617842876
2024-10-28,6720,751,5141,49,1579,702,0.2349702380952381,0.9347536617842876
2024-10-29,6722,751,5143,49,1579,702,0.23490032728354657,0.9347536617842876
2024-10-30,6721,750,5143,49,1578,701,0.23478649010563904,0.9346666666666666
2024-10-31,6719,748,5143,49,1576,699,0.23455871409435927,0.9344919786096256
2024-11-01,6715,742,5144,49,1571,693,0.23395383469843634,0.9339622641509434
2024-11-04,6719,742,5147,49,1572,693,0.2339633874088406,0.9339622641509434
2024-11-05,6714,737,5147,49,1567,688,0.23339291033661008,0.9335142469470827
2024-11-06,6715,737,5147,49,1568,688,0.23350707371556217,0.9335142469470827
2024-11-07,6716,738,5147,49,1569,689,0.2336212030970816,0.9336043360433605
2024-11-08,6720,739,5150,49,1570,690,0.23363095238095238,0.9336941813261164
2024-11-11,6720,738,5151,49,1569,689,0.23348214285714286,0.9336043360433605
2024-11-12,6721,738,5152,49,1569,689,0.2334474036601696,0.9336043360433605
2024-11-13,6718,734,5153,49,1565,685,0.23295623697529028,0.9332425068119891
2024-11-14,6718,732,5155,49,1563,683,0.23265852932420364,0.9330601092896175
2024-11-15,6719,733,5155,49,1564,684,0.23277273403780324,0.9331514324693042
2024-11-18,6718,730,5157,49,1561,681,0.232360821673117,0.9328767123287671
2024-11-19,6718,730,5157,49,1561,681,0.232360821673117,0.9328767123287671
2024-11-20,6719,727,5159,49,1560,678,0.23217740735228456,0.9325997248968363
2024-11-21,6721,727,5161,49,1560,678,0.23210831721470018,0.9325997248968363
2024-11-22,6722,725,5163,49,1559,676,0.23192502231478726,0.9324137931034483
2024-11-25,6721,723,5164,49,1557,674,0.23166195506621037,0.9322268326417704
2024-11-26,6724,721,5169,49,1555,672,0.23126115407495537,0.9320388349514563
2024-11-27,6728,722,5172,49,1556,673,0.23127229488703924,0.9321329639889196
2024-11-29,6726,718,5174,49,1552,669,0.23074635741897115,0.9317548746518106
2024-12-02,6731,721,5176,49,1555,672,0.23102065072054673,0.9320388349514563
2024-12-03,6733,720,5177,48,1556,672,0.23110054953215506,0.9333333333333333
2024-12-04,6733,719,5178,48,1555,671,0.23095202732808554,0.933240611961057
2024-12-05,6738,719,5182,48,1556,671,0.2309290590679727,0.933240611961057
2024-12-06,6739,718,5184,48,1555,670,0.23074640154325568,0.9331476323119777
2024-12-09,6738,714,5185,48,1553,666,0.2304838230929059,0.9327731092436975
2024-12-10,6740,714,5187,48,1553,666,0.23041543026706232,0.9327731092436975
2024-12-11,6739,711,5189,48,1550,663,0.23000445169906514,0.9324894514767933
2024-12-12,6735,706,5190,48,1545,658,0.22939866369710468,0.9320113314447592
2024-12-13,6737,703,5195,48,1542,655,0.228885260501707,0.9317211948790897
2024-12-16,6739,699,5201,48,1538,651,0.22822377207300787,0.9313304721030042
2024-12-17,6738,697,5202,48,1536,649,0.22796081923419412,0.9311334289813487
2024-12-18,6740,696,5205,48,1535,648,0.22774480712166173,0.9310344827586207
2024-12-19,6743,696,5208,48,1535,648,0.2276434821296159,0.9310344827586207
2024-12-20,6748,695,5214,48,1534,647,0.22732661529342027,0.9309352517985612
2024-12-23,6748,693,5216,48,1532,645,0.22703023117960877,0.9307359307359307
2024-12-24,6747,692,5215,47,1532,645,0.227063880243071,0.9320809248554913
2024-12-26,6746,691,5215,47,1531,644,0.226949303290839,0.9319826338639653
2024-12-27,6748,690,5218,47,1530,643,0.22673384706579727,0.9318840579710145
2024-12-30,6749,690,5219,47,1530,643,0.22670025188916876,0.9318840579710145
2024-12-31,6750,690,5220,47,1530,643,0.22666666666666666,0.9318840579710145
2025-01-02,6756,691,5226,48,1530,643,0.22646536412078153,0.9305354558610709
2025-01-03,6754,687,5228,48,1526,639,0.22594018359490672,0.9301310043668122
2025-01-06,6752,685,5228,48,1524,637,0.22571090047393366,0.92992700729927
2025-01-07,6754,685,5230,48,1524,637,0.22564406277761326,0.92992700729927
2025-01-08,6753,683,5231,48,1522,635,0.22538131200947728,0.9297218155197657
2025-01-10,6754,682,5232,48,1522,634,0.22534794196031982,0.9296187683284457
2025-01-13,6756,682,5234,48,1522,634,0.22528123149792778,0.9296187683284457
2025-01-14,6757,682,5235,48,1522,634,0.22524789107592127,0.9296187683284457
2025-01-15,6759,680,5239,48,1520,632,0.2248853380677615,0.9294117647058824
2025-01-16,6765,679,5246,48,1519,631,0.22453806356245382,0.9293078055964654
2025-01-17,6766,679,5246,48,1520,631,0.22465267514040793,0.9293078055964654
2025-01-21,6768,680,5247,48,1521,632,0.2247340425531915,0.9294117647058824
2025-01-22,6772,681,5251,49,1521,632,0.2246012994683993,0.9280469897209985
2025-01-23,6775,682,5253,49,1522,633,0.22464944649446494,0.9281524926686217
2025-01-24,6780,682,5257,49,1523,633,0.22463126843657816,0.9281524926686217
2025-01-27,6777,679,5257,49,1520,630,0.2242880330529733,0.9278350515463918
2025-01-28,6782,680,5259,49,1523,631,0.22456502506635212,0.9279411764705883
2025-01-29,6783,680,5260,49,1523,631,0.22453191803037004,0.9279411764705883
2025-01-30,6788,679,5265,49,1523,630,0.22436652916912198,0.9278350515463918
2025-01-31,6794,680,5270,49,1524,631,0.2243155725640271,0.9279411764705883
2025-02-03,6795,679,5272,49,1523,630,0.2241353936718175,0.9278350515463918
2025-02-04,6796,678,5273,49,1523,629,0.22410241318422602,0.9277286135693216
2025-02-05,6802,678,5278,49,1524,629,0.22405174948544546,0.9277286135693216
2025-02-06,6805,677,5279,49,1526,628,0.22424687729610582,0.9276218611521418
2025-02-07,6808,677,5282,49,1526,628,0.22414806110458285,0.9276218611521418
2025-02-10,6808,677,5282,49,1526,628,0.22414806110458285,0.9276218611521418
2025-02-11,6810,677,5284,49,1526,628,0.22408223201174743,0.9276218611521418
2025-02-12,6810,676,5285,49,1525,627,0.223935389133627,0.9275147928994083
2025-02-13,6818,675,5292,49,1526,626,0.22381930184804927,0.9274074074074075
2025-02-14,6817,670,5295,49,1522,621,0.22326536599677277,0.926865671641791
2025-02-18,6818,668,5298,49,1520,619,0.22293927838075683,0.9266467065868264
2025-02-19,6818,665,5301,49,1517,616,0.2224992666471106,0.9263157894736842
2025-02-20,6818,661,5303,49,1515,612,0.22220592549134643,0.9258698940998488
2025-02-21,6819,661,5304,49,1515,612,0.22217333919929608,0.9258698940998488
2025-02-24,6815,657,5304,49,1511,608,0.22171680117388115,0.9254185692541856
2025-02-25,6818,657,5307,49,1511,608,0.22161924317981813,0.9254185692541856
2025-02-26,6819,657,5308,49,1511,608,0.22158674292418243,0.9254185692541856
2025-02-27,6824,657,5313,49,1511,608,0.22142438452520516,0.9254185692541856
2025-02-28,6828,658,5316,49,1512,609,0.22144112478031636,0.925531914893617
2025-03-03,6825,655,5316,49,1509,606,0.2210989010989011,0.9251908396946565
2025-03-04,6825,654,5317,49,1508,605,0.22095238095238096,0.9250764525993884
2025-03-05,6827,655,5317,49,1510,606,0.22118060641570236,0.9251908396946565
2025-03-06,6830,655,5320,50,1510,605,0.22108345534407028,0.9236641221374046
2025-03-07,6837,656,5326,50,1511,606,0.2210033640485593,0.9237804878048781
2025-03-10,6838,656,5326,50,1512,606,0.22111728575606904,0.9237804878048781
2025-03-11,6838,656,5326,50,1512,606,0.22111728575606904,0.9237804878048781
2025-03-12,6839,655,5326,50,1513,605,0.2212311741482673,0.9236641221374046
2025-03-13,6841,653,5329,50,1512,603,0.22102031866686156,0.9234303215926493
2025-03-14,6840,652,5329,50,1511,602,0.22090643274853802,0.9233128834355828
2025-03-17,6842,652,5331,50,1511,602,0.2208418591055247,0.9233128834355828
2025-03-18,6841,649,5332,49,1509,600,0.2205817862885543,0.9244992295839753
2025-03-19,6841,649,5332,49,1509,600,0.2205817862885543,0.9244992295839753
2025-03-20,6842,649,5333,49,1509,600,0.2205495469161064,0.9244992295839753
2025-03-21,6846,649,5336,49,1510,600,0.2205667543090856,0.9244992295839753
2025-03-24,6848,649,5338,49,1510,600,0.22050233644859812,0.9244992295839753
2025-03-25,6850,648,5340,49,1510,599,0.22043795620437956,0.9243827160493827
2025-03-26,6854,647,5344,49,1510,598,0.22030930843303181,0.9242658423493045
2025-03-27,6853,645,5345,49,1508,596,0.22004961330804026,0.924031007751938
2025-03-28,6855,646,5346,49,1509,597,0.2201312910284464,0.9241486068111455
2025-03-31,6855,644,5348,49,1507,595,0.21983953318745442,0.9239130434782609
2025-04-01,6857,642,5352,49,1505,593,0.2194837392445676,0.9236760124610592
2025-04-02,6859,640,5356,49,1503,591,0.2191281527919522,0.9234375
2025-04-03,6861,639,5359,49,1502,590,0.21891852499635622,0.9233176838810642
2025-04-04,6862,639,5360,49,1502,590,0.21888662197610026,0.9233176838810642
2025-04-07,6864,638,5362,49,1502,589,0.2188228438228438,0.9231974921630094
2025-04-08,6865,637,5364,49,1501,588,0.21864530225782958,0.9230769230769231
2025-04-09,6864,635,5365,49,1499,586,0.2183857808857809,0.9228346456692913
2025-04-10,6870,635,5371,49,1499,586,0.21819505094614264,0.9228346456692913
2025-04-11,6869,633,5371,49,1498,584,0.21808123453195516,0.9225908372827805
2025-04-14,6868,632,5371,49,1497,583,0.2179673849737915,0.9224683544303798
2025-04-15,6869,629,5375,49,1494,580,0.21749890813801134,0.9220985691573926
2025-04-16,6868,628,5375,49,1493,579,0.2173849737914968,0.9219745222929936
2025-04-17,6869,627,5377,49,1492,578,0.21720774494103945,0.9218500797448166
2025-04-21,6878,627,5385,49,1493,578,0.2170689153823786,0.9218500797448166
2025-04-22,6878,627,5385,49,1493,578,0.2170689153823786,0.9218500797448166
2025-04-23,6878,626,5386,49,1492,577,0.21692352428031406,0.9217252396166135
2025-04-24,6879,626,5387,49,1492,577,0.21689199011484228,0.9217252396166135
2025-04-25,6883,628,5389,49,1494,579,0.2170565160540462,0.9219745222929936
2025-04-28,6882,627,5389,49,1493,578,0.21694274920081372,0.9218500797448166
2025-04-29,6884,628,5390,49,1494,579,0.2170249854735619,0.9219745222929936
2025-04-30,6887,626,5394,49,1493,577,0.2167852475678815,0.9217252396166135
2025-05-01,6891,626,5398,49,1493,577,0.2166594108257147,0.9217252396166135
2025-05-02,6895,627,5400,49,1495,578,0.21682378535170413,0.9218500797448166
2025-05-05,6895,626,5401,49,1494,577,0.21667875271936185,0.9217252396166135
2025-05-06,6894,625,5401,49,1493,576,0.21656512909776618,0.9216
2025-05-07,6895,621,5406,49,1489,572,0.21595358955765048,0.9210950080515298
2025-05-08,6899,622,5408,49,1491,573,0.21611827801130598,0.9212218649517685
2025-05-09,6900,620,5411,49,1489,571,0.21579710144927536,0.9209677419354839
2025-05-12,6905,620,5416,49,1489,571,0.21564083997103548,0.9209677419354839
2025-05-13,6910,621,5420,49,1490,572,0.21562952243125905,0.9210950080515298
2025-05-14,6911,621,5421,49,1490,572,0.21559832151642308,0.9210950080515298
2025-05-15,6914,621,5424,49,1490,572,0.21550477292450101,0.9210950080515298
2025-05-16,6916,618,5429,49,1487,569,0.2150086755349913,0.9207119741100324
2025-05-19,6917,619,5429,49,1488,570,0.21512216278733556,0.9208400646203554
2025-05-20,6918,619,5429,49,1489,570,0.2152356172304134,0.9208400646203554
2025-05-21,6920,617,5432,48,1488,569,0.21502890173410405,0.9222042139384117
2025-05-22,6923,616,5436,48,1487,568,0.2147912754586162,0.922077922077922
2025-05-23,6929,619,5438,48,1491,571,0.2151825660268437,0.9224555735056543
2025-05-27,6931,618,5441,48,1490,570,0.21497619391141248,0.9223300970873787
2025-05-28,6932,616,5444,48,1488,568,0.21465666474321984,0.922077922077922
2025-05-29,6934,616,5446,48,1488,568,0.21459475050475915,0.922077922077922
2025-05-30,6937,616,5447,48,1490,568,0.21479025515352457,0.922077922077922
2025-06-02,6943,617,5452,48,1491,569,0.21474866772288637,0.9222042139384117
2025-06-03,6942,615,5453,48,1489,567,0.21449150100835493,0.9219512195121952
2025-06-04,6946,615,5457,48,1489,567,0.21436798157212783,0.9219512195121952
2025-06-05,6949,615,5460,48,1489,567,0.21427543531443374,0.9219512195121952
2025-06-06,6953,616,5464,49,1489,567,0.21415216453329497,0.9204545454545454
2025-06-09,6958,617,5468,49,1490,568,0.21414199482609944,0.9205834683954619
2025-06-10,6958,616,5469,49,1489,567,0.2139982753664846,0.9204545454545454
2025-06-11,6960,615,5472,49,1488,566,0.21379310344827587,0.9203252032520325
2025-06-12,6969,616,5479,49,1490,567,0.21380398909456164,0.9204545454545454
2025-06-13,6975,617,5484,49,1491,568,0.21376344086021506,0.9205834683954619
2025-06-16,6976,617,5484,48,1492,569,0.21387614678899083,0.9222042139384117
2025-06-17,6976,615,5486,48,1490,567,0.2135894495412844,0.9219512195121952
2025-06-18,6979,614,5490,48,1489,566,0.2133543487605674,0.9218241042345277
2025-06-20,6983,613,5495,48,1488,565,0.21308893025920092,0.9216965742251223
2025-06-23,6992,611,5506,48,1486,563,0.21252860411899313,0.9214402618657938
2025-06-24,6994,609,5510,48,1484,561,0.21218187017443524,0.9211822660098522
2025-06-25,6996,610,5511,48,1485,562,0.21226415094339623,0.921311475409836
2025-06-26,7002,609,5518,48,1484,561,0.21193944587260782,0.9211822660098522
2025-06-27,7002,607,5520,48,1482,559,0.21165381319622964,0.9209225700164745
2025-06-30,7004,602,5527,48,1477,554,0.21087949743003997,0.920265780730897
2025-07-01,7007,600,5532,48,1475,552,0.21050378193235336,0.92
2025-07-02,7008,593,5539,48,1469,545,0.2096175799086758,0.9190556492411467
2025-07-03,7005,590,5539,48,1466,542,0.2092790863668808,0.9186440677966101
2025-07-07,7012,590,5544,48,1468,542,0.20935539075869938,0.9186440677966101
2025-07-08,7013,589,5546,48,1467,541,0.2091829459575075,0.9185059422750425
2025-07-09,7017,587,5551,48,1466,539,0.2089211913923329,0.9182282793867121
2025-07-10,7014,583,5552,48,1462,535,0.2084402623324779,0.9176672384219554
2025-07-11,7022,583,5558,48,1464,535,0.2084876103674167,0.9176672384219554
2025-07-14,7025,582,5561,48,1464,534,0.20839857651245552,0.9175257731958762
2025-07-15,7029,580,5567,48,1462,532,0.20799544743206716,0.9172413793103448
2025-07-16,7033,578,5573,48,1460,530,0.20759277690885825,0.916955017301038
2025-07-17,7032,575,5575,48,1457,527,0.20719567690557453,0.9165217391304348
2025-07-18,7032,575,5575,48,1457,527,0.20719567690557453,0.9165217391304348
2025-07-21,7034,571,5579,47,1455,524,0.20685243104918966,0.9176882661996497
2025-07-22,7034,571,5579,47,1455,524,0.20685243104918966,0.9176882661996497
2025-07-23,7040,572,5584,47,1456,525,0.20681818181818182,0.9178321678321678
2025-07-24,7044,571,5589,47,1455,524,0.2065587734241908,0.9176882661996497
2025-07-25,7046,568,5594,47,1452,521,0.20607436843599206,0.9172535211267606
2025-07-28,7047,567,5595,47,1452,520,0.20604512558535548,0.9171075837742504
2025-07-29,7044,564,5595,47,1449,517,0.20570698466780238,0.9166666666666666
2025-07-30,7051,566,5600,48,1451,518,0.2057864132747128,0.9151943462897526
2025-07-31,7054,563,5604,48,1450,515,0.20555713070598242,0.9147424511545293
2025-08-01,7057,565,5607,50,1450,515,0.2054697463511407,0.911504424778761
2025-08-04,7058,566,5608,51,1450,515,0.20544063474071975,0.9098939929328622
2025-08-05,7059,565,5610,51,1449,514,0.20526986825329366,0.9097345132743363
2025-08-06,7058,557,5611,46,1447,511,0.205015585151601,0.9174147217235189
2025-08-07,7063,555,5617,45,1446,510,0.20472886875265467,0.918918918918919
2025-08-08,7064,549,5623,44,1441,505,0.2039920724801812,0.9198542805100182
2025-08-11,7064,549,5623,44,1441,505,0.2039920724801812,0.9198542805100182
2025-08-12,7068,547,5629,44,1439,503,0.20359366157328807,0.9195612431444241
2025-08-13,7071,547,5632,44,1439,503,0.2035072832696931,0.9195612431444241
2025-08-14,7075,547,5636,44,1439,503,0.2033922261484099,0.9195612431444241
2025-08-15,7078,540,5644,44,1434,496,0.20259960440802485,0.9185185185185185
2025-08-18,7079,538,5647,44,1432,494,0.2022884588218675,0.9182156133828996
2025-08-19,7084,539,5649,44,1435,495,0.2025691699604743,0.9183673469387755
2025-08-20,7085,539,5650,45,1435,494,0.2025405786873677,0.9165120593692022
2025-08-21,7087,539,5652,45,1435,494,0.20248342034711445,0.9165120593692022
2025-08-22,7090,537,5656,44,1434,493,0.20225669957686884,0.9180633147113594
2025-08-25,7088,534,5656,43,1432,491,0.2020316027088036,0.9194756554307116
2025-08-26,7089,534,5657,43,1432,491,0.20200310339963323,0.9194756554307116
2025-08-27,7094,533,5661,43,1433,490,0.20200169157034115,0.9193245778611632
2025-08-28,7099,533,5666,43,1433,490,0.20185941681927033,0.9193245778611632
2025-08-29,7101,531,5669,43,1432,488,0.2016617377834108,0.9190207156308852
2025-09-02,7098,525,5672,43,1426,482,0.20090166244012397,0.9180952380952381
2025-09-03,7098,520,5676,42,1422,478,0.2003381234150465,0.9192307692307692
2025-09-04,7101,519,5680,42,1421,477,0.20011266018870583,0.9190751445086706
2025-09-05,7105,519,5684,42,1421,477,0.2,0.9190751445086706
2025-09-08,7106,519,5685,42,1421,477,0.19997185477061638,0.9190751445086706
2025-09-09,7113,519,5692,42,1421,477,0.19977505974975396,0.9190751445086706
2025-09-10,7118,518,5698,42,1420,476,0.19949423995504356,0.918918918918919
2025-09-11,7120,517,5701,42,1419,475,0.19929775280898876,0.9187620889748549
2025-09-12,7132,517,5713,42,1419,475,0.19896242288278182,0.9187620889748549
2025-09-15,7127,512,5713,42,1414,470,0.19840044899677284,0.91796875
2025-09-16,7130,512,5716,42,1414,470,0.19831697054698458,0.91796875
2025-09-17,7132,511,5719,42,1413,469,0.19812114413909143,0.9178082191780822
2025-09-18,7134,509,5723,42,1411,467,0.19778525371460612,0.9174852652259332
2025-09-19,7140,509,5728,42,1412,467,0.19775910364145657,0.9174852652259332
2025-09-22,7139,508,5728,42,1411,466,0.19764672923378623,0.9173228346456693
2025-09-23,7137,506,5728,42,1409,464,0.1974218859464761,0.9169960474308301
2025-09-24,7138,506,5729,42,1409,464,0.19739422807509105,0.9169960474308301
2025-09-25,7138,503,5731,41,1407,462,0.19711403754553097,0.9184890656063618
2025-09-26,7140,502,5734,41,1406,461,0.1969187675070028,0.9183266932270916
2025-09-29,7143,503,5736,41,1407,462,0.19697606047879043,0.9184890656063618
2025-09-30,7153,502,5744,41,1409,461,0.19698028799105272,0.9183266932270916
2025-10-01,7154,497,5750,42,1404,455,0.19625384400335477,0.9154929577464789
2025-10-02,7160,495,5758,42,1402,453,0.1958100558659218,0.9151515151515152
2025-10-03,7163,495,5761,42,1402,453,0.19572804690772022,0.9151515151515152
2025-10-06,7162,493,5762,42,1400,451,0.19547612398771294,0.9148073022312373
2025-10-07,7163,493,5763,42,1400,451,0.19544883428730978,0.9148073022312373
2025-10-08,7167,492,5768,42,1399,450,0.19520022324543043,0.9146341463414634
2025-10-09,7172,492,5773,42,1399,450,0.19506413831567207,0.9146341463414634
2025-10-10,7167,487,5773,42,1394,445,0.19450258127528952,0.9137577002053389
2025-10-13,7167,487,5773,42,1394,445,0.19450258127528952,0.9137577002053389
2025-10-14,7167,486,5774,42,1393,444,0.19436305288126135,0.9135802469135802
2025-10-15,7168,485,5775,42,1393,443,0.1943359375,0.9134020618556701
2025-10-16,7168,482,5778,42,1390,440,0.19391741071428573,0.9128630705394191
2025-10-17,7170,482,5780,42,1390,440,0.19386331938633194,0.9128630705394191
2025-10-20,7173,483,5782,42,1391,441,0.19392165063432315,0.9130434782608695
2025-10-21,7177,484,5784,42,1393,442,0.1940922390971158,0.9132231404958677
2025-10-22,7181,482,5790,42,1391,440,0.19370561203175046,0.9128630705394191
2025-10-23,7185,481,5795,42,1390,439,0.19345859429366735,0.9126819126819127
2025-10-24,7184,479,5796,42,1388,437,0.19320712694877507,0.9123173277661796
2025-10-27,7187,480,5798,42,1389,438,0.19326561847780716,0.9125
2025-10-28,7188,479,5800,42,1388,437,0.1930996104618809,0.9123173277661796
2025-10-29,7191,478,5803,41,1388,437,0.19301905159226812,0.9142259414225942
2025-10-30,7191,476,5805,41,1386,435,0.1927409261576971,0.9138655462184874
2025-10-31,7191,471,5810,41,1381,430,0.19204561257126965,0.9129511677282378
2025-11-03,7191,467,5814,41,1377,426,0.19148936170212766,0.9122055674518201
2025-11-04,7193,465,5818,41,1375,424,0.19115807034616988,0.9118279569892473
2025-11-05,7195,465,5820,41,1375,424,0.1911049339819319,0.9118279569892473
2025-11-06,7201,464,5826,41,1375,423,0.1909457019858353,0.9116379310344828
2025-11-07,7202,464,5827,41,1375,423,0.19091918911413497,0.9116379310344828
2025-11-10,7207,464,5831,41,1376,423,0.19092548910781185,0.9116379310344828
2025-11-11,7210,464,5834,41,1376,423,0.19084604715672676,0.9116379310344828
2025-11-12,7211,463,5835,40,1376,423,0.1908195811953959,0.9136069114470843
2025-11-13,7217,463,5841,40,1376,423,0.19066093944852433,0.9136069114470843
2025-11-14,7217,462,5842,40,1375,422,0.19052237771927394,0.9134199134199135
2025-11-17,7226,463,5849,40,1377,423,0.1905618599501799,0.9136069114470843
2025-11-18,7227,460,5853,40,1374,420,0.1901203819012038,0.9130434782608695
2025-11-19,7230,458,5858,40,1372,418,0.18976486860304287,0.9126637554585153
2025-11-20,7232,456,5862,40,1370,416,0.1894358407079646,0.9122807017543859
2025-11-21,7237,456,5867,40,1370,416,0.18930496061904103,0.9122807017543859
2025-11-24,7249,456,5877,40,1372,416,0.18926748517036832,0.9122807017543859
2025-11-25,7250,455,5878,40,1372,415,0.18924137931034482,0.9120879120879121
2025-11-26,7254,454,5881,39,1373,415,0.18927488282326993,0.9140969162995595
2025-11-28,7252,451,5882,39,1370,412,0.18891340319911748,0.9135254988913526
2025-12-01,7250,448,5882,39,1368,409,0.1886896551724138,0.9129464285714286
2025-12-02,7251,447,5884,39,1367,408,0.1885257205902634,0.912751677852349
2025-12-03,7258,446,5892,39,1366,407,0.18820611738771012,0.9125560538116592
2025-12-04,7267,446,5901,39,1366,407,0.18797302876014862,0.9125560538116592
2025-12-05,7267,445,5902,39,1365,406,0.18783542039355994,0.9123595505617977
2025-12-08,7266,440,5905,38,1361,402,0.18731076245527112,0.9136363636363637
2025-12-09,7269,439,5909,38,1360,401,0.18709588664190396,0.9134396355353075
2025-12-10,7269,433,5914,38,1355,395,0.18640803411748522,0.9122401847575058
2025-12-11,7282,429,5930,37,1352,392,0.18566327931886845,0.9137529137529138
2025-12-12,7284,428,5933,37,1351,391,0.1854750137287205,0.9135514018691588
2025-12-15,7289,423,5942,37,1347,386,0.18479901221017972,0.9125295508274232
2025-12-16,7293,421,5948,37,1345,384,0.18442341971753737,0.9121140142517815
2025-12-17,7299,420,5955,37,1344,383,0.18413481298808057,0.9119047619047619
2025-12-18,7300,417,5959,37,1341,380,0.1836986301369863,0.9112709832134293
2025-12-19,7299,415,5960,37,1339,378,0.18344978764214276,0.9108433734939759
2025-12-22,7299,413,5962,37,1337,376,0.18317577750376765,0.910411622276029
2025-12-23,7302,413,5965,37,1337,376,0.1831005204053684,0.910411622276029
2025-12-24,7301,412,5965,37,1336,375,0.18298863169428844,0.9101941747572816
2025-12-26,7300,411,5965,37,1335,374,0.18287671232876712,0.9099756690997567
2025-12-29,7299,410,5965,37,1334,373,0.18276476229620495,0.9097560975609756
2025-12-30,7302,412,5966,37,1336,375,0.18296357162421253,0.9101941747572816
2025-12-31,7301,409,5968,37,1333,372,0.18257772907820846,0.9095354523227384
2026-01-02,7303,404,5972,37,1331,367,0.18225386827331233,0.9084158415841584
2026-01-05,7302,403,5972,37,1330,366,0.18214187893727746,0.9081885856079405
2026-01-06,7307,401,5979,37,1328,364,0.1817435335979198,0.9077306733167082
2026-01-07,7309,400,5982,37,1327,363,0.1815569845396087,0.9075
2026-01-08,7309,398,5984,37,1325,361,0.18128334929538925,0.907035175879397
2026-01-09,7311,396,5988,37,1323,359,0.18096019696347967,0.9065656565656566
2026-01-12,7315,396,5992,37,1323,359,0.18086124401913875,0.9065656565656566
2026-01-13,7314,395,5993,38,1321,357,0.1806125239267159,0.9037974683544304
2026-01-14,7315,393,5996,38,1319,355,0.18031442241968557,0.9033078880407125
2026-01-15,7315,393,5996,38,1319,355,0.18031442241968557,0.9033078880407125
2026-01-16,7319,393,5999,38,1320,355,0.18035250717311108,0.9033078880407125
2026-01-20,7322,391,6004,38,1318,353,0.18000546298825457,0.9028132992327366
2026-01-21,7325,390,6008,38,1317,352,0.17979522184300342,0.9025641025641026
2026-01-22,7329,390,6012,38,1317,352,0.17969709373720835,0.9025641025641026
2026-01-23,7336,389,6020,38,1316,351,0.17938931297709923,0.9023136246786633
2026-01-26,7342,387,6027,38,1315,349,0.17910651048760556,0.9018087855297158
2026-01-27,7350,387,6035,38,1315,349,0.17891156462585034,0.9018087855297158
2026-01-28,7357,387,6041,39,1316,348,0.17887725975261656,0.8992248062015504
2026-01-29,7365,385,6051,39,1314,346,0.17841140529531568,0.8987012987012987
2026-01-30,7371,383,6059,39,1312,344,0.17799484466151133,0.8981723237597912
2026-02-02,7375,379,6066,39,1309,340,0.1774915254237288,0.8970976253298153
2026-02-03,7375,375,6069,39,1306,336,0.17708474576271185,0.896
2026-02-04,7381,374,6076,39,1305,335,0.17680531093347784,0.8957219251336899
2026-02-05,7390,375,6083,39,1307,336,0.17686062246278755,0.896
2026-02-06,7427,384,6095,39,1332,345,0.17934563080651678,0.8984375
2026-02-09,7432,380,6103,38,1329,342,0.17882131324004305,0.9
2026-02-10,7432,378,6104,38,1328,340,0.17868675995694294,0.8994708994708994
2026-02-11,7439,376,6113,38,1326,338,0.17824976475332707,0.898936170212766
2026-02-12,7445,373,6122,38,1323,335,0.17770315648085963,0.8981233243967829
2026-02-13,7449,372,6127,38,1322,334,0.17747348637400995,0.8978494623655914
2026-02-17,7448,369,6129,38,1319,331,0.17709452201933404,0.8970189701897019
2026-02-18,7454,369,6135,38,1319,331,0.1769519720955192,0.8970189701897019
2026-02-19,7465,368,6146,38,1319,330,0.1766912257200268,0.8967391304347826
2026-02-20,7466,367,6147,37,1319,330,0.17666755960353603,0.8991825613079019
2026-02-23,7466,367,6147,37,1319,330,0.17666755960353603,0.8991825613079019
2026-02-24,7477,366,6158,37,1319,329,0.1764076501270563,0.8989071038251366
2026-02-25,7487,366,6168,37,1319,329,0.1761720315213036,0.8989071038251366
2026-02-26,7493,366,6174,37,1319,329,0.17603096223141598,0.8989071038251366
2026-02-27,7499,365,6180,36,1319,329,0.175890118682491,0.9013698630136986
2026-03-02,7500,363,6183,36,1317,327,0.1756,0.9008264462809917
2026-03-03,7502,362,6184,36,1318,326,0.17568648360437217,0.9005524861878453
2026-03-04,7502,360,6186,36,1316,324,0.1754198880298587,0.9
2026-03-05,7501,358,6186,36,1315,322,0.17530995867217705,0.8994413407821229
2026-03-06,7503,358,6188,36,1315,322,0.1752632280421165,0.8994413407821229
2026-03-09,7508,358,6192,36,1316,322,0.17527970165157167,0.8994413407821229
2026-03-10,7515,358,6199,36,1316,322,0.17511643379906852,0.8994413407821229
2026-03-11,7518,356,6203,36,1315,320,0.17491354083532853,0.898876404494382
2026-03-12,7516,352,6205,36,1311,316,0.17442788717402874,0.8977272727272727
2026-03-13,7515,349,6207,36,1308,313,0.17405189620758482,0.8968481375358166
2026-03-16,7525,350,6216,36,1309,314,0.173953488372093,0.8971428571428571
2026-03-17,7525,347,6218,36,1307,311,0.173687707641196,0.8962536023054755
2026-03-18,7526,343,6222,36,1304,307,0.17326601116130746,0.8950437317784257
2026-03-19,7532,342,6229,36,1303,306,0.17299522039298992,0.8947368421052632
2026-03-20,7534,341,6232,36,1302,305,0.17281656490576056,0.8944281524926686
2026-03-23,7540,337,6241,35,1299,302,0.17228116710875332,0.8961424332344213
2026-03-24,7544,339,6243,35,1301,304,0.17245493107104984,0.8967551622418879
2026-03-25,7542,337,6243,35,1299,302,0.1722354813046937,0.8961424332344213
2026-03-26,7544,335,6247,35,1297,300,0.17192470837751855,0.8955223880597015
2026-03-27,7548,334,6252,35,1296,299,0.17170111287758347,0.8952095808383234
2026-03-30,7545,329,6253,34,1292,295,0.1712392312789927,0.8966565349544073
2026-03-31,7547,329,6255,34,1292,295,0.17119385186166688,0.8966565349544073
2026-04-01,7560,326,6271,34,1289,292,0.1705026455026455,0.8957055214723927
2026-04-02,7556,321,6272,34,1284,287,0.16993118051879302,0.8940809968847352
2026-04-06,7564,319,6280,34,1284,285,0.16975145425700688,0.8934169278996865
2026-04-07,7567,317,6283,33,1284,284,0.1696841548830448,0.8958990536277602
2026-04-08,7572,315,6290,33,1282,282,0.16930797675647122,0.8952380952380953
2026-04-09,7574,314,6292,33,1282,281,0.1692632690784262,0.8949044585987261
2026-04-10,7573,312,6293,33,1280,279,0.16902152383467584,0.8942307692307693
2026-04-13,7574,311,6294,32,1280,279,0.16899920781621336,0.8971061093247589
2026-04-14,7579,310,6299,32,1280,278,0.16888771605752737,0.896774193548387
2026-04-15,7585,309,6306,32,1279,277,0.16862228081740277,0.8964401294498382
2026-04-16,7594,309,6315,32,1279,277,0.16842243876744797,0.8964401294498382
2026-04-17,7597,308,6319,32,1278,276,0.16822429906542055,0.8961038961038961
2026-04-20,7607,308,6328,32,1279,276,0.16813461285657946,0.8961038961038961
2026-04-21,7615,308,6336,32,1279,276,0.1679579776756402,0.8961038961038961
2026-04-22,7617,307,6339,32,1278,275,0.16778259157148484,0.8957654723127035
2026-04-23,7623,306,6346,32,1277,274,0.16751934933753115,0.8954248366013072
2026-04-24,7627,305,6351,32,1276,273,0.16730038022813687,0.8950819672131147
2026-04-27,7627,303,6353,32,1274,271,0.16703815392683885,0.8943894389438944
2026-04-28,7633,301,6361,32,1272,269,0.1666448316520372,0.893687707641196
2026-04-29,7632,298,6363,32,1269,266,0.16627358490566038,0.8926174496644296
2026-04-30,7639,297,6371,32,1268,265,0.16599031286817648,0.8922558922558923
2026-05-01,7647,295,6381,32,1266,263,0.16555511965476657,0.8915254237288136
2026-05-04,7643,289,6383,32,1260,257,0.16485673164987572,0.889273356401384
2026-05-05,7653,289,6393,32,1260,257,0.16464131713053703,0.889273356401384
2026-05-06,7682,285,6426,32,1256,253,0.16349908877896382,0.887719298245614
2026-05-07,7685,283,6430,32,1255,251,0.16330513988288875,0.8869257950530035
2026-05-08,7688,281,6435,32,1253,249,0.16298126951092612,0.8861209964412812
2026-05-11,7688,276,6439,32,1249,244,0.16246097814776275,0.8840579710144928
2026-05-12,7697,275,6450,33,1247,242,0.16201117318435754,0.88
2026-05-13,7703,275,6455,33,1248,242,0.162014799428794,0.88
2026-05-14,7707,272,6462,33,1245,239,0.16154145581938498,0.8786764705882353
2026-05-15,7717,268,6475,33,1242,235,0.16094337177659712,0.8768656716417911
2026-05-18,7721,264,6483,33,1238,231,0.16034192462116306,0.875
2026-05-19,7728,265,6488,33,1240,232,0.16045548654244307,0.8754716981132076
2026-05-20,7730,258,6497,33,1233,225,0.1595084087968952,0.872093023255814
2026-05-21,7741,260,6506,33,1235,227,0.15954011109675753,0.8730769230769231
2026-05-22,7748,260,6511,33,1237,227,0.15965410428497676,0.8730769230769231
2026-05-26,7751,256,6518,33,1233,223,0.15907624822603536,0.87109375
2026-05-27,7759,258,6523,33,1236,225,0.15929887872148474,0.872093023255814
2026-05-28,7802,268,6542,39,1260,229,0.161497052037939,0.8544776119402985
2026-05-29,7752,212,6532,23,1220,189,0.15737874097007223,0.8915094339622641
2026-06-01,7753,211,6534,23,1219,188,0.15722945956403972,0.8909952606635071
2026-06-02,7766,209,6549,23,1217,186,0.1567087303631213,0.8899521531100478
2026-06-03,7806,209,6584,23,1222,186,0.1565462464770689,0.8899521531100478
2026-06-04,7825,209,6603,23,1222,186,0.1561661341853035,0.8899521531100478
2026-06-05,7830,209,6603,23,1227,186,0.15670498084291187,0.8899521531100478
2026-06-08,7835,208,6604,23,1231,185,0.15711550733886406,0.8894230769230769
2026-06-09,7841,208,6605,23,1236,185,0.1576329549802321,0.8894230769230769
2026-06-10,7850,203,6606,23,1244,180,0.15847133757961784,0.8866995073891626
2026-06-11,7853,201,6610,23,1243,178,0.15828345855087228,0.8855721393034826
2026-06-12,7852,195,6610,23,1242,172,0.15817626082526745,0.882051282051282
2026-06-15,7852,194,6611,23,1241,171,0.15804890473764646,0.8814432989690721
2026-06-16,7851,191,6611,23,1240,168,0.15794166348235894,0.8795811518324608
2026-06-17,7857,189,6613,23,1244,166,0.15833015145729923,0.8783068783068783
2026-06-18,7867,188,6613,23,1254,165,0.15940002542265158,0.8776595744680851
2026-06-22,7876,185,6615,23,1261,162,0.1601066531234129,0.8756756756756757
2026-06-23,7888,184,6617,23,1271,161,0.16113083164300201,0.875
2026-06-24,7904,181,6617,22,1287,159,0.16282894736842105,0.8784530386740331
2026-06-25,7904,181,6617,22,1287,159,0.16282894736842105,0.8784530386740331
2026-06-26,7917,194,6617,22,1300,172,0.16420361247947454,0.8865979381443299
2026-06-29,7918,192,6616,21,1302,171,0.16443546350088406,0.890625
2026-06-30,7933,198,6621,21,1312,177,0.16538510021429473,0.8939393939393939
2026-07-01,7910,166,6617,15,1293,151,0.16346396965865992,0.9096385542168675
2026-07-02,7898,148,6616,12,1282,136,0.16231957457584198,0.918918918918919
2026-07-06,7897,140,6618,12,1279,128,0.161960238065088,0.9142857142857143
2026-07-07,7903,139,6618,12,1285,127,0.16259648234847526,0.9136690647482014
2026-07-08,7906,139,6618,12,1288,127,0.16291424234758412,0.9136690647482014
2026-07-09,7907,137,6620,12,1287,125,0.16276716833185784,0.9124087591240876
2026-07-10,7925,150,6622,13,1303,137,0.16441640378548897,0.9133333333333333
2026-07-13,7914,132,6621,11,1293,121,0.16338134950720243,0.9166666666666666
2026-07-14,7917,131,6624,11,1293,120,0.16331943918150815,0.916030534351145
2026-07-15,7914,128,6624,11,1290,117,0.16300227445034116,0.9140625
2026-07-16,7915,126,6623,10,1292,116,0.16323436512950096,0.9206349206349206
2026-07-17,7916,120,6624,9,1292,111,0.16321374431531077,0.925
2026-07-20,7922,119,6629,9,1293,110,0.16321635950517546,0.9243697478991597
2026-07-21,7919,114,6627,7,1292,107,0.16315191312034347,0.9385964912280702
2026-07-22,7916,110,6628,7,1288,103,0.16270843860535625,0.9363636363636364
2026-07-23,7911,103,6627,5,1284,98,0.16230565036025787,0.9514563106796117
2026-07-24,7915,102,6628,5,1287,97,0.1626026531901453,0.9509803921568627
2026-07-27,7921,97,6629,5,1292,92,0.1631107183436435,0.9484536082474226
2026-07-28,7922,96,6628,4,1294,92,0.16334259025498613,0.9583333333333334
2026-07-29,7922,94,6628,4,1294,90,0.16334259025498613,0.9574468085106383
2026-07-30,7929,95,6628,4,1301,91,0.16408122083490984,0.9578947368421052
2026-07-31,7939,94,6629,4,1310,90,0.16500818742914725,0.9574468085106383
2026-08-03,7938,89,6629,4,1309,85,0.16490299823633156,0.9550561797752809
2026-08-04,7942,87,6630,4,1312,83,0.16519768320322337,0.9540229885057471
2026-08-05,7946,86,6631,4,1315,82,0.16549207148250691,0.9534883720930233
2026-08-06,7948,86,6631,4,1317,82,0.16570206341217916,0.9534883720930233
2026-08-07,7955,87,6631,4,1324,83,0.16643620364550596,0.9540229885057471
2026-08-10,7952,82,6632,5,1320,77,0.1659959758551308,0.9390243902439024
2026-08-11,7956,81,6632,5,1324,76,0.16641528406234288,0.9382716049382716
2026-08-12,7959,78,6631,3,1328,75,0.166855132554341,0.9615384615384616
2026-08-13,7960,75,6630,2,1330,73,0.1670854271356784,0.9733333333333334
2026-08-14,7968,76,6632,2,1336,74,0.1676706827309237,0.9736842105263158
2026-08-17,7970,71,6632,2,1338,69,0.16787954830614807,0.971830985915493
2026-08-18,7968,67,6632,2,1336,65,0.1676706827309237,0.9701492537313433
2026-08-19,7968,62,6636,2,1332,60,0.16716867469879518,0.967741935483871
2026-08-20,7977,60,6637,2,1340,58,0.16798295098407923,0.9666666666666667
2026-08-21,7971,54,6637,2,1334,52,0.1673566679212144,0.9629629629629629
2026-08-24,7968,49,6636,1,1332,48,0.16716867469879518,0.9795918367346939
2026-08-25,7968,47,6636,1,1332,46,0.16716867469879518,0.9787234042553191
2026-08-26,7967,44,6636,1,1331,43,0.16706413957574998,0.9772727272727273
2026-08-27,7970,39,6639,1,1331,38,0.1670012547051443,0.9743589743589743
2026-08-28,7969,32,6644,1,1325,31,0.1662692935123604,0.96875
2026-08-31,7973,34,6644,1,1329,33,0.16668757055060832,0.9705882352941176
